Lemma,Word_Type,Category,Primary_subcategory,Sg_all_split,Pl_all_split,Alt_split
Sozialversicherungsfachangestellter,s,gendered,titles,['Sozialversicherungsfachangestellt~e~/~Sozialversicherungsfachangestellter'],['Sozialversicherungsfachangestellte'],"['Sozialversicherungsfachangestellt~e~/~Sozialversicherungsfachangestellter', 'Sozialversicherungsfachangestellte']"
Rechtsanwaltsfachangestellter,s,gendered,titles,['Rechtsanwaltsfachangestellt~e~/~Rechtsanwaltsfachangestellter'],['Rechtsanwaltsfachangestellt'],"['Rechtsanwaltsfachangestellt~e~/~Rechtsanwaltsfachangestellter', 'Rechtsanwaltsfachangestellt']"
Verwaltungsfachangestellter,s,gendered,titles,['Verwaltungsfachangestellt~e~/~Verwaltungsfachangestellter'],['Verwaltungsfachangestellte'],"['Verwaltungsfachangestellt~e~/~Verwaltungsfachangestellter', 'Verwaltungsfachangestellte']"
Verwaltungsfachangestellte,s,gendered,titles,['Verwaltungsfachangestellte~Verwaltungsfachangestellter'],['Verwaltungsfachangestellte'],"['Verwaltungsfachangestellte~Verwaltungsfachangestellter', 'Verwaltungsfachangestellte']"
Kraftfahrzeugmechatroniker,s,gendered,titles,['Kraftfahrzeugmechatroniker~in~/~Kraftfahrzeugmechatroniker'],['Kraftfahrzeugmechatroniker~innen~ und ~Kraftfahrzeugmechatroniker'],"['Kraftfahrzeugmechatroniker~in~/~Kraftfahrzeugmechatroniker', 'Kraftfahrzeugmechatroniker~innen~ und ~Kraftfahrzeugmechatroniker']"
Eisenbahnbetriebsleiter,s,gendered,titles,"['Eisenbahnbetriebsleitung', 'Eisenbahnbetriebsleiter~in~/~Eisenbahnbetriebsleiter']","['Eisenbahnbetriebsleiter~innen~ und ~Eisenbahnbetriebsleiter', 'Eisenbahnbetriebsleitung']","['Eisenbahnbetriebsleitung', 'Eisenbahnbetriebsleiter~in~/~Eisenbahnbetriebsleiter', 'Eisenbahnbetriebsleiter~innen~ und ~Eisenbahnbetriebsleiter']"
Sicherheitsbeauftragter,s,gendered,titles,"['Sicherheits-Management', 'Sicherheitsbeauftragt~e~/~Sicherheitsbeauftragter']","['Sicherheitsbeauftragte', 'Sicherheits-Management']","['Sicherheits-Management', 'Sicherheitsbeauftragt~e~/~Sicherheitsbeauftragter', 'Sicherheitsbeauftragte']"
Personalsachbearbeiter,s,gendered,titles,['Personalsachbearbeiter~in~/~Personalsachbearbeiter'],['Personalsachbearbeiter~innen~ und ~Personalsachbearbeiter'],"['Personalsachbearbeiter~in~/~Personalsachbearbeiter', 'Personalsachbearbeiter~innen~ und ~Personalsachbearbeiter']"
Oberflächenbeschichter,s,gendered,titles,"['Oberflächenbeschichtung', 'Oberflächenbeschichter~in~/~Oberflächenbeschichter']","['Oberflächenbeschichter~innen~ und ~Oberflächenbeschichter', 'Oberflächenbeschichtung']","['Oberflächenbeschichtung', 'Oberflächenbeschichter~in~/~Oberflächenbeschichter', 'Oberflächenbeschichter~innen~ und ~Oberflächenbeschichter']"
Maschinenbau-Ingenieur,s,gendered,titles,['Maschinenbau-Ingenieur~in~/~Maschinenbau-Ingenieur'],['Maschinenbau-Ingenieur~innen~ und ~Maschinenbau-Ingenieure'],"['Maschinenbau-Ingenieur~in~/~Maschinenbau-Ingenieur', 'Maschinenbau-Ingenieur~innen~ und ~Maschinenbau-Ingenieure']"
Konfirmandenunterricht,s,gendered,advanced_hidden_image,['Konfirmationsunterricht'],[],['Konfirmationsunterricht']
Steuerfachangestellter,s,gendered,titles,['Steuerfachangestellt~e~/~Steuerfachangestellter'],['Steuerfachangestellte'],"['Steuerfachangestellt~e~/~Steuerfachangestellter', 'Steuerfachangestellte']"
Bäckereifachverkäufer,s,gendered,titles,['Bäckereifachverkäufer~in~/~Bäckereifachverkäufer'],['Bäckereifachverkäufer~innen~ und ~Bäckereifachverkäufer'],"['Bäckereifachverkäufer~in~/~Bäckereifachverkäufer', 'Bäckereifachverkäufer~innen~ und ~Bäckereifachverkäufer']"
Help-desk-Mitarbeiter,s,gendered,titles,"['Helpdesk', 'Serviceticket-System', 'Fallbearbeitungssystem', 'Anfragenbearbeitung', 'Anwendungsbetreuung', 'Helpdesk-Mitarbeiter~in~/~Helpdesk-Mitarbeiter', 'Anwendungsbetreuer~in~/~Anwendungsbetreuer', 'Helpdesk-Team', 'Person, die für das Helpdesk arbeitet(...)', 'Person, die eine Anwendung betreut(...)']","['Helpdesk-Mitarbeiter~innen~ und ~Helpdesk-Mitarbeiter', 'Anwendungsbetreuer~innen~ und ~Anwendungsbetreuer', 'Helpdesk-Team', 'Helpdesk', 'Serviceticket-System', 'Fallbearbeitungssystem', 'Anfragenbearbeitung', 'Anwendungsbetreuung', 'Personen, die für das Helpdesk arbeiten(...)', 'Personen, die eine Anwendung betreuen(...)']","['Helpdesk', 'Serviceticket-System', 'Fallbearbeitungssystem', 'Anfragenbearbeitung', 'Anwendungsbetreuung', 'Helpdesk-Mitarbeiter~in~/~Helpdesk-Mitarbeiter', 'Anwendungsbetreuer~in~/~Anwendungsbetreuer', 'Person, die für das Helpdesk arbeitet(...)', 'Person, die eine Anwendung betreut(...)', 'Helpdesk-Team', 'Helpdesk-Mitarbeiter~innen~ und ~Helpdesk-Mitarbeiter', 'Anwendungsbetreuer~innen~ und ~Anwendungsbetreuer', 'Personen, die für das Helpdesk arbeiten(...)', 'Personen, die eine Anwendung betreuen(...)']"
Versicherungskaufmann,s,gendered,titles,['Versicherungskauffrau~Versicherungskaufmann'],['Versicherungskaufleute'],"['Versicherungskauffrau~Versicherungskaufmann', 'Versicherungskaufleute']"
Einzelhandelskaufmann,s,gendered,titles,['Einzelhandelskauffrau~Einzelhandelskaufmann'],['Einzelhandelskaufleute'],"['Einzelhandelskauffrau~Einzelhandelskaufmann', 'Einzelhandelskaufleute']"
Zerspanungsmechaniker,s,gendered,titles,['Zerspanungsmechaniker~in~/~Zerspanungsmechaniker'],['Zerspanungsmechaniker~innen~ und ~Zerspanungsmechaniker'],"['Zerspanungsmechaniker~in~/~Zerspanungsmechaniker', 'Zerspanungsmechaniker~innen~ und ~Zerspanungsmechaniker']"
Wirtschaftsingenieur,s,gendered,titles,['Wirtschaftsingenieur~in~/~Wirtschaftsingenieur'],['Wirtschaftsingenieur~innen~ und ~Wirtschaftsingenieure'],"['Wirtschaftsingenieur~in~/~Wirtschaftsingenieur', 'Wirtschaftsingenieur~innen~ und ~Wirtschaftsingenieure']"
Corporate-Influencer,s,gendered,function,"['Corporate Influencing', 'Corporate-Influencer~in~/~Corporate-Influencer', 'Markenbotschafter~in~/~Markenbotschafter', 'Person, die ihre Marke mit Energie und Ideen anderen im Netz näherbringt(...)', 'kommunikationsfreudiger Mensch, der im Netz rund um Themen seines Unternehmens kommuniziert(...)']","['Corporate-Influencer~innen~ und ~Corporate-Influencer', 'Markenbotschafter~innen~ und ~Markenbotschafter', 'Corporate Influencing', 'Mitarbeitende, die im Netz rund um Themen ihres Unternehmens kommunizieren(...)', 'Leute, die ihre Marke mit Energie und Ideen anderen im Netz näherbringen(...)']","['Corporate Influencing', 'Corporate-Influencer~in~/~Corporate-Influencer', 'Markenbotschafter~in~/~Markenbotschafter', 'Person, die ihre Marke mit Energie und Ideen anderen im Netz näherbringt(...)', 'kommunikationsfreudiger Mensch, der im Netz rund um Themen seines Unternehmens kommuniziert(...)', 'Corporate-Influencer~innen~ und ~Corporate-Influencer', 'Markenbotschafter~innen~ und ~Markenbotschafter', 'Mitarbeitende, die im Netz rund um Themen ihres Unternehmens kommunizieren(...)', 'Leute, die ihre Marke mit Energie und Ideen anderen im Netz näherbringen(...)']"
Systemadministrator,s,gendered,titles,['Systemadministrator~in~/~Systemadministrator'],['Systemadministrator~innen~ und ~Systemadministratoren'],"['Systemadministrator~in~/~Systemadministrator', 'Systemadministrator~innen~ und ~Systemadministratoren']"
Mitarbeitergespräch,s,gendered,advanced_hidden_image,['Jahresgespräch'],['Jahresgespräche'],"['Jahresgespräch', 'Jahresgespräche']"
Ingenieurstradition,s,gendered,advanced_hidden_image,['Techniktradition'],[],['Techniktradition']
Entscheidungsträger,s,gendered,function,"['Entscheidungsträger~in~/~Entscheidungsträger', 'Person mit Entscheidungsbefugnis(...)', 'entscheidungsbefugte Person(...)']","['Entscheidungstragende', 'Entscheidungsträger~innen~ und ~Entscheidungsträger', 'Personen mit Entscheidungsbefugnis(...)', 'entscheidungsbefugte Personen(...)']","['Entscheidungsträger~in~/~Entscheidungsträger', 'Person mit Entscheidungsbefugnis(...)', 'entscheidungsbefugte Person(...)', 'Entscheidungstragende', 'Entscheidungsträger~innen~ und ~Entscheidungsträger', 'Personen mit Entscheidungsbefugnis(...)', 'entscheidungsbefugte Personen(...)']"
Unternehmensberater,s,gendered,titles,['Unternehmensberater~in~/~Unternehmensberater'],['Unternehmensberater~innen~ und ~Unternehmensberater'],"['Unternehmensberater~in~/~Unternehmensberater', 'Unternehmensberater~innen~ und ~Unternehmensberater']"
Industriemechaniker,s,gendered,titles,"['Industriemechanik', 'Industriemechaniker~in~/~Industriemechaniker']","['Industriemechaniker~innen~ und ~Industriemechaniker', 'Industriemechanik']","['Industriemechanik', 'Industriemechaniker~in~/~Industriemechaniker', 'Industriemechaniker~innen~ und ~Industriemechaniker']"
Tochtergesellschaft,s,gendered,advanced_hidden_image,"['Niederlassung', 'Geschäftsstelle', 'Filiale', 'Untergesellschaft', 'eigenständiges, aber wirtschaftlich unselbständiges Unternehmen']","['Niederlassungen', 'Geschäftsstellen', 'Filialen', 'Untergesellschaften', 'eigenständige, aber wirtschaftlich unselbständige Unternehmen']","['Niederlassung', 'Geschäftsstelle', 'Filiale', 'Untergesellschaft', 'eigenständiges, aber wirtschaftlich unselbständiges Unternehmen', 'Niederlassungen', 'Geschäftsstellen', 'Filialen', 'Untergesellschaften', 'eigenständige, aber wirtschaftlich unselbständige Unternehmen']"
Marketing-Assistent,s,gendered,titles,['Marketing-Assistent~in~/~Marketing-Assistent'],['Marketing-Assistent~innen~ und ~Marketing-Assistenten'],"['Marketing-Assistent~in~/~Marketing-Assistent', 'Marketing-Assistent~innen~ und ~Marketing-Assistenten']"
Großhandelskaufmann,s,gendered,titles,['Großhandelskauffrau~Großhandelskaufmann'],['Großhandelskaufleute'],"['Großhandelskauffrau~Großhandelskaufmann', 'Großhandelskaufleute']"
Oberflächenveredler,s,gendered,titles,"['Oberflächenveredlung', 'Oberflächenveredler~in~/~Oberflächenveredler']","['Oberflächenveredler~innen~ und ~Oberflächenveredler', 'Oberflächenveredlung']","['Oberflächenveredlung', 'Oberflächenveredler~in~/~Oberflächenveredler', 'Oberflächenveredler~innen~ und ~Oberflächenveredler']"
Unternehmenstochter,s,gendered,advanced_hidden_image,"['Niederlassung', 'Geschäftsstelle', 'Filiale', 'Untergesellschaft', 'wirtschaftlich unselbständiges Unternehmen']","['Niederlassungen', 'Geschäftsstellen', 'Filialen', 'Untergesellschaften', 'eigenständige, aber wirtschaftlich unselbständige Unternehmen']","['Niederlassung', 'Geschäftsstelle', 'Filiale', 'Untergesellschaft', 'wirtschaftlich unselbständiges Unternehmen', 'Niederlassungen', 'Geschäftsstellen', 'Filialen', 'Untergesellschaften', 'eigenständige, aber wirtschaftlich unselbständige Unternehmen']"
Elektroinstallateur,s,gendered,titles,['Elektroinstallateur~in~/~Elektroinstallateur'],['Elektroinstallateur~innen~ und ~Elektroinstallateure'],"['Elektroinstallateur~in~/~Elektroinstallateur', 'Elektroinstallateur~innen~ und ~Elektroinstallateure']"
Boden-Parkettleger,s,gendered,titles,"['Parkettlegung', 'Parkettverlegung', 'Boden-Parkettleger~in~/~Boden-Parkettleger']","['Boden-Parkettleger~innen~ und ~Boden-Parkettleger', 'Parkettlegung', 'Parkettverlegung']","['Parkettlegung', 'Parkettverlegung', 'Boden-Parkettleger~in~/~Boden-Parkettleger', 'Boden-Parkettleger~innen~ und ~Boden-Parkettleger']"
Apparateglasbläser,s,gendered,titles,"['Apparateglasbau', 'Apparateglasbläser~in~/~Apparateglasbläser']","['Apparateglasbläser~innen~ und ~Apparateglasbläser', 'Apparateglasbau']","['Apparateglasbau', 'Apparateglasbläser~in~/~Apparateglasbläser', 'Apparateglasbläser~innen~ und ~Apparateglasbläser']"
Tochterunternehmen,s,gendered,advanced_hidden_image,"['Niederlassung', 'Geschäftsstelle', 'Filiale', 'Untergesellschaft', 'wirtschaftlich unselbständiges Unternehmen']","['Niederlassungen', 'Geschäftsstellen', 'Filialen', 'Untergesellschaften', 'eigenständige, aber wirtschaftlich unselbständige Unternehmen']","['Niederlassung', 'Geschäftsstelle', 'Filiale', 'Untergesellschaft', 'wirtschaftlich unselbständiges Unternehmen', 'Niederlassungen', 'Geschäftsstellen', 'Filialen', 'Untergesellschaften', 'eigenständige, aber wirtschaftlich unselbständige Unternehmen']"
Expertenkommission,s,gendered,advanced_hidden_image,"['Fachkommission', 'Kommission von Fachleuten']","['Fachkommissionen', 'Kommissionen von Fachleuten']","['Fachkommission', 'Kommission von Fachleuten', 'Fachkommissionen', 'Kommissionen von Fachleuten']"
Muttergesellschaft,s,gendered,advanced_hidden_image,"['Obergesellschaft', 'Dachgesellschaft', 'Konzerndach', 'Unternehmen mit Untergesellschaften']","['Obergesellschaften', 'Dachgesellschaften', 'Konzerndächer', 'Unternehmen mit Untergesellschaften']","['Obergesellschaft', 'Dachgesellschaft', 'Konzerndach', 'Unternehmen mit Untergesellschaften', 'Obergesellschaften', 'Dachgesellschaften', 'Konzerndächer', 'Unternehmen mit Untergesellschaften']"
Service-desk-Agent,s,gendered,titles,"['Servicedesk', 'Servicedesk-Mitarbeiter~in~/~Servicedesk-Mitarbeiter', 'Person, die für das Servicedesk arbeitet(...)', 'Person, die im integrierten IT-Dienst arbeitet(...)', 'Person, die sich darum kümmert, dass der IT-Betrieb zuverlässig läuft(...)']","['Servicedesk-Mitarbeitende', 'Servicedesk-Mitarbeiter~innen~ und ~Servicedesk-Mitarbeiter', 'Servicedesk', 'Personen, die für das Servicedesk arbeiten(...)', 'Personen, die sich darum kümmern, dass der IT-Betrieb zuverlässig läuft(...)']","['Servicedesk', 'Servicedesk-Mitarbeiter~in~/~Servicedesk-Mitarbeiter', 'Person, die für das Servicedesk arbeitet(...)', 'Person, die im integrierten IT-Dienst arbeitet(...)', 'Person, die sich darum kümmert, dass der IT-Betrieb zuverlässig läuft(...)', 'Servicedesk-Mitarbeitende', 'Servicedesk-Mitarbeiter~innen~ und ~Servicedesk-Mitarbeiter', 'Personen, die für das Servicedesk arbeiten(...)', 'Personen, die sich darum kümmern, dass der IT-Betrieb zuverlässig läuft(...)']"
Hörsystemakustiker,s,gendered,titles,"['Hörsystemakustik', 'Hörsystemakustiker~in~/~Hörsystemakustiker']","['Hörsystemakustiker~innen~ und ~Hörsystemakustiker', 'Hörsystemakustik']","['Hörsystemakustik', 'Hörsystemakustiker~in~/~Hörsystemakustiker', 'Hörsystemakustiker~innen~ und ~Hörsystemakustiker']"
Gabelstaplerfahrer,s,gendered,titles,['Gabelstaplerfahrer~in~/~Gabelstaplerfahrer'],['Gabelstaplerfahrer~innen~ und ~Gabelstaplerfahrer'],"['Gabelstaplerfahrer~in~/~Gabelstaplerfahrer', 'Gabelstaplerfahrer~innen~ und ~Gabelstaplerfahrer']"
Immobilienkaufmann,s,gendered,titles,['Immobilienkauffrau~Immobilienkaufmann'],['Immobilienkaufleute'],"['Immobilienkauffrau~Immobilienkaufmann', 'Immobilienkaufleute']"
Speditionskaufmann,s,gendered,titles,"['Güterversand', 'Warenempfang', 'Transportplanung', 'Transportorganisation', 'Speditionskauffrau~Speditionskaufmann']","['Speditionskaufleute', 'Güterversand', 'Warenempfang', 'Transportplanung', 'Transportorganisation']","['Güterversand', 'Warenempfang', 'Transportplanung', 'Transportorganisation', 'Speditionskauffrau~Speditionskaufmann', 'Speditionskaufleute']"
Maschineningenieur,s,gendered,titles,"['Maschineningenieurwesen', 'Maschineningenieur~in~/~Maschineningenieur']","['Maschineningenieur~innen~ und ~Maschineningenieure', 'Maschineningenieurwesen']","['Maschineningenieurwesen', 'Maschineningenieur~in~/~Maschineningenieur', 'Maschineningenieur~innen~ und ~Maschineningenieure']"
Industriekeramiker,s,gendered,titles,"['Industriekeramik', 'Industriekeramiker~in~/~Industriekeramiker']","['Industriekeramiker~innen~ und ~Industriekeramiker', 'Industriekeramik']","['Industriekeramik', 'Industriekeramiker~in~/~Industriekeramiker', 'Industriekeramiker~innen~ und ~Industriekeramiker']"
Industriepolsterer,s,gendered,titles,"['Industriepolsterei', 'Industriepolsterer~in~/~Industriepolsterer']","['Industriepolsterer~innen~ und ~Industriepolsterer', 'Industriepolsterei']","['Industriepolsterei', 'Industriepolsterer~in~/~Industriepolsterer', 'Industriepolsterer~innen~ und ~Industriepolsterer']"
Expertenschätzung,s,gendered,advanced_hidden_image,"['Schätzung von Fachleuten', 'nach fachkundiger Einschätzung', 'Gutachten']","['Schätzungen von Fachleuten', 'nach fachkundigen Einschätzungen', 'Gutachten']","['Schätzung von Fachleuten', 'nach fachkundiger Einschätzung', 'Gutachten', 'Schätzungen von Fachleuten', 'nach fachkundigen Einschätzungen', 'Gutachten']"
KFZ-Mechatroniker,s,gendered,titles,"['Kfz-Mechatronik', 'KFZ-Mechatroniker~in~/~KFZ-Mechatroniker']","['KFZ-Mechatroniker~innen~ und ~KFz-Mechatroniker', 'Kfz-Mechatronik']","['Kfz-Mechatronik', 'KFZ-Mechatroniker~in~/~KFZ-Mechatroniker', 'KFZ-Mechatroniker~innen~ und ~KFz-Mechatroniker']"
Industriekaufmann,s,gendered,titles,['Industriekauffrau~Industriekaufmann'],['Industriekaufleute'],"['Industriekauffrau~Industriekaufmann', 'Industriekaufleute']"
Wirtschaftsprüfer,s,gendered,titles,"['Wirtschaftsprüfung', 'Wirtschaftsprüfungsunternehmen', 'Wirtschaftsprüfungsgesellschaft', 'Wirtschaftsprüfer~in~/~Wirtschaftsprüfer', 'Team von Wirtschaftsprüfenden']","['Wirtschaftsprüfende', 'Wirtschaftsprüfer~in~/~Wirtschaftsprüfer', 'Team von Wirtschaftsprüfenden', 'Wirtschaftsprüfung', 'Wirtschaftsprüfungsunternehmen', 'Wirtschaftsprüfungsgesellschaft']","['Wirtschaftsprüfung', 'Wirtschaftsprüfungsunternehmen', 'Wirtschaftsprüfungsgesellschaft', 'Wirtschaftsprüfer~in~/~Wirtschaftsprüfer', 'Team von Wirtschaftsprüfenden', 'Wirtschaftsprüfende', 'Wirtschaftsprüfer~in~/~Wirtschaftsprüfer']"
Softwarearchitekt,s,gendered,titles,"['Softwarearchitektur', 'Softwarearchitekt~in~/~Softwarearchitekt']","['Softwarearchitekt~innen~ und ~Softwarearchitekten', 'Softwarearchitektur']","['Softwarearchitektur', 'Softwarearchitekt~in~/~Softwarearchitekt', 'Softwarearchitekt~innen~ und ~Softwarearchitekten']"
Berufskraftfahrer,s,gendered,titles,['Berufskraftfahrer~in~/~Berufskraftfahrer'],['Berufskraftfahrer~innen~ und ~Berufskraftfahrer'],"['Berufskraftfahrer~in~/~Berufskraftfahrer', 'Berufskraftfahrer~innen~ und ~Berufskraftfahrer']"
Mitarbeiterdialog,s,gendered,advanced_hidden_image,"['Jahresaustausch', 'Jahresdialog', 'Führungsdialog', 'Gespräch mit Mitarbeitenden']","['Jahresdialoge', 'Führungsdialoge', 'Gespräche mit Mitarbeitenden']","['Jahresaustausch', 'Jahresdialog', 'Führungsdialog', 'Gespräch mit Mitarbeitenden', 'Jahresdialoge', 'Führungsdialoge', 'Gespräche mit Mitarbeitenden']"
Projektteilnehmer,s,gendered,function,"['Projektmitglied', 'Projektteilnahme', 'Projektteilnehmer~in~/~Projektteilnehmer', 'Projektteam', 'Projektgruppe']","['Projektteilnehmende', 'Projektteilnehmer~innen~ und ~Projektteilnehmer', 'Projektteam', 'Projektgruppe', 'Projektteilnahme']","['Projektteilnahme', 'Projektmitglied', 'Projektteilnehmer~in~/~Projektteilnehmer', 'Projektteam', 'Projektgruppe', 'Projektteilnehmende', 'Projektteilnehmer~innen~ und ~Projektteilnehmer']"
Experteninterview,s,gendered,advanced_hidden_image,"['Interview mit Fachleuten', 'Interview mit Koryphäen']","['Interviews mit Fachleuten', 'Gespräche mit Sachkundigen']","['Interview mit Fachleuten', 'Interview mit Koryphäen', 'Interviews mit Fachleuten', 'Gespräche mit Sachkundigen']"
Mutterunternehmen,s,gendered,advanced_hidden_image,"['Obergesellschaft', 'Dachgesellschaft', 'Dachunternehmen', 'Dachorganisation', 'Konzerndach']","['Obergesellschaften', 'Dachgesellschaften', 'Dachunternehmen', 'Dachorganisationen', 'Dachkonzerne']","['Obergesellschaft', 'Dachgesellschaft', 'Dachunternehmen', 'Dachorganisation', 'Konzerndach', 'Obergesellschaften', 'Dachgesellschaften', 'Dachunternehmen', 'Dachorganisationen', 'Dachkonzerne']"
Softwareingenieur,s,gendered,titles,['Softwareingenieur~in~/~Softwareingenieur'],['Softwareingenieur~innen~ und ~Softwareingenieure'],"['Softwareingenieur~in~/~Softwareingenieur', 'Softwareingenieur~innen~ und ~Softwareingenieure']"
Automobilkaufmann,s,gendered,titles,['Automobilkauffrau~Automobilkaufmann'],['Automobilkaufleute'],"['Automobilkauffrau~Automobilkaufmann', 'Automobilkaufleute']"
Tochtergeschwulst,s,gendered,advanced_hidden_image,['Metastase'],['Metastasen'],"['Metastase', 'Metastasen']"
Wählerverzeichnis,s,gendered,advanced_hidden_image,['Wahlverzeichnis'],['Wahlverzeichnisse'],"['Wahlverzeichnis', 'Wahlverzeichnisse']"
Anlagenmechaniker,s,gendered,titles,['Anlagenmechaniker~in~/~Anlagenmechaniker'],['Anlagenmechaniker~innen~ und ~Anlagenmechaniker'],"['Anlagenmechaniker~in~/~Anlagenmechaniker', 'Anlagenmechaniker~innen~ und ~Anlagenmechaniker']"
Marketing-Manager,s,gendered,titles,['Marketing-Manager~in~/~Marketing-Manager'],['Marketing-Manager~innen~ und ~Marketing-Manager'],"['Marketing-Manager~in~/~Marketing-Manager', 'Marketing-Manager~innen~ und ~Marketing-Manager']"
Dozententätigkeit,s,gendered,advanced_hidden_image,['Lehrtätigkeit'],['Lehrtätigkeiten'],"['Lehrtätigkeit', 'Lehrtätigkeiten']"
Fahrzeugtechniker,s,gendered,titles,"['Fahrzeugtechnik', 'Fahrzeugtechniker~in~/~Fahrzeugtechniker']","['Fahrzeugtechniker~innen~ und ~Fahrzeugtechniker', 'Fahrzeugtechnik']","['Fahrzeugtechnik', 'Fahrzeugtechniker~in~/~Fahrzeugtechniker', 'Fahrzeugtechniker~innen~ und ~Fahrzeugtechniker']"
Schiffsmechaniker,s,gendered,titles,['Schiffsmechaniker~in~/~Schiffsmechaniker'],['Schiffsmechaniker~innen~ und ~Schiffsmechaniker'],"['Schiffsmechaniker~in~/~Schiffsmechaniker', 'Schiffsmechaniker~innen~ und ~Schiffsmechaniker']"
Elektromechaniker,s,gendered,titles,['Elektromechaniker~in~/~Elektromechaniker'],['Elektromechaniker~innen~ und ~Elektromechaniker'],"['Elektromechaniker~in~/~Elektromechaniker', 'Elektromechaniker~innen~ und ~Elektromechaniker']"
Benutzeranleitung,s,gendered,advanced_hidden_image,"['Bedienungsanleitung', 'Gebrauchsanleitung', 'Gebrauchsanweisung', 'Anwendungsanleitung']","['Bedienungsanleitungen', 'Gebrauchsanleitungen', 'Gebrauchsanweisungen']","['Bedienungsanleitung', 'Gebrauchsanleitung', 'Gebrauchsanweisung', 'Anwendungsanleitung', 'Bedienungsanleitungen', 'Gebrauchsanleitungen', 'Gebrauchsanweisungen']"
Fachinformatiker,s,gendered,titles,"['Fachinformatik', 'Fachinformatiker~in~/~Fachinformatiker']","['Fachinformatiker~innen~ und ~Fachinformatiker', 'Fachinformatik']","['Fachinformatik', 'Fachinformatiker~in~/~Fachinformatiker', 'Fachinformatiker~innen~ und ~Fachinformatiker']"
Weiberwirtschaft,s,gendered,female_stereotype,"['Misswirtschaft', 'Unordnung', 'Durcheinander']",[],"['Misswirtschaft', 'Unordnung', 'Durcheinander']"
Personalreferent,s,gendered,titles,"['Personalverwaltung und Personalentwicklung', 'Personalreferent~in~/~Personalreferent', 'Person, die Aufgaben in Personalverwaltung und Personalentwicklung betreuen(...)']","['Personalreferent~innen~ und ~Personalreferenten', 'Personalverwaltung und Personalentwicklung', 'Personen, die Aufgaben in Personalverwaltung und Personalentwicklung betreuen(...)']","['Personalverwaltung und Personalentwicklung', 'Personalreferent~in~/~Personalreferent', 'Person, die Aufgaben in Personalverwaltung und Personalentwicklung betreuen(...)', 'Personalreferent~innen~ und ~Personalreferenten', 'Personen, die Aufgaben in Personalverwaltung und Personalentwicklung betreuen(...)']"
Grundschullehrer,s,gendered,titles,['Grundschullehrer~in~/~Grundschullehrer'],['Grundschullehrer~innen~ und ~Grundschullehrer'],"['Grundschullehrer~in~/~Grundschullehrer', 'Grundschullehrer~innen~ und ~Grundschullehrer']"
Teilnehmergebühr,s,gendered,advanced_hidden_image,['Teilnahmegebühr'],['Teilnahmegebühren'],"['Teilnahmegebühr', 'Teilnahmegebühren']"
Pendlerpauschale,s,gendered,advanced_hidden_image,['Pendelpauschale'],['Pendelpauschalen'],"['Pendelpauschale', 'Pendelpauschalen']"
Schreinermeister,s,gendered,titles,"['Schreinermeisterei', 'Schreinerei', 'Schreinermeister~in~/~Schreinermeister']","['Schreinermeister~innen~ und ~Schreinermeister', 'Schreinermeisterei', 'Schreinerei']","['Schreinermeisterei', 'Schreinerei', 'Schreinermeister~in~/~Schreinermeister', 'Schreinermeister~innen~ und ~Schreinermeister']"
Lokrangierführer,s,gendered,titles,"['Lokrangierführer', 'Lokrangierführer~in~/~Lokrangierführer']","['Lokrangierführer~innen~ und ~Lokrangierführer', 'Lokrangierführer']","['Lokrangierführer', 'Lokrangierführer~in~/~Lokrangierführer', 'Lokrangierführer~innen~ und ~Lokrangierführer']"
Fassadenreiniger,s,gendered,titles,"['Fassadenreinigungskraft', 'Fassadenreinigung', 'Fassadenreiniger~in~/~Fassadenreiniger']","['Fassadenreinigungskräfte', 'Fassadenreiniger~innen~ und ~Fassadenreiniger', 'Fassadenreinigung']","['Fassadenreinigung', 'Fassadenreinigungskraft', 'Fassadenreiniger~in~/~Fassadenreiniger', 'Fassadenreinigungskräfte', 'Fassadenreiniger~innen~ und ~Fassadenreiniger']"
Geschäftspartner,s,gendered,function,"['Geschäftskontakt', 'geschäftliche Partnerschaft', 'Geschäftspartnerschaft', 'partnerschaftliche Geschäftsbeziehung', 'Geschäftspartner~in~/~Geschäftspartner', 'Unternehmen, das mit uns zusammenarbeitet(...)']","['Geschäftskontakte', 'geschäftliche Partnerschaften', 'partnerschaftliche Geschäftsbeziehungen', 'Geschäftspartner~innen~ und ~Geschäftspartner', 'geschäftliche Partnerschaft', 'Geschäftspartnerschaft', 'partnerschaftliche Geschäftsbeziehung', 'Unternehmen, die mit uns zusammenarbeiten(...)']","['geschäftliche Partnerschaft', 'Geschäftspartnerschaft', 'partnerschaftliche Geschäftsbeziehung', 'Geschäftskontakt', 'Geschäftspartner~in~/~Geschäftspartner', 'Unternehmen, das mit uns zusammenarbeitet(...)', 'Geschäftskontakte', 'geschäftliche Partnerschaften', 'partnerschaftliche Geschäftsbeziehungen', 'Geschäftspartner~innen~ und ~Geschäftspartner', 'Unternehmen, die mit uns zusammenarbeiten(...)']"
Rangierbegleiter,s,gendered,titles,"['Rangierbegleitung', 'Rangierbegleiter~in~/~Rangierbegleiter']","['Rangierbegleitende', 'Rangierbegleiter~innen~ und ~Rangierbegleiter', 'Rangierbegleitung']","['Rangierbegleitung', 'Rangierbegleiter~in~/~Rangierbegleiter', 'Rangierbegleitende', 'Rangierbegleiter~innen~ und ~Rangierbegleiter']"
Finanzcontroller,s,gendered,titles,"['Finanzcontrolling', 'Finanzcontroller~in~/~Finanzcontroller', 'Abteilung Finanzcontrolling', 'Team im Finanzcontrolling']","['Finanzcontroller~innen~ und ~Finanzcontroller', 'Abteilung Finanzcontrolling', 'Team im Finanzcontrolling', 'Finanzcontrolling']","['Finanzcontrolling', 'Finanzcontroller~in~/~Finanzcontroller', 'Abteilung Finanzcontrolling', 'Team im Finanzcontrolling', 'Finanzcontroller~innen~ und ~Finanzcontroller']"
Servicetechniker,s,gendered,titles,"['technische Servicekraft', 'Service', 'technischer Service', 'Servicetechniker~in~/~Servicetechniker', 'Servicepersonal', 'technisches Servicepersonal']","['Servicetechniker~innen~ und ~Servicetechniker', 'Servicepersonal', 'technisches Servicepersonal', 'Service', 'technischer Service']","['Service', 'technischer Service', 'technische Servicekraft', 'Servicetechniker~in~/~Servicetechniker', 'Servicepersonal', 'technisches Servicepersonal', 'Servicetechniker~innen~ und ~Servicetechniker']"
Dekorationsnäher,s,gendered,titles,"['Dekorationsschneiderei', 'Dekorationsnäher~in~/~Dekorationsnäher']","['Dekorationsnäher~innen~ und ~Dekorationsnäher', 'Dekorationsschneiderei']","['Dekorationsschneiderei', 'Dekorationsnäher~in~/~Dekorationsnäher', 'Dekorationsnäher~innen~ und ~Dekorationsnäher']"
Benutzerhandbuch,s,gendered,advanced_hidden_image,"['Bedienhandbuch', 'Bedienungshandbuch', 'Betriebshandbuch', 'Bedienungsanleitung']","['Bedienhandbücher', 'Bedienungshandbücher', 'Betriebshandbücher', 'Bedienungsanleitungen']","['Bedienhandbuch', 'Bedienungshandbuch', 'Betriebshandbuch', 'Bedienungsanleitung', 'Bedienhandbücher', 'Bedienungshandbücher', 'Betriebshandbücher', 'Bedienungsanleitungen']"
Expertenstandard,s,gendered,advanced_hidden_image,['Fachstandard'],['Fachstandards'],"['Fachstandard', 'Fachstandards']"
Elektroingenieur,s,gendered,titles,"['Elektrotechnik', 'Elektroingenieur~in~/~Elektroingenieur']","['Elektroingenieur~innen~ und ~Elektroingenieur', 'Elektrotechnik']","['Elektrotechnik', 'Elektroingenieur~in~/~Elektroingenieur', 'Elektroingenieur~innen~ und ~Elektroingenieur']"
Beratertätigkeit,s,gendered,advanced_hidden_image,"['Beratung', 'Beratungstätigkeit']","['Beratungstätigkeiten', 'Beratungen']","['Beratung', 'Beratungstätigkeit', 'Beratungstätigkeiten', 'Beratungen']"
IT-Projektleiter,s,gendered,titles,['IT-Projektleiter~in~/~IT-Projektleiter'],['IT-Projektleiter~innen~ und ~IT-Projektleiter'],"['IT-Projektleiter~in~/~IT-Projektleiter', 'IT-Projektleiter~innen~ und ~IT-Projektleiter']"
Kita-Betreuerin,s,gendered,titles,"['Kita-Betreuung', 'Kita', 'Kita-Betreuer~in~/~Kita-Betreuer']","['Betreuende in der Kita', 'Kita-Betreuer~innen~ und ~Kita-Betreuer', 'Kita-Betreuung', 'Kita']","['Kita-Betreuung', 'Kita', 'Kita-Betreuer~in~/~Kita-Betreuer', 'Betreuende in der Kita', 'Kita-Betreuer~innen~ und ~Kita-Betreuer']"
Physiotherapeut,s,gendered,titles,['Physiotherapeut~in~/~Physiotherapeut'],['Physiotherapeut~innen~ und ~Physiotherapeuten'],"['Physiotherapeut~in~/~Physiotherapeut', 'Physiotherapeut~innen~ und ~Physiotherapeuten']"
Mediengestalter,s,gendered,titles,"['Mediengestaltung', 'Mediengestalter~in~/~Mediengestalter']","['Mediengestalter~innen~ und ~Mediengestalter', 'Mediengestaltung']","['Mediengestaltung', 'Mediengestalter~in~/~Mediengestalter', 'Mediengestalter~innen~ und ~Mediengestalter']"
Meinungsbildner,s,gendered,function,"['Meinungsbildner~in~/~Meinungsbildner', 'jemand, der Botschaften effektiv kommuniziert(...)', 'Du kannst andere für Ideen begeistern(...)', 'jemand mit Überzeugungskraft(...)', 'jemand, auf dessen Meinung Menschen vertrauen(...)', 'jemand, der argumentieren kann(...)']","['Meinungsbildende', 'Meinungsbildner~innen~ und ~Meinungsbildner', 'Leute, die Botschaften effektiv kommunizieren(...)', 'alle, die andere für Ideen begeistern können(...)', 'Menschen mit Überzeugungskraft(...)', 'Personen, auf deren Meinung Menschen vertrauen(...)', 'Leute, die argumentieren können(...)']","['Meinungsbildner~in~/~Meinungsbildner', 'jemand, der Botschaften effektiv kommuniziert(...)', 'Du kannst andere für Ideen begeistern(...)', 'jemand mit Überzeugungskraft(...)', 'jemand, auf dessen Meinung Menschen vertrauen(...)', 'jemand, der argumentieren kann(...)', 'Meinungsbildende', 'Meinungsbildner~innen~ und ~Meinungsbildner', 'Leute, die Botschaften effektiv kommunizieren(...)', 'alle, die andere für Ideen begeistern können(...)', 'Menschen mit Überzeugungskraft(...)', 'Personen, auf deren Meinung Menschen vertrauen(...)', 'Leute, die argumentieren können(...)']"
Verkehrsmeister,s,gendered,titles,['Verkehrsmeister~in~/~Verkehrsmeister'],['Verkehrsmeister~innen~ und ~Verkehrsmeister'],"['Verkehrsmeister~in~/~Verkehrsmeister', 'Verkehrsmeister~innen~ und ~Verkehrsmeister']"
Teilnehmerliste,s,gendered,advanced_hidden_image,"['Teilnahmeliste', 'Liste der Teilnehmenden']","['Teilnahmelisten', 'Listen aller Teilnehmenden']","['Teilnahmeliste', 'Liste der Teilnehmenden', 'Teilnahmelisten', 'Listen aller Teilnehmenden']"
anwenderbezogen,s,gendered,advanced_hidden_image,['praxisbezogen'],[],['praxisbezogen']
Innendekorateur,s,gendered,titles,"['Innendekoration', 'Innendekorateur~in~/~Innendekorateur']","['Innendekorateur~innen~ und ~Innendekorateure', 'Innendekoration']","['Innendekoration', 'Innendekorateur~in~/~Innendekorateur', 'Innendekorateur~innen~ und ~Innendekorateure']"
Spenglermeister,s,gendered,titles,"['Spenglerei', 'Spenglermeister~in~/~Spenglermeister']","['Spenglermeister~innen~ und ~Spenglermeister', 'Spenglerei']","['Spenglerei', 'Spenglermeister~in~/~Spenglermeister', 'Spenglermeister~innen~ und ~Spenglermeister']"
Bäcker-Konditor,s,gendered,titles,"['Bäckerei-Konditorei', 'Bäcker~in~/~Bäcker-Konditor~in~/~Konditor']","['Bäcker~innen~ und ~Bäcker-Konditor~innen~ und ~Konditor', 'Bäckerei-Konditorei']","['Bäckerei-Konditorei', 'Bäcker~in~/~Bäcker-Konditor~in~/~Konditor', 'Bäcker~innen~ und ~Bäcker-Konditor~innen~ und ~Konditor']"
Benutzerordnung,s,gendered,advanced_hidden_image,['Nutzungsordnung'],['Nutzungsordnungen'],"['Nutzungsordnung', 'Nutzungsordnungen']"
Leistungsträger,s,gendered,function,"['Gestalter', 'Schlüsselfigur', 'Schlüsselperson', 'Schnittstelle']","['Gestalter', 'Schlüsselfigur', 'Schlüsselperson', 'Schnittstelle']","['Gestalter', 'Schlüsselfigur', 'Schlüsselperson', 'Schnittstelle']"
Geschäftsführer,s,gendered,leadership,"['leitende Kraft', 'Leitungsperson', 'Führungsperson', 'Lenkungsperson', 'Leitung', 'Geschäftsführung', 'Management', 'Direktorium', 'Firmenleitung', 'Unternehmensleitung', 'Geschäftsführer~in~/~Geschäftsführer', 'entscheidungsbefugte Person(...)', 'verantwortliche Person(...)']","['Geschäftsleitungen', 'Geschäftsführungen', 'Geschäftsführer~innen~ und ~Geschäftsführer', 'Leitung', 'Geschäftsführung', 'Management', 'Direktorium', 'Firmenleitung', 'Unternehmensleitung', 'entscheidungsbefugte Personen(...)', 'verantwortliche Person(...)']","['Leitung', 'Geschäftsführung', 'Management', 'Direktorium', 'Firmenleitung', 'Unternehmensleitung', 'leitende Kraft', 'Leitungsperson', 'Führungsperson', 'Lenkungsperson', 'Geschäftsführer~in~/~Geschäftsführer', 'entscheidungsbefugte Person(...)', 'verantwortliche Person(...)', 'Geschäftsleitungen', 'Geschäftsführungen', 'Geschäftsführer~innen~ und ~Geschäftsführer', 'entscheidungsbefugte Personen(...)', 'verantwortliche Person(...)']"
Expertenvortrag,s,gendered,advanced_hidden_image,['Fachvortrag'],['Fachvorträge'],"['Fachvortrag', 'Fachvorträge']"
Geschäftsleiter,s,gendered,leadership,"['leitende Kraft', 'Leitungsperson', 'Geschäftsleitung', 'Management', 'Firmenleitung', 'Unternehmensführung', 'Geschäftsleiter~in~/~Geschäftsleiter', 'entscheidungsbefugte Person(...)', 'verantwortliche Person(...)']","['Geschäftsleitungen', 'Geschäftsführungen', 'Geschäftsleiter~innen~ und ~Geschäftsleiter', 'Geschäftsleitung', 'Management', 'Firmenleitung', 'Unternehmensführung', 'entscheidungsbefugte Personen(...)', 'verantwortliche Person(...)']","['Geschäftsleitung', 'Management', 'Firmenleitung', 'Unternehmensführung', 'leitende Kraft', 'Leitungsperson', 'Geschäftsleiter~in~/~Geschäftsleiter', 'entscheidungsbefugte Person(...)', 'verantwortliche Person(...)', 'Geschäftsleitungen', 'Geschäftsführungen', 'Geschäftsleiter~innen~ und ~Geschäftsleiter', 'entscheidungsbefugte Personen(...)', 'verantwortliche Person(...)']"
Lernpatenschaft,s,gendered,advanced_hidden_image,"['Lernpat~innenschaft', 'Engagement von Lernpat~innen~ und ~Lernpaten']","['Lernpat~innenschaft', 'Initiativen von Lernpat~innen~ und ~Lernpaten']","['Lernpat~innenschaft', 'Engagement von Lernpat~innen~ und ~Lernpaten', 'Lernpat~innenschaft', 'Initiativen von Lernpat~innen~ und ~Lernpaten']"
Gebäudereiniger,s,gendered,titles,['Gebäudereiniger~in~/~Gebäudereiniger'],['Gebäudereiniger~innen~ und ~Gebäudereiniger'],"['Gebäudereiniger~in~/~Gebäudereiniger', 'Gebäudereiniger~innen~ und ~Gebäudereiniger']"
Gymnasiallehrer,s,gendered,titles,['Gymnasiallehrer~in~/~Gymnasiallehrer'],['Gymnasiallehrer~innen~ und ~Gymnasiallehrer'],"['Gymnasiallehrer~in~/~Gymnasiallehrer', 'Gymnasiallehrer~innen~ und ~Gymnasiallehrer']"
Antragssteller,s,gendered,titles,"['Antragstellung', 'Antragsteller~in~/~Antragsteller', 'Person, die einen Antrag stellt(...)', 'beantragende Person(...)']","['Antragsstellende', 'Beantragende', '(gestellte ...) Anträge', 'Antragssteller~innen~ und ~Antragssteller', 'Antragstellung', 'Personen, die (...) beantragen']","['Antragstellung', 'Antragsteller~in~/~Antragsteller', 'Person, die einen Antrag stellt(...)', 'beantragende Person(...)', 'Antragsstellende', 'Beantragende', '(gestellte ...) Anträge', 'Antragssteller~innen~ und ~Antragssteller', 'Personen, die (...) beantragen']"
Krankenpfleger,s,gendered,titles,['Krankenpfleger~in~/~Krankenpfleger'],['Krankenpfleger~innen~ und ~Krankenpfleger'],"['Krankenpfleger~in~/~Krankenpfleger', 'Krankenpfleger~innen~ und ~Krankenpfleger']"
Sozialarbeiter,s,gendered,titles,['Sozialarbeiter~in~/~Sozialarbeiter'],['Sozialarbeiter~innen~ und ~Sozialarbeiter'],"['Sozialarbeiter~in~/~Sozialarbeiter', 'Sozialarbeiter~innen~ und ~Sozialarbeiter']"
Grafikdesigner,s,gendered,titles,['Grafikdesigner~in~/~Grafikdesigner'],['Grafikdesigner~innen~ und ~Grafikdesigner'],"['Grafikdesigner~in~/~Grafikdesigner', 'Grafikdesigner~innen~ und ~Grafikdesigner']"
KFZ-Mechaniker,s,gendered,titles,['KFZ-Mechaniker~in~/~KFZ-Mechaniker'],['KFZ-Mechaniker~innen~ und ~KFZ-Mechaniker'],"['KFZ-Mechaniker~in~/~KFZ-Mechaniker', 'KFZ-Mechaniker~innen~ und ~KFZ-Mechaniker']"
Bauwerktrenner,s,gendered,titles,"['Bauwerktrennung', 'Bauwerktrenner~in~/~Bauwerktrenner']","['Bauwerktrenner~innen~ und ~Bauwerktrenner', 'Bauwerktrennung']","['Bauwerktrennung', 'Bauwerktrenner~in~/~Bauwerktrenner', 'Bauwerktrenner~innen~ und ~Bauwerktrenner']"
Metallarbeiter,s,gendered,titles,['Metallarbeiter~in~/~Metallarbeiter'],['Metallarbeiter~innen~ und ~Metallarbeiter'],"['Metallarbeiter~in~/~Metallarbeiter', 'Metallarbeiter~innen~ und ~Metallarbeiter']"
Auszubildender,s,gendered,titles,"['Azubi', 'Ausbildung', 'Ausbildungsabteilung', 'Auszubildend~e~/~Auszubildender', 'Person in der Ausbildung(...)']","['Auszubildende', 'Ausbildung', 'Ausbildungsabteilung', 'Personen in der Ausbildung(...)']","['Ausbildung', 'Ausbildungsabteilung', 'Azubi', 'Auszubildend~e~/~Auszubildender', 'Person in der Ausbildung(...)', 'Auszubildende', 'Personen in der Ausbildung(...)']"
Physiklaborant,s,gendered,titles,"['Physiklabor', 'Physiklaborant~in~/~Physiklaborant']","['Physiklaborant~innen~ und ~Physiklaboranten', 'Physiklabor']","['Physiklabor', 'Physiklaborant~in~/~Physiklaborant', 'Physiklaborant~innen~ und ~Physiklaboranten']"
Expertenwissen,s,gendered,advanced_hidden_image,"['Fachwissen', 'Sachverstand', 'Fachkunde', 'Theorie- und Handlungswissen auf diesem Fachgebiet']",[],"['Fachwissen', 'Sachverstand', 'Fachkunde', 'Theorie- und Handlungswissen auf diesem Fachgebiet']"
Expertengruppe,s,gendered,advanced_hidden_image,['Fachgruppe'],['Fachgruppen'],"['Fachgruppe', 'Fachgruppen']"
Expertentagung,s,gendered,advanced_hidden_image,['Fachtagung'],['Fachtagungen'],"['Fachtagung', 'Fachtagungen']"
Besuchergruppe,s,gendered,advanced_hidden_image,"['Besuchsgruppe', 'Gästegruppe']","['Besuchsgruppen', 'Gästegruppen']","['Besuchsgruppe', 'Gästegruppe', 'Besuchsgruppen', 'Gästegruppen']"
Expertenrating,s,gendered,advanced_hidden_image,['Rating von Fachleuten'],['Ratings von Fachleuten'],"['Rating von Fachleuten', 'Ratings von Fachleuten']"
Arbeitskollege,s,gendered,function,"['Teammitglied', 'Arbeitskolleg~in~/~Arbeitskollege', 'Team', 'Personal', 'Belegschaft', 'Person, die im selben Unternehmen arbeitet(...)', 'Person, die man von der Arbeit kennt(...)', 'jemand, der im selben Team arbeitet (...)']","['Teammitglieder', 'Arbeitskolleg~innen~ und ~Arbeitskollegen', 'Team', 'Personal', 'Belegschaft', 'Personen im selben Team(...)', 'Personen, die im selben Unternehmen arbeiten(...)', 'Personen, die man von der Arbeit kennt(...)']","['Teammitglied', 'Arbeitskolleg~in~/~Arbeitskollege', 'Person, die im selben Unternehmen arbeitet(...)', 'Person, die man von der Arbeit kennt(...)', 'jemand, der im selben Team arbeitet (...)', 'Team', 'Personal', 'Belegschaft', 'Teammitglieder', 'Arbeitskolleg~innen~ und ~Arbeitskollegen', 'Personen im selben Team(...)', 'Personen, die im selben Unternehmen arbeiten(...)', 'Personen, die man von der Arbeit kennt(...)']"
Fachspezialist,s,gendered,function,"['Fachperson', 'Fachkraft', 'Fachspezialist~in~/~Fachspezialist', 'Fachpersonal', 'in einem Fach bewanderte Person(...)', 'jemand vom Fach(...)', 'fachlich versierte Person(...)', 'Person, die sich (auf ...) spezialisiert hat']","['Fachkräfte', 'Fachspezialist~innen~ und ~Fachspezialisten', 'Fachpersonal', 'auf (...) spezialisierte Personen', 'Leute vom Fach(...)', 'Personen, die sich (auf ...) spezialisiert haben']","['Fachperson', 'Fachkraft', 'Fachspezialist~in~/~Fachspezialist', 'in einem Fach bewanderte Person(...)', 'jemand vom Fach(...)', 'fachlich versierte Person(...)', 'Person, die sich (auf ...) spezialisiert hat', 'Fachpersonal', 'Fachkräfte', 'Fachspezialist~innen~ und ~Fachspezialisten', 'auf (...) spezialisierte Personen', 'Leute vom Fach(...)', 'Personen, die sich (auf ...) spezialisiert haben']"
Parlamentarier,s,gendered,function,"['Parlamentsmitglied', 'Abgeordnet~e~/~Abgeordneter', 'Parlamentarier~in~/~Parlamentarier']","['Parlamentsmitglieder', 'Abgeordnete', 'Parlamentarier~innen~ und ~Parlamentarier']","['Parlamentsmitglied', 'Abgeordnet~e~/~Abgeordneter', 'Parlamentarier~in~/~Parlamentarier', 'Parlamentsmitglieder', 'Abgeordnete', 'Parlamentarier~innen~ und ~Parlamentarier']"
Verkehrsplaner,s,gendered,titles,"['Verkehrsplanung', 'Verkehrsplaner~in~/~Verkehrsplaner']","['Verkehrsplaner~innen~ und ~Verkehrsplaner', 'Verkehrsplanung']","['Verkehrsplanung', 'Verkehrsplaner~in~/~Verkehrsplaner', 'Verkehrsplaner~innen~ und ~Verkehrsplaner']"
Programmierer,s,gendered,titles,['Programmierer~in~/~Programmierer'],['Programmierer~innen~ und ~Programmierer'],"['Programmierer~in~/~Programmierer', 'Programmierer~innen~ und ~Programmierer']"
Projektleiter,s,gendered,titles,"['Projektleitung', 'Projektleiter~in~/~Projektleiter']","['Projektleitende', 'Projektleiter~innen~ und ~Projektleiter', 'Projektleitung']","['Projektleitung', 'Projektleiter~in~/~Projektleiter', 'Projektleitende', 'Projektleiter~innen~ und ~Projektleiter']"
Lagerarbeiter,s,gendered,titles,"['Lagerfachkraft', 'Lagerarbeiter~in~/~Lagerarbeiter']",['Lagerarbeiter~innen~ und ~Lagerarbeiter'],"['Lagerfachkraft', 'Lagerarbeiter~in~/~Lagerarbeiter', 'Lagerarbeiter~innen~ und ~Lagerarbeiter']"
Gemüsegärtner,s,gendered,titles,"['Gemüseanbau', 'Gemüsegärtner~in~/~Gemüsegärtner', 'Person, die Gemüsegärten pflegt(...)', 'Person, die Gemüse anbaut(...)', 'Person, die Gemüseanbau betreibt(...)']","['Gemüsegärtner~innen~ und ~Gärtner', 'Gemüseanbau', 'Person, die Gemüsegärten pflegen(...)', 'Person, die Gemüse anbauen(...)', 'Person, die Gemüseanbau betreiben(...)']","['Gemüseanbau', 'Gemüsegärtner~in~/~Gemüsegärtner', 'Person, die Gemüsegärten pflegt(...)', 'Person, die Gemüse anbaut(...)', 'Person, die Gemüseanbau betreibt(...)', 'Gemüsegärtner~innen~ und ~Gärtner', 'Person, die Gemüsegärten pflegen(...)', 'Person, die Gemüse anbauen(...)', 'Person, die Gemüseanbau betreiben(...)']"
Führungskraft,s,gendered,function,"['Leitung', 'Team-Anleitung', 'Team-Lenkung', 'Lenkung', 'Management', 'verantwortliche Person(...)', 'Person, die die Vision kommuniziert(...)', 'Person, die ihr Team unterstützt und coacht(...)', 'Person, die mit Rat und Tat zur Seite steht(...)']","['Verantwortungtragende', 'Verantwortliche', 'Leitung', 'Team-Anleitung', 'Team-Lenkung', 'Lenkung', 'Management', 'Person, die Verantwortung für (Personal, die Abteilung, ...) trägt']","['Leitung', 'Team-Anleitung', 'Team-Lenkung', 'Lenkung', 'Management', 'verantwortliche Person(...)', 'Person, die die Vision kommuniziert(...)', 'Person, die ihr Team unterstützt und coacht(...)', 'Person, die mit Rat und Tat zur Seite steht(...)', 'Verantwortungtragende', 'Verantwortliche', 'Person, die Verantwortung für (Personal, die Abteilung, ...) trägt']"
Mutterkonzern,s,gendered,advanced_hidden_image,"['Dachkonzern', 'Konzerndach', 'Holding', 'Unternehmen mit Schachtelgesellschaften']","['Dachkonzerne', 'Konzerndächer', 'Konzerne mit Schachtelgesellschaften', 'Holdings']","['Dachkonzern', 'Konzerndach', 'Holding', 'Unternehmen mit Schachtelgesellschaften', 'Dachkonzerne', 'Konzerndächer', 'Konzerne mit Schachtelgesellschaften', 'Holdings']"
Hotelfachmann,s,gendered,titles,"['Hotelfach', 'Hotelfachfrau~Hotelfachmann']","['Hotelfachleute', 'Hotelfachfrauen~ und ~Hotelfachmänner', 'Hotelfach']","['Hotelfach', 'Hotelfachfrau~Hotelfachmann', 'Hotelfachleute', 'Hotelfachfrauen~ und ~Hotelfachmänner']"
Zahntechniker,s,gendered,titles,['Zahntechniker~in~/~Zahntechniker'],['Zahntechniker~innen~ und ~Zahntechniker'],"['Zahntechniker~in~/~Zahntechniker', 'Zahntechniker~innen~ und ~Zahntechniker']"
Mechatroniker,s,gendered,titles,"['Mechatronik', 'Mechatroniker~in~/~Mechatroniker']","['Mechatroniker~innen~ und ~Mechatroniker', 'Mechatronik']","['Mechatronik', 'Mechatroniker~in~/~Mechatroniker', 'Mechatroniker~innen~ und ~Mechatroniker']"
Risikomanager,s,gendered,titles,"['Risikomanagement', 'Risikomanager~in~/~Risikomanager']","['Risikomanager~innen~ und ~Risikomanager', 'Risikomanagement']","['Risikomanagement', 'Risikomanager~in~/~Risikomanager', 'Risikomanager~innen~ und ~Risikomanager']"
Bundeskanzler,s,gendered,function,['Bundeskanzler~in~/~Bundeskanzler'],['Bundeskanzler~innen~ und ~Bundeskanzler'],"['Bundeskanzler~in~/~Bundeskanzler', 'Bundeskanzler~innen~ und ~Bundeskanzler']"
Expertenkreis,s,gendered,advanced_hidden_image,"['Fachkreis', 'Fachgruppe', 'Sachverständigenkreis']","['Fachkreise', 'Fachgruppen', 'Sachverständigenkreise']","['Fachkreis', 'Fachgruppe', 'Sachverständigenkreis', 'Fachkreise', 'Fachgruppen', 'Sachverständigenkreise']"
Beschäftigter,s,gendered,function,"['Beschäftigung', 'Beschäftigt~e~/~Beschäftigter', 'Personal', 'Belegschaft', 'beschäftige Person(...)', 'Person, die beschäftigt ist(...)', 'Person, die im Unternehmen beschäftigt ist(...)']","['Beschäftigte', 'Personal', 'Belegschaft', 'Beschäftigung', 'Personen/Leute im Unternehmen(...)']","['Beschäftigung', 'Beschäftigt~e~/~Beschäftigter', 'beschäftige Person(...)', 'Person, die beschäftigt ist(...)', 'Person, die im Unternehmen beschäftigt ist(...)', 'Personal', 'Belegschaft', 'Beschäftigte', 'Personen/Leute im Unternehmen(...)']"
Familienvater,s,gendered,male_stereotype,"['die kreativen Kräfte der Abteilung', 'die strategisch denkenden Kräfte', 'Elternschaft', 'Eltern', 'Person, die eine Elternrolle hat(...)', 'Vater(...)']","['Elternteile', 'Eltern', 'Elternschaft', 'Personen in einer Elternrolle(...)']","['Elternschaft', 'die kreativen Kräfte der Abteilung', 'die strategisch denkenden Kräfte', 'Person, die eine Elternrolle hat(...)', 'Vater(...)', 'Eltern', 'Elternteile', 'Personen in einer Elternrolle(...)']"
Steuerberater,s,gendered,titles,['Steuerberater~in~/~Steuerberater'],['Steuerberater~innen~ und ~Steuerberater'],"['Steuerberater~in~/~Steuerberater', 'Steuerberater~innen~ und ~Steuerberater']"
Administrator,s,gendered,titles,"['Administration', 'Administrator~in~/~Administrator']","['Administrator~innen~ und ~Administratoren', 'Administration']","['Administration', 'Administrator~in~/~Administrator', 'Administrator~innen~ und ~Administratoren']"
Informatiker,s,gendered,titles,"['Informatik', 'Informatiker~in~/~Informatiker', 'auf IT spezialisierte Person(...)']","['Informatiker~innen~ und ~Informatiker', 'Informatik', 'auf IT spezialisierte Leute(...)']","['Informatik', 'Informatiker~in~/~Informatiker', 'auf IT spezialisierte Person(...)', 'Informatiker~innen~ und ~Informatiker', 'auf IT spezialisierte Leute(...)']"
Wettbewerber,s,gendered,function,"['Markt', 'Mitbewerber~in~/~Mitbewerber', 'Firma, die auf dem selben Markt ihre Kompetenz einsetzt(...)', 'am selben Markt teilnehmende Person(...)', 'Firma, die sich im selben Segment engagiert(...)', 'jemand, der auf dieselben Meilensteine hinarbeitet(...)', 'Person, die sich für dieselbe Stelle engagiert(...)']","['Marktteilnehmende', 'Markt']","['Markt', 'Mitbewerber~in~/~Mitbewerber', 'Firma, die auf dem selben Markt ihre Kompetenz einsetzt(...)', 'am selben Markt teilnehmende Person(...)', 'Firma, die sich im selben Segment engagiert(...)', 'jemand, der auf dieselben Meilensteine hinarbeitet(...)', 'Person, die sich für dieselbe Stelle engagiert(...)', 'Marktteilnehmende']"
Anfängerkurs,s,gendered,advanced_hidden_image,"['Grundkurs', 'Einstiegskurs']","['Grundkurse', 'Einstiegskurse']","['Grundkurs', 'Einstiegskurs', 'Grundkurse', 'Einstiegskurse']"
Risikoträger,s,gendered,function,"['Risikoträger~in~/~Risikoträger', 'jemand, der Optionen abwägt(...)', 'Mensch, der offen für Neues ist(...)', 'jemand, der Experimente durchführt(...)', 'Person, die neue Methoden ausprobiert(...)', 'jemand, der gern neue Wege geht(...)']",['Risikoträger~innen~ und ~Risikoträger'],"['Risikoträger~in~/~Risikoträger', 'jemand, der Optionen abwägt(...)', 'Mensch, der offen für Neues ist(...)', 'jemand, der Experimente durchführt(...)', 'Person, die neue Methoden ausprobiert(...)', 'jemand, der gern neue Wege geht(...)', 'Risikoträger~innen~ und ~Risikoträger']"
Wagenmeister,s,gendered,titles,['Wagenmeister~in~/~Wagenmeister'],['Wagenmeister~innen~ und ~Wagenmeister'],"['Wagenmeister~in~/~Wagenmeister', 'Wagenmeister~innen~ und ~Wagenmeister']"
Theatermaler,s,gendered,titles,"['Theatermalerei', 'Theatermaler~in~/~Theatermaler']","['Theatermaler~innen~ und ~Theatermaler', 'Theatermalerei']","['Theatermalerei', 'Theatermaler~in~/~Theatermaler', 'Theatermaler~innen~ und ~Theatermaler']"
Fachlagerist,s,gendered,titles,"['Fachkraft für Lagerlogistik', 'Lagerfachkraft', 'Fachlagerist~in~/~Fachlagerist']",['Fachlagerist~innen~ und ~Fachlageristen'],"['Fachkraft für Lagerlogistik', 'Lagerfachkraft', 'Fachlagerist~in~/~Fachlagerist', 'Fachlagerist~innen~ und ~Fachlageristen']"
Eventmanager,s,gendered,titles,['Eventmanager~in~/~Eventmanager'],['Eventmanager~innen~ und ~Eventmanager'],"['Eventmanager~in~/~Eventmanager', 'Eventmanager~innen~ und ~Eventmanager']"
Zugbegleiter,s,gendered,titles,"['Zugbegleitung', 'Zugbegleiter~in~/~Zugbegleiter']","['Zugbegleiter~innen~ und ~Zugbegleiter', 'Zugbegleitung']","['Zugbegleitung', 'Zugbegleiter~in~/~Zugbegleiter', 'Zugbegleiter~innen~ und ~Zugbegleiter']"
Rezeptionist,s,gendered,titles,"['Empfangskraft', 'Rezeptionist~in~/~Rezeptionist']",['Rezeptionist~innen~ und ~Rezeptionisten'],"['Empfangskraft', 'Rezeptionist~in~/~Rezeptionist', 'Rezeptionist~innen~ und ~Rezeptionisten']"
Führerschaft,s,gendered,advanced_hidden_image,"['Leitung', 'Team-Anleitung', 'Team-Lenkung', 'Lenkung', 'Management', 'Person, die die Vision kommuniziert(...)', 'Person, die ihr Team unterstützt und coacht(...)', 'Person, die mit Rat und Tat zur Seite steht(...)']",[],"['Leitung', 'Team-Anleitung', 'Team-Lenkung', 'Lenkung', 'Management', 'Person, die die Vision kommuniziert(...)', 'Person, die ihr Team unterstützt und coacht(...)', 'Person, die mit Rat und Tat zur Seite steht(...)']"
Rechtsanwalt,s,gendered,titles,['Rechtsanwältin~Rechtsanwalt'],['Rechtsanwält~innen~Rechtsanwälte'],"['Rechtsanwältin~Rechtsanwalt', 'Rechtsanwält~innen~Rechtsanwälte']"
Vorgesetzter,s,gendered,leadership,"['Leitungsperson', 'Führungsperson', 'Vorgesetzt~e~/~Vorgesetzter']","['Leitungspersonen', 'Führungsperson', 'Personalverantwortliche']","['Leitungsperson', 'Führungsperson', 'Vorgesetzt~e~/~Vorgesetzter', 'Leitungspersonen', 'Führungsperson', 'Personalverantwortliche']"
Konstrukteur,s,gendered,titles,"['Konstruktion', 'Konstrukteur~in~/~Konstrukteur']","['Konstrukteur~innen~ und ~Konstrukteure', 'Konstruktion']","['Konstruktion', 'Konstrukteur~in~/~Konstrukteur', 'Konstrukteur~innen~ und ~Konstrukteure']"
Abgeordneter,s,gendered,titles,['Abgeordnet~e~/~Abgeordneter'],['Abgeordnete'],"['Abgeordnet~e~/~Abgeordneter', 'Abgeordnete']"
Altenpfleger,s,gendered,titles,['Altenpfleger~in~/~Altenpfleger'],['Altenpfleger~innen~ und ~Altenpfleger'],"['Altenpfleger~in~/~Altenpfleger', 'Altenpfleger~innen~ und ~Altenpfleger']"
Plattenleger,s,gendered,titles,['Plattenleger~in~/~Plattenleger'],['Plattenleger~innen~ und ~Plattenleger'],"['Plattenleger~in~/~Plattenleger', 'Plattenleger~innen~ und ~Plattenleger']"
Tochterfirma,s,gendered,advanced_hidden_image,"['Niederlassung', 'Geschäftsstelle', 'Filiale', 'Untergesellschaft', 'eigenständiges, aber wirtschaftlich unselbständiges Unternehmen']","['Niederlassungen', 'Geschäftsstellen', 'Filialen', 'Untergesellschaften', 'eigenständige, aber wirtschaftlich unselbständige Unternehmen']","['Niederlassung', 'Geschäftsstelle', 'Filiale', 'Untergesellschaft', 'eigenständiges, aber wirtschaftlich unselbständiges Unternehmen', 'Niederlassungen', 'Geschäftsstellen', 'Filialen', 'Untergesellschaften', 'eigenständige, aber wirtschaftlich unselbständige Unternehmen']"
Augenoptiker,s,gendered,titles,['Augenoptiker~in~/~Augenoptiker'],['Augenoptiker~in~ und ~Augenoptiker'],"['Augenoptiker~in~/~Augenoptiker', 'Augenoptiker~in~ und ~Augenoptiker']"
Mediamatiker,s,gendered,titles,"['Mediamatik', 'Mediamatiker~in~/~Mediamatiker']","['Mediamatiker~innen~ und ~Mediamatiker', 'Mediamatik']","['Mediamatik', 'Mediamatiker~in~/~Mediamatiker', 'Mediamatiker~innen~ und ~Mediamatiker']"
Bürokaufmann,s,gendered,titles,['Bürokauffrau~Bürokaufmann'],['Bürokaufleute'],"['Bürokauffrau~Bürokaufmann', 'Bürokaufleute']"
Baggerführer,s,gendered,titles,['Baggerführer~in~/~Baggerführer'],['Baggerführer~innen~ und ~Baggerführer'],"['Baggerführer~in~/~Baggerführer', 'Baggerführer~innen~ und ~Baggerführer']"
Bankkaufmann,s,gendered,titles,"['Bankfach', 'Bankkauffrau~Bankkaufmann']","['Bankkaufleute', 'Bankfach']","['Bankfach', 'Bankkauffrau~Bankkaufmann', 'Bankkaufleute']"
Raucherpause,s,gendered,advanced_hidden_image,['Zigarettenpause'],['Zigarettenpausen'],"['Zigarettenpause', 'Zigarettenpausen']"
Bauingenieur,s,gendered,titles,['Bauingenieur~in~/~Bauingenieur'],['Bauingenieur~innen~ und ~Bauingenieure'],"['Bauingenieur~in~/~Bauingenieur', 'Bauingenieur~innen~ und ~Bauingenieure']"
Brückenbauer,s,gendered,titles,"['Brückenbau', 'Brückenbauer~in~/~Brückenbauer', 'Personen, die Brücken (zwischen ...) bauen']","['Brückenbauer~innen~ und ~Brückenbauer', 'Brückenbau', 'Personen, die Brücken (zwischen ...) bauen']","['Brückenbau', 'Brückenbauer~in~/~Brückenbauer', 'Personen, die Brücken (zwischen ...) bauen', 'Brückenbauer~innen~ und ~Brückenbauer', 'Personen, die Brücken (zwischen ...) bauen']"
Bootfachwart,s,gendered,titles,"['Bootfachwartung', 'Bootfachwart~in~/~Bootfachwart']","['Bootfachwart~innen~ und ~Bootfachwarte', 'Bootfachwartung']","['Bootfachwartung', 'Bootfachwart~in~/~Bootfachwart', 'Bootfachwart~innen~ und ~Bootfachwarte']"
Filialleiter,s,gendered,titles,['Filialleiter~in~/~Filialleiter'],['Filialleiter~innen~ und ~Filialleiter'],"['Filialleiter~in~/~Filialleiter', 'Filialleiter~innen~ und ~Filialleiter']"
Fliesenleger,s,gendered,titles,['Fliesenleger~in~/~Fliesenleger'],['Fliesenleger~innen~ und ~Fliesenleger'],"['Fliesenleger~in~/~Fliesenleger', 'Fliesenleger~innen~ und ~Fliesenleger']"
Betriebsarzt,s,gendered,titles,"['betriebsärztliche Untersuchung', 'Betriebsärztin~Betriebsarzt']","['Betriebsärzt~innen~ und ~Betriebsärzte', 'betriebsärztliche Untersuchung']","['betriebsärztliche Untersuchung', 'Betriebsärztin~Betriebsarzt', 'Betriebsärzt~innen~ und ~Betriebsärzte']"
Straßenbauer,s,gendered,titles,['Straßenbauer~in~/~Straßenbauer'],['Straßenbauer~innen~ und ~Straßenbauer'],"['Straßenbauer~in~/~Straßenbauer', 'Straßenbauer~innen~ und ~Straßenbauer']"
Betriebswirt,s,gendered,titles,['Betriebswirt~in~/~Betriebswirt'],['Betriebswirt~innen~ und ~Betriebswirte'],"['Betriebswirt~in~/~Betriebswirt', 'Betriebswirt~innen~ und ~Betriebswirte']"
Metallbauer,s,gendered,titles,['Metallbauer~in~/~Metallbauer'],['Metallbauer~innen~ und ~Metallbauer'],"['Metallbauer~in~/~Metallbauer', 'Metallbauer~innen~ und ~Metallbauer']"
Mittelsmann,s,gendered,titles,"['Mittelsperson', 'Vermittlung', 'Mittler~in~/~Mittler', 'Person, die helfend vermittelt(...)', 'Person, die vermittelnd (zwischen Personen, Parteien, ...) auftritt']","['Mittler~innen~ und ~Mittler', 'Vermittlung', 'Personen, die helfend vermitteln(...)', 'Personen, die vermittelnd (zwischen Personen, Parteien, ...) auftreten']","['Vermittlung', 'Mittelsperson', 'Mittler~in~/~Mittler', 'Person, die helfend vermittelt(...)', 'Person, die vermittelnd (zwischen Personen, Parteien, ...) auftritt', 'Mittler~innen~ und ~Mittler', 'Personen, die helfend vermitteln(...)', 'Personen, die vermittelnd (zwischen Personen, Parteien, ...) auftreten']"
Hausmeister,s,gendered,titles,['Hausmeister~in~/~Hausmeister'],['Hausmeister~innen~ und ~Hausmeister'],"['Hausmeister~in~/~Hausmeister', 'Hausmeister~innen~ und ~Hausmeister']"
Modellbauer,s,gendered,titles,"['Modellbau', 'Modellbauer~in~/~Modellbauer', 'Leute im Modellbau(...)']",['Modellbau'],"['Modellbau', 'Modellbauer~in~/~Modellbauer', 'Leute im Modellbau(...)']"
Kontrolleur,s,gendered,titles,"['Kontrolle', 'Kontrolleur~in~/~Kontrolleur']","['Kontrolleur~innen~ und ~Kontrolleure', 'Kontrolle']","['Kontrolle', 'Kontrolleur~in~/~Kontrolleur', 'Kontrolleur~innen~ und ~Kontrolleure']"
Orthopädist,s,gendered,titles,"['Orthopädie', 'orthopädische Praxis', 'Orthopäd~in~/~Orthopäde', 'Orthopädist~in~/~Orthopädist']","['Orthopäd~innen~ und ~Orthopäden', 'Orthopädist~innen~ und ~Orthopädisten', 'Orthopädie', 'orthopädische Praxis']","['Orthopädie', 'orthopädische Praxis', 'Orthopäd~in~/~Orthopäde', 'Orthopädist~in~/~Orthopädist', 'Orthopäd~innen~ und ~Orthopäden', 'Orthopädist~innen~ und ~Orthopädisten']"
Nationalrat,s,gendered,function,"['Nationalratsmitglied', 'Nationalrätin~Nationalrat']","['Nationalratsmitglieder', 'Nationalrät~innen~ und ~Nationalräte']","['Nationalratsmitglied', 'Nationalrätin~Nationalrat', 'Nationalratsmitglieder', 'Nationalrät~innen~ und ~Nationalräte']"
Arbeitgeber,s,gendered,function,"['Arbeitgeberin --- wenn GmbH, Einzelfirma oder AG', 'Arbeitgeber~in~/~Arbeitgeber', 'arbeitgebende Firma(...)', 'beschäftigende Unternehmen(...)', 'Person, die Arbeitsplätze zur Verfügung stellt(...)', 'Einrichtung, die Menschen beschäftigt(...)']","['Arbeitgebende', 'Arbeitgeber~innen~ und ~Arbeitgeber', 'Arbeitgeberin --- wenn GmbH, Einzelfirma oder AG(...)']","['Arbeitgeberin --- wenn GmbH, Einzelfirma oder AG', 'Arbeitgeber~in~/~Arbeitgeber', 'arbeitgebende Firma(...)', 'beschäftigende Unternehmen(...)', 'Person, die Arbeitsplätze zur Verfügung stellt(...)', 'Einrichtung, die Menschen beschäftigt(...)', 'Arbeitgebende', 'Arbeitgeber~innen~ und ~Arbeitgeber', 'Arbeitgeberin --- wenn GmbH, Einzelfirma oder AG(...)']"
Front-Ender,s,gendered,titles,"['Front-End-Entwicklung', 'Frontend-Entwickler~in~/~Frontend-Entwickler', 'Person, die den technischen Oberbau entwickelt(...)']","['Frontend-Entwickler~innen~ und ~Frontend-Entwickler', 'Front-End-Entwicklung', 'Personen, die den technischen Oberbau entwickeln (...)']","['Front-End-Entwicklung', 'Frontend-Entwickler~in~/~Frontend-Entwickler', 'Person, die den technischen Oberbau entwickelt(...)', 'Frontend-Entwickler~innen~ und ~Frontend-Entwickler', 'Personen, die den technischen Oberbau entwickeln (...)']"
Lehrtochter,s,gendered,female_stereotype,"['Nachwuchskraft', 'Azubi', 'Ausbildung', 'Lehre', 'Auszubildend~e~/~Auszubildender', 'Person in Ausbildung(...)', 'auszubildende Person(...)', 'lernende Person(...)']","['Lernende', 'Auszubildende', 'Ausbildung', 'Lehre', 'Personen in Ausbildung(...)', 'auszubildende Personen(...)', 'lernende Personen(...)']","['Ausbildung', 'Lehre', 'Nachwuchskraft', 'Azubi', 'Auszubildend~e~/~Auszubildender', 'Person in Ausbildung(...)', 'auszubildende Person(...)', 'lernende Person(...)', 'Lernende', 'Auszubildende', 'Personen in Ausbildung(...)', 'auszubildende Personen(...)', 'lernende Personen(...)']"
Eisenbahner,s,gendered,titles,['Eisenbahner~in~/~Eisenbahner'],['Eisenbahner~innen~ und ~Eisenbahner'],"['Eisenbahner~in~/~Eisenbahner', 'Eisenbahner~innen~ und ~Eisenbahner']"
Botschafter,s,gendered,titles,"['Botschaft', 'Vertretung', 'Botschafter~in~/~Botschafter', 'vermittelnde Person(...)', 'vertretende Person(...)']","['Botschafter~innen~ und ~Botschafter', 'Botschaft', 'Vertretung', 'vermittelnde Personen(...)', 'vertretende Personen(...)']","['Botschaft', 'Vertretung', 'Botschafter~in~/~Botschafter', 'vermittelnde Person(...)', 'vertretende Person(...)', 'Botschafter~innen~ und ~Botschafter', 'vermittelnde Personen(...)', 'vertretende Personen(...)']"
Rednerliste,s,gendered,advanced_hidden_image,['Redeliste'],['Redelisten'],"['Redeliste', 'Redelisten']"
Automatiker,s,gendered,titles,"['Automatisierung', 'Automatiker~in~/~Automatiker']","['Automatiker~innen~ und ~Automatiker', 'Automatisierung']","['Automatisierung', 'Automatiker~in~/~Automatiker', 'Automatiker~innen~ und ~Automatiker']"
Buchhändler,s,gendered,titles,"['Buchhandel', 'Buchhandlung', 'Buchhändler~in~/~Buchhändler']","['Buchhändler~innen~ und ~Buchhändler', 'Buchhandel', 'Buchhandlung']","['Buchhandel', 'Buchhandlung', 'Buchhändler~in~/~Buchhändler', 'Buchhändler~innen~ und ~Buchhändler']"
Bürgersteig,s,gendered,advanced_hidden_image,"['Gehsteig', 'Trottoir', 'Gehweg']","['Gehsteige', 'Gehwege']","['Gehsteig', 'Trottoir', 'Gehweg', 'Gehsteige', 'Gehwege']"
Biochemiker,s,gendered,titles,"['Biochemie', 'biochemische Forschung', 'Biochemiker~in~/~Biochemiker']","['Biochemiker~innen~ und ~Biochemiker', 'Biochemie', 'biochemische Forschung']","['Biochemie', 'biochemische Forschung', 'Biochemiker~in~/~Biochemiker', 'Biochemiker~innen~ und ~Biochemiker']"
Expertentum,s,gendered,advanced_hidden_image,"['Fachwissen', 'Sachverstand']",[],"['Fachwissen', 'Sachverstand']"
Steinsetzer,s,gendered,titles,['Steinsetzer~in~/~Steinsetzer'],['Steinsetzer~innen~ und ~Steinsetzer'],"['Steinsetzer~in~/~Steinsetzer', 'Steinsetzer~innen~ und ~Steinsetzer']"
Telematiker,s,gendered,titles,"['Telematik', 'Telematiker~in~/~Telematiker']","['Telematiker~innen~ und ~Telematiker', 'Telematik']","['Telematik', 'Telematiker~in~/~Telematiker', 'Telematiker~innen~ und ~Telematiker']"
Psychologe,s,gendered,titles,['Psychologin~Psychologe'],['Psycholog~innen~ und ~Psychologen'],"['Psychologin~Psychologe', 'Psycholog~innen~ und ~Psychologen']"
Carrossier,s,gendered,titles,"['Carrosserie', 'Autowerkstatt', 'Carrossier~in~/~Carrossier']","['Carrossier~innen~ und ~Carrossiers', 'Carrosserie', 'Autowerkstatt']","['Carrosserie', 'Autowerkstatt', 'Carrossier~in~/~Carrossier', 'Carrossier~innen~ und ~Carrossiers']"
Herrschaft,s,gendered,advanced_hidden_image,"['Staat', 'Regierung', 'Lenkung', 'Leitung']","['Leute', 'Gäste', 'Kundschaft', 'Mitwirkende', 'Freunde', 'liebe Leute', 'alle miteinander', 'liebe Gäste']","['Staat', 'Regierung', 'Lenkung', 'Leitung', 'Leute', 'Gäste', 'Kundschaft', 'Mitwirkende', 'Freunde', 'liebe Leute', 'alle miteinander', 'liebe Gäste']"
Kaminfeger,s,gendered,titles,['Kaminfeger~in~/~Kaminfeger'],['Kaminfeger~innen~ und ~Kaminfeger'],"['Kaminfeger~in~/~Kaminfeger', 'Kaminfeger~innen~ und ~Kaminfeger']"
Kosmetiker,s,gendered,titles,"['Kosmetik', 'Kosmetiker~in~/~Kosmetiker']","['Kosmetiker~innen~ und ~Kosmetiker', 'Kosmetik']","['Kosmetik', 'Kosmetiker~in~/~Kosmetiker', 'Kosmetiker~innen~ und ~Kosmetiker']"
Mannschaft,s,gendered,hidden_image,"['Team', 'Equipe', 'Gruppe']","['Teams', 'Gruppen']","['Team', 'Equipe', 'Gruppe', 'Teams', 'Gruppen']"
Zulieferer,s,gendered,function,"['Zulieferung', 'Zulieferfirma', 'zulieferndes Unternehmen', 'Zulieferunternehmen', 'Zuliefer~in~/~Zulieferer']",['Zuliefernde'],"['Zulieferung', 'Zulieferfirma', 'zulieferndes Unternehmen', 'Zulieferunternehmen', 'Zuliefer~in~/~Zulieferer', 'Zuliefernde']"
Pflästerer,s,gendered,titles,"['Pflästerei', 'Pflästerer~in~/~Pflästerer']","['Pflästerer~innen~ und ~Pflästerer', 'Pflästerei']","['Pflästerei', 'Pflästerer~in~/~Pflästerer', 'Pflästerer~innen~ und ~Pflästerer']"
Mannstunde,s,gendered,advanced_hidden_image,"['Personenstunde', 'Arbeitsstunde', 'Personalstunde']","['Personenstunden', 'Arbeitsstunden', 'Personalstunden']","['Personenstunde', 'Arbeitsstunde', 'Personalstunde', 'Personenstunden', 'Arbeitsstunden', 'Personalstunden']"
Instructor,s,gendered,titles,"['Lehrkraft', 'Coach', 'Lehre', 'Training', 'Ausbildung', 'Instructor~in~/~Instructor', 'Kurstrainer~in~/~Kurstrainer']","['Instructor~innen~ und ~Instructor', 'Kurstrainer~innen~ und ~Kurstrainer', 'Lehre', 'Training', 'Ausbildung']","['Lehre', 'Training', 'Ausbildung', 'Lehrkraft', 'Coach', 'Instructor~in~/~Instructor', 'Kurstrainer~in~/~Kurstrainer', 'Instructor~innen~ und ~Instructor', 'Kurstrainer~innen~ und ~Kurstrainer']"
Back-Ender,s,gendered,titles,"['Back-End-Entwicklung', 'Backend-Entwickler~in~/~Backend-Entwickler', 'Person, die den technischen Unterbau entwickelt(...)', 'Person, die das Back-End baut(...)']","['Backend-Entwickler~innen~ und ~Backend-Entwickler', 'Back-End-Entwicklung', 'Personen, die den technischen Unterbau entwickeln(...)', 'Personen, die das Back-End bauen(...)']","['Back-End-Entwicklung', 'Backend-Entwickler~in~/~Backend-Entwickler', 'Person, die den technischen Unterbau entwickelt(...)', 'Person, die das Back-End baut(...)', 'Backend-Entwickler~innen~ und ~Backend-Entwickler', 'Personen, die den technischen Unterbau entwickeln(...)', 'Personen, die das Back-End bauen(...)']"
PR-Manager,s,gendered,titles,['PR-Manager~in~/~PR-Manager'],['PR-Manager~innen~ und ~PR-Manager'],"['PR-Manager~in~/~PR-Manager', 'PR-Manager~innen~ und ~PR-Manager']"
Rednerpult,s,gendered,advanced_hidden_image,['Redepult'],['Redepulte'],"['Redepult', 'Redepulte']"
Arzthelfer,s,gendered,titles,['Arzthelfer~in~/~Arzthelfer'],['Arzthelfer~innen~ und ~Arzthelfer'],"['Arzthelfer~in~/~Arzthelfer', 'Arzthelfer~innen~ und ~Arzthelfer']"
Mittelmann,s,gendered,titles,"['Mittelsperson', 'Vermittlung', 'Mittler~in~/~Mittler', 'Person, die helfend vermittelt(...)', 'Person, die vermittelnd (zwischen Personen, Parteien, ...) auftritt']","['Mittler~innen~ und ~Mittler', 'Vermittlung', 'Personen, die helfend vermitteln(...)', 'Personen, die vermittelnd (zwischen Personen, Parteien, ...) auftreten']","['Vermittlung', 'Mittelsperson', 'Mittler~in~/~Mittler', 'Person, die helfend vermittelt(...)', 'Person, die vermittelnd (zwischen Personen, Parteien, ...) auftritt', 'Mittler~innen~ und ~Mittler', 'Personen, die helfend vermitteln(...)', 'Personen, die vermittelnd (zwischen Personen, Parteien, ...) auftreten']"
Zimmermann,s,gendered,titles,"['Zimmereifachkraft', 'Zimmerei', 'Zimmerfrau~Zimmermann']","['Zimmerfrauen~Zimmermänner', 'Zimmerei']","['Zimmerei', 'Zimmereifachkraft', 'Zimmerfrau~Zimmermann', 'Zimmerfrauen~Zimmermänner']"
Pferdewart,s,gendered,titles,"['Pferdewirtschaft', 'Reitsportzentrum', 'Handelsstall', 'Pferdehaltung', 'Pferdewart~in~/~Pferdewart', 'Person, die in einem Betrieb tätig ist, der Pferde hält(...)', 'Person in der Pferdewirtschaft(...)']","['Pferdewart~innen~ und ~Pferdewarte', 'Pferdewirtschaft', 'Reitsportzentrum', 'Handelsstall', 'Pferdehaltung', 'Personen, die in einem Betrieb tätig sind, der Pferde hält(...)', 'Personen in der Pferdewirtschaft(...)']","['Pferdewirtschaft', 'Reitsportzentrum', 'Handelsstall', 'Pferdehaltung', 'Pferdewart~in~/~Pferdewart', 'Person, die in einem Betrieb tätig ist, der Pferde hält(...)', 'Person in der Pferdewirtschaft(...)', 'Pferdewart~innen~ und ~Pferdewarte', 'Personen, die in einem Betrieb tätig sind, der Pferde hält(...)', 'Personen in der Pferdewirtschaft(...)']"
Pferdewirt,s,gendered,titles,"['Pferdewirtschaft', 'Reitsportzentrum', 'Handelsstall', 'Pferdehaltung', 'Pferdewirt~in~/~Pferdewirt', 'Person, die in einem Betrieb tätig ist, der Pferde hält(...)', 'Person in der Pferdewirtschaft(...)']","['Pferdewirt~innen~ und ~Pferdewirte', 'Pferdewirtschaft', 'Reitsportzentrum', 'Handelsstall', 'Pferdehaltung', 'Personen, die in einem Betrieb tätig sind, der Pferde hält(...)', 'Personen in der Pferdewirtschaft(...)']","['Pferdewirtschaft', 'Reitsportzentrum', 'Handelsstall', 'Pferdehaltung', 'Pferdewirt~in~/~Pferdewirt', 'Person, die in einem Betrieb tätig ist, der Pferde hält(...)', 'Person in der Pferdewirtschaft(...)', 'Pferdewirt~innen~ und ~Pferdewirte', 'Personen, die in einem Betrieb tätig sind, der Pferde hält(...)', 'Personen in der Pferdewirtschaft(...)']"
Logistiker,s,gendered,titles,"['Logistik', 'Logistiker~in~/~Logistiker']","['Logistiker~innen~ und ~Logistiker', 'Logistik']","['Logistik', 'Logistiker~in~/~Logistiker', 'Logistiker~innen~ und ~Logistiker']"
Consultant,s,gendered,titles,"['Consulting', 'Beratung', 'Konsultant~in~/~Konsultant', 'Berater~in~/~Berater', 'von Berufs wegen beratende Person(...)']","['Konsultant~innen~ und ~Konsultanten', 'Consulting', 'Beratung', 'beratende Personen(...)', 'von Berufs wegen beratende Personen(...)']","['Consulting', 'Beratung', 'Konsultant~in~/~Konsultant', 'Berater~in~/~Berater', 'von Berufs wegen beratende Person(...)', 'Konsultant~innen~ und ~Konsultanten', 'beratende Personen(...)', 'von Berufs wegen beratende Personen(...)']"
Geomatiker,s,gendered,titles,"['Fachkraft für Geoinformation', 'Geomatik', 'Geoinformationstechnik', 'Geomatiker~in~/~Geomatiker', 'Geomatik-Team', 'Person, die Geodaten erhebt und verarbeitet(...)']","['Geomatiker~innen~ und ~Geomatiker', 'Geomatik-Team', 'Geomatik', 'Geoinformationstechnik', 'Leute, die Geodaten erheben und verarbeiten(...)']","['Geomatik', 'Geoinformationstechnik', 'Fachkraft für Geoinformation', 'Geomatiker~in~/~Geomatiker', 'Person, die Geodaten erhebt und verarbeitet(...)', 'Geomatik-Team', 'Geomatiker~innen~ und ~Geomatiker', 'Leute, die Geodaten erheben und verarbeiten(...)']"
Controller,s,gendered,titles,"['Kostenkontrollkraft', 'Finanzfachkraft', 'Controlling-Fachkraft', 'Controlling', 'Controller~in~/~Controller']","['Kostenkontrollkräfte', 'Finanzfachkräfte', 'Controller~innen~ und ~Controller', 'Controlling']","['Controlling', 'Kostenkontrollkraft', 'Finanzfachkraft', 'Controlling-Fachkraft', 'Controller~in~/~Controller', 'Kostenkontrollkräfte', 'Finanzfachkräfte', 'Controller~innen~ und ~Controller']"
Vorkämpfer,s,gendered,function,"['Inspiration', 'Leitbild', 'Wegbereitung', 'Vorkämpfer~in~/~Vorkämpfer', 'Wegbereiter~in~/~Wegbereiter', 'Mensch, der eine gemeinsame Vision verkörpert(...)', 'jemand, der sich für Ideen engagiert(...)', 'jemand, der sich für eine Vision begeistert(...)']","['Inspiration', 'Leitbild', 'Vorkämpfer~innen~ und ~Vorkämpfer', 'Wegbereiter~innen~ und ~Wegbereiter', 'Wegbereitung', 'Menschen, die eine gemeinsame Vision verkörpern(...)', 'Leute, die sich für Ideen engagieren(...)', 'alle, die sich für eine Vision begeistern(...)']","['Wegbereitung', 'Inspiration', 'Leitbild', 'Vorkämpfer~in~/~Vorkämpfer', 'Wegbereiter~in~/~Wegbereiter', 'Mensch, der eine gemeinsame Vision verkörpert(...)', 'jemand, der sich für Ideen engagiert(...)', 'jemand, der sich für eine Vision begeistert(...)', 'Inspiration', 'Leitbild', 'Vorkämpfer~innen~ und ~Vorkämpfer', 'Wegbereiter~innen~ und ~Wegbereiter', 'Menschen, die eine gemeinsame Vision verkörpern(...)', 'Leute, die sich für Ideen engagieren(...)', 'alle, die sich für eine Vision begeistern(...)']"
Fahrlehrer,s,gendered,titles,['Fahrlehrer~in~/~Fahrlehrer'],['Fahrlehrer~innen~ und ~Fahrlehrer'],"['Fahrlehrer~in~/~Fahrlehrer', 'Fahrlehrer~innen~ und ~Fahrlehrer']"
Seilbahner,s,gendered,titles,"['Seilbahn', 'Seilbahner~in~/~Seilbahner']","['Seilbahner~innen~ und ~Seilbahner', 'Seilbahn']","['Seilbahn', 'Seilbahner~in~/~Seilbahner', 'Seilbahner~innen~ und ~Seilbahner']"
Verfechter,s,gendered,function,"['Verfechten', 'Verfechter~in~/~Verfechter', 'Person, die für (...) eintritt', 'Person, die sich engagiert(...)']","['Verfechtende', 'Verfechter~innen~ und ~Verfechter', 'Verfechten', 'Personen, die für (...) eintreten', 'Personen, die sich engagieren(...)']","['Verfechten', 'Verfechter~in~/~Verfechter', 'Person, die für (...) eintritt', 'Person, die sich engagiert(...)', 'Verfechtende', 'Verfechter~innen~ und ~Verfechter', 'Personen, die für (...) eintreten', 'Personen, die sich engagieren(...)']"
Generalist,s,gendered,titles,"['Multitalent', 'Generalist~in~/~Generalist', 'Mensch, der vielseitig begabt/interessiert ist(...)', 'fachlich breit aufgestellter Mensch(...)']","['Multitalente', 'Generalist~innen~ und ~Generalisten', 'Menschen, die vielseitig begabt/interessiert sind(...)', 'fachlich breit aufgestellte Menschen(...)']","['Multitalent', 'Generalist~in~/~Generalist', 'Mensch, der vielseitig begabt/interessiert ist(...)', 'fachlich breit aufgestellter Mensch(...)', 'Multitalente', 'Generalist~innen~ und ~Generalisten', 'Menschen, die vielseitig begabt/interessiert sind(...)', 'fachlich breit aufgestellte Menschen(...)']"
Researcher,s,gendered,titles,"['Research', 'Forschung', 'Researcher~in~/~Researcher', 'Forscher~in~/~Forscher', 'Researchteam', 'Person, die recherchiert(...)', 'Person, die forscht(...)']","['Recherchierende', 'Forschende', 'Researcher~innen~ und ~Researcher', 'Forscher~innen~ und ~Forscher', 'Researchteam', 'Research', 'Forschung', 'Personen, die recherchieren(...)', 'Personen, die forschen(...)']","['Research', 'Forschung', 'Researcher~in~/~Researcher', 'Forscher~in~/~Forscher', 'Person, die recherchiert(...)', 'Person, die forscht(...)', 'Researchteam', 'Recherchierende', 'Forschende', 'Researcher~innen~ und ~Researcher', 'Forscher~innen~ und ~Forscher', 'Personen, die recherchieren(...)', 'Personen, die forschen(...)']"
Reparateur,s,gendered,titles,"['Reparatur', 'Reparateur~in~/~Reparateur']","['Reparateur~innen~ und ~Reparateure', 'Reparatur']","['Reparatur', 'Reparateur~in~/~Reparateur', 'Reparateur~innen~ und ~Reparateure']"
Teilnehmer,s,gendered,function,"['Teilnahme', 'Teilnehmer~in~/~Teilnehmer', 'teilgenommen haben(...)', 'teilnehmen werden(...)']","['Teilnehmende', 'Teilnehmer~innen~ und ~Teilnehmer', 'Teilnahme']","['Teilnahme', 'Teilnehmer~in~/~Teilnehmer', 'teilgenommen haben(...)', 'teilnehmen werden(...)', 'Teilnehmende', 'Teilnehmer~innen~ und ~Teilnehmer']"
Gleisbauer,s,gendered,titles,"['Gleisbau', 'Gleisbauer~in~/~Gleisbauer']","['Gleisbauer~innen~ und ~Gleisbauer', 'Gleisbau']","['Gleisbau', 'Gleisbauer~in~/~Gleisbauer', 'Gleisbauer~innen~ und ~Gleisbauer']"
Dachdecker,s,gendered,titles,"['Dachdeckerei', 'Dachdecker~in~/~Dachdecker']","['Dachdeckende', 'Dachdecker~innen~ und ~Dachdecker', 'Dachdeckerei']","['Dachdeckerei', 'Dachdecker~in~/~Dachdecker', 'Dachdeckende', 'Dachdecker~innen~ und ~Dachdecker']"
Keramiker,s,gendered,titles,"['Keramik', 'Keramiker~in~/~Keramiker']","['Keramiker~innen~ und ~Keramiker', 'Keramik']","['Keramik', 'Keramiker~in~/~Keramiker', 'Keramiker~innen~ und ~Keramiker']"
Processor,s,gendered,titles,"['Processing', 'Prozessor~in~/~Prozessor']","['Prozessor~innen~ und ~Prozessoren', 'Processing']","['Processing', 'Prozessor~in~/~Prozessor', 'Prozessor~innen~ und ~Prozessoren']"
Recyclist,s,gendered,titles,"['Recycling', 'Recyclist~in~/~Recyclist']","['Recyclist~innen~ und ~Recyclisten', 'Recycling']","['Recycling', 'Recyclist~in~/~Recyclist', 'Recyclist~innen~ und ~Recyclisten']"
Nestbauer,s,gendered,function,"['Nestbau', 'Nestbauer~in~/~Nestbauer']","['Nestbauende', 'Nestbauer~innen~ und ~Nestbauer', 'Nestbau']","['Nestbau', 'Nestbauer~in~/~Nestbauer', 'Nestbauende', 'Nestbauer~innen~ und ~Nestbauer']"
Vergolder,s,gendered,titles,"['Vergoldung', 'Vergolder~in~/~Vergolder']","['Vergolder~innen~ und ~Vergolder', 'Vergoldung']","['Vergoldung', 'Vergolder~in~/~Vergolder', 'Vergolder~innen~ und ~Vergolder']"
Architekt,s,gendered,titles,"['Baufachperson', 'Architektur', 'Architekt~in~/~Architekt', 'Architektenteam']","['Architekturschaffende', 'Baufachpersonen', 'Architekt~innen~ und ~Architekten', 'Architektenteam', 'Architektur']","['Architektur', 'Baufachperson', 'Architekt~in~/~Architekt', 'Architektenteam', 'Architekturschaffende', 'Baufachpersonen', 'Architekt~innen~ und ~Architekten']"
Coiffeuse,s,gendered,titles,"['Coiffure', 'Haarsalon', 'Coiffeur~in~/~Coiffeur', 'frisierende Person(...)', 'Person, die (...) frisiert hat']","['Coiffeur~innen~ und ~Coiffeure', 'Coiffure', 'Haarsalon', 'frisierende Personen(...)']","['Coiffure', 'Haarsalon', 'Coiffeur~in~/~Coiffeur', 'frisierende Person(...)', 'Person, die (...) frisiert hat', 'Coiffeur~innen~ und ~Coiffeure', 'frisierende Personen(...)']"
Architect,s,gendered,titles,"['Baufachperson', 'Architektur', 'Architekt~in~/~Architekt', 'Architektenteam']","['Architekturschaffende', 'Baufachpersonen', 'Architekt~innen~ und ~Architekten', 'Architektenteam', 'Architektur']","['Architektur', 'Baufachperson', 'Architekt~in~/~Architekt', 'Architektenteam', 'Architekturschaffende', 'Baufachpersonen', 'Architekt~innen~ und ~Architekten']"
Vaterland,s,gendered,advanced_hidden_image,"['Herkunftsland', 'Ursprungsland', 'Heimat']",[],"['Herkunftsland', 'Ursprungsland', 'Heimat']"
Liftbauer,s,gendered,function,"['Liftbau', 'Liftbauer~in~/~Liftbauer']","['Liftbauende', 'Liftbauer~innen~ und ~Liftbauer', 'Liftbau']","['Liftbau', 'Liftbauer~in~/~Liftbauer', 'Liftbauende', 'Liftbauer~innen~ und ~Liftbauer']"
Apotheker,s,gendered,titles,['Apotheker~in~/~Apotheker'],['Apotheker~innen~ und ~Apotheker'],"['Apotheker~in~/~Apotheker', 'Apotheker~innen~ und ~Apotheker']"
Confiseur,s,gendered,titles,"['Confiserie', 'Confiseur~in~/~Confiseur']","['Confiseur~innen~ und ~Confiseure', 'Confiserie']","['Confiserie', 'Confiseur~in~/~Confiseur', 'Confiseur~innen~ und ~Confiseure']"
Autobauer,s,gendered,function,"['Autobau', 'Autobauer~in~/~Autobauer']","['Autobauende', 'Autobauer~innen~ und ~Autobauer', 'Autobau']","['Autobau', 'Autobauer~in~/~Autobauer', 'Autobauende', 'Autobauer~innen~ und ~Autobauer']"
Ofenbauer,s,gendered,function,"['Ofenbau', 'Ofenbauer~in~/~Ofenbauer']","['Ofenbauende', 'Ofenbauer~innen~ und ~Ofenbauer', 'Ofenbau']","['Ofenbau', 'Ofenbauer~in~/~Ofenbauer', 'Ofenbauende', 'Ofenbauer~innen~ und ~Ofenbauer']"
Steinmetz,s,gendered,titles,['Steinmetz~in~/~Steinmetz'],['Steinmetz~innen~ und ~Steinmetze'],"['Steinmetz~in~/~Steinmetz', 'Steinmetz~innen~ und ~Steinmetze']"
Abdichter,s,gendered,titles,"['Abdichtung', 'Abdichter~in~/~Abdichter']","['Abdichter~innen~ und ~Abdichter', 'Abdichtung']","['Abdichtung', 'Abdichter~in~/~Abdichter', 'Abdichter~innen~ und ~Abdichter']"
Antisemit,s,gendered,function,['Antisemit~in/~Antisemit'],['Antisemit~innen~ und ~Antisemiten'],"['Antisemit~in/~Antisemit', 'Antisemit~innen~ und ~Antisemiten']"
Schlosser,s,gendered,titles,"['Schlosserei', 'Schlosser~in~/~Schlosser']","['Schlosser~innen~ und ~Schlosser', 'Schlosserei']","['Schlosserei', 'Schlosser~in~/~Schlosser', 'Schlosser~innen~ und ~Schlosser']"
Forstwart,s,gendered,titles,"['Forstwartung', 'Forstwart~in~/~Forstwart', 'Fachkraft in der Waldbewirtschaftung(...)']","['Forstwartende', 'Forstwart~innen~ und ~Forstwarte', 'Forstwartung', 'Fachkräfte in der Waldbewirtschaftung(...)']","['Forstwartung', 'Forstwart~in~/~Forstwart', 'Fachkraft in der Waldbewirtschaftung(...)', 'Forstwartende', 'Forstwart~innen~ und ~Forstwarte', 'Fachkräfte in der Waldbewirtschaftung(...)']"
Einkäufer,s,gendered,function,"['Einkauf', 'Einkäufer~in~/~Einkäufer']","['Einkaufende', 'Einkäufer~innen~ und ~Einkäufer', 'Einkauf']","['Einkauf', 'Einkäufer~in~/~Einkäufer', 'Einkaufende', 'Einkäufer~innen~ und ~Einkäufer']"
Polisseur,s,gendered,titles,['Polisseuse~Polisseur'],['Polisseus~en~ und ~Polisseure'],"['Polisseuse~Polisseur', 'Polisseus~en~ und ~Polisseure']"
Bundesrat,s,gendered,function,"['Bundesratsmitglied', 'Bundesrätin~Bundesrat']","['Bundesratsmitglieder', 'Bundesrät~innen~ und ~Bundesräte']","['Bundesratsmitglied', 'Bundesrätin~Bundesrat', 'Bundesratsmitglieder', 'Bundesrät~innen~ und ~Bundesräte']"
Glasmaler,s,gendered,titles,"['Glasmalerei', 'Glasmaler~in~/~Glasmaler']","['Glasmalende', 'Glasmaler~innen~ und ~Glasmaler', 'Glasmalerei']","['Glasmalerei', 'Glasmaler~in~/~Glasmaler', 'Glasmalende', 'Glasmaler~innen~ und ~Glasmaler']"
Scientist,s,gendered,function,"['Science', 'Wissenschaft', 'Wissenschaftler~in~/~Wissenschaftler']","['Wissenschaftler~innen~ und ~Wissenschaftler', 'Science', 'Wissenschaft']","['Science', 'Wissenschaft', 'Wissenschaftler~in~/~Wissenschaftler', 'Wissenschaftler~innen~ und ~Wissenschaftler']"
Wegebauer,s,gendered,titles,"['Wegebau', 'Wegebauer~in~/~Wegebauer']","['Wegebauende', 'Wegebauer~innen~ und ~Wegebauer', 'Wegebau']","['Wegebau', 'Wegebauer~in~/~Wegebauer', 'Wegebauende', 'Wegebauer~innen~ und ~Wegebauer']"
Redakteur,s,gendered,titles,['Redakteur~in~/~Redakteur'],['Redakteur~innen~ und ~Redakteure'],"['Redakteur~in~/~Redakteur', 'Redakteur~innen~ und ~Redakteure']"
Rangierer,s,gendered,titles,"['Rangierperson', 'Rangierbetrieb', 'Rangierer~in~/~Rangierer', 'Rangierpersonal']","['Rangierer~innen~ und ~Rangierer', 'Rangierpersonal', 'Rangierbetrieb']","['Rangierbetrieb', 'Rangierperson', 'Rangierer~in~/~Rangierer', 'Rangierpersonal', 'Rangierer~innen~ und ~Rangierer']"
Turmbauer,s,gendered,titles,"['Turmbau', 'Turmbauer~in~/~Turmbauer']","['Turmbauende', 'Turmbauer~innen~ und ~Turmbauer', 'Turmbau']","['Turmbau', 'Turmbauer~in~/~Turmbauer', 'Turmbauende', 'Turmbauer~innen~ und ~Turmbauer']"
Gußformer,s,gendered,titles,"['Gußformerei', 'Gußformung', 'Gußformer~in~/~Gußformer', 'Person, die Gußformen herstellt(...)']","['Gußformer~innen~ und ~Gußformer', 'Gußformerei', 'Gußformung', 'Personen, die Gußformen herstellen(...)']","['Gußformerei', 'Gußformung', 'Gußformer~in~/~Gußformer', 'Person, die Gußformen herstellt(...)', 'Gußformer~innen~ und ~Gußformer', 'Personen, die Gußformen herstellen(...)']"
Konzepter,s,gendered,titles,"['Konzeption', 'Konzepter~in~/~Konzepter']","['Konzepter~innen~ und ~Konzepter', 'Konzeption']","['Konzeption', 'Konzepter~in~/~Konzepter', 'Konzepter~innen~ und ~Konzepter']"
Supporter,s,gendered,function,"['Support', 'Supporter~in~/~Supporter']","['Supportleistende', 'Support']","['Support', 'Supporter~in~/~Supporter', 'Supportleistende']"
jedermann,s,gendered,advanced_hidden_image,"['Alle', 'alle miteinander', 'allerseits', 'Durchschnittsmensch', 'Jed~e~/~Jeder']","['alle', 'Durchschnittsmenschen', 'alle miteinander', 'allerseits']","['Alle', 'alle miteinander', 'allerseits', 'Durchschnittsmensch', 'Jed~e~/~Jeder', 'alle', 'Durchschnittsmenschen', 'alle miteinander', 'allerseits']"
Hochbauer,s,gendered,function,"['Hochbau', 'Hochbauer~in~/~Hochbauer']","['Hochbauende', 'Hochbauer~innen~ und ~Hochbauer', 'Hochbau']","['Hochbau', 'Hochbauer~in~/~Hochbauer', 'Hochbauende', 'Hochbauer~innen~ und ~Hochbauer']"
Marmorist,s,gendered,titles,['Marmorist~in~/~Marmorist'],['Marmorist~innen~ und ~Marmorist'],"['Marmorist~in~/~Marmorist', 'Marmorist~innen~ und ~Marmorist']"
Busfahrer,s,gendered,titles,['Busfahrer~in~/~Busfahrer'],['Busfahrer~innen~ und ~Busfahrer'],"['Busfahrer~in~/~Busfahrer', 'Busfahrer~innen~ und ~Busfahrer']"
Lackierer,s,gendered,titles,"['Lackierung', 'Lackierbetrieb', 'Lackierer~in~/~Lackierer']","['Lackierer~innen~ und ~Lackierer', 'Lackierung', 'Lackierbetrieb']","['Lackierung', 'Lackierbetrieb', 'Lackierer~in~/~Lackierer', 'Lackierer~innen~ und ~Lackierer']"
Großkunde,s,gendered,titles,"['Großkundschaft', 'Großkund~in~/~Großkunde', 'Kundschaft/Klientel, die in großem Umfang Leistungen/Waren bezieht(...)']","['Großabnehmende', 'Großkund~innen~ und ~Großkunden', 'Großkundschaft', 'Kundschaft/Klientel, die in großem Umfang Leistungen/Waren bezieht(...)']","['Großkundschaft', 'Großkund~in~/~Großkunde', 'Kundschaft/Klientel, die in großem Umfang Leistungen/Waren bezieht(...)', 'Großabnehmende', 'Großkund~innen~ und ~Großkunden', 'Kundschaft/Klientel, die in großem Umfang Leistungen/Waren bezieht(...)']"
Sargbauer,s,gendered,function,"['Sargbau', 'Sargbauer~in~/~Sargbauer']","['Sargbauende', 'Sargbauer~innen~ und ~Sargbauer', 'Sargbau']","['Sargbau', 'Sargbauer~in~/~Sargbauer', 'Sargbauende', 'Sargbauer~innen~ und ~Sargbauer']"
Tiefbauer,s,gendered,titles,"['Tiefbau', 'Tiefbauer~in~/~Tiefbauer']","['Tiefbauende', 'Tiefbauer~innen~ und ~Tiefbauer', 'Tiefbau']","['Tiefbau', 'Tiefbauer~in~/~Tiefbauer', 'Tiefbauende', 'Tiefbauer~innen~ und ~Tiefbauer']"
Lokführer,s,gendered,titles,"['Lokführung', 'Lokführer~in~/~Lokführer']","['Lokführer~innen~ und ~Lokführer', 'Lokführung']","['Lokführung', 'Lokführer~in~/~Lokführer', 'Lokführer~innen~ und ~Lokführer']"
Gastgeber,s,gendered,function,"['Gastgebende', 'Gastgeber~in~/~Gastgeber', 'Person, die eingeladen hat(...)', 'bewirtet werden ((Gästenamen)) von ((Name))(...)']","['Einladende', 'Gastgebende', 'Gastgeber~innen~ und ~Gastgeber', 'Leute, die eingeladen haben(...)', 'bewirtet werden ((Gästenamen)) von ((Namen))(...)']","['Gastgebende', 'Gastgeber~in~/~Gastgeber', 'Person, die eingeladen hat(...)', 'bewirtet werden ((Gästenamen)) von ((Name))(...)', 'Einladende', 'Gastgebende', 'Gastgeber~innen~ und ~Gastgeber', 'Leute, die eingeladen haben(...)', 'bewirtet werden ((Gästenamen)) von ((Namen))(...)']"
Praktiker,s,gendered,function,"['Praxis', 'Praktiker~in~/~Praktiker', 'jemand mit praktischer Erfahrung(...)', 'Person, die gern ihr praktisches Wissen (in ..., auf dem Gebiet der ... )  anwendet']","['Praktiker~innen~ und ~Praktiker', 'Praxis', 'Menschen mit praktischer Erfahrung(...)', 'Leute, die gern ihr praktisches Wissen (in ..., auf dem Gebiet der ... )  anwenden']","['Praxis', 'Praktiker~in~/~Praktiker', 'jemand mit praktischer Erfahrung(...)', 'Person, die gern ihr praktisches Wissen (in ..., auf dem Gebiet der ... )  anwendet', 'Praktiker~innen~ und ~Praktiker', 'Menschen mit praktischer Erfahrung(...)', 'Leute, die gern ihr praktisches Wissen (in ..., auf dem Gebiet der ... )  anwenden']"
Podologe,s,gendered,titles,"['Podologie', 'Podolog~in~/~Podologe']","['Podolog~innen~ und ~Podologen', 'Podologie']","['Podologie', 'Podolog~in~/~Podologe', 'Podolog~innen~ und ~Podologen']"
Reiniger,s,gendered,titles,"['Reinigungskraft', 'Reinigung', 'Reiniger~in~/~Reiniger']","['Reinigungskräfte', 'Fassadenreiniger~innen~ und ~Fassadenreiniger', 'Reinigung']","['Reinigung', 'Reinigungskraft', 'Reiniger~in~/~Reiniger', 'Reinigungskräfte', 'Fassadenreiniger~innen~ und ~Fassadenreiniger']"
Sekretär,s,gendered,titles,['Sekretär~in~/~Sekretär'],['Sekretär~innen~ und ~Sekretäre'],"['Sekretär~in~/~Sekretär', 'Sekretär~innen~ und ~Sekretäre']"
Spengler,s,gendered,titles,"['Spenglerei', 'Spengler~in~/~Spengler']","['Spengler~innen~ und ~Spengler', 'Spenglerei']","['Spenglerei', 'Spengler~in~/~Spengler', 'Spengler~innen~ und ~Spengler']"
Polygraf,s,gendered,titles,"['Polygrafie', 'Polygraf~in~/~Polygraf']","['Polygraf~innen~ und ~Polygrafen', 'Polygrafie']","['Polygrafie', 'Polygraf~in~/~Polygraf', 'Polygraf~innen~ und ~Polygrafen']"
Zimmerer,s,gendered,titles,"['Zimmerei', 'Zimmerin~Zimmerer']","['Zimmer~innen~ und ~Zimmerer', 'Zimmerei']","['Zimmerei', 'Zimmerin~Zimmerer', 'Zimmer~innen~ und ~Zimmerer']"
Engineer,s,gendered,titles,"['auf einer Hochschule ausgebildete Technik-Fachkraft', 'auf einer Fachhochschule ausgebildete Technik-Fachkraft', 'Engineering', 'Technik', 'Technikwissenschaften', 'Ingenieur~in~/~Ingenieur', 'Engineering-Team']","['Ingenieur~innen~ und ~Ingenieure', 'Engineering-Team', 'Engineering', 'Technik', 'Technikwissenschaften', 'auf einer Hoch-/Fachschule ausgebildete Technik-Fachleute(...)']","['Engineering', 'Technik', 'Technikwissenschaften', 'auf einer Hochschule ausgebildete Technik-Fachkraft', 'auf einer Fachhochschule ausgebildete Technik-Fachkraft', 'Ingenieur~in~/~Ingenieur', 'Engineering-Team', 'Ingenieur~innen~ und ~Ingenieure', 'auf einer Hoch-/Fachschule ausgebildete Technik-Fachleute(...)']"
Koryphäe,s,gendered,function,"['Fachkraft', 'Fachgröße', 'erfahrene Person', 'kompetente Person', 'jemand, der sich auskennt(...)', 'Person, die andere als Vorbild motiviert(...)']","['Fachleute', 'Fachgrößen', 'Fachkundige', 'erfahrene Leute', 'kompetente Personen', 'Leute, die sich auskennen(...)', 'Personen, die andere als Vorbild motivieren(...)']","['Fachkraft', 'Fachgröße', 'erfahrene Person', 'kompetente Person', 'jemand, der sich auskennt(...)', 'Person, die andere als Vorbild motiviert(...)', 'Fachleute', 'Fachgrößen', 'Fachkundige', 'erfahrene Leute', 'kompetente Personen', 'Leute, die sich auskennen(...)', 'Personen, die andere als Vorbild motivieren(...)']"
Fotograf,s,gendered,titles,"['Fotografie', 'Fotograf~in~/~Fotograf', 'Fototeam', 'fotografierende Person(...)']","['Fotografierende', 'Fotograf~innen~ und ~Fotografen', 'Fototeam', 'Fotografie', 'fotografierende Personen(...)']","['Fotografie', 'Fotograf~in~/~Fotograf', 'fotografierende Person(...)', 'Fototeam', 'Fotografierende', 'Fotograf~innen~ und ~Fotografen', 'fotografierende Personen(...)']"
Lernpate,s,gendered,function,"['Lernpat~innenschaft', 'Lernpat~in~/~Lernpate']","['Lernpat~innen~ und ~Lernpaten', 'Lernpat~innenschaft']","['Lernpat~innenschaft', 'Lernpat~in~/~Lernpate', 'Lernpat~innen~ und ~Lernpaten']"
Erzieher,s,gendered,titles,['Erzieher~in~/~Erzieher'],['Erzieher~innen~ und ~Erzieher'],"['Erzieher~in~/~Erzieher', 'Erzieher~innen~ und ~Erzieher']"
Diätkoch,s,gendered,titles,"['Diätfachkraft', 'Diätküche', 'Diätköchin~Diätkoch', 'Person, die Diätspeisen zubereitet(...)', 'Person, die diätetisch kocht(...)']","['Diätfachkräfte', 'Diätköch~innen~ und ~Diätköche', 'Diätküche', 'Personen, die Diätspeisen zubereiten(...)', 'Personen, die diätetisch kochen(...)']","['Diätküche', 'Diätfachkraft', 'Diätköchin~Diätkoch', 'Person, die Diätspeisen zubereitet(...)', 'Person, die diätetisch kocht(...)', 'Diätfachkräfte', 'Diätköch~innen~ und ~Diätköche', 'Personen, die Diätspeisen zubereiten(...)', 'Personen, die diätetisch kochen(...)']"
Manpower,s,gendered,advanced_hidden_image,"['Arbeitsleistung', 'Leistungspotenzial', 'Personal', 'Personalleistung', 'menschliche Kapazität zu körperlicher Arbeit(...)', 'menschliche Kapazität zu geistiger Arbeit(...)']","['Erwerbspersonen', 'Arbeitsleistungen', 'Arbeitspotenziale', 'Personal', 'Personalleistungen', 'menschliche Kapazität zu geistiger/körperlicher Arbeit']","['Arbeitsleistung', 'Leistungspotenzial', 'Personal', 'Personalleistung', 'menschliche Kapazität zu körperlicher Arbeit(...)', 'menschliche Kapazität zu geistiger Arbeit(...)', 'Erwerbspersonen', 'Arbeitsleistungen', 'Arbeitspotenziale', 'Personal', 'Personalleistungen', 'menschliche Kapazität zu geistiger/körperlicher Arbeit']"
Direktor,s,gendered,leadership,"['Mitglied des Direktoriums', 'Leitung', 'Direktorium', 'Direktorat', 'Direktor~in~/~Direktor']","['leitende Kräfte', 'Leitungskräfte', 'Leitungspersonen', 'Mitglieder des Direktoriums', 'Vorgesetzte', 'Direktor~innen~ und ~Direktoren', 'Leitung', 'Direktorium', 'Direktorat']","['Leitung', 'Direktorium', 'Direktorat', 'Mitglied des Direktoriums', 'Direktor~in~/~Direktor', 'leitende Kräfte', 'Leitungskräfte', 'Leitungspersonen', 'Mitglieder des Direktoriums', 'Vorgesetzte', 'Direktor~innen~ und ~Direktoren']"
Logopäde,s,gendered,titles,['Logopäd~in~/~Logopäde'],['Logopäd~innen~ und ~Logopäden'],"['Logopäd~in~/~Logopäde', 'Logopäd~innen~ und ~Logopäden']"
Landwirt,s,gendered,titles,"['Landwirtschaft', 'Landwirt~in~/~Landwirt']","['Landwirt~innen~ und ~Landwirte', 'Landwirtschaft']","['Landwirtschaft', 'Landwirt~in~/~Landwirt', 'Landwirt~innen~ und ~Landwirte']"
Friseuse,s,gendered,titles,"['Haarsalon', 'Haare schneiden', 'Friseur~in~/~Friseur', 'Frisurenteam']","['Friseur~innen~ und ~Friseure', 'Frisurenteam', 'Haarsalon', 'Haare schneiden']","['Haarsalon', 'Haare schneiden', 'Friseur~in~/~Friseur', 'Frisurenteam', 'Friseur~innen~ und ~Friseure']"
Konditor,s,gendered,titles,"['Konditorei', 'Konditor~in~/~Konditor']","['Konditor~in~/~Konditor', 'Konditorei']","['Konditorei', 'Konditor~in~/~Konditor', 'Konditor~in~/~Konditor']"
Coiffeur,s,gendered,titles,"['Coiffure', 'Haarsalon', 'Coiffeur~in~/~Coiffeur', 'frisierende Person(...)', 'Person, die (...) frisiert hat']","['Coiffeur~innen~ und ~Coiffeure', 'Coiffure', 'Haarsalon', 'frisierende Personen(...)']","['Coiffure', 'Haarsalon', 'Coiffeur~in~/~Coiffeur', 'frisierende Person(...)', 'Person, die (...) frisiert hat', 'Coiffeur~innen~ und ~Coiffeure', 'frisierende Personen(...)']"
Investor,s,gendered,function,"['geldgebende Person', 'investierende Person', 'Investition', 'Investor~in~/~Investor', 'Investorengruppe', 'Investitionsgruppe', 'Person, die Geld investiert hat(...)']","['Investierende', 'Geldgebende', 'Investor~innen~ und ~Investoren', 'Investorengruppe', 'Investitionsgruppe', 'Investition', 'Personen, die Geld investiert haben(...)']","['Investition', 'geldgebende Person', 'investierende Person', 'Investor~in~/~Investor', 'Person, die Geld investiert hat(...)', 'Investorengruppe', 'Investitionsgruppe', 'Investierende', 'Geldgebende', 'Investor~innen~ und ~Investoren', 'Personen, die Geld investiert haben(...)']"
Florist,s,gendered,titles,"['Blumenfachkraft', 'Floristik', 'Florist~in~/~Florist', 'Floristik-Team', 'Person, die Blumenschmuck künstlerisch/kreativ gestaltet(...)']","['Florist~innen~ und ~Floristen', 'Floristik-Team', 'Floristik', 'Personen, die Blumenschmuck künstlerisch/kreativ gestalten(...)']","['Floristik', 'Blumenfachkraft', 'Florist~in~/~Florist', 'Person, die Blumenschmuck künstlerisch/kreativ gestaltet(...)', 'Floristik-Team', 'Florist~innen~ und ~Floristen', 'Personen, die Blumenschmuck künstlerisch/kreativ gestalten(...)']"
Auditor,s,gendered,titles,"['Audit', 'Wirtschaftsprüfung', 'Betriebsprüfung', 'Überprüfung', 'Auditor~in~/~Auditor', 'Person, die den Betrieb prüft(...)']","['Auditierende', 'Auditor~innen~ und ~Auditoren', 'Audit', 'Wirtschaftsprüfung', 'Betriebsprüfung', 'Überprüfung', 'Personen, die den Betrieb prüfen(...)']","['Audit', 'Wirtschaftsprüfung', 'Betriebsprüfung', 'Überprüfung', 'Auditor~in~/~Auditor', 'Person, die den Betrieb prüft(...)', 'Auditierende', 'Auditor~innen~ und ~Auditoren', 'Personen, die den Betrieb prüfen(...)']"
Optiker,s,gendered,titles,"['Optik', 'Optiker~in~/~Optiker']","['Optiker~innen~ und ~Optiker', 'Optik']","['Optik', 'Optiker~in~/~Optiker', 'Optiker~innen~ und ~Optiker']"
Manntag,s,gendered,advanced_hidden_image,"['Personentag', 'Arbeitstag', 'Tagessatz']","['Personentage', 'Arbeitstage', 'Tagessätze']","['Personentag', 'Arbeitstag', 'Tagessatz', 'Personentage', 'Arbeitstage', 'Tagessätze']"
Zuhörer,s,gendered,function,"['Zuhörer~in~/~Zuhörer', 'Publikum', 'Publikumsscharen', 'zuhörende Person(...)', 'Person im Publikum(...)']","['Zuhörende', 'Zuhörer~innen~ und ~Zuhörer', 'Publikum', 'Publikumsscharen', 'Personen, die zuhören(...)', 'Menschen im Publikum(...)']","['Zuhörer~in~/~Zuhörer', 'zuhörende Person(...)', 'Person im Publikum(...)', 'Publikum', 'Publikumsscharen', 'Zuhörende', 'Zuhörer~innen~ und ~Zuhörer', 'Personen, die zuhören(...)', 'Menschen im Publikum(...)']"
Student,s,gendered,function,"['Studi', 'Mitglied der Studentenschaft', 'Studium', 'Student~in~/~Student', 'Student~innenschaft', 'Person, die ((Fach)) studiert(...)']","['Studierende', 'Studis', 'Student~innen~ und ~Studenten', 'Student~innenschaft', 'Studium', 'Personen, die ((Fach)) studieren(...)']","['Studium', 'Studi', 'Mitglied der Studentenschaft', 'Student~in~/~Student', 'Person, die ((Fach)) studiert(...)', 'Student~innenschaft', 'Studierende', 'Studis', 'Student~innen~ und ~Studenten', 'Personen, die ((Fach)) studieren(...)']"
Steward,s,gendered,function,"['Bordgastronomie', 'Flugbegleitung', 'Zugsteward~ess~/~Zugsteward', 'Flugbegleiter~in~/~Flugbegleiter']","['Zugsteward~essen~ und ~Zugstewards', 'Flugbegleiter~innen~ und ~Flugbegleiter', 'Bordgastronomie', 'Flugbegleitung']","['Bordgastronomie', 'Flugbegleitung', 'Zugsteward~ess~/~Zugsteward', 'Flugbegleiter~in~/~Flugbegleiter', 'Zugsteward~essen~ und ~Zugstewards', 'Flugbegleiter~innen~ und ~Flugbegleiter']"
Biologe,s,gendered,titles,['Biologin~Biologe'],['Biolog~innen~ und ~Biologen'],"['Biologin~Biologe', 'Biolog~innen~ und ~Biologen']"
Analyst,s,gendered,titles,"['Börsenfachkraft', 'Analyse', 'Börsenbeobachtung', 'Analyst~in~/~Analyst']","['Börsenfachkräfte', 'Analysierende', 'Börsenbeobachtende', 'Analyst~innen~ und ~Analysten', 'Analyse', 'Börsenbeobachtung', 'Personen, die (...) prüfen/interpretieren', 'börsenbeobachtende Personen(...)']","['Analyse', 'Börsenbeobachtung', 'Börsenfachkraft', 'Analyst~in~/~Analyst', 'Börsenfachkräfte', 'Analysierende', 'Börsenbeobachtende', 'Analyst~innen~ und ~Analysten', 'Personen, die (...) prüfen/interpretieren', 'börsenbeobachtende Personen(...)']"
Drogist,s,gendered,titles,"['Drogeriefachkraft', 'Drogerie', 'Drogist~in~/~Drogist']","['Drogeriefachkräfte', 'Drogeriebeschäftigte', 'Drogist~innen~ und ~Drogisten', 'Drogerie']","['Drogerie', 'Drogeriefachkraft', 'Drogist~in~/~Drogist', 'Drogeriefachkräfte', 'Drogeriebeschäftigte', 'Drogist~innen~ und ~Drogisten']"
Gärtner,s,gendered,titles,"['Gartenfachkraft', 'Gärtnerei', 'Gartenbau', 'Gärtner~in~/~Gärtner', 'Person, die Gärten pflegt(...)', 'Person, die Gartenbau betreibt(...)']","['Gärtner~innen~ und ~Gärtner', 'Gärtnerei', 'Gartenbau', 'Personen, die Gärten pflegen(...)', 'Person, die Gartenbau betreiben(...)']","['Gärtnerei', 'Gartenbau', 'Gartenfachkraft', 'Gärtner~in~/~Gärtner', 'Person, die Gärten pflegt(...)', 'Person, die Gartenbau betreibt(...)', 'Gärtner~innen~ und ~Gärtner', 'Personen, die Gärten pflegen(...)', 'Person, die Gartenbau betreiben(...)']"
Graveur,s,gendered,titles,"['Gravur', 'Gravuranstalt', 'Gravierbetrieb', 'Graveur~in~/~Graveur']","['Graveur~innen~ und ~Graveure', 'Gravur', 'Gravuranstalt', 'Gravierbetrieb']","['Gravur', 'Gravuranstalt', 'Gravierbetrieb', 'Graveur~in~/~Graveur', 'Graveur~innen~ und ~Graveure']"
Kollege,s,gendered,function,"['Teammitglied', 'Kolleg~in~/~Kollege', 'Kollegschaft', 'Team', 'Person, die im selben Team arbeitet(...)', 'Person, die im selben Unternehmen arbeitet(...)', 'Person, die man von der Arbeit kennt(...)']","['Kolleg~innen~ und ~Kollegen', 'Kollegschaft', 'Team', 'Personen, die im selben Team arbeiten(...)', 'Personen, die im selben Unternehmen arbeiten(...)', 'Personen, die man von der Arbeit kennt(...)']","['Teammitglied', 'Kolleg~in~/~Kollege', 'Person, die im selben Team arbeitet(...)', 'Person, die im selben Unternehmen arbeitet(...)', 'Person, die man von der Arbeit kennt(...)', 'Kollegschaft', 'Team', 'Kolleg~innen~ und ~Kollegen', 'Personen, die im selben Team arbeiten(...)', 'Personen, die im selben Unternehmen arbeiten(...)', 'Personen, die man von der Arbeit kennt(...)']"
Kellner,s,gendered,titles,['Kellner~in~/~Kellner'],['Kellner~innen~ und ~Kellner'],"['Kellner~in~/~Kellner', 'Kellner~innen~ und ~Kellner']"
Monteur,s,gendered,titles,"['Montage', 'Monteur~in~/~Monteur']","['Monteur~innen~ und ~Monteur', 'Montage']","['Montage', 'Monteur~in~/~Monteur', 'Monteur~innen~ und ~Monteur']"
Inhaber,s,gendered,function,"['Inhaber~in~/~Inhaber', 'Person, die (...) besitzt', 'Person, die (eine Position, eine Rolle, ...) innehat']","['Inhaber~innen~ und ~Inhaber', 'Personen, die (...) besitzen', 'die (eine Position, eine Rolle, ...) innehaben']","['Inhaber~in~/~Inhaber', 'Person, die (...) besitzt', 'Person, die (eine Position, eine Rolle, ...) innehat', 'Inhaber~innen~ und ~Inhaber', 'Personen, die (...) besitzen', 'die (eine Position, eine Rolle, ...) innehaben']"
Mittler,s,gendered,titles,"['Mittelsperson', 'Vermittlung', 'Mittler~in~/~Mittler', 'Person, die helfend vermittelt(...)', 'Person, die vermittelnd (zwischen Personen, Parteien, ...) auftritt']","['Mittler~innen~ und ~Mittler', 'Vermittlung', 'Personen, die helfend vermitteln(...)', 'Personen, die vermittelnd (zwischen Personen, Parteien, ...) auftreten']","['Vermittlung', 'Mittelsperson', 'Mittler~in~/~Mittler', 'Person, die helfend vermittelt(...)', 'Person, die vermittelnd (zwischen Personen, Parteien, ...) auftritt', 'Mittler~innen~ und ~Mittler', 'Personen, die helfend vermitteln(...)', 'Personen, die vermittelnd (zwischen Personen, Parteien, ...) auftreten']"
Friseur,s,gendered,titles,"['Haarsalon', 'Haare schneiden', 'Friseur~in~/~Friseur', 'Frisurenteam']","['Friseur~innen~ und ~Friseure', 'Frisurenteam', 'Haarsalon', 'Haare schneiden']","['Haarsalon', 'Haare schneiden', 'Friseur~in~/~Friseur', 'Frisurenteam', 'Friseur~innen~ und ~Friseure']"
Matrose,s,gendered,titles,['Matros~in~/~Matrose'],"['zur See Fahrende', 'Matros~innen~ und ~Matrosen', 'Seemänn~innen~ und ~Seemänner']","['Matros~in~/~Matrose', 'zur See Fahrende', 'Matros~innen~ und ~Matrosen', 'Seemänn~innen~ und ~Seemänner']"
Nutzer,s,gendered,function,"['Nutzung', 'Nutzer~in~/~Nutzer']","['Nutzende', 'Nutzer~innen~ und ~Nutzer', 'Nutzung']","['Nutzung', 'Nutzer~in~/~Nutzer', 'Nutzende', 'Nutzer~innen~ und ~Nutzer']"
Rivale,s,gendered,function,"['Rivalin~Rivale', 'Person, die ihre Kompetenz einsetzt(...)', 'Person, die im Team Meilensteine verfolgt(...)', 'jemand, der gesetzte Ziele ebenfalls erreichen will(...)']",['Rival~innen~ und ~Rivalen'],"['Rivalin~Rivale', 'Person, die ihre Kompetenz einsetzt(...)', 'Person, die im Team Meilensteine verfolgt(...)', 'jemand, der gesetzte Ziele ebenfalls erreichen will(...)', 'Rival~innen~ und ~Rivalen']"
Müller,s,gendered,titles,"['Mühle', 'Mühlbetrieb', 'Müller~in~/~Müller']","['Müller~innen~ und ~Müller', 'Mühle', 'Mühlbetrieb']","['Mühle', 'Mühlbetrieb', 'Müller~in~/~Müller', 'Müller~innen~ und ~Müller']"
Polier,s,gendered,titles,"['Poliererei', 'Polier~in~/~Polier']","['Polier~innen~ und ~Polier', 'Poliererei']","['Poliererei', 'Polier~in~/~Polier', 'Polier~innen~ und ~Polier']"
Tester,s,gendered,function,"['Testperson', 'Testing', 'Test', 'Tester~in~/~Tester']","['Testende', 'Tester~innen~ und ~Tester', 'Testing', 'Test']","['Testing', 'Test', 'Testperson', 'Tester~in~/~Tester', 'Testende', 'Tester~innen~ und ~Tester']"
Wagner,s,gendered,titles,"['Wagnerei', 'Stellmacherei', 'Wagner~in~/~Wagner']","['Wagner~innen~ und ~Wagner', 'Wagnerei', 'Stellmacherei']","['Wagnerei', 'Stellmacherei', 'Wagner~in~/~Wagner', 'Wagner~innen~ und ~Wagner']"
Maurer,s,gendered,titles,['Maurer~in~/~Maurer'],['Maurer~innen~ und ~Maurer'],"['Maurer~in~/~Maurer', 'Maurer~innen~ und ~Maurer']"
Banker,s,gendered,function,"['Bankfachkraft', 'leitende Kraft im Finanzsektor', 'Finanzierung', 'Kontakt bei der Bank', 'Bankkauffrau~Bankkaufmann']","['Bankkaufleute', 'Bankfachkräfte', 'Finanzierung', 'Kontakt bei der Bank']","['Finanzierung', 'Kontakt bei der Bank', 'Bankfachkraft', 'leitende Kraft im Finanzsektor', 'Bankkauffrau~Bankkaufmann', 'Bankkaufleute', 'Bankfachkräfte']"
Winzer,s,gendered,titles,"['Winzerei', 'Winzereibetrieb', 'Winzer~in~/~Winzer']","['Winzer~innen~ und ~Winzer', 'Winzerei', 'Winzereibetrieb']","['Winzerei', 'Winzereibetrieb', 'Winzer~in~/~Winzer', 'Winzer~innen~ und ~Winzer']"
Führer,s,gendered,leadership,"['leitende Kraft', 'Leitungsperson', 'Steuerungsperson', 'Lenkungsperson', 'Führungsperson', 'Leitung', 'Lenkung', 'Steuerung', 'Management', 'Gruppenleitung', 'Führer~in~/~Führer', 'entscheidungsbefugte Person(...)', 'verantwortliche Person(...)', 'lenkende Person(...)', 'Person, die eine Gruppe lenkt/leitet(...)', 'Person, die die gemeinsame Vision kommuniziert(...)', 'Person, die das Team unterstützt und coacht(...)']","['Führer~innen~ und ~Führer', 'Leitung', 'Lenkung', 'Steuerung', 'Management', 'Gruppenleitung', 'Personen in Ausbildung(...)', 'auszubildende Personen(...)', 'lernende Person(...)']","['Leitung', 'Lenkung', 'Steuerung', 'Management', 'Gruppenleitung', 'leitende Kraft', 'Leitungsperson', 'Steuerungsperson', 'Lenkungsperson', 'Führungsperson', 'Führer~in~/~Führer', 'entscheidungsbefugte Person(...)', 'verantwortliche Person(...)', 'lenkende Person(...)', 'Person, die eine Gruppe lenkt/leitet(...)', 'Person, die die gemeinsame Vision kommuniziert(...)', 'Person, die das Team unterstützt und coacht(...)', 'Führer~innen~ und ~Führer', 'Personen in Ausbildung(...)', 'auszubildende Personen(...)', 'lernende Person(...)']"
Leader,s,gendered,leadership,"['Leitung', 'Leadership', 'Leiter~in~/~Leiter', 'Team-Coaching(...)']","['Leiter~innen~ und ~Leiter', 'Leitung', 'Leadership']","['Leitung', 'Leadership', 'Leiter~in~/~Leiter', 'Team-Coaching(...)', 'Leiter~innen~ und ~Leiter']"
Leiter,s,gendered,leadership,"['Leitung', 'Leiter~in~/~Leiter']","['Leitung', 'Leiter~innen~ und ~Leiter', 'Leitung']","['Leitung', 'Leiter~in~/~Leiter', 'Leitung', 'Leiter~innen~ und ~Leiter']"
Knecht,s,gendered,titles,"['Kraft in einem landwirtschaftlichen Betrieb', 'Landarbeiter~in~/~Landarbeiter', 'abhängige landarbeitende Bevölkerung']","['Mitarbeitende in der Landwirtschaft', 'Erntehelfende', 'Landarbeitende', 'Landarbeiter~innen~ und ~Landarbeiter', 'abhängige landarbeitende Bevölkerung']","['Kraft in einem landwirtschaftlichen Betrieb', 'Landarbeiter~in~/~Landarbeiter', 'abhängige landarbeitende Bevölkerung', 'Mitarbeitende in der Landwirtschaft', 'Erntehelfende', 'Landarbeitende', 'Landarbeiter~innen~ und ~Landarbeiter']"
Bäcker,s,gendered,titles,['Bäcker~in~/~Bäcker'],['Bäcker~innen~ und ~Bäcker'],"['Bäcker~in~/~Bäcker', 'Bäcker~innen~ und ~Bäcker']"
Cutter,s,gendered,titles,['Cutter~in~/~Cutter'],['Cutter~innen~ und ~Cutter'],"['Cutter~in~/~Cutter', 'Cutter~innen~ und ~Cutter']"
Mentor,s,gendered,function,"['Mentorat', 'Mentoring', 'Mentor~in~/~Mentor', 'Person, die ihr Wissen und ihre Erfahrung weitergibt(...)']","['Mentorierende', 'Mentor~innen~ und ~Mentoren', 'Mentorat', 'Mentoring', 'Personen, die ihr Wissen und ihre Erfahrung weitergeben(...)']","['Mentorat', 'Mentoring', 'Mentor~in~/~Mentor', 'Person, die ihr Wissen und ihre Erfahrung weitergibt(...)', 'Mentorierende', 'Mentor~innen~ und ~Mentoren', 'Personen, die ihr Wissen und ihre Erfahrung weitergeben(...)']"
Glaser,s,gendered,titles,"['Glaserei', 'Glasbau', 'Verglasung', 'Glaser~in~/~Glaser']","['Glaser~innen~ und ~Glaser', 'Glaserei', 'Glasbau', 'Verglasung']","['Glaserei', 'Glasbau', 'Verglasung', 'Glaser~in~/~Glaser', 'Glaser~innen~ und ~Glaser']"
Gipser,s,gendered,titles,"['Gipserei-Fachkraft', 'Gipserei', 'Gipser~in~/~Gipser']","['Gipser~innen~ und ~Gipser', 'Gipserei']","['Gipserei', 'Gipserei-Fachkraft', 'Gipser~in~/~Gipser', 'Gipser~innen~ und ~Gipser']"
Macher,s,gendered,function,['Macher~in~/~Macher'],['Macher~innen~ und ~Macher'],"['Macher~in~/~Macher', 'Macher~innen~ und ~Macher']"
Leser,s,gendered,function,"['Leser~in~/~Leser', 'Lesepublikum']","['Lesende', 'Leser~innen~ und ~Leser', 'Lesepublikum']","['Leser~in~/~Leser', 'Lesepublikum', 'Lesende', 'Leser~innen~ und ~Leser']"
Kunde,s,gendered,function,"['Kund~in~/~Kunde', 'Kundschaft', 'Klientel', 'beziehende Person(...)', 'Person, die (...) kauft', 'beauftragende Firma(...)']","['Auftraggebende', 'Bestellende', 'Kund~innen~ und ~Kunden', 'Kundschaft', 'Klientel', 'beziehende Personen(...)', 'Personen, die (...) kaufen', 'beauftragende Firmen(...)']","['Kund~in~/~Kunde', 'beziehende Person(...)', 'Person, die (...) kauft', 'beauftragende Firma(...)', 'Kundschaft', 'Klientel', 'Auftraggebende', 'Bestellende', 'Kund~innen~ und ~Kunden', 'beziehende Personen(...)', 'Personen, die (...) kaufen', 'beauftragende Firmen(...)']"
Notar,s,gendered,titles,['Notar~in~/~Notar'],['Notar~innen~ und ~Notar'],"['Notar~in~/~Notar', 'Notar~innen~ und ~Notar']"
Jeder,s,gendered,advanced_hidden_image,['Jed~e~/~Jeder'],['Alle'],"['Jed~e~/~Jeder', 'Alle']"
Säger,s,gendered,titles,"['Sägerei', 'Sägemühle', 'Säger~in~/~Säger']","['Säger~innen~ und ~Säger', 'Sägerei', 'Sägemühle']","['Sägerei', 'Sägemühle', 'Säger~in~/~Säger', 'Säger~innen~ und ~Säger']"
Hauer,s,gendered,titles,['Hauer~in~/~Hauer'],['Hauer~innen~ und ~Hauer'],"['Hauer~in~/~Hauer', 'Hauer~innen~ und ~Hauer']"
Jäger,s,gendered,titles,"['Jäger~in~/~Jäger', 'Person, die ein Ziel angeht(...)', 'strebsame Person(...)', 'Person, die ein Ziel im Blick behält(...)', 'Person, die den Überblick behält(...)', 'aufmerksame Person(...)', 'fokussierte Person(...)']","['Jäger~innen~ und ~Jäger', 'Menschen, die Ziele angehen(...)', 'strebsame Menschen(...)', 'Leute, die Ziele im Blick behalten(...)', 'Personen, die den Überblick behalten(...)', 'aufmerksame Menschen(...)', 'fokussierte Menschen(...)']","['Jäger~in~/~Jäger', 'Person, die ein Ziel angeht(...)', 'strebsame Person(...)', 'Person, die ein Ziel im Blick behält(...)', 'Person, die den Überblick behält(...)', 'aufmerksame Person(...)', 'fokussierte Person(...)', 'Jäger~innen~ und ~Jäger', 'Menschen, die Ziele angehen(...)', 'strebsame Menschen(...)', 'Leute, die Ziele im Blick behalten(...)', 'Personen, die den Überblick behalten(...)', 'aufmerksame Menschen(...)', 'fokussierte Menschen(...)']"
Küfer,s,gendered,titles,"['Küferei', 'Küfereibetrieb', 'Küfer~in~/~Küfer']","['Küfer~innen~ und ~Küfer', 'Küferei', 'Küfereibetrieb']","['Küferei', 'Küfereibetrieb', 'Küfer~in~/~Küfer', 'Küfer~innen~ und ~Küfer']"
Profi,s,gendered,function,"['Person, die fachkundig und erfahren ist(...)', 'Mensch, der sich im Geschäftsleben gut zurechtfindet(...)', 'jemand, der Aufgaben routiniert angeht(...)']","['Leute, die fachkundig und erfahren sind(...)', 'Menschen, die sich im Geschäftsleben gut zurechtfinden(...)', 'Leute, die Aufgaben routiniert angehen(...)']","['Person, die fachkundig und erfahren ist(...)', 'Mensch, der sich im Geschäftsleben gut zurechtfindet(...)', 'jemand, der Aufgaben routiniert angeht(...)', 'Leute, die fachkundig und erfahren sind(...)', 'Menschen, die sich im Geschäftsleben gut zurechtfinden(...)', 'Leute, die Aufgaben routiniert angehen(...)']"
User,s,gendered,function,"['Nutzung', 'Website-Besuch', 'User~in~/~User', 'Nutzer~in~/~Nutzer', 'Person, die eine App nutzt(...)', 'wer eine Software einsetzt(...)']","['Nutzende', 'Anwendende', 'User~innen~ und ~User', 'Nutzer~innen~ und ~Nutzer', 'Nutzung', 'Website-Besuch', 'alle, die diese App nutzen(...)', 'Leute, die eine Software einsetzen(...)']","['Nutzung', 'Website-Besuch', 'User~in~/~User', 'Nutzer~in~/~Nutzer', 'Person, die eine App nutzt(...)', 'wer eine Software einsetzt(...)', 'Nutzende', 'Anwendende', 'User~innen~ und ~User', 'Nutzer~innen~ und ~Nutzer', 'alle, die diese App nutzen(...)', 'Leute, die eine Software einsetzen(...)']"
Boss,s,gendered,leadership,"['Leitungsperson', 'Leitung', 'Management', 'Vorgesetzt~e~/~Vorgesetzter', 'entscheidungsbefugte Person(...)', 'verantwortliche Person(...)']","['leitende Kräfte', 'Leitungskräfte', 'Leitungspersonen', 'Vorgesetzte', 'Leitung', 'Management', 'entscheidungsbefugte Personen(...)', 'verantwortliche Personen(...)']","['Leitung', 'Management', 'Leitungsperson', 'Vorgesetzt~e~/~Vorgesetzter', 'entscheidungsbefugte Person(...)', 'verantwortliche Person(...)', 'leitende Kräfte', 'Leitungskräfte', 'Leitungspersonen', 'Vorgesetzte', 'entscheidungsbefugte Personen(...)', 'verantwortliche Personen(...)']"
Chef,s,gendered,leadership,"['Leitungsperson', 'Leitung', 'Geschäftsführung', 'Management', 'Vorgesetzt~e~/~Vorgesetzter', 'entscheidungsbefugte Person(...)', 'verantwortliche Person(...)', 'Person, die das Team beim Erreichen gemeinsamer Ziele unterstützt(...)']","['CEOs', 'Leitungspersonen', 'Vorgesetzte', 'leitende Kräfte', 'Leitungskräfte', 'Chef~innen~ und ~Chefs', 'Leitung', 'Geschäftsführung', 'Management', 'entscheidungsbefugte Personen(...)', 'verantwortliche Personen(...)']","['Leitung', 'Geschäftsführung', 'Management', 'Leitungsperson', 'Vorgesetzt~e~/~Vorgesetzter', 'entscheidungsbefugte Person(...)', 'verantwortliche Person(...)', 'Person, die das Team beim Erreichen gemeinsamer Ziele unterstützt(...)', 'CEOs', 'Leitungspersonen', 'Vorgesetzte', 'leitende Kräfte', 'Leitungskräfte', 'Chef~innen~ und ~Chefs', 'entscheidungsbefugte Personen(...)', 'verantwortliche Personen(...)']"
Magd,s,gendered,titles,"['Kraft in einem landwirtschaftlichen Betrieb', 'Landarbeiter~in~/~Landarbeiter', 'abhängige landarbeitende Bevölkerung']","['Mitarbeitende in der Landwirtschaft', 'Erntehelfende', 'Landarbeitende', 'Landarbeiter~innen~ und ~Landarbeiter', 'abhängige landarbeitende Bevölkerung']","['Kraft in einem landwirtschaftlichen Betrieb', 'Landarbeiter~in~/~Landarbeiter', 'abhängige landarbeitende Bevölkerung', 'Mitarbeitende in der Landwirtschaft', 'Erntehelfende', 'Landarbeitende', 'Landarbeiter~innen~ und ~Landarbeiter']"
Jude,s,gendered,function,"['-', 'Jüdin~Jude', 'jüdischer Mensch(...)']","['Jüd~innen~ und ~Juden', '-', 'jüdische Menschen(...)']","['-', 'Jüdin~Jude', 'jüdischer Mensch(...)', 'Jüd~innen~ und ~Juden', 'jüdische Menschen(...)']"
Guy,s,gendered,function,"['Kamerad~in~/~Kamerad', 'Freund~in~/~Freund', 'Kolleg~in~/~Kollege', 'Team']","['Leute', 'alle', 'alle zusammen', 'Kolleg~innen~ und ~Kollege', 'Freund~innen~ und ~Freunde', 'Kamerad~innen~ und ~Kameraden', 'Team']","['Kamerad~in~/~Kamerad', 'Freund~in~/~Freund', 'Kolleg~in~/~Kollege', 'Team', 'Leute', 'alle', 'alle zusammen', 'Kolleg~innen~ und ~Kollege', 'Freund~innen~ und ~Freunde', 'Kamerad~innen~ und ~Kameraden']"
Fachangestellter,s,gendered,advanced_titles_base,['Fachangestellter~in~/~Fachangestellter'],['Fachangestellte'],"['Fachangestellter~in~/~Fachangestellter', 'Fachangestellte']"
Sachbearbeiter,s,gendered,advanced_titles_base,['Sachbearbeiter~in~/~Sachbearbeiter'],['Sachbearbeiter~innen~ und ~Sachbearbeiter'],"['Sachbearbeiter~in~/~Sachbearbeiter', 'Sachbearbeiter~innen~ und ~Sachbearbeiter']"
Dienstleister,s,gendered,advanced_titles_base,"['Dienstleistung', 'Dienstleistungsbetrieb', 'Dienstleister~in~/~Dienstleister', 'Dienstleistungsbetriebe', 'dienstleistende Person(...)', 'Person im Dienstleistungssektor(...)', 'Person, die Dienstleistungen erbringt(...)']","['Dienstleistende', 'Dienstleister~innen~ und ~Dienstleister', 'Dienstleistungsbetriebe', 'Dienstleistung', 'Dienstleistungsbetrieb', 'dienstleistende Personen(...)', 'Personen im Dienstleistungssektor(...)', 'Personen, die Dienstleistungen erbringen(...)']","['Dienstleistung', 'Dienstleistungsbetrieb', 'Dienstleister~in~/~Dienstleister', 'dienstleistende Person(...)', 'Person im Dienstleistungssektor(...)', 'Person, die Dienstleistungen erbringt(...)', 'Dienstleistungsbetriebe', 'Dienstleistende', 'Dienstleister~innen~ und ~Dienstleister', 'dienstleistende Personen(...)', 'Personen im Dienstleistungssektor(...)', 'Personen, die Dienstleistungen erbringen(...)']"
Elektroniker,s,gendered,advanced_titles_base,"['Elektronikfachkraft', 'Elektronikfachperson', 'Elektronik', 'Elektroniker~in~/~Elektroniker']","['Elektronikfachkräfte', 'Elektronikfachpersonen', 'Elektroniker~innen~ und ~Elektroniker', 'Elektronik']","['Elektronik', 'Elektronikfachkraft', 'Elektronikfachperson', 'Elektroniker~in~/~Elektroniker', 'Elektronikfachkräfte', 'Elektronikfachpersonen', 'Elektroniker~innen~ und ~Elektroniker']"
Angestellter,s,gendered,advanced_titles_base,"['Angestellt~e~/~Angestellter', 'Personal', 'Belegschaft']","['Angestellte', 'Mitarbeitende', 'Personal', 'Belegschaft']","['Angestellt~e~/~Angestellter', 'Personal', 'Belegschaft', 'Angestellte', 'Mitarbeitende']"
Installateur,s,gendered,advanced_titles_base,"['Installation', 'Installateur~in~/~Installateur']","['Installateur~innen~ und ~Installateure', 'Installation']","['Installation', 'Installateur~in~/~Installateur', 'Installateur~innen~ und ~Installateure']"
Technologist,s,gendered,advanced_titles_base,"['Technologiefachkraft', 'Technology', 'Technologie', 'Technolog~in~/~Technologe', 'Technologiefachkraft für (...)']","['Technolog~innen~ und ~Technologen', 'Technology', 'Technologie']","['Technology', 'Technologie', 'Technologiefachkraft', 'Technolog~in~/~Technologe', 'Technologiefachkraft für (...)', 'Technolog~innen~ und ~Technologen']"
Mitarbeiter,s,gendered,titles_base,"['Mitarbeit', '((Abteilung))', 'Mitarbeiter~in~/~Mitarbeiter', 'Personal', 'Mitarbeiterschaft', 'Belegschaft', 'Kollegschaft', 'Personal in (Abteilung, Prozesschritt, ...)']","['Mitarbeitende', 'Mitarbeiter~innen~ und ~Mitarbeiter', 'Personal', 'Mitarbeiterschaft', 'Belegschaft', 'Kollegschaft', 'Mitarbeit', '((Abteilung))']","['Mitarbeit', '((Abteilung))', 'Mitarbeiter~in~/~Mitarbeiter', 'Personal in (Abteilung, Prozesschritt, ...)', 'Personal', 'Mitarbeiterschaft', 'Belegschaft', 'Kollegschaft', 'Mitarbeitende', 'Mitarbeiter~innen~ und ~Mitarbeiter']"
Praktikant,s,gendered,advanced_titles_base,"['Praktikum', 'Praktikant~in~/~Praktikant']","['Praktikant~innen~ und ~Praktikanten', 'Praktikum']","['Praktikum', 'Praktikant~in~/~Praktikant', 'Praktikant~innen~ und ~Praktikanten']"
Entwickler,s,gendered,advanced_titles_base,"['Entwicklung', 'Entwicklungsabteilung', 'Entwickler~in~/~Entwickler', 'Entwicklungsteam']","['Entwickelnde', 'Entwickler~innen~ und ~Entwickler', 'Entwicklungsteam', 'Entwicklung', 'Entwicklungsabteilung']","['Entwicklung', 'Entwicklungsabteilung', 'Entwickler~in~/~Entwickler', 'Entwicklungsteam', 'Entwickelnde', 'Entwickler~innen~ und ~Entwickler']"
Elektriker,s,gendered,advanced_titles_base,"['Elektrofachkraft', 'Fachkraft für Elektrotechnik', 'Elektrik', 'Elektriker~in~/~Elektriker']","['Elektrofachkräfte', 'Fachkräfte für Elektrotechnik', 'Elektriker~innen~ und ~Elektriker', 'Elektrik']","['Elektrik', 'Elektrofachkraft', 'Fachkraft für Elektrotechnik', 'Elektriker~in~/~Elektriker', 'Elektrofachkräfte', 'Fachkräfte für Elektrotechnik', 'Elektriker~innen~ und ~Elektriker']"
Spezialist,s,gendered,advanced_titles_base,"['Spezialisierung', 'Fachgebiet', 'Spezialist~in~/~Spezialist', 'Fachteam', 'jemand mit einer Spezialisierung (in ...)', 'auf (...) spezialisierte Person']","['Fachleute', 'Fachkundige', 'Sachkundige', 'Spezialist~innen~ und ~Spezialisten', 'Fachfrau~Fachmann', 'Fachteam', 'Spezialisierung', 'Fachgebiet', 'Fachleute mit einer Spezialisierung (in ...)', 'auf (...) spezialisierte Leute', 'Sachverständige für (...)']","['Spezialisierung', 'Fachgebiet', 'Spezialist~in~/~Spezialist', 'jemand mit einer Spezialisierung (in ...)', 'auf (...) spezialisierte Person', 'Fachteam', 'Fachleute', 'Fachkundige', 'Sachkundige', 'Spezialist~innen~ und ~Spezialisten', 'Fachfrau~Fachmann', 'Fachleute mit einer Spezialisierung (in ...)', 'auf (...) spezialisierte Leute', 'Sachverständige für (...)']"
Mechaniker,s,gendered,advanced_titles_base,"['Mechanik', 'Mechaniker~in~/~Mechaniker']","['Mechaniker~innen~ und ~Mechaniker', 'Mechanik']","['Mechanik', 'Mechaniker~in~/~Mechaniker', 'Mechaniker~innen~ und ~Mechaniker']"
Technician,s,gendered,advanced_titles_base,"['Technik', 'Techniker~in~/~Techniker', 'Leute in der (...-Technik)']","['Techniker~innen~ und ~Techniker', 'Technik']","['Technik', 'Techniker~in~/~Techniker', 'Leute in der (...-Technik)', 'Techniker~innen~ und ~Techniker']"
Buchhalter,s,gendered,advanced_titles_base,['Buchhalter~in~/~Buchhalter'],['Buchhalter~innen~ und ~Buchhalter'],"['Buchhalter~in~/~Buchhalter', 'Buchhalter~innen~ und ~Buchhalter']"
Technologe,s,gendered,advanced_titles_base,"['Technologiefachkraft', 'Technology', 'Technologie', 'Technolog~in~/~Technologe', 'Technologiefachkraft für (...)']","['Technolog~innen~ und ~Technologen', 'Technology', 'Technologie']","['Technology', 'Technologie', 'Technologiefachkraft', 'Technolog~in~/~Technologe', 'Technologiefachkraft für (...)', 'Technolog~innen~ und ~Technologen']"
Vermittler,s,gendered,advanced_titles_base,"['Mittelsperson', 'Vermittlung', 'Vermittler~in~/~Vermittler', 'Person, die helfend vermittelt(...)', 'Person, die vermittelnd (zwischen Personen, Parteien) auftritt(...)']","['Vermittelnde', 'Vermittler~innen~ und ~Vermittler', 'Vermittlung']","['Vermittlung', 'Mittelsperson', 'Vermittler~in~/~Vermittler', 'Person, die helfend vermittelt(...)', 'Person, die vermittelnd (zwischen Personen, Parteien) auftritt(...)', 'Vermittelnde', 'Vermittler~innen~ und ~Vermittler']"
Moderator,s,gendered,advanced_titles_base,"['Moderation', 'Moderator~in~/~Moderator', 'Moderationsteam', 'Person, die moderiert(...)', 'Person, die ein Gespräch lenkt(...)', 'Person, die lenkend eine Kommunikation unterstützt(...)', 'Moderation für (...)']","['Moderierende', 'Moderator~innen~ und ~Moderatoren', 'Moderationsteam', 'Moderation', 'Personen, die moderieren(...)', 'Personen, die Gespräche lenken(...)', 'Personen, die Kommunikation lenkend unterstützen(...)']","['Moderation', 'Moderator~in~/~Moderator', 'Person, die moderiert(...)', 'Person, die ein Gespräch lenkt(...)', 'Person, die lenkend eine Kommunikation unterstützt(...)', 'Moderation für (...)', 'Moderationsteam', 'Moderierende', 'Moderator~innen~ und ~Moderatoren', 'Personen, die moderieren(...)', 'Personen, die Gespräche lenken(...)', 'Personen, die Kommunikation lenkend unterstützen(...)']"
Kreativer,s,gendered,advanced_titles_base,"['Kreation', 'Kreative~Kreativer', 'kreativer Mensch(...)']","['Kreative', 'Kreativkräfte', 'Kreation', 'kreative Menschen(...)']","['Kreation', 'Kreative~Kreativer', 'kreativer Mensch(...)', 'Kreative', 'Kreativkräfte', 'kreative Menschen(...)']"
Politiker,s,gendered,advanced_titles_base,"['in der Politik tätige Person', 'politisch aktive Person', 'Person mit politischem Amt', 'Politiker~in~/~Politiker']","['Politikschaffende', 'in der Politik Tätige', 'Politiker~innen~ und ~Politiker']","['in der Politik tätige Person', 'politisch aktive Person', 'Person mit politischem Amt', 'Politiker~in~/~Politiker', 'Politikschaffende', 'in der Politik Tätige', 'Politiker~innen~ und ~Politiker']"
Vertreter,s,gendered,advanced_titles_base,"['Vertretung', 'Vertreter~in~/~Vertreter', 'Person, die die Vertretung übernimmt(...)', 'Person in der Vertretungsrolle(...)']","['Vertretende', 'Vertreter~innen~ und ~Vertreter', 'Vertretung', 'Personen, die die Vertretung übernehmen(...)', 'Personen in der Vertretungsrolle(...)']","['Vertretung', 'Vertreter~in~/~Vertreter', 'Person, die die Vertretung übernimmt(...)', 'Person in der Vertretungsrolle(...)', 'Vertretende', 'Vertreter~innen~ und ~Vertreter', 'Personen, die die Vertretung übernehmen(...)', 'Personen in der Vertretungsrolle(...)']"
Ingenieur,s,gendered,titles_base,"['auf einer Hochschule ausgebildete Technik-Fachkraft', 'auf einer Fachhochschule ausgebildete Technik-Fachkraft', 'Engineering', 'Technik', 'Technikwissenschaften', 'Ingenieur~in~/~Ingenieur', 'Engineering-Team']","['Ingenieur~innen~ und ~Ingenieure', 'Engineering-Team', 'Engineering', 'Technik', 'Technikwissenschaften', 'auf Hoch-/Fachschule ausgebildete Technik-Fachleute(...)']","['Engineering', 'Technik', 'Technikwissenschaften', 'auf einer Hochschule ausgebildete Technik-Fachkraft', 'auf einer Fachhochschule ausgebildete Technik-Fachkraft', 'Ingenieur~in~/~Ingenieur', 'Engineering-Team', 'Ingenieur~innen~ und ~Ingenieure', 'auf Hoch-/Fachschule ausgebildete Technik-Fachleute(...)']"
Professor,s,gendered,advanced_titles_base,"['Professur', 'Professor~in~/~Professor']","['Professor~innen~ und ~Professoren', 'Professur']","['Professur', 'Professor~in~/~Professor', 'Professor~innen~ und ~Professoren']"
Gestalter,s,gendered,advanced_titles_base,"['Gestaltung', 'Gestalter~in~/~Gestalter', 'Person, die (...) gestaltet']","['Gestaltende', 'Gestalter~innen~ und ~Gestalter', 'Gestaltung', 'beratende Personen --- von Berufs wegen(...)']","['Gestaltung', 'Gestalter~in~/~Gestalter', 'Person, die (...) gestaltet', 'Gestaltende', 'Gestalter~innen~ und ~Gestalter', 'beratende Personen --- von Berufs wegen(...)']"
Assistent,s,gendered,advanced_titles_base,"['Assistenz', 'Assistent~in~/~Assistent', 'Assistenz für (...)']","['Assistierende', 'Assistent~innen~ und ~Assistenten', 'Assistenz', 'Personen, die assistieren/helfen(...)']","['Assistenz', 'Assistent~in~/~Assistent', 'Assistenz für (...)', 'Assistierende', 'Assistent~innen~ und ~Assistenten', 'Personen, die assistieren/helfen(...)']"
Verkäufer,s,gendered,advanced_titles_base,"['Verkauf', 'Handel', 'Verkäufer~in~/~Verkäufer', 'Verkaufspersonal']","['Verkäufer~innen~ und ~Verkäufer', 'Verkaufspersonal', 'Verkauf', 'Handel']","['Verkauf', 'Handel', 'Verkäufer~in~/~Verkäufer', 'Verkaufspersonal', 'Verkäufer~innen~ und ~Verkäufer']"
Schreiner,s,gendered,advanced_titles_base,"['Schreinerei', 'Schreiner~in~/~Schreiner']","['Schreiner~innen~ und ~Schreiner', 'Schreinerei']","['Schreinerei', 'Schreiner~in~/~Schreiner', 'Schreiner~innen~ und ~Schreiner']"
Therapeut,s,gendered,advanced_titles_base,['Therapeut~in~/~Therapeut'],"['Therapierende', 'Therapeut~innen~ und ~Therapeuten']","['Therapeut~in~/~Therapeut', 'Therapierende', 'Therapeut~innen~ und ~Therapeuten']"
Techniker,s,gendered,advanced_titles_base,"['Technik', 'Techniker~in~/~Techniker', 'Leute in der (...-Technik)']","['Techniker~innen~ und ~Techniker', 'Technik']","['Technik', 'Techniker~in~/~Techniker', 'Leute in der (...-Technik)', 'Techniker~innen~ und ~Techniker']"
Disponent,s,gendered,advanced_titles_base,"['Dispo', 'Disponent~in~/~Disponent']","['Disponent~innen~ und ~Disponenten', 'Dispo']","['Dispo', 'Disponent~in~/~Disponent', 'Disponent~innen~ und ~Disponenten']"
Developer,s,gendered,advanced_titles_base,"['Development', 'Entwicklung', 'Entwicklungsabteilung', 'Developer~in~/~Developer', 'Entwickler~in~/~Entwickler', 'Development-Team', 'Entwicklungsteam']","['Developer~innen~ und ~Developer', 'Entwickler~innen~ und ~Entwickler', 'Development-Team', 'Entwicklungsteam', 'Development', 'Entwicklung', 'Entwicklungsabteilung']","['Development', 'Entwicklung', 'Entwicklungsabteilung', 'Developer~in~/~Developer', 'Entwickler~in~/~Entwickler', 'Development-Team', 'Entwicklungsteam', 'Developer~innen~ und ~Developer', 'Entwickler~innen~ und ~Entwickler']"
Lieferant,s,gendered,advanced_titles_base,"['Lieferung', 'Lieferfirma', 'lieferndes Unternehmen', 'Lieferunternehmen', 'Lieferant~in~/~Lieferant']","['Liefernde', 'Lieferant~innen~ und ~Lieferanten', 'Lieferung', 'Lieferfirma', 'lieferndes Unternehmen', 'Lieferunternehmen']","['Lieferung', 'Lieferfirma', 'lieferndes Unternehmen', 'Lieferunternehmen', 'Lieferant~in~/~Lieferant', 'Liefernde', 'Lieferant~innen~ und ~Lieferanten']"
Referent,s,gendered,advanced_titles_base,['Referent~in~/~Referent'],"['Referierende', 'Referent~innen~ und ~Referenten']","['Referent~in~/~Referent', 'Referierende', 'Referent~innen~ und ~Referenten']"
Polizist,s,gendered,titles_base,"['Polizeikraft', 'Polizist~in~/~Polizist', 'Polizei']","['Polizeileute', 'Polizist~innen~ und ~Polizisten', 'Polizei', 'Personen im Polizeidienst(...)']","['Polizeikraft', 'Polizist~in~/~Polizist', 'Polizei', 'Polizeileute', 'Polizist~innen~ und ~Polizisten', 'Personen im Polizeidienst(...)']"
Operator,s,gendered,advanced_titles_base,"['Bedienperson', 'Betrieb', 'Telefonzentrale', 'Notrufzentrale', 'Operator~in~/~Operator', 'Person, die Maschinen, Anlagen oder Rechner kontrolliert und bedient(...)', 'Person, die (in einem Callcenter, einer Telefonzentrale, einer Notrufzentrale, ...) Anrufe beantwortet oder weiterleitet']","['Operator~innen~ und ~Operatoren', 'Betrieb', 'Telefonzentrale', 'Notrufzentrale', 'Personen, die Maschinen, Anlagen oder Rechner kontrollieren und bedienen(...)', 'Personen, die (in einem Callcenter, einer Telefonzentrale, einer Notrufzentrale, ...) Anrufe beantworten oder weiterleiten']","['Betrieb', 'Telefonzentrale', 'Notrufzentrale', 'Bedienperson', 'Operator~in~/~Operator', 'Person, die Maschinen, Anlagen oder Rechner kontrolliert und bedient(...)', 'Person, die (in einem Callcenter, einer Telefonzentrale, einer Notrufzentrale, ...) Anrufe beantwortet oder weiterleitet', 'Operator~innen~ und ~Operatoren', 'Personen, die Maschinen, Anlagen oder Rechner kontrollieren und bedienen(...)', 'Personen, die (in einem Callcenter, einer Telefonzentrale, einer Notrufzentrale, ...) Anrufe beantworten oder weiterleiten']"
Zeichner,s,gendered,advanced_titles_base,"['Zeichner~in~/~Zeichner', 'Jemand, der (...) zeichnet', 'Person, die (technische,...) Zeichnungen (für ...) angefertigt']",['Zeichner~innen~ und ~Zeichner'],"['Zeichner~in~/~Zeichner', 'Jemand, der (...) zeichnet', 'Person, die (technische,...) Zeichnungen (für ...) angefertigt', 'Zeichner~innen~ und ~Zeichner']"
Kandidat,s,gendered,advanced_titles_base,"['Kandidatur', 'Kandidat~in~/~Kandidat', 'Person, die sich bewirbt(...)', 'Person, die kandidiert(...)']","['Kandidierende', 'Kandidat~innen~ und ~Kandidaten', 'Kandidatur', 'Personen, die sich bewerben(...)', 'Personen, die kandidieren(...)']","['Kandidatur', 'Kandidat~in~/~Kandidat', 'Person, die sich bewirbt(...)', 'Person, die kandidiert(...)', 'Kandidierende', 'Kandidat~innen~ und ~Kandidaten', 'Personen, die sich bewerben(...)', 'Personen, die kandidieren(...)']"
Besucher,s,gendered,advanced_titles_base,"['Gast', 'Besuch', 'Besucher~in~/~Besucher', 'Gäste']","['Besuchende', 'Besucher~innen~ und ~Besucher', 'Gäste', 'Besuch']","['Besuch', 'Gast', 'Besucher~in~/~Besucher', 'Gäste', 'Besuchende', 'Besucher~innen~ und ~Besucher']"
Betreuer,s,gendered,advanced_titles_base,"['Betreuung', 'Betreuer~in~/~Betreuer', 'Betreuungspersonal', 'Betreuungsteam']","['Betreuende', 'Betreuer~innen~ und ~Betreuer', 'Betreuungspersonal', 'Betreuungsteam', 'Betreuung']","['Betreuung', 'Betreuer~in~/~Betreuer', 'Betreuungspersonal', 'Betreuungsteam', 'Betreuende', 'Betreuer~innen~ und ~Betreuer']"
Bewerber,s,gendered,advanced_titles_base,"['Bewerbung', 'Bewerber~in~/~Bewerber', 'Person, die sich bewirbt(...)']","['Bewerbende', 'Bewerber~innen~ und ~Bewerber', 'Bewerbung', 'Personen, die sich bewerben(...)']","['Bewerbung', 'Bewerber~in~/~Bewerber', 'Person, die sich bewirbt(...)', 'Bewerbende', 'Bewerber~innen~ und ~Bewerber', 'Personen, die sich bewerben(...)']"
Lehrling,s,gendered,advanced_titles_base,"['Nachwuchskraft', 'Azubi', 'Ausbildung', 'Lehre', 'Auszubildend~e~/~Auszubildender', 'Person in Ausbildung(...)', 'auszubildende Person(...)', 'lernende Person(...)']","['Lernende', 'Auszubildende', 'Ausbildung', 'Lehre', 'Personen in Ausbildung(...)', 'auszubildende Personen(...)', 'lernende Person(...)']","['Ausbildung', 'Lehre', 'Nachwuchskraft', 'Azubi', 'Auszubildend~e~/~Auszubildender', 'Person in Ausbildung(...)', 'auszubildende Person(...)', 'lernende Person(...)', 'Lernende', 'Auszubildende', 'Personen in Ausbildung(...)', 'auszubildende Personen(...)', 'lernende Person(...)']"
Designer,s,gendered,advanced_titles_base,"['Design', 'Designer~in~/~Designer', 'Designteam']","['Designschaffende', 'Designer~innen~ und ~Designer', 'Designteam', 'Design']","['Design', 'Designer~in~/~Designer', 'Designteam', 'Designschaffende', 'Designer~innen~ und ~Designer']"
Laborant,s,gendered,advanced_titles_base,"['Labor', 'Laborbetrieb', 'Laborant~in~/~Laborant']","['Laborant~innen~ und ~Laboranten', 'Labor', 'Laborbetrieb']","['Labor', 'Laborbetrieb', 'Laborant~in~/~Laborant', 'Laborant~innen~ und ~Laboranten']"
Arbeiter,s,gendered,advanced_titles_base,['Arbeiter~in~/~Arbeiter'],['Arbeiter~innen~ und ~Arbeiter'],"['Arbeiter~in~/~Arbeiter', 'Arbeiter~innen~ und ~Arbeiter']"
Fachmann,s,gendered,titles_base,"['Fachperson', 'Fachkraft', 'Fachfrau~Fachmann', 'Fachpersonal', 'jemand vom Fach(...)']","['Fachkräfte', 'Fachfrauen und Fachmänner', 'Fachpersonal']","['Fachperson', 'Fachkraft', 'Fachfrau~Fachmann', 'jemand vom Fach(...)', 'Fachpersonal', 'Fachkräfte', 'Fachfrauen und Fachmänner']"
Lieferer,s,gendered,advanced_titles_base,"['Lieferung', 'Lieferfirma', 'lieferndes Unternehmen', 'Lieferunternehmen', 'Lieferant~in~/~Lieferant']","['Liefernde', 'Lieferant~innen~ und ~Lieferanten', 'Lieferung', 'Lieferfirma', 'lieferndes Unternehmen', 'Lieferunternehmen']","['Lieferung', 'Lieferfirma', 'lieferndes Unternehmen', 'Lieferunternehmen', 'Lieferant~in~/~Lieferant', 'Liefernde', 'Lieferant~innen~ und ~Lieferanten']"
Kaufmann,s,gendered,advanced_titles_base,"['Kauffrau~Kaufmann', 'Kaufleute', 'Person im kaufmännischen Bereich(...)']","['Handeltreibende', 'Kaufleute', 'Personen im kaufmännischen Bereich(...)']","['Kauffrau~Kaufmann', 'Person im kaufmännischen Bereich(...)', 'Kaufleute', 'Handeltreibende', 'Personen im kaufmännischen Bereich(...)']"
Grafiker,s,gendered,advanced_titles_base,"['Grafik', 'Grafiker~in~/~Grafiker', 'Grafik-Team', 'Person, die im Bereich Grafik tätig ist(...)', 'Person, die (Medien, Broschüren, ...) gestaltet']","['Grafikschaffende', 'Grafiker~innen~ und ~Grafiker', 'Grafik-Team', 'Grafik']","['Grafik', 'Grafiker~in~/~Grafiker', 'Person, die im Bereich Grafik tätig ist(...)', 'Person, die (Medien, Broschüren, ...) gestaltet', 'Grafik-Team', 'Grafikschaffende', 'Grafiker~innen~ und ~Grafiker']"
Drucker,s,gendered,advanced_titles_base,"['Druckereifachkraft', 'Druckerei', 'Druck', 'Drucker~in~/~Drucker']","['Druckereibeschäftigte', 'Druckereifachkräfte', 'Drucker~innen~ und ~Drucker', 'Druckerei', 'Druck']","['Druckerei', 'Druck', 'Druckereifachkraft', 'Drucker~in~/~Drucker', 'Druckereibeschäftigte', 'Druckereifachkräfte', 'Drucker~innen~ und ~Drucker']"
Experte,s,gendered,advanced_titles_base,"['Fachgröße', 'Kapazität', 'Expert~in~/~Experte', 'Person vom Fach(...)']","['Fachleute', 'Fachkräfte', 'Fachpersonen', 'Fachkundige', 'Sachverständige', 'Sachkundige', 'Kapazitäten', 'Expert~innen~ und ~Experten', 'Personen vom Fach(...)']","['Fachgröße', 'Kapazität', 'Expert~in~/~Experte', 'Person vom Fach(...)', 'Fachleute', 'Fachkräfte', 'Fachpersonen', 'Fachkundige', 'Sachverständige', 'Sachkundige', 'Kapazitäten', 'Expert~innen~ und ~Experten', 'Personen vom Fach(...)']"
Schmied,s,gendered,advanced_titles_base,"['Schmiede', 'Schmied~in~/~Schmied']","['Schmied~innen~ und ~Schmiede', 'Schmiede']","['Schmiede', 'Schmied~in~/~Schmied', 'Schmied~innen~ und ~Schmiede']"
Trainer,s,gendered,advanced_titles_base,"['Trainingsperson', 'Training', 'Trainer~in~/~Trainer']","['Trainierende', 'Trainer~innen~ und ~Trainer', 'Training']","['Training', 'Trainingsperson', 'Trainer~in~/~Trainer', 'Trainierende', 'Trainer~innen~ und ~Trainer']"
Pfleger,s,gendered,advanced_titles_base,"['Pflege', 'Pflegschaft', 'Pfleger~in~/~Pfleger']","['Pfleger~innen~ und ~Pfleger', 'Pflege', 'Pflegschaft']","['Pflege', 'Pflegschaft', 'Pfleger~in~/~Pfleger', 'Pfleger~innen~ und ~Pfleger']"
Partner,s,gendered,advanced_titles_base,"['Partnerschaft', 'Partner~in~/~Partner']","['Partnernde', 'Partner~innen~ und ~Partner', 'Partnerschaft']","['Partnerschaft', 'Partner~in~/~Partner', 'Partnernde', 'Partner~innen~ und ~Partner']"
Officer,s,gendered,advanced_titles_base,"['Referent', 'Vorstandsmitglied']",[],"['Referent', 'Vorstandsmitglied']"
Meister,s,gendered,advanced_titles_base,"['Ausbildungskraft', 'Werkstattleitung', 'Meister~in~/~Meister', 'fachkundige Person(...)', 'jemand mit Meisterbrief im ((Handwerk))(...)']","['Werkstattleitende', 'Ausbildende', 'Meister~innen~ und ~Meister', 'Werkstattleitung', 'fachkundige Personen(...)', 'ausbildende Lehrkraft(...)', 'Leute mit Meisterbrief im ((Handwerk))(...)']","['Werkstattleitung', 'Ausbildungskraft', 'Meister~in~/~Meister', 'fachkundige Person(...)', 'jemand mit Meisterbrief im ((Handwerk))(...)', 'Werkstattleitende', 'Ausbildende', 'Meister~innen~ und ~Meister', 'fachkundige Personen(...)', 'ausbildende Lehrkraft(...)', 'Leute mit Meisterbrief im ((Handwerk))(...)']"
Manager,s,gendered,titles_base,"['Management', 'Manager~in~/~Manager']","['Manager~innen~ und ~Manager', 'Management']","['Management', 'Manager~in~/~Manager', 'Manager~innen~ und ~Manager']"
Berater,s,gendered,advanced_titles_base,"['Beratung', 'Berater~in~/~Berater']","['Beratende', 'Berater~innen~ und ~Berater', 'Beratung']","['Beratung', 'Berater~in~/~Berater', 'Beratende', 'Berater~innen~ und ~Berater']"
Planer,s,gendered,advanced_titles_base,"['Planung', 'Planer~in~/~Planer']","['Planer~innen~ und ~Planer', 'Planung']","['Planung', 'Planer~in~/~Planer', 'Planer~innen~ und ~Planer']"
Tänzer,s,gendered,advanced_titles_base,"['Tanz', 'Tänzer~in~/~Tänzer', 'Leute, die (...) tanzen']","['Tänzer~innen~ und ~Tänzer', 'Tanz']","['Tanz', 'Tänzer~in~/~Tänzer', 'Leute, die (...) tanzen', 'Tänzer~innen~ und ~Tänzer']"
Lehrer,s,gendered,advanced_titles_base,['Lehrer~in~/~Lehrer'],['Lehrer~innen~ und ~Lehrer'],"['Lehrer~in~/~Lehrer', 'Lehrer~innen~ und ~Lehrer']"
Werker,s,gendered,advanced_titles_base,"['Werker~in~/~Werker', 'Fachpraktiker~in~/~Fachpraktiker']","['Werker~innen~ und ~Werker', 'Fachpraktiker~innen~ und ~Fachpraktiker']","['Werker~in~/~Werker', 'Fachpraktiker~in~/~Fachpraktiker', 'Werker~innen~ und ~Werker', 'Fachpraktiker~innen~ und ~Fachpraktiker']"
Texter,s,gendered,advanced_titles_base,"['Text', 'Redaktion', 'Texter~in~/~Texter', 'jemand, der (...) redigiert', 'jemand, der (...) textet']","['Text-Kreative', 'Texter~innen~ und ~Texter', 'Text', 'Redaktion']","['Text', 'Redaktion', 'Texter~in~/~Texter', 'jemand, der (...) redigiert', 'jemand, der (...) textet', 'Text-Kreative', 'Texter~innen~ und ~Texter']"
Fahrer,s,gendered,advanced_titles_base,['Fahrer~in~/~Fahrer'],['Fahrer~innen~ und ~Fahrer'],"['Fahrer~in~/~Fahrer', 'Fahrer~innen~ und ~Fahrer']"
Bauer,s,gendered,advanced_titles_base,"['Landbau', 'Landwirtschaft', 'Anbau', 'Bäuer~in~Bauer']","['Landbauende', 'Bäuer~innen~ und ~Bauern', 'Landbau', 'Landwirtschaft', 'Anbau']","['Landbau', 'Landwirtschaft', 'Anbau', 'Bäuer~in~Bauer', 'Landbauende', 'Bäuer~innen~ und ~Bauern']"
Maler,s,gendered,advanced_titles_base,['Maler~in~/~Maler'],['Maler~innen~ und ~Maler'],"['Maler~in~/~Maler', 'Maler~innen~ und ~Maler']"
Pilot,s,gendered,advanced_titles_base,['Pilot~in~/~Pilot'],['Pilot~innen~ und ~Piloten'],"['Pilot~in~/~Pilot', 'Pilot~innen~ und ~Piloten']"
Agent,s,gendered,advanced_titles_base,"['Agentur', 'Agent~in~/~Agent', 'Agentur für (...)']","['Agent~innen~ und ~Agenten', 'Agentur']","['Agentur', 'Agent~in~/~Agent', 'Agentur für (...)', 'Agent~innen~ und ~Agenten']"
Arzt,s,gendered,titles_base,"['Praxis', 'Untersuchung', 'Ärztin~Arzt', 'medizinisches Team']","['Ärzt~innen~ und ~Ärzte', 'medizinisches Team', 'Praxis', 'Untersuchung']","['Praxis', 'Untersuchung', 'Ärztin~Arzt', 'medizinisches Team', 'Ärzt~innen~ und ~Ärzte']"
Koch,s,gendered,advanced_titles_base,"['Küche', 'Kantine', 'Köchin~Koch']","['Köch~innen~ und ~Köche', 'Küche', 'Kantine']","['Küche', 'Kantine', 'Köchin~Koch', 'Köch~innen~ und ~Köche']"
