Lemma,Word_Type,Category,Primary_subcategory,Sg_all_split,Pl_all_split,Alt_split
verzwergeln,v,unconscious_bias,advanced_ability,"['verkleinern', 'verkümmern', 'vermindern', 'klein bleiben(...)', 'klein (wirken, bleiben, erscheinen) lassen(...)']",[],"['verkleinern', 'verkümmern', 'vermindern', 'klein bleiben(...)', 'klein (wirken, bleiben, erscheinen) lassen(...)']"
verzwergen,v,unconscious_bias,advanced_ability,"['verkleinern', 'verkümmern', 'vermindern', 'klein bleiben(...)', 'klein (wirken, bleiben, erscheinen) lassen(...)']",[],"['verkleinern', 'verkümmern', 'vermindern', 'klein bleiben(...)', 'klein (wirken, bleiben, erscheinen) lassen(...)']"
zwei linke Hände haben,|a|s|v,unconscious_bias,advanced_ability,['sich ungeschickt anstellen(...)'],[],['sich ungeschickt anstellen(...)']
Bist du behindert?,||=a,unconscious_bias,advanced_ability,"['Hast du Erfahrung mit dem Thema Behinderungen?', 'Hast du eine Einstufung?', 'Was machst du denn da?(...)', ""Verstehst du's nicht?(...)"", 'Was soll das denn?(...)']",[],"['Hast du Erfahrung mit dem Thema Behinderungen?', 'Hast du eine Einstufung?', 'Was machst du denn da?(...)', ""Verstehst du's nicht?(...)"", 'Was soll das denn?(...)']"
beeinträchtigt,a,unconscious_bias,advanced_ability,"['als behindert eingestuft', 'in der Teilhabe durch Barrieren behindert', 'als schwerbehindert eingestuft --- Deutschland', 'als invalid eingestuft --- Schweiz', '--- nicht für Menschen mit Behinderungen']",['--- nicht für Menschen mit Behinderungen'],"['--- nicht für Menschen mit Behinderungen', 'als behindert eingestuft', 'in der Teilhabe durch Barrieren behindert', 'als schwerbehindert eingestuft --- Deutschland', 'als invalid eingestuft --- Schweiz']"
behindert,a,unconscious_bias,advanced_ability,['mit Behinderung'],[],['mit Behinderung']
behindert sein,a|v,unconscious_bias,advanced_ability,['eine Behinderung haben'],[],['eine Behinderung haben']
behinderte Menschen,=a|s,unconscious_bias,advanced_ability,"['Menschen mit Behinderungen(...)', 'Menschen, die in ihrer Teilhabe durch Barrieren behindert werden(...)', 'Personen mit Behindertenausweis(...)', 'Personen mit Behindertenpass --- Österreich(...)', 'Personen mit Schwerbehindertenausweis --- Deutschland(...)']",[],"['Menschen mit Behinderungen(...)', 'Menschen, die in ihrer Teilhabe durch Barrieren behindert werden(...)', 'Personen mit Behindertenausweis(...)', 'Personen mit Behindertenpass --- Österreich(...)', 'Personen mit Schwerbehindertenausweis --- Deutschland(...)']"
behindertengerecht,a,unconscious_bias,advanced_ability,"['barrierefrei', 'für alle zugänglich']",[],"['barrierefrei', 'für alle zugänglich']"
behinderter Mensch,=a|s,unconscious_bias,advanced_ability,"['Mensch mit Behinderungen(...)', 'Mensch, der in seiner Teilhabe durch Barrieren behindert wird(...)', 'jemand mit Behindertenausweis(...)', 'Person mit Behindertenpass --- Österreich(...)', 'Person mit Schwerbehindertenausweis --- Deutschland(...)', 'Person mit IV-Ausweis --- Schweiz(...)']",[],"['Mensch mit Behinderungen(...)', 'Mensch, der in seiner Teilhabe durch Barrieren behindert wird(...)', 'jemand mit Behindertenausweis(...)', 'Person mit Behindertenpass --- Österreich(...)', 'Person mit Schwerbehindertenausweis --- Deutschland(...)', 'Person mit IV-Ausweis --- Schweiz(...)']"
Behinderung ist normal,s|v|a,unconscious_bias,advanced_ability,['-'],['-'],['-']
Behinderung meistern,s|v,unconscious_bias,advanced_ability,"['Leben mit Behinderung organisieren', 'Barrieren meistern', 'Barrieren, die an der Teilhabe hindern, meistern', 'mit Behinderung leben', '--- nur erwähnen, wenn relevant']","['--- nur erwähnen, wenn relevant']","['--- nur erwähnen, wenn relevant', 'Leben mit Behinderung organisieren', 'Barrieren meistern', 'Barrieren, die an der Teilhabe hindern, meistern', 'mit Behinderung leben']"
meistern Behinderung,v|s,unconscious_bias,advanced_ability,"['Leben mit Behinderung organisieren', 'Barrieren meistern', 'Barrieren, die an der Teilhabe hindern, meistern', 'mit Behinderung leben', '--- nur erwähnen, wenn relevant']","['--- nur erwähnen, wenn relevant']","['--- nur erwähnen, wenn relevant', 'Leben mit Behinderung organisieren', 'Barrieren meistern', 'Barrieren, die an der Teilhabe hindern, meistern', 'mit Behinderung leben']"
bucklige Verwandschaft,a|s,unconscious_bias,advanced_ability,"['ungeliebte Verwandschaft', 'schwierige Verwandte']",[],"['ungeliebte Verwandschaft', 'schwierige Verwandte']"
Leben mit Behinderung meistern,s||s|v,unconscious_bias,advanced_ability,"['Leben mit Behinderung organisieren', 'mit Barrieren leben', 'Barrieren meistern', 'Barrieren, die an der Teilhabe hindern, meistern', '--- nur erwähnen, wenn relevant']","['--- nur erwähnen, wenn relevant']","['--- nur erwähnen, wenn relevant', 'Leben mit Behinderung organisieren', 'mit Barrieren leben', 'Barrieren meistern', 'Barrieren, die an der Teilhabe hindern, meistern']"
meistern ein Leben mit Behinderung,v||s||s,unconscious_bias,advanced_ability,"['Leben mit Behinderung organisieren', 'mit Barrieren leben', 'Barrieren meistern', 'Barrieren, die an der Teilhabe hindern, meistern', '--- nur erwähnen, wenn relevant']","['--- nur erwähnen, wenn relevant']","['--- nur erwähnen, wenn relevant', 'Leben mit Behinderung organisieren', 'mit Barrieren leben', 'Barrieren meistern', 'Barrieren, die an der Teilhabe hindern, meistern']"
gehandicapiert,a,unconscious_bias,advanced_ability,"['als behindert eingestuft', 'in der Teilhabe durch Barrieren behindert', 'als schwerbehindert eingestuft --- Deutschland', 'als invalid eingestuft --- Schweiz', '--- nicht für Mensch mit Behinderungen']",['--- nicht für Mensch mit Behinderungen'],"['--- nicht für Mensch mit Behinderungen', 'als behindert eingestuft', 'in der Teilhabe durch Barrieren behindert', 'als schwerbehindert eingestuft --- Deutschland', 'als invalid eingestuft --- Schweiz']"
gehandicapt,a,unconscious_bias,advanced_ability,"['als behindert eingestuft', 'in der Teilhabe durch Barrieren behindert', 'als schwerbehindert eingestuft --- Deutschland', 'als invalid eingestuft --- Schweiz', '--- nicht für Mensch mit Behinderungen']",['--- nicht für Mensch mit Behinderungen'],"['--- nicht für Mensch mit Behinderungen', 'als behindert eingestuft', 'in der Teilhabe durch Barrieren behindert', 'als schwerbehindert eingestuft --- Deutschland', 'als invalid eingestuft --- Schweiz']"
geschädigt,a,unconscious_bias,advanced_ability,"['lebt mit Behinderungen', 'wird behindert', 'hat eine Behinderung', 'ist von Behinderungen betroffen', '--- nicht auf Menschen beziehen']",['--- nicht auf Menschen beziehen'],"['--- nicht auf Menschen beziehen', 'lebt mit Behinderungen', 'wird behindert', 'hat eine Behinderung', 'ist von Behinderungen betroffen']"
handicapiert,a,unconscious_bias,advanced_ability,"['als behindert eingestuft', 'in der Teilhabe durch Barrieren behindert', 'als schwerbehindert eingestuft --- Deutschland', 'als invalid eingestuft --- Schweiz', '--- nicht für Mensch mit Behinderungen']",['--- nicht für Mensch mit Behinderungen'],"['--- nicht für Mensch mit Behinderungen', 'als behindert eingestuft', 'in der Teilhabe durch Barrieren behindert', 'als schwerbehindert eingestuft --- Deutschland', 'als invalid eingestuft --- Schweiz']"
haben besondere Bedürfnisse,v|a|s,unconscious_bias,advanced_ability,"['hat eine Behinderung', '--- nur erwähnen, wenn relevant']","['--- nur erwähnen, wenn relevant']","['--- nur erwähnen, wenn relevant', 'hat eine Behinderung']"
besondere Bedürfnisse haben,a|s|v,unconscious_bias,advanced_ability,"['hat eine Behinderung', '--- nur erwähnen, wenn relevant']","['--- nur erwähnen, wenn relevant']","['--- nur erwähnen, wenn relevant', 'hat eine Behinderung']"
Integration,s,unconscious_bias,advanced_ability,"['Teilhabe', 'Zugang zu Arbeit und Bildung', 'Schritt zur Chancengerechtigkeit', 'Inklusion', 'Engagement für Inklusion']",[],"['Teilhabe', 'Zugang zu Arbeit und Bildung', 'Schritt zur Chancengerechtigkeit', 'Inklusion', 'Engagement für Inklusion']"
invalid,a,unconscious_bias,advanced_ability,"['lebt mit Behinderungen', 'wird behindert', 'hat eine Behinderung', 'ist von Behinderungen betroffen', 'als behindert eingestuft', '--- nicht auf Menschen beziehen']",['--- nicht auf Menschen beziehen'],"['--- nicht auf Menschen beziehen', 'lebt mit Behinderungen', 'wird behindert', 'hat eine Behinderung', 'ist von Behinderungen betroffen', 'als behindert eingestuft']"
Invalide,s,unconscious_bias,advanced_ability,"['jemand, der mit Behinderungen lebt(...)', 'Mensch, der behindert wird(...)', 'Mensch mit Behinderungen(...)', 'Mensch, der als behindert eingestuft ist(...)', 'Mensch, der in seiner Teilhabe durch Barrieren behindert wird(...)']",[],"['jemand, der mit Behinderungen lebt(...)', 'Mensch, der behindert wird(...)', 'Mensch mit Behinderungen(...)', 'Mensch, der als behindert eingestuft ist(...)', 'Mensch, der in seiner Teilhabe durch Barrieren behindert wird(...)']"
Invalidität,s,unconscious_bias,advanced_ability,"['Behinderung', 'Leben mit Behinderungen', 'Einstufung als Mensch mit Behinderungen']",[],"['Behinderung', 'Leben mit Behinderungen', 'Einstufung als Mensch mit Behinderungen']"
sein behindert,v|a,unconscious_bias,advanced_ability,"['lebt mit Behinderungen', 'ist in seiner Teilhabe durch Barrieren behindert', 'hat einen Schwerbehindertenausweis --- Deutschland', 'hat einen Behindertenpass --- Österreich', 'Person mit IV-Ausweis --- Schweiz']",[],"['lebt mit Behinderungen', 'ist in seiner Teilhabe durch Barrieren behindert', 'hat einen Schwerbehindertenausweis --- Deutschland', 'hat einen Behindertenpass --- Österreich', 'Person mit IV-Ausweis --- Schweiz']"
körperlich behindert,a|=a,unconscious_bias,advanced_ability,['mit körperlicher Behinderung'],[],['mit körperlicher Behinderung']
lahmlegen,v,unconscious_bias,advanced_ability,['zum Stillstand bringen'],[],['zum Stillstand bringen']
leiden an,v|,unconscious_bias,advanced_ability,"['hat', 'lebt mit', '--- nicht für Mensch mit Behinderungen']",['--- nicht für Mensch mit Behinderungen'],"['--- nicht für Mensch mit Behinderungen', 'hat', 'lebt mit']"
meistern ihre Behinderung,v||s,unconscious_bias,advanced_ability,"['organisiert ihr Leben mit Behinderungen', 'meistert Barrieren', 'meistert Barrieren, die sie in ihrer Teilhabe hindern', '--- nur erwähnen, wenn relevant']","['--- nur erwähnen, wenn relevant']","['--- nur erwähnen, wenn relevant', 'organisiert ihr Leben mit Behinderungen', 'meistert Barrieren', 'meistert Barrieren, die sie in ihrer Teilhabe hindern']"
seine Behinderung meistern,|s|v,unconscious_bias,advanced_ability,"['organisiert sein Leben mit Behinderungen', 'meistert Barrieren', 'meistert Barrieren, die ihn in seiner Teilhabe hindern', '--- nur erwähnen, wenn relevant']","['--- nur erwähnen, wenn relevant']","['--- nur erwähnen, wenn relevant', 'organisiert sein Leben mit Behinderungen', 'meistert Barrieren', 'meistert Barrieren, die ihn in seiner Teilhabe hindern']"
mit besonderen Bedürfnissen,|a|s,unconscious_bias,advanced_ability,"['mit Behinderungen', 'mit Assistenzbedarf', 'mit Unterstützungsbedarf', '--- nicht für Mensch mit Behinderungen']",['--- nicht für Mensch mit Behinderungen'],"['--- nicht für Mensch mit Behinderungen', 'mit Behinderungen', 'mit Assistenzbedarf', 'mit Unterstützungsbedarf']"
mit Förderbedarf,|s,unconscious_bias,advanced_ability,"['mit Assistenzbedarf', 'mit Unterstützungsbedarf', 'Mensch mit Assistenzbedarf / Mensch mit Unterstützungsbedarf(...)']",[],"['mit Assistenzbedarf', 'mit Unterstützungsbedarf', 'Mensch mit Assistenzbedarf / Mensch mit Unterstützungsbedarf(...)']"
schwerbehindert,a,unconscious_bias,advanced_ability,"['in der Teilhabe durch Barrieren behindert', 'als schwerbehindert eingestuft --- Deutschland', 'als invalid eingestuft --- Schweiz', 'Schwerbehinderung(...)']",[],"['in der Teilhabe durch Barrieren behindert', 'als schwerbehindert eingestuft --- Deutschland', 'als invalid eingestuft --- Schweiz', 'Schwerbehinderung(...)']"
schwerbeschädigt,a,unconscious_bias,advanced_ability,"['in der Teilhabe durch Barrieren behindert', 'als schwerbehindert eingestuft --- Deutschland', 'als invalid eingestuft --- Schweiz', 'Schwerbehinderung(...)']",[],"['in der Teilhabe durch Barrieren behindert', 'als schwerbehindert eingestuft --- Deutschland', 'als invalid eingestuft --- Schweiz', 'Schwerbehinderung(...)']"
trotz Behinderung,|=s,unconscious_bias,advanced_ability,"['mit Behinderung', 'trotz der Barrieren, die in der Teilhabe behindern', '--- nur erwähnen, wenn relevant']","['--- nur erwähnen, wenn relevant']","['--- nur erwähnen, wenn relevant', 'mit Behinderung', 'trotz der Barrieren, die in der Teilhabe behindern']"
trotz Behinderungen,|=s,unconscious_bias,advanced_ability,"['mit Behinderungen', 'trotz der Barrieren, die in der Teilhabe behindern', '--- nur erwähnen, wenn relevant']","['--- nur erwähnen, wenn relevant']","['--- nur erwähnen, wenn relevant', 'mit Behinderungen', 'trotz der Barrieren, die in der Teilhabe behindern']"
trotz ihrer Behinderung,||=s,unconscious_bias,advanced_ability,"['mit ihrer Behinderung', 'trotz der Barrieren, die sie in ihrer Teilhabe behindern', '--- nur erwähnen, wenn relevant']","['--- nur erwähnen, wenn relevant']","['--- nur erwähnen, wenn relevant', 'mit ihrer Behinderung', 'trotz der Barrieren, die sie in ihrer Teilhabe behindern']"
trotz seiner Behinderungen,||=s,unconscious_bias,advanced_ability,"['mit seiner Behinderung', 'trotz der Barrieren, die ihn in seiner Teilhabe behindern', '--- nur erwähnen, wenn relevant']","['--- nur erwähnen, wenn relevant']","['--- nur erwähnen, wenn relevant', 'mit seiner Behinderung', 'trotz der Barrieren, die ihn in seiner Teilhabe behindern']"
versehrt,a,unconscious_bias,advanced_ability,"['mit Behinderungen', 'mit Behinderung', 'als versehrt eingestuft', '--- nicht auf Menschen beziehen']",['--- nicht auf Menschen beziehen'],"['--- nicht auf Menschen beziehen', 'mit Behinderungen', 'mit Behinderung', 'als versehrt eingestuft']"
Zwergenaufstand,s,unconscious_bias,advanced_ability,"['unnötige Aufregung', 'Geste des Widerstands']",[],"['unnötige Aufregung', 'Geste des Widerstands']"
fett,a,ability-physicality,advanced_ability,['--- Nicht zum Beschreiben von Personen'],['--- Nicht zum Beschreiben von Personen'],['--- Nicht zum Beschreiben von Personen']
mager,a,ability-physicality,advanced_ability,['--- Nicht zum Beschreiben von Personen'],['--- Nicht zum Beschreiben von Personen'],['--- Nicht zum Beschreiben von Personen']
mollig,a,ability-physicality,advanced_ability,['--- Nicht zum Beschreiben von Personen'],['--- Nicht zum Beschreiben von Personen'],['--- Nicht zum Beschreiben von Personen']
dick,a,ability-physicality,advanced_ability,['--- Nicht zum Beschreiben von Personen'],['--- Nicht zum Beschreiben von Personen'],['--- Nicht zum Beschreiben von Personen']
klein,a,ability-physicality,advanced_ability,['--- Nicht zum Beschreiben von Personen'],['--- Nicht zum Beschreiben von Personen'],['--- Nicht zum Beschreiben von Personen']
hochgewachsen,a,ability-physicality,advanced_ability,['--- Nicht zum Beschreiben von Personen'],['--- Nicht zum Beschreiben von Personen'],['--- Nicht zum Beschreiben von Personen']
hübsch,a,ability-physicality,advanced_ability,['--- Nicht zum Beschreiben von Personen'],['--- Nicht zum Beschreiben von Personen'],['--- Nicht zum Beschreiben von Personen']
gut aussehend,a,ability-physicality,advanced_ability,['--- Nicht zum Beschreiben von Personen'],['--- Nicht zum Beschreiben von Personen'],['--- Nicht zum Beschreiben von Personen']
hässlich,a,ability-physicality,advanced_ability,['--- Nicht zum Beschreiben von Personen'],['--- Nicht zum Beschreiben von Personen'],['--- Nicht zum Beschreiben von Personen']
bildhübsch,a,ability-physicality,advanced_ability,['--- Nicht zum Beschreiben von Personen'],['--- Nicht zum Beschreiben von Personen'],['--- Nicht zum Beschreiben von Personen']
dürr,a,ability-physicality,advanced_ability,['--- Nicht zum Beschreiben von Personen'],['--- Nicht zum Beschreiben von Personen'],['--- Nicht zum Beschreiben von Personen']
Altersspanne,s,unconscious_bias,age,"['-', 'altersbegrenzt auf(...)']",['-'],"['-', 'altersbegrenzt auf(...)']"
Idealalter,s,unconscious_bias,age,"['-', 'altersbegrenzt auf(...)']",['-'],"['-', 'altersbegrenzt auf(...)']"
älter als,a,unconscious_bias,age,"['erfahrener', 'hat geeignetes Vorwissen', '--- nur erwähnen, wenn relevant']","['--- nur erwähnen, wenn relevant']","['--- nur erwähnen, wenn relevant', 'erfahrener', 'hat geeignetes Vorwissen']"
alt,a,unconscious_bias,age_old,"['älter', 'erfahren', 'kundig', 'routiniert', 'unaufgeregt', 'informiert', 'orientiert', '--- nur erwähnen, wenn relevant']","['--- nur erwähnen, wenn relevant']","['--- nur erwähnen, wenn relevant', 'älter', 'erfahren', 'kundig', 'routiniert', 'unaufgeregt', 'informiert', 'orientiert']"
Maximalalter,s,unconscious_bias,age_old,['Altersgrenze'],[],['Altersgrenze']
reif,a,unconscious_bias,age_old,"['älter', 'erfahren', 'kompetent', 'ausgereift', 'ausgebildet', 'qualifiziert', 'geübt', 'kundig', 'routiniert', 'unaufgeregt', 'informiert', 'orientiert', 'geschult', 'unterrichtet']",[],"['älter', 'erfahren', 'kompetent', 'ausgereift', 'ausgebildet', 'qualifiziert', 'geübt', 'kundig', 'routiniert', 'unaufgeregt', 'informiert', 'orientiert', 'geschult', 'unterrichtet']"
Was Hänschen nicht lernen,|s||v,unconscious_bias,age_old,['-'],['-'],['-']
"Was Hänschen nicht lernen, lernen Hans nimmermehr",|s||v|v|s|,unconscious_bias,age_old,['-'],['-'],['-']
jugendlich,a,unconscious_bias,age_young,"['jünger', 'lebendig', 'tatkräftig', 'lebhaft', 'enthusiastisch', 'engagiert', 'energiegeladen', 'vital', 'eifrig', 'anpassungsfähig', 'schwungvoll', 'aufgeschlossen', 'offen', '--- nur erwähnen, wenn relevant']","['--- nur erwähnen, wenn relevant']","['--- nur erwähnen, wenn relevant', 'jünger', 'lebendig', 'tatkräftig', 'lebhaft', 'enthusiastisch', 'engagiert', 'energiegeladen', 'vital', 'eifrig', 'anpassungsfähig', 'schwungvoll', 'aufgeschlossen', 'offen']"
jung,a,unconscious_bias,age_young,"['jünger', 'lebendig', 'tatkräftig', 'lebhaft', 'enthusiastisch', 'engagiert', 'energiegeladen', 'vital', 'eifrig', 'anpassungsfähig', 'schwungvoll', 'aufgeschlossen', 'offen', '--- nur erwähnen, wenn relevant']","['--- nur erwähnen, wenn relevant']","['--- nur erwähnen, wenn relevant', 'jünger', 'lebendig', 'tatkräftig', 'lebhaft', 'enthusiastisch', 'engagiert', 'energiegeladen', 'vital', 'eifrig', 'anpassungsfähig', 'schwungvoll', 'aufgeschlossen', 'offen']"
umsetzungsstark,a,unconscious_bias,agentic,"['umsetzungsfreudig', 'tatkräftig', 'Arbeiten mit Elan zum Abschluss bringend(...)']",[],"['umsetzungsfreudig', 'tatkräftig', 'Arbeiten mit Elan zum Abschluss bringend(...)']"
dominant,a,unconscious_bias,agentic,"['geradlinig', 'nachdrücklich', 'engagiert', 'auf die eigene Kompetenz vertrauend(...)']",[],"['geradlinig', 'nachdrücklich', 'engagiert', 'auf die eigene Kompetenz vertrauend(...)']"
überzeugt,a,unconscious_bias,agentic,"['auf die eigene Kompetenz/Erfahrung vertrauend(...)', 'die eigene Meinung/Arbeit vertretend(...)']",[],"['auf die eigene Kompetenz/Erfahrung vertrauend(...)', 'die eigene Meinung/Arbeit vertretend(...)']"
draufgängerisch,a,unconscious_bias,agentic,"['experimentierfreudig', 'auf die eigenen Kompetenzen vertrauend(...)', 'interessiert an Neuem(...)', 'bereit, Ideen auszuprobieren(...)']",[],"['experimentierfreudig', 'auf die eigenen Kompetenzen vertrauend(...)', 'interessiert an Neuem(...)', 'bereit, Ideen auszuprobieren(...)']"
angreifend,a,unconscious_bias,agentic,"['hinterfragend', 'infrage stellend', 'rückfragend', 'austestend', 'auf Glaubwürdigkeit (Intention, Gründe, ...) prüfend']",[],"['hinterfragend', 'infrage stellend', 'rückfragend', 'austestend', 'auf Glaubwürdigkeit (Intention, Gründe, ...) prüfend']"
zielorientiert,a,unconscious_bias,agentic,"['umsetzungsfreudig', 'strebsam', 'fleißig', 'engagiert und fokussiert', 'auf Meilensteine fokussiert(...)', 'motiviert auf Meilensteine hinarbeiten wollen(...)']",[],"['umsetzungsfreudig', 'strebsam', 'fleißig', 'engagiert und fokussiert', 'auf Meilensteine fokussiert(...)', 'motiviert auf Meilensteine hinarbeiten wollen(...)']"
zielstrebig,a,unconscious_bias,agentic,"['umsetzungsfreudig', 'strebsam', 'fleißig', 'engagiert und fokussiert', 'auf Meilensteine fokussiert(...)', 'motiviert auf Meilensteine hinarbeiten wollen(...)']",[],"['umsetzungsfreudig', 'strebsam', 'fleißig', 'engagiert und fokussiert', 'auf Meilensteine fokussiert(...)', 'motiviert auf Meilensteine hinarbeiten wollen(...)']"
rücksichtslos,a,unconscious_bias,agentic,"['--- nicht auf Menschen beziehen', 'auf Ziele fokussiert(...)', 'fähig, Reibung auszuhalten,(...)', 'sich vom Weg nicht abbringen lassen(...)']",['--- nicht auf Menschen beziehen'],"['--- nicht auf Menschen beziehen', 'auf Ziele fokussiert(...)', 'fähig, Reibung auszuhalten,(...)', 'sich vom Weg nicht abbringen lassen(...)']"
gewinnen,v,unconscious_bias,agentic,"['erarbeiten', 'erwerben', 'dazulernen', 'interessieren', 'insistieren', 'aus Erfahrung Neues schaffen(...)', 'für (...) einnehmen', 'für (...) begeistern', 'nicht locker lassen(...)', 'sich nicht abbringen lassen(...)']",[],"['erarbeiten', 'erwerben', 'dazulernen', 'interessieren', 'insistieren', 'aus Erfahrung Neues schaffen(...)', 'für (...) einnehmen', 'für (...) begeistern', 'nicht locker lassen(...)', 'sich nicht abbringen lassen(...)']"
Auseinandersetzung,s,unconscious_bias,agentic,"['Meinungsaustausch', 'Gedankenaustausch', 'Diskussion', 'Austausch', 'Austausch als Lernchance (...)']",[],"['Meinungsaustausch', 'Gedankenaustausch', 'Diskussion', 'Austausch', 'Austausch als Lernchance (...)']"
Jagd,s,unconscious_bias,agentic,"['Suche', 'Eile', 'Spiel', 'Revier', 'Bemühung, (Meilensteine, Ziele, ...) zu erreichen', 'Serie von Widrigkeiten(...)', 'komplexe Situation(...)']",[],"['Suche', 'Eile', 'Spiel', 'Revier', 'Bemühung, (Meilensteine, Ziele, ...) zu erreichen', 'Serie von Widrigkeiten(...)', 'komplexe Situation(...)']"
prahlen,v,unconscious_bias,agentic,"['bereit, die eigene Meinung (Idee, Arbeit, ...) zu vertreten', 'Freude über gemeinsam erreichte Meilensteine zeigen(...)']",[],"['bereit, die eigene Meinung (Idee, Arbeit, ...) zu vertreten', 'Freude über gemeinsam erreichte Meilensteine zeigen(...)']"
kämpfend,a,unconscious_bias,agentic,"['verteidigend', 'sich engagierend', 'befürwortend', 'unterstützend', 'argumentierend', 'entgegenwirkend', 'sich einsetzend', 'bereit, für (...) einzutreten', 'mit Rat und Tat begleitend(...)']",[],"['verteidigend', 'sich engagierend', 'befürwortend', 'unterstützend', 'argumentierend', 'entgegenwirkend', 'sich einsetzend', 'bereit, für (...) einzutreten', 'mit Rat und Tat begleitend(...)']"
aufstiegsorientiert,a,unconscious_bias,agentic,"['eifrig', 'strebsam', 'fleißig', 'engagiert', 'entwicklungsmotiviert', 'unternehmerisch', 'bereit, größere Verantwortung zu übernehmen(...)', 'interessiert an persönlichem Wachstum(...)', 'engagiert im Hinarbeiten auf (gemeinsame, gesetzte, ...) Ziele', 'mit neu gewonnenem Wissen und Erfahrung weiterkommen wollen(...)']",[],"['eifrig', 'strebsam', 'fleißig', 'engagiert', 'entwicklungsmotiviert', 'unternehmerisch', 'bereit, größere Verantwortung zu übernehmen(...)', 'interessiert an persönlichem Wachstum(...)', 'engagiert im Hinarbeiten auf (gemeinsame, gesetzte, ...) Ziele', 'mit neu gewonnenem Wissen und Erfahrung weiterkommen wollen(...)']"
aufstrebend,a,unconscious_bias,agentic,"['eifrig', 'strebsam', 'fleißig', 'engagiert', 'entwicklungsmotiviert', 'unternehmerisch', 'bereit, größere Verantwortung zu übernehmen(...)', 'interessiert an persönlichem Wachstum(...)', 'engagiert im Hinarbeiten auf (gemeinsame, gesetzte, ...) Ziele', 'mit neu gewonnenem Wissen und Erfahrung weiterkommen wollen(...)']",[],"['eifrig', 'strebsam', 'fleißig', 'engagiert', 'entwicklungsmotiviert', 'unternehmerisch', 'bereit, größere Verantwortung zu übernehmen(...)', 'interessiert an persönlichem Wachstum(...)', 'engagiert im Hinarbeiten auf (gemeinsame, gesetzte, ...) Ziele', 'mit neu gewonnenem Wissen und Erfahrung weiterkommen wollen(...)']"
kompetitiv,a,unconscious_bias,agentic,"['unternehmerisch', 'bereit, Kompetenz einzusetzen(...)', 'interessiert, mit anderen (...) zu erreichen', 'durch das Engagement von anderen motiviert(...)']",[],"['unternehmerisch', 'bereit, Kompetenz einzusetzen(...)', 'interessiert, mit anderen (...) zu erreichen', 'durch das Engagement von anderen motiviert(...)']"
hart,a,unconscious_bias,agentic,"['resilient', 'geradlinig', 'komplex', 'fokussiert', 'unbeirrt', 'bereit, Ziele zu anzugehen(...)', 'sich vom Weg nicht abbringen lassend(...)', 'den Weg vorlebend(...)']",[],"['resilient', 'geradlinig', 'komplex', 'fokussiert', 'unbeirrt', 'bereit, Ziele zu anzugehen(...)', 'sich vom Weg nicht abbringen lassend(...)', 'den Weg vorlebend(...)']"
Durchsetzungsfähigkeit,s,unconscious_bias,agentic,"['Umsetzungsfreude', 'Fokus', 'Effizienz', 'Regsamkeit', 'Freude am Vertreten des eigenen Standpunkts', 'Fähigkeit, wirkungsvoll zu kommunizieren', 'Bereitschaft, (...) zu vertreten', 'Fähigkeit, andere für (gemeinsame Ziele, Ideen, Pläne) einzunehmen(...)', 'Energie und Kompetenz, Stakeholder mitzureißen(...)']",[],"['Umsetzungsfreude', 'Fokus', 'Effizienz', 'Regsamkeit', 'Freude am Vertreten des eigenen Standpunkts', 'Fähigkeit, wirkungsvoll zu kommunizieren', 'Bereitschaft, (...) zu vertreten', 'Fähigkeit, andere für (gemeinsame Ziele, Ideen, Pläne) einzunehmen(...)', 'Energie und Kompetenz, Stakeholder mitzureißen(...)']"
Durchsetzungskraft,s,unconscious_bias,agentic,"['Umsetzungsfreude', 'Fokus', 'Effizienz', 'Regsamkeit', 'Freude am Vertreten des eigenen Standpunkts', 'Fähigkeit, wirkungsvoll zu kommunizieren', 'Bereitschaft, (...) zu vertreten', 'Fähigkeit, andere für (gemeinsame Ziele, Ideen, Pläne) einzunehmen(...)', 'Energie und Kompetenz, Stakeholder mitzureißen(...)']",[],"['Umsetzungsfreude', 'Fokus', 'Effizienz', 'Regsamkeit', 'Freude am Vertreten des eigenen Standpunkts', 'Fähigkeit, wirkungsvoll zu kommunizieren', 'Bereitschaft, (...) zu vertreten', 'Fähigkeit, andere für (gemeinsame Ziele, Ideen, Pläne) einzunehmen(...)', 'Energie und Kompetenz, Stakeholder mitzureißen(...)']"
Durchsetzungsstärke,s,unconscious_bias,agentic,"['Umsetzungsfreude', 'Fokus', 'Effizienz', 'Regsamkeit', 'Freude am Vertreten des eigenen Standpunkts', 'Fähigkeit, wirkungsvoll zu kommunizieren', 'Bereitschaft, (...) zu vertreten', 'Fähigkeit, andere für (gemeinsame Ziele, Ideen, Pläne) einzunehmen(...)', 'Energie und Kompetenz, Stakeholder mitzureißen(...)']",[],"['Umsetzungsfreude', 'Fokus', 'Effizienz', 'Regsamkeit', 'Freude am Vertreten des eigenen Standpunkts', 'Fähigkeit, wirkungsvoll zu kommunizieren', 'Bereitschaft, (...) zu vertreten', 'Fähigkeit, andere für (gemeinsame Ziele, Ideen, Pläne) einzunehmen(...)', 'Energie und Kompetenz, Stakeholder mitzureißen(...)']"
Durchsetzungsvermögen,s,unconscious_bias,agentic,"['Umsetzungsfreude', 'Fokus', 'Effizienz', 'Regsamkeit', 'Freude am Vertreten des eigenen Standpunkts', 'Fähigkeit, wirkungsvoll zu kommunizieren', 'Bereitschaft, (...) zu vertreten', 'Fähigkeit, andere für (gemeinsame Ziele, Ideen, Pläne) einzunehmen(...)', 'Energie und Kompetenz, Stakeholder mitzureißen(...)']",[],"['Umsetzungsfreude', 'Fokus', 'Effizienz', 'Regsamkeit', 'Freude am Vertreten des eigenen Standpunkts', 'Fähigkeit, wirkungsvoll zu kommunizieren', 'Bereitschaft, (...) zu vertreten', 'Fähigkeit, andere für (gemeinsame Ziele, Ideen, Pläne) einzunehmen(...)', 'Energie und Kompetenz, Stakeholder mitzureißen(...)']"
Eigenverantwortung,s,unconscious_bias,agentic,"['Freude an Verantwortung', 'Gewissenhaftigkeit', 'Pflichtbewusstsein', 'Zuverlässigkeit', 'Bereitschaft, das Nötige zu tun(...)', 'unternehmerisches Denken(...)']",[],"['Freude an Verantwortung', 'Gewissenhaftigkeit', 'Pflichtbewusstsein', 'Zuverlässigkeit', 'Bereitschaft, das Nötige zu tun(...)', 'unternehmerisches Denken(...)']"
Autonomität,s,unconscious_bias,agentic,"['Verantwortungsbereitschaft', 'Bereitschaft, die eigenen Kompetenzen einzusetzen,(...)', 'Fokus auf das Lösen anliegender Aufgaben(...)']",[],"['Verantwortungsbereitschaft', 'Bereitschaft, die eigenen Kompetenzen einzusetzen,(...)', 'Fokus auf das Lösen anliegender Aufgaben(...)']"
Feindseligkeit,s,unconscious_bias,agentic,"['Engagement', 'Bereitschaft, für (...) zu argumentieren', 'Begeisterung, für (...) einzutreten']",[],"['Engagement', 'Bereitschaft, für (...) zu argumentieren', 'Begeisterung, für (...) einzutreten']"
Eigenständigkeit,s,unconscious_bias,agentic,"['Fokussierung auf Aufgaben', 'Freude an Verantwortung', 'Bereitschaft, Kompetenz einsetzen(...)']",[],"['Fokussierung auf Aufgaben', 'Freude an Verantwortung', 'Bereitschaft, Kompetenz einsetzen(...)']"
überzeugend,a,unconscious_bias,agentic,"['interessant', 'effektiv', 'befriedigend', 'glaubwürdig', 'Botschaften effektiv kommunizierend(...)', 'andere für Ideen begeisternd(...)', 'inspirierend(...)', 'jemand, auf dessen Meinung Menschen vertrauen(...)', 'Mensch, der gut verhandeln kann(...)']",[],"['interessant', 'effektiv', 'befriedigend', 'glaubwürdig', 'Botschaften effektiv kommunizierend(...)', 'andere für Ideen begeisternd(...)', 'inspirierend(...)', 'jemand, auf dessen Meinung Menschen vertrauen(...)', 'Mensch, der gut verhandeln kann(...)']"
sich wehren,v,unconscious_bias,agentic,"['das eigene Vorgehen erläutern(...)', 'den eigenen Standpunkt kommunizieren(...)', 'seine Sicht vertreten(...)']",[],"['das eigene Vorgehen erläutern(...)', 'den eigenen Standpunkt kommunizieren(...)', 'seine Sicht vertreten(...)']"
überlegen,a,unconscious_bias,agentic,"['angesehen', 'fortschrittlich', 'kompetent', 'einflussreich', 'tonangebend', 'das Vertrauen der Kundschaft besitzend(...)', 'beeinflussend(...)', 'den Markt beeinflussend(...)', 'den Maßstab setzend(...)']",[],"['angesehen', 'fortschrittlich', 'kompetent', 'einflussreich', 'tonangebend', 'das Vertrauen der Kundschaft besitzend(...)', 'beeinflussend(...)', 'den Markt beeinflussend(...)', 'den Maßstab setzend(...)']"
ausschlaggebend,a,unconscious_bias,agentic,"['wesentlich', 'wichtig', 'das Zünglein an der Waage(...)']",[],"['wesentlich', 'wichtig', 'das Zünglein an der Waage(...)']"
gewagt,a,unconscious_bias,agentic,"['optimistisch', 'ausgefallen', 'beherzt', 'die Chancen im Blick habend(...)', 'offen für Experimente(...)', 'bereit, Neues auszuprobieren(...)', 'auf die eigenen Kompetenzen vertrauend(...)']",[],"['optimistisch', 'ausgefallen', 'beherzt', 'die Chancen im Blick habend(...)', 'offen für Experimente(...)', 'bereit, Neues auszuprobieren(...)', 'auf die eigenen Kompetenzen vertrauend(...)']"
antreiben,v,unconscious_bias,agentic,"['anleiten', 'anregen', 'motivieren', 'unterstützen', 'die Initiative (für ...) ergreifen', 'sich engagieren (für)(...)']",[],"['anleiten', 'anregen', 'motivieren', 'unterstützen', 'die Initiative (für ...) ergreifen', 'sich engagieren (für)(...)']"
treiben,v,unconscious_bias,agentic,"['motivieren', 'inspirieren', 'beschwingen', 'die Richtung vorgeben(...)', 'Freude am Erreichen von Meilensteinen bereiten(...)']",[],"['motivieren', 'inspirieren', 'beschwingen', 'die Richtung vorgeben(...)', 'Freude am Erreichen von Meilensteinen bereiten(...)']"
treibend,a,unconscious_bias,agentic,"['motivierend', 'inspirierend', 'die Richtung vorgebend(...)', 'mit Freude am Erreichen von Meilensteinen(...)']",[],"['motivierend', 'inspirierend', 'die Richtung vorgebend(...)', 'mit Freude am Erreichen von Meilensteinen(...)']"
leiten,v,unconscious_bias,agentic,"['unterstützen', 'coachen', 'mitnehmen', 'lenken', 'anleiten', 'begleiten', 'die Vision kommunizieren(...)', 'Erwartungen kommunizieren(...)', 'Prioritäten erläutern(...)', 'das Team auf dem Weg mitnehmen(...)']",[],"['unterstützen', 'coachen', 'mitnehmen', 'lenken', 'anleiten', 'begleiten', 'die Vision kommunizieren(...)', 'Erwartungen kommunizieren(...)', 'Prioritäten erläutern(...)', 'das Team auf dem Weg mitnehmen(...)']"
getrieben,a,unconscious_bias,agentic,"['spontan', 'lebendig', 'beweglich', 'lebhaft', 'begeistert', 'rege', 'schwungvoll', 'emphatisch', 'engagiert', 'begeisterungsfähig', 'fokussiert', 'durch Meilensteine motiviert(...)', '(...)']",[],"['spontan', 'lebendig', 'beweglich', 'lebhaft', 'begeistert', 'rege', 'schwungvoll', 'emphatisch', 'engagiert', 'begeisterungsfähig', 'fokussiert', 'durch Meilensteine motiviert(...)', '(...)']"
anspruchsvoll,a,unconscious_bias,agentic,"['sorgfältig', 'präzise', 'komplex', 'durch neue Problemstellungen motiviert(...)', 'mit Blick für das Wesentliche(...)', 'hinterfragt Zahlen (Fakten, Informationen, ...), bevor sie ihnen vertraut']",[],"['sorgfältig', 'präzise', 'komplex', 'durch neue Problemstellungen motiviert(...)', 'mit Blick für das Wesentliche(...)', 'hinterfragt Zahlen (Fakten, Informationen, ...), bevor sie ihnen vertraut']"
herausgefordert,a,unconscious_bias,agentic,"['vor interessante Aufgaben gestellt', 'vor spannende Fragen gestellt', 'eine Chance, zu zeigen, was (...) kann']",[],"['vor interessante Aufgaben gestellt', 'vor spannende Fragen gestellt', 'eine Chance, zu zeigen, was (...) kann']"
herrschend,a,unconscious_bias,agentic,"['geltend', 'gültig', 'unbestritten', 'anerkannt', 'verbindlich', 'vorkommend', 'lenkend', 'prägend', 'waltend', 'verwaltend', 'gestaltend', 'durchführend', 'betreuend', 'steuernd', 'überwiegend', 'regelnd', 'vorstehend', 'eine Form gebend(...)', 'die Richtung kommunizierend(...)', 'den Vorsitz übernehmend(...)']",[],"['geltend', 'gültig', 'unbestritten', 'anerkannt', 'verbindlich', 'vorkommend', 'lenkend', 'prägend', 'waltend', 'verwaltend', 'gestaltend', 'durchführend', 'betreuend', 'steuernd', 'überwiegend', 'regelnd', 'vorstehend', 'eine Form gebend(...)', 'die Richtung kommunizierend(...)', 'den Vorsitz übernehmend(...)']"
behaupten,v,unconscious_bias,agentic,"['sagen', 'darlegen', 'feststellen', 'zur Diskussion stellen', 'eine Meinung vertreten(...)', 'die eigene Perspektive kommunizieren(...)', 'Erfahrungen teilen(...)', 'auf die eigenen Kompetenzen vertrauen(...)']",[],"['sagen', 'darlegen', 'feststellen', 'zur Diskussion stellen', 'eine Meinung vertreten(...)', 'die eigene Perspektive kommunizieren(...)', 'Erfahrungen teilen(...)', 'auf die eigenen Kompetenzen vertrauen(...)']"
zäh,a,unconscious_bias,agentic,"['resilient', 'geduldig', 'einen langen Atem haben(...)']",[],"['resilient', 'geduldig', 'einen langen Atem haben(...)']"
belastbar,a,unconscious_bias,agentic,"['stabil', 'ruhig und besonnen', 'resilient', 'mit langem Atem', '--- nicht für Personen verwenden', 'einen langen Atem haben(...)', 'Energieressourcen haben(...)', 'gute Bewältigungsmechanismen haben(...)', 'mit seinen Ressourcen Haus halten(...)', 'die eigenen Grenzen kennen(...)']",['--- nicht für Personen verwenden'],"['--- nicht für Personen verwenden', 'stabil', 'ruhig und besonnen', 'resilient', 'mit langem Atem', 'einen langen Atem haben(...)', 'Energieressourcen haben(...)', 'gute Bewältigungsmechanismen haben(...)', 'mit seinen Ressourcen Haus halten(...)', 'die eigenen Grenzen kennen(...)']"
Durchhaltevermögen,s,unconscious_bias,agentic,"['einen langen Atem haben(...)', 'Fähigkeit, an Dingen dranzubleiben(...)']",[],"['einen langen Atem haben(...)', 'Fähigkeit, an Dingen dranzubleiben(...)']"
Ausdauer,s,unconscious_bias,agentic,"['Ruhe', 'Geduld', 'Besonnenheit', 'einen langen Atem haben(...)', 'Fähigkeit, an Dingen dranzubleiben,(...)', 'Neigung zu langfristigem Planen(...)']",[],"['Ruhe', 'Geduld', 'Besonnenheit', 'einen langen Atem haben(...)', 'Fähigkeit, an Dingen dranzubleiben,(...)', 'Neigung zu langfristigem Planen(...)']"
hartnäckig,a,unconscious_bias,agentic,"['geduldig', 'resilient', 'fokussiert', 'beständig', 'stetig', 'einen langen Atem haben(...)', 'langfristig denkend(...)']",[],"['geduldig', 'resilient', 'fokussiert', 'beständig', 'stetig', 'einen langen Atem haben(...)', 'langfristig denkend(...)']"
Unabhängigkeit,s,unconscious_bias,agentic,"['Neutralität', 'Unvoreingenommenheit', 'Vielseitigkeit', 'Kompetenz', 'Einfallsreichtum im Erarbeiten von Zielen(...)', 'Fokus auf eigene Aufgaben/Verantwortung(...)', 'Bereitschaft, persönliche Verantwortung zu tragen(...)']",[],"['Neutralität', 'Unvoreingenommenheit', 'Vielseitigkeit', 'Kompetenz', 'Einfallsreichtum im Erarbeiten von Zielen(...)', 'Fokus auf eigene Aufgaben/Verantwortung(...)', 'Bereitschaft, persönliche Verantwortung zu tragen(...)']"
dienstleistungsorientiert,a,unconscious_bias,agentic,"['serviceorientiert', 'einfühlsam im Umgang mit Kundschaft(...)', 'stolz, Kundschaft zu deren Zufriedenheit zu betreuen(...)', 'engagiert, Erwartungen der Kundschaft zu erfüllen(...)']",[],"['serviceorientiert', 'einfühlsam im Umgang mit Kundschaft(...)', 'stolz, Kundschaft zu deren Zufriedenheit zu betreuen(...)', 'engagiert, Erwartungen der Kundschaft zu erfüllen(...)']"
Dienstleistungsorientierung,s,unconscious_bias,agentic,"['Serviceorientierung', 'Einfühlsamkeit im Umgang mit Kundschaft(...)', 'Motivation, Kundschaft zu deren Zufriedenheit zu betreuen(...)', 'Engagement im Erfüllen der Erwartungen der Kundschaft(...)']",[],"['Serviceorientierung', 'Einfühlsamkeit im Umgang mit Kundschaft(...)', 'Motivation, Kundschaft zu deren Zufriedenheit zu betreuen(...)', 'Engagement im Erfüllen der Erwartungen der Kundschaft(...)']"
Ehrgeiz,s,unconscious_bias,agentic,"['Fleiß', 'Eifer', 'Strebsamkeit', 'Engagement', 'Entwicklungsmotivation', 'unternehmerische Haltung', 'Freude an mehr Verantwortung', 'Freude am Setzen und Verwirklichen von Zielen', 'Interesse an persönlichem Wachstum', 'Engagement für gemeinsame Ziele(...)', 'Engagement für gesetzte Meilensteine(...)', 'Freude am Weiterkommen(...)']",[],"['Fleiß', 'Eifer', 'Strebsamkeit', 'Engagement', 'Entwicklungsmotivation', 'unternehmerische Haltung', 'Freude an mehr Verantwortung', 'Freude am Setzen und Verwirklichen von Zielen', 'Interesse an persönlichem Wachstum', 'Engagement für gemeinsame Ziele(...)', 'Engagement für gesetzte Meilensteine(...)', 'Freude am Weiterkommen(...)']"
ambitioniert,a,unconscious_bias,agentic,"['engagiert', 'entwicklungsmotiviert', 'unternehmerisch denkend', 'bereit, größere Verantwortung zu übernehmen', 'interessiert an persönlichem Wachstum', 'engagiert im Hinarbeiten auf (gemeinsame, gesetzte, ...) Ziele', 'interessiert, neues Wissen und neue Erfahrung anzuwenden(...)']",[],"['engagiert', 'entwicklungsmotiviert', 'unternehmerisch denkend', 'bereit, größere Verantwortung zu übernehmen', 'interessiert an persönlichem Wachstum', 'engagiert im Hinarbeiten auf (gemeinsame, gesetzte, ...) Ziele', 'interessiert, neues Wissen und neue Erfahrung anzuwenden(...)']"
ehrgeizig,a,unconscious_bias,agentic,"['eifrig', 'strebsam', 'fleißig', 'engagiert', 'entwicklungsmotiviert', 'unternehmerisch', 'bereit, größere Verantwortung zu übernehmen', 'interessiert an persönlichem Wachstum', 'engagiert im Hinarbeiten auf (gemeinsame, gesetzte) Ziele(...)', 'mit neu gewonnenem Wissen und Erfahrung weiterkommen wollen(...)']",[],"['eifrig', 'strebsam', 'fleißig', 'engagiert', 'entwicklungsmotiviert', 'unternehmerisch', 'bereit, größere Verantwortung zu übernehmen', 'interessiert an persönlichem Wachstum', 'engagiert im Hinarbeiten auf (gemeinsame, gesetzte) Ziele(...)', 'mit neu gewonnenem Wissen und Erfahrung weiterkommen wollen(...)']"
Leistungsbereitschaft,s,unconscious_bias,agentic,"['Tatkraft', 'Engagement', 'Fleiß', 'Strebsamkeit', 'Enthusiasmus in der Umsetzung(...)']",[],"['Tatkraft', 'Engagement', 'Fleiß', 'Strebsamkeit', 'Enthusiasmus in der Umsetzung(...)']"
wettbewerbsfähig,a,unconscious_bias,agentic,"['fleißig', 'tüchtig', 'unternehmerisch in Denken und Handeln', 'preisgünstig', 'umsetzungsfreudig', 'enthusiastisch im Erreichen von gemeinsamen Meilensteinen(...)', 'Kundenkriterien erfüllend(...)']",[],"['fleißig', 'tüchtig', 'unternehmerisch in Denken und Handeln', 'preisgünstig', 'umsetzungsfreudig', 'enthusiastisch im Erreichen von gemeinsamen Meilensteinen(...)', 'Kundenkriterien erfüllend(...)']"
leisten,v,unconscious_bias,agentic,"['lösen', 'erledigen', 'anpacken', 'erarbeiten', 'enthusiastisch umsetzen(...)', 'mit Energie angehen(...)', 'tatkräftig sein(...)']",[],"['lösen', 'erledigen', 'anpacken', 'erarbeiten', 'enthusiastisch umsetzen(...)', 'mit Energie angehen(...)', 'tatkräftig sein(...)']"
Sieg,s,unconscious_bias,agentic,"['erarbeiteter Meilenstein(...)', 'verwirklichte Vision(...)', 'gemeinsam erfüllte Aufgabe(...)', 'zusammen umgesetztes Ziel(...)']",[],"['erarbeiteter Meilenstein(...)', 'verwirklichte Vision(...)', 'gemeinsam erfüllte Aufgabe(...)', 'zusammen umgesetztes Ziel(...)']"
Eroberung,s,unconscious_bias,agentic,"['Entdeckung', 'Erwerb neuer Kenntnisse(...)', 'inspiriert durch das Unbekannte(...)']",[],"['Entdeckung', 'Erwerb neuer Kenntnisse(...)', 'inspiriert durch das Unbekannte(...)']"
schlagkräftig,a,unconscious_bias,agentic,"['nachvollziehbar', 'einnehmend', 'fähig, gut zu argumentieren(...)', 'Stakeholder mitreißend(...)']",[],"['nachvollziehbar', 'einnehmend', 'fähig, gut zu argumentieren(...)', 'Stakeholder mitreißend(...)']"
militant,a,unconscious_bias,agentic,"['unverzagt', 'zuversichtlich', 'einsatzbereit', 'unverdrossen', 'tatkräftig', 'beherzt', 'argumentationsfreudig', 'fähig, Reibungen zu bewältigen(...)', 'bereit, sich für (...) einzusetzen', 'bereit, (eine Meinung, Idee, Arbeit, ...) zu vertreten']",[],"['unverzagt', 'zuversichtlich', 'einsatzbereit', 'unverdrossen', 'tatkräftig', 'beherzt', 'argumentationsfreudig', 'fähig, Reibungen zu bewältigen(...)', 'bereit, sich für (...) einzusetzen', 'bereit, (eine Meinung, Idee, Arbeit, ...) zu vertreten']"
offensiv,a,unconscious_bias,agentic,"['unverzagt', 'zuversichtlich', 'optimistisch', 'einsatzbereit', 'unverdrossen', 'tatkräftig', 'beherzt', 'argumentationsfreudig', 'fähig, Reibungen zu bewältigen(...)', 'bereit, sich für (...) einzusetzen', 'bereit, (eine Meinung, Idee, Arbeit, ...) zu vertreten', 'die Initiative ergreifend(...)']",[],"['unverzagt', 'zuversichtlich', 'optimistisch', 'einsatzbereit', 'unverdrossen', 'tatkräftig', 'beherzt', 'argumentationsfreudig', 'fähig, Reibungen zu bewältigen(...)', 'bereit, sich für (...) einzusetzen', 'bereit, (eine Meinung, Idee, Arbeit, ...) zu vertreten', 'die Initiative ergreifend(...)']"
kampflustig,a,unconscious_bias,agentic,"['unverzagt', 'zuversichtlich', 'optimistisch', 'einsatzbereit', 'unverdrossen', 'tatkräftig', 'beherzt', 'argumentationsfreudig', 'fähig, Reibungen zu bewältigen(...)', 'bereit, sich für (...) einzusetzen', 'bereit, (eine Meinung, Idee, Arbeit) zu vertreten(...)']",[],"['unverzagt', 'zuversichtlich', 'optimistisch', 'einsatzbereit', 'unverdrossen', 'tatkräftig', 'beherzt', 'argumentationsfreudig', 'fähig, Reibungen zu bewältigen(...)', 'bereit, sich für (...) einzusetzen', 'bereit, (eine Meinung, Idee, Arbeit) zu vertreten(...)']"
Härte,s,unconscious_bias,agentic,"['Unbeirrbarkeit', 'Resilienz', 'Komplexität', 'Fokussiertheit', 'Geradlinigkeit', 'Fokussierung auf ein Ziel(...)', 'Fähigkeit, sich nicht vom Weg abbringen zu lassen(...)']",[],"['Unbeirrbarkeit', 'Resilienz', 'Komplexität', 'Fokussiertheit', 'Geradlinigkeit', 'Fokussierung auf ein Ziel(...)', 'Fähigkeit, sich nicht vom Weg abbringen zu lassen(...)']"
Hunger,s,unconscious_bias,agentic,"['Interesse', 'Begeisterung', 'Motivation', 'Fleiß', 'Freude am Erwirken von Meilensteinen(...)', 'Wunsch, Visionen zu realisieren(...)']",[],"['Interesse', 'Begeisterung', 'Motivation', 'Fleiß', 'Freude am Erwirken von Meilensteinen(...)', 'Wunsch, Visionen zu realisieren(...)']"
feindselig,a,unconscious_bias,agentic,"['offenherzig', 'hinterfragend', 'engagiert', 'für (...) engagiert', 'bereit, für (...) zu argumentieren', 'für (...) begeistert eintreten', 'das Gespräch suchend(...)']",[],"['offenherzig', 'hinterfragend', 'engagiert', 'für (...) engagiert', 'bereit, für (...) zu argumentieren', 'für (...) begeistert eintreten', 'das Gespräch suchend(...)']"
brüsten,v,unconscious_bias,agentic,"['sich identifizieren', 'sich identifizieren mit', 'sich freuen', 'sich freuen über', 'für getane Arbeit einstehen(...)', 'den eigenen Beitrag vertreten(...)', 'kommunizieren --- Ergebnisse(...)']",[],"['sich identifizieren', 'sich identifizieren mit', 'sich freuen', 'sich freuen über', 'für getane Arbeit einstehen(...)', 'den eigenen Beitrag vertreten(...)', 'kommunizieren --- Ergebnisse(...)']"
streiten,v,unconscious_bias,agentic,"['diskutieren', 'sich austauschen', 'argumentieren', 'Für und Wider erwägen(...)', 'Reibungen bewältigen(...)', 'sich offen (für ...) einsetzen', '(...) vertreten', 'sich mit Energie (für ...) einbringen']",[],"['diskutieren', 'sich austauschen', 'argumentieren', 'Für und Wider erwägen(...)', 'Reibungen bewältigen(...)', 'sich offen (für ...) einsetzen', '(...) vertreten', 'sich mit Energie (für ...) einbringen']"
Wettbewerb,s,unconscious_bias,agentic,"['Gelegenheit, Kompetenz einzusetzen(...)', 'Angehen derselben Meilensteine im Team(...)', 'Engagement im Erreichen der gleichen Ziele(...)']",[],"['Gelegenheit, Kompetenz einzusetzen(...)', 'Angehen derselben Meilensteine im Team(...)', 'Engagement im Erreichen der gleichen Ziele(...)']"
autonom,a,unconscious_bias,agentic,"['verantwortungsbereit', 'gern, die eigene Kompetenz einsetzen(...)', 'auf Aufgaben fokussiert(...)', 'bereit, Verantwortung zu tragen,(...)']",[],"['verantwortungsbereit', 'gern, die eigene Kompetenz einsetzen(...)', 'auf Aufgaben fokussiert(...)', 'bereit, Verantwortung zu tragen,(...)']"
ausfällig,a,unconscious_bias,agentic,"['argumentationsfreudig', 'diskussionsbereit', 'hinterfragen(...)', 'ins Detail gehen(...)', 'offen im Äußern von Besorgnis(...)']",[],"['argumentationsfreudig', 'diskussionsbereit', 'hinterfragen(...)', 'ins Detail gehen(...)', 'offen im Äußern von Besorgnis(...)']"
jagen,v,unconscious_bias,agentic,"['angehen', 'nachgehen', 'nachkommen', 'suchen', 'beobachten', 'im Blick behalten(...)', 'Überblick behalten(...)', 'fokussiert umsetzen(...)']",[],"['angehen', 'nachgehen', 'nachkommen', 'suchen', 'beobachten', 'im Blick behalten(...)', 'Überblick behalten(...)', 'fokussiert umsetzen(...)']"
individuell,a,unconscious_bias,agentic,"['persönlich', 'im Einklang mit den persönlichen Wünschen(...)', 'auf persönliche Ziele zugeschnitten(...)', 'auf die persönlichen Kompetenzen vertrauend(...)', 'bereit, persönliche Verantwortung zu tragen(...)']",[],"['persönlich', 'im Einklang mit den persönlichen Wünschen(...)', 'auf persönliche Ziele zugeschnitten(...)', 'auf die persönlichen Kompetenzen vertrauend(...)', 'bereit, persönliche Verantwortung zu tragen(...)']"
beherrschen,v,unconscious_bias,agentic,"['lenken', 'anleiten', 'steuern', 'im Griff haben(...)', 'den Überblick wahren(...)', 'Kompetenz zeigen(...)', 'Themen aufzeigen(...)', 'offene Punkte aufzeigen(...)', 'gemeinsame Richtung aufzeigen(...)', 'mitnehmen(...)', 'das Team mitnehmen(...)', 'Meilensteine kommunizieren(...)', 'Erwartungen kommunizieren(...)']",[],"['lenken', 'anleiten', 'steuern', 'im Griff haben(...)', 'den Überblick wahren(...)', 'Kompetenz zeigen(...)', 'Themen aufzeigen(...)', 'offene Punkte aufzeigen(...)', 'gemeinsame Richtung aufzeigen(...)', 'mitnehmen(...)', 'das Team mitnehmen(...)', 'Meilensteine kommunizieren(...)', 'Erwartungen kommunizieren(...)']"
kämpferisch,a,unconscious_bias,agentic,"['befürwortend', 'engagiert', 'beherzt', 'in der Lage, Reibungen zu bewältigen(...)', 'fähig, (für ....) zu argumentieren', 'für (...) eintretend']",[],"['befürwortend', 'engagiert', 'beherzt', 'in der Lage, Reibungen zu bewältigen(...)', 'fähig, (für ....) zu argumentieren', 'für (...) eintretend']"
selbstsicher,a,unconscious_bias,agentic,"['gelassen', 'entspannt', 'in die eigene Kompetenz vertrauend(...)', 'bereit, seine Arbeit zu vertreten(...)']",[],"['gelassen', 'entspannt', 'in die eigene Kompetenz vertrauend(...)', 'bereit, seine Arbeit zu vertreten(...)']"
selbstbewusst,a,unconscious_bias,agentic,"['gelassen', 'entspannt', 'in die eigene Kompetenz vertrauend(...)', 'bereit, seine Arbeit zu vertreten(...)', 'der eigenen Stärken und Schwächen bewusst(...)']",[],"['gelassen', 'entspannt', 'in die eigene Kompetenz vertrauend(...)', 'bereit, seine Arbeit zu vertreten(...)', 'der eigenen Stärken und Schwächen bewusst(...)']"
sich sicher sein,v,unconscious_bias,agentic,"['gewissenhaft geprüft haben', 'sorgfältig abgewogen haben', 'in eigene Kompetenz vertrauen(...)', 'bereit sein, die eigene Meinung/Arbeit vertreten(...)']",[],"['gewissenhaft geprüft haben', 'sorgfältig abgewogen haben', 'in eigene Kompetenz vertrauen(...)', 'bereit sein, die eigene Meinung/Arbeit vertreten(...)']"
furchtlos,a,unconscious_bias,agentic,"['beherzt', 'optimistisch', 'zielbewusst', 'geschickt', 'schwungvoll', 'umsichtig', 'munter', 'einsatzbereit', 'unverzagt', 'in komplexen Situation handlungsfähig(...)']",[],"['beherzt', 'optimistisch', 'zielbewusst', 'geschickt', 'schwungvoll', 'umsichtig', 'munter', 'einsatzbereit', 'unverzagt', 'in komplexen Situation handlungsfähig(...)']"
leistungsorientiert,a,unconscious_bias,agentic,"['fleißig', 'tüchtig', 'strebsam', 'interessiert am Erarbeiten von Meilensteinen(...)', 'enthusiastisch bei der Umsetzung(...)', 'mit Energie bei der Sache(...)']",[],"['fleißig', 'tüchtig', 'strebsam', 'interessiert am Erarbeiten von Meilensteinen(...)', 'enthusiastisch bei der Umsetzung(...)', 'mit Energie bei der Sache(...)']"
leistungsstark,a,unconscious_bias,agentic,"['engagiert', 'tatkräftig', 'kompetent', 'interessiert am Erarbeiten von Meilensteinen(...)', 'enthusiastisch bei der Umsetzung(...)', 'mit Energie bei der Sache(...)']",[],"['engagiert', 'tatkräftig', 'kompetent', 'interessiert am Erarbeiten von Meilensteinen(...)', 'enthusiastisch bei der Umsetzung(...)', 'mit Energie bei der Sache(...)']"
hungrig,a,unconscious_bias,agentic,"['interessiert', 'engagiert', 'motiviert', 'effektiv', 'entwicklungsorientiert', 'interessiert am Wahrnehmen von Gelegenheiten(...)', 'am Erarbeiten von Meilensteinen interessiert(...)', 'motiviert, Visionen zu realisieren(...)', 'engagiert, Meilensteine zu erreichen(...)']",[],"['interessiert', 'engagiert', 'motiviert', 'effektiv', 'entwicklungsorientiert', 'interessiert am Wahrnehmen von Gelegenheiten(...)', 'am Erarbeiten von Meilensteinen interessiert(...)', 'motiviert, Visionen zu realisieren(...)', 'engagiert, Meilensteine zu erreichen(...)']"
selbständig,a,unconscious_bias,agentic,"['verantwortungsfreudig', 'verantwortlich', 'selbstverantwortlich', 'interessiert, die eigenen Kompetenzen einzusetzen(...)', 'bereit, Verantwortung für ihre Arbeit zu übernehmen(...)', 'ergreift gern die Initiative(...)']",[],"['verantwortungsfreudig', 'verantwortlich', 'selbstverantwortlich', 'interessiert, die eigenen Kompetenzen einzusetzen(...)', 'bereit, Verantwortung für ihre Arbeit zu übernehmen(...)', 'ergreift gern die Initiative(...)']"
selbstständig,a,unconscious_bias,agentic,"['verantwortungsfreudig', 'verantwortlich', 'selbstverantwortlich', 'interessiert, die eigenen Kompetenzen einzusetzen(...)', 'bereit, Verantwortung für ihre Arbeit zu übernehmen(...)', 'ergreift gern die Initiative(...)']",[],"['verantwortungsfreudig', 'verantwortlich', 'selbstverantwortlich', 'interessiert, die eigenen Kompetenzen einzusetzen(...)', 'bereit, Verantwortung für ihre Arbeit zu übernehmen(...)', 'ergreift gern die Initiative(...)']"
Konkurrenz,s,unconscious_bias,agentic,"['Wettbewerbsteilnehmende', 'Marktteilnehmende', 'jemand, der ebenfalls auf gesetzte Ziele hinarbeitet(...)']",[],"['Wettbewerbsteilnehmende', 'Marktteilnehmende', 'jemand, der ebenfalls auf gesetzte Ziele hinarbeitet(...)']"
entschieden,a,unconscious_bias,agentic,"['fokussiert', 'engagiert', 'tatkräftig', 'beherzt', 'klipp und klar(...)']",[],"['fokussiert', 'engagiert', 'tatkräftig', 'beherzt', 'klipp und klar(...)']"
wetteifern,v,unconscious_bias,agentic,"['Kompetenz einsetzen, um weiterzukommen(...)', 'motiviert zusammenarbeiten(...)', 'auf Meilensteine hinarbeiten(...)', 'Ziele gemeinsam anpacken(...)']",[],"['Kompetenz einsetzen, um weiterzukommen(...)', 'motiviert zusammenarbeiten(...)', 'auf Meilensteine hinarbeiten(...)', 'Ziele gemeinsam anpacken(...)']"
eigenständig,a,unconscious_bias,agentic,"['verantwortlich', 'Kompetenz einsetzend(...)', 'auf Aufgaben fokussiert(...)', 'auf die persönliche Kompetenz vertrauend(...)']",[],"['verantwortlich', 'Kompetenz einsetzend(...)', 'auf Aufgaben fokussiert(...)', 'auf die persönliche Kompetenz vertrauend(...)']"
mehr erreichen,adv|v,unconscious_bias,agentic,"['unternehmerisch handeln', 'wirtschaftlich handeln', 'sich engagieren', 'kontinuierlich sich neue Ziele setzen und erarbeiten(...)']",[],"['unternehmerisch handeln', 'wirtschaftlich handeln', 'sich engagieren', 'kontinuierlich sich neue Ziele setzen und erarbeiten(...)']"
Durchhaltewille,s,unconscious_bias,agentic,"['langen Atem haben(...)', 'Fähigkeit, an Dingen dranzubleiben(...)']",[],"['langen Atem haben(...)', 'Fähigkeit, an Dingen dranzubleiben(...)']"
Zähigkeit,s,unconscious_bias,agentic,"['Resilienz', 'Geduld', 'langer Atem(...)']",[],"['Resilienz', 'Geduld', 'langer Atem(...)']"
unbedingter Willen,a|s,unconscious_bias,agentic,"['Fokus', 'Geduld', 'Strebsamkeit', 'langer Atem(...)', 'Fähigkeit, an Dingen dranzubleiben(...)']",[],"['Fokus', 'Geduld', 'Strebsamkeit', 'langer Atem(...)', 'Fähigkeit, an Dingen dranzubleiben(...)']"
erobern,v,unconscious_bias,agentic,"['entdecken', 'neugierig sein', 'mehr wissen wollen(...)', 'erfahren wollen(...)', 'Verantwortung (für ...) übernehmen']",[],"['entdecken', 'neugierig sein', 'mehr wissen wollen(...)', 'erfahren wollen(...)', 'Verantwortung (für ...) übernehmen']"
gierig,a,unconscious_bias,agentic,"['fleißig', 'budgetbewusst', 'unternehmerisch denkend', 'Meilensteine erreichen wollend(...)', 'an (...) interessiert']",[],"['fleißig', 'budgetbewusst', 'unternehmerisch denkend', 'Meilensteine erreichen wollend(...)', 'an (...) interessiert']"
sportlerisch,a,unconscious_bias,agentic,"['fair', 'einsatzbereit', 'diszipliniert', 'unkompliziert', 'beweglich', 'mit aller Fairness(...)', 'gemeinsame Regeln respektierend(...)', 'durch die Arbeit anderer motiviert(...)']",[],"['fair', 'einsatzbereit', 'diszipliniert', 'unkompliziert', 'beweglich', 'mit aller Fairness(...)', 'gemeinsame Regeln respektierend(...)', 'durch die Arbeit anderer motiviert(...)']"
sportlich,a,unconscious_bias,agentic,"['fair', 'einsatzbereit', 'diszipliniert', 'unkompliziert', 'beweglich', 'mit aller Fairness(...)', 'gemeinsame Regeln respektierend(...)', 'durch die Arbeit anderer motiviert(...)']",[],"['fair', 'einsatzbereit', 'diszipliniert', 'unkompliziert', 'beweglich', 'mit aller Fairness(...)', 'gemeinsame Regeln respektierend(...)', 'durch die Arbeit anderer motiviert(...)']"
intellektuell,a,unconscious_bias,agentic,"['rational', 'geistig', 'mental', 'gebildet', 'informiert', 'kultiviert', 'sachkundig', 'aufgeklärt', 'abstrakt', 'theoretisch', 'bewusst', 'verstandesmäßig', 'sachlich', 'nüchtern', 'realistisch', 'vernunftorientiert', 'mit dem Verstand(...)']",[],"['rational', 'geistig', 'mental', 'gebildet', 'informiert', 'kultiviert', 'sachkundig', 'aufgeklärt', 'abstrakt', 'theoretisch', 'bewusst', 'verstandesmäßig', 'sachlich', 'nüchtern', 'realistisch', 'vernunftorientiert', 'mit dem Verstand(...)']"
leistungsbereit,a,unconscious_bias,agentic,"['engagiert', 'tatkräftig', 'Feuer und Flamme', 'mit Energie bei der Sache sein(...)', 'Meilensteine erreichen wollend(...)', 'enthusiastisch bei der Umsetzung(...)']",[],"['engagiert', 'tatkräftig', 'Feuer und Flamme', 'mit Energie bei der Sache sein(...)', 'Meilensteine erreichen wollend(...)', 'enthusiastisch bei der Umsetzung(...)']"
performant,a,unconscious_bias,agentic,"['engagiert', 'tatkräftig', 'Feuer und Flamme', 'mit Energie bei der Sache sein(...)', 'Meilensteine erreichen wollend(...)', 'enthusiastisch bei der Umsetzung(...)']",[],"['engagiert', 'tatkräftig', 'Feuer und Flamme', 'mit Energie bei der Sache sein(...)', 'Meilensteine erreichen wollend(...)', 'enthusiastisch bei der Umsetzung(...)']"
fechten,v,unconscious_bias,agentic,"['diskutieren', 'sich austauschen', 'mit Erfahrung/Wissen argumentieren(...)', 'über verschiedene Perspektiven diskutieren(...)', 'Gedanken austauschen(...)']",[],"['diskutieren', 'sich austauschen', 'mit Erfahrung/Wissen argumentieren(...)', 'über verschiedene Perspektiven diskutieren(...)', 'Gedanken austauschen(...)']"
streitlustig,a,unconscious_bias,agentic,"['argumentierfreudig', 'kommunikativ', 'diskussionsbereit', 'mit Freude am Gedankenaustausch(...)', 'offen für einen Austausch(...)', 'in der Lage, Reibungen zu bewältigen(...)', 'das Gespräch suchend(...)', 'bereit, (...) zu vertreten', 'sich gern mit Energie (für ...) einbringen bereit, sich (für ...) einzusetzen', 'bereit, den Standpunkt zu erläutern(...)', 'offen für einen Austausch(...)']",[],"['argumentierfreudig', 'kommunikativ', 'diskussionsbereit', 'mit Freude am Gedankenaustausch(...)', 'offen für einen Austausch(...)', 'in der Lage, Reibungen zu bewältigen(...)', 'das Gespräch suchend(...)', 'bereit, (...) zu vertreten', 'sich gern mit Energie (für ...) einbringen bereit, sich (für ...) einzusetzen', 'bereit, den Standpunkt zu erläutern(...)', 'offen für einen Austausch(...)']"
streitsüchtig,a,unconscious_bias,agentic,"['argumentierfreudig', 'kommunikativ', 'diskussionsbereit', 'mit Freude am Gedankenaustausch(...)', 'offen für einen Austausch(...)', 'in der Lage, Reibungen zu bewältigen(...)', 'das Gespräch suchend(...)', 'bereit, (...) zu vertreten', 'sich gern mit Energie (für ...) einbringen bereit, sich (für ...) einzusetzen', 'bereit, den Standpunkt zu erläutern(...)', 'offen für einen Austausch(...)']",[],"['argumentierfreudig', 'kommunikativ', 'diskussionsbereit', 'mit Freude am Gedankenaustausch(...)', 'offen für einen Austausch(...)', 'in der Lage, Reibungen zu bewältigen(...)', 'das Gespräch suchend(...)', 'bereit, (...) zu vertreten', 'sich gern mit Energie (für ...) einbringen bereit, sich (für ...) einzusetzen', 'bereit, den Standpunkt zu erläutern(...)', 'offen für einen Austausch(...)']"
erprobt,a,unconscious_bias,agentic,"['kompetent', 'dokumentiert', 'mit Know-how(...)', 'mit Erfahrung(...)']",[],"['kompetent', 'dokumentiert', 'mit Know-how(...)', 'mit Erfahrung(...)']"
überzeugen,v,unconscious_bias,agentic,"['inspirieren', 'mit Kompetenz vertreten(...)', 'Meinung/Arbeit vertreten(...)', 'Stakeholder mitreißen(...)', 'nachvollziehbar darlegen(...)', 'Botschaften effektiv kommunizieren(...)', 'andere für Ideen begeistern(...)', 'geschickt verhandeln(...)', 'durch Kompetenz Vertrauen schaffen(...)', 'seine Meinung/Arbeit vertreten(...)', 'nachvollziehbar argumentieren(...)']",[],"['inspirieren', 'mit Kompetenz vertreten(...)', 'Meinung/Arbeit vertreten(...)', 'Stakeholder mitreißen(...)', 'nachvollziehbar darlegen(...)', 'Botschaften effektiv kommunizieren(...)', 'andere für Ideen begeistern(...)', 'geschickt verhandeln(...)', 'durch Kompetenz Vertrauen schaffen(...)', 'seine Meinung/Arbeit vertreten(...)', 'nachvollziehbar argumentieren(...)']"
fachmännisch,a,unconscious_bias,agentic,"['fachkundig', 'geübt', 'kenntnisreich', 'kompetent', 'sachkundig', 'kundig', 'mit Qualität(...)']",[],"['fachkundig', 'geübt', 'kenntnisreich', 'kompetent', 'sachkundig', 'kundig', 'mit Qualität(...)']"
Erfolgshunger,s,unconscious_bias,agentic,"['Engagement', 'Begeisterung', 'Umsetzungsfreude', 'Motivation, auf Meilensteine zu erarbeiten(...)', 'Wunsch, die Visionen zu realisieren(...)']",[],"['Engagement', 'Begeisterung', 'Umsetzungsfreude', 'Motivation, auf Meilensteine zu erarbeiten(...)', 'Wunsch, die Visionen zu realisieren(...)']"
erfolgshungrig,a,unconscious_bias,agentic,"['engagiert', 'begeistert', 'umsetzungsfreudig', 'motiviert, eine Vision zu realisieren(...)', 'engagiert sich beim Erarbeiten von Meilensteinen(...)']",[],"['engagiert', 'begeistert', 'umsetzungsfreudig', 'motiviert, eine Vision zu realisieren(...)', 'engagiert sich beim Erarbeiten von Meilensteinen(...)']"
resultat-orientiert,a,unconscious_bias,agentic,"['umsetzungsfreudig', 'motiviert, mit dem Team gemeinsame Ziele zu verwirklichen(...)', 'auf Meilensteine fokussiert(...)']",[],"['umsetzungsfreudig', 'motiviert, mit dem Team gemeinsame Ziele zu verwirklichen(...)', 'auf Meilensteine fokussiert(...)']"
konkurrenzbetont,a,unconscious_bias,agentic,"['unternehmerisch denkend', 'unternehmerisch handelnd', 'preisgünstig', 'umsetzungsfreudig', 'marktorientiert', 'nach strengen Kriterien(...)']",[],"['unternehmerisch denkend', 'unternehmerisch handelnd', 'preisgünstig', 'umsetzungsfreudig', 'marktorientiert', 'nach strengen Kriterien(...)']"
verfechten,v,unconscious_bias,agentic,"['nachvollziehbar darlegen(...)', 'für (...) einstehen', 'für (...) argumentieren', 'Vorteile (von ...) aufzeigen']",[],"['nachvollziehbar darlegen(...)', 'für (...) einstehen', 'für (...) argumentieren', 'Vorteile (von ...) aufzeigen']"
robust,a,unconscious_bias,agentic,"['stabil', 'fachkundig', 'resilient', 'gelassen', 'zuverlässig', 'nicht durch Kleinigkeiten abgelenkt(...)']",[],"['stabil', 'fachkundig', 'resilient', 'gelassen', 'zuverlässig', 'nicht durch Kleinigkeiten abgelenkt(...)']"
couragiert,a,unconscious_bias,agentic,"['experimentierfreudig', 'offen für neue Entdeckungen(...)', 'bereit, Dinge auszuprobieren(...)', 'mit Spaß an Neuem(...)']",[],"['experimentierfreudig', 'offen für neue Entdeckungen(...)', 'bereit, Dinge auszuprobieren(...)', 'mit Spaß an Neuem(...)']"
mutig,a,unconscious_bias,agentic,"['experimentierfreudig', 'optimistisch', 'offen für neue Erfahrungen(...)', 'mit Freude am Ausprobieren(...)', 'auf die persönlichen Kompetenzen vertrauend(...)']",[],"['experimentierfreudig', 'optimistisch', 'offen für neue Erfahrungen(...)', 'mit Freude am Ausprobieren(...)', 'auf die persönlichen Kompetenzen vertrauend(...)']"
risikofreudig,a,unconscious_bias,agentic,"['experimentierfreudig', 'optimistisch', 'offen für neue Erfahrungen(...)', 'mit Freude am Ausprobieren(...)', 'auf die persönlichen Kompetenzen vertrauend(...)']",[],"['experimentierfreudig', 'optimistisch', 'offen für neue Erfahrungen(...)', 'mit Freude am Ausprobieren(...)', 'auf die persönlichen Kompetenzen vertrauend(...)']"
unerschrocken,a,unconscious_bias,agentic,"['experimentierfreudig', 'optimistisch', 'offen für neue Erfahrungen(...)', 'mit Freude am Ausprobieren(...)', 'auf die persönlichen Kompetenzen vertrauend(...)']",[],"['experimentierfreudig', 'optimistisch', 'offen für neue Erfahrungen(...)', 'mit Freude am Ausprobieren(...)', 'auf die persönlichen Kompetenzen vertrauend(...)']"
waghalsig,a,unconscious_bias,agentic,"['experimentierfreudig', 'optimistisch', 'neugierig', 'offen für neue Erfahrungen(...)', 'mit Freude am Ausprobieren(...)', 'auf die persönlichen Kompetenzen vertrauend(...)', 'mit Spaß an Neuem(...)', 'offen für neue Entdeckungen(...)', 'Dinge ausprobieren wollen(...)']",[],"['experimentierfreudig', 'optimistisch', 'neugierig', 'offen für neue Erfahrungen(...)', 'mit Freude am Ausprobieren(...)', 'auf die persönlichen Kompetenzen vertrauend(...)', 'mit Spaß an Neuem(...)', 'offen für neue Entdeckungen(...)', 'Dinge ausprobieren wollen(...)']"
angriffslustig,a,unconscious_bias,agentic,"['offenherzig', 'geradlinig', 'diskussionsfreudig', 'austestend', 'hinterfragend', 'verletzend', 'offen im Äußern von Besorgnis(...)', 'interessiert, Standpunkte im Team auszuloten,(...)', 'bereit, etablierte Meinungen (Methoden, ...) zu hinterfragen,']",[],"['offenherzig', 'geradlinig', 'diskussionsfreudig', 'austestend', 'hinterfragend', 'verletzend', 'offen im Äußern von Besorgnis(...)', 'interessiert, Standpunkte im Team auszuloten,(...)', 'bereit, etablierte Meinungen (Methoden, ...) zu hinterfragen,']"
autoritär,a,unconscious_bias,agentic,"['kompetent', 'erfahren', 'pragmatisch', 'verantwortlich', 'offen in Hinblick auf Erwartungen(...)', 'bereit, Grenzen aufzuzeigen,(...)']",[],"['kompetent', 'erfahren', 'pragmatisch', 'verantwortlich', 'offen in Hinblick auf Erwartungen(...)', 'bereit, Grenzen aufzuzeigen,(...)']"
Mut,s,unconscious_bias,agentic,"['Spaß an Neuem', 'Experimentierfreude', 'Optimismus', 'Offenheit für neue Entdeckungen(...)', 'Spaß am Ausprobieren(...)', 'Vertrauen in die persönlichen Kompetenzen(...)']",[],"['Spaß an Neuem', 'Experimentierfreude', 'Optimismus', 'Offenheit für neue Entdeckungen(...)', 'Spaß am Ausprobieren(...)', 'Vertrauen in die persönlichen Kompetenzen(...)']"
führen,v,unconscious_bias,agentic,"['unterstützen', 'coachen', 'mitnehmen', 'lenken', 'beratend begleiten', 'anleiten', 'Orientierung bieten(...)', 'Vision/Erwartungen kommunizieren(...)']",[],"['unterstützen', 'coachen', 'mitnehmen', 'lenken', 'beratend begleiten', 'anleiten', 'Orientierung bieten(...)', 'Vision/Erwartungen kommunizieren(...)']"
Führung,s,unconscious_bias,agentic,"['Leitung', 'Lenkung', 'Management', 'Team-Anleitung', 'Team-Lenkung', 'Team-Verantwortung', 'Person, die die Vision kommuniziert(...)', 'Person, die sich um das Team kümmert(...)', 'jemand, der das Team unterstützt und coacht(...)', 'Mensch, der mit Rat und Tat zur Seite steht(...)']",[],"['Leitung', 'Lenkung', 'Management', 'Team-Anleitung', 'Team-Lenkung', 'Team-Verantwortung', 'Person, die die Vision kommuniziert(...)', 'Person, die sich um das Team kümmert(...)', 'jemand, der das Team unterstützt und coacht(...)', 'Mensch, der mit Rat und Tat zur Seite steht(...)']"
Autorität,s,unconscious_bias,agentic,"['Kompetenz', 'Erfahrung', 'Entscheidungsbefugnis', 'Verantwortung', 'Sachkenntnis', 'Person, die Verantwortung trägt(...)', 'Person, die als Vorbild wirkt(...)', 'jemand mit Überblick(...)', 'jemand, dessen (Meinung, Wort, ...) du vertraust', 'jemand, der einen Vertrauensvorschuss genießt(...)']",[],"['Kompetenz', 'Erfahrung', 'Entscheidungsbefugnis', 'Verantwortung', 'Sachkenntnis', 'Person, die Verantwortung trägt(...)', 'Person, die als Vorbild wirkt(...)', 'jemand mit Überblick(...)', 'jemand, dessen (Meinung, Wort, ...) du vertraust', 'jemand, der einen Vertrauensvorschuss genießt(...)']"
unabhängig,a,unconscious_bias,agentic,"['neutral', 'unvoreingenommen', 'kompetent und einfallsreich', 'persönliche Verantwortung tragend(...)', 'sich zu helfen wissend(...)', 'auf eigene Aufgaben fokussiert(...)']",[],"['neutral', 'unvoreingenommen', 'kompetent und einfallsreich', 'persönliche Verantwortung tragend(...)', 'sich zu helfen wissend(...)', 'auf eigene Aufgaben fokussiert(...)']"
ausfechten,v,unconscious_bias,agentic,"['argumentieren', 'diskutieren', 'austauschen', 'Perspektiven diskutieren(...)', 'Gedanken austauschen(...)', 'argumentieren und Erfahrung/Wissen einbringen(...)']",[],"['argumentieren', 'diskutieren', 'austauschen', 'Perspektiven diskutieren(...)', 'Gedanken austauschen(...)', 'argumentieren und Erfahrung/Wissen einbringen(...)']"
Angriff,s,unconscious_bias,agentic,"['Aufforderung', 'Hinterfragen', 'Infragestellen', 'Austesten', 'Ermahnung', 'Diskriminierung', 'Verletzung', 'Kränkung', 'Prüfen auf auf Glaubwürdigkeit (Intention, Gründe, ...)']",[],"['Aufforderung', 'Hinterfragen', 'Infragestellen', 'Austesten', 'Ermahnung', 'Diskriminierung', 'Verletzung', 'Kränkung', 'Prüfen auf auf Glaubwürdigkeit (Intention, Gründe, ...)']"
konkurrenzfähig,a,unconscious_bias,agentic,"['fokussiert', 'marktorientiert', 'preisorientiert', 'leistungsfähig', 'Ruhe bewahrend(...)', 'einen langen Atem habend(...)']",[],"['fokussiert', 'marktorientiert', 'preisorientiert', 'leistungsfähig', 'Ruhe bewahrend(...)', 'einen langen Atem habend(...)']"
vorantreiben,v,unconscious_bias,agentic,"['den Weg ebnen', 'engagiert weiterentwickeln', 'sich einsetzen für', 'sich engagieren (für ...)', 'sich einsetzen (für ...)']",[],"['den Weg ebnen', 'engagiert weiterentwickeln', 'sich einsetzen für', 'sich engagieren (für ...)', 'sich einsetzen (für ...)']"
beharren,v,unconscious_bias,agentic,"['argumentieren', 'diskutieren', 'nicht lockerlassen', 'geduldig sein', 'sich nicht abbringen lassen(...)', 'das Team auf ein gemeinsames Ziel einstimmen(...)', 'auf Umsetzung hinwirken(...)', 'Wissen und Erfahrung ins Gespräch einbringen(...)', 'für (...) sprechen']",[],"['argumentieren', 'diskutieren', 'nicht lockerlassen', 'geduldig sein', 'sich nicht abbringen lassen(...)', 'das Team auf ein gemeinsames Ziel einstimmen(...)', 'auf Umsetzung hinwirken(...)', 'Wissen und Erfahrung ins Gespräch einbringen(...)', 'für (...) sprechen']"
sicherstellen,v,unconscious_bias,agentic,"['bewirken', 'ermöglichen', 'zuverlässig umsetzen', 'gewährleisten', 'sich um (...) kümmern']",[],"['bewirken', 'ermöglichen', 'zuverlässig umsetzen', 'gewährleisten', 'sich um (...) kümmern']"
hartgesotten,a,unconscious_bias,agentic,"['resilient', 'erfahren', 'geübt', 'gelassen', 'sich vom Weg nicht abbringen lassend(...)', 'den Weg vorlebend(...)', 'bereit, Ziele zu anzugehen(...)', 'geübt darin, sich auf das Wesentliche zu konzentrieren(...)']",[],"['resilient', 'erfahren', 'geübt', 'gelassen', 'sich vom Weg nicht abbringen lassend(...)', 'den Weg vorlebend(...)', 'bereit, Ziele zu anzugehen(...)', 'geübt darin, sich auf das Wesentliche zu konzentrieren(...)']"
machthungrig,a,unconscious_bias,agentic,"['strebsam', 'engagiert', 'tüchtig', 'gestaltungsmotiviert', 'verantwortungsfreudig', 'sich Ziele setzend(...)', 'mit Freude an Verantwortung(...)', 'unternehmerisch denkend(...)', 'unternehmerisch handelnd(...)']",[],"['strebsam', 'engagiert', 'tüchtig', 'gestaltungsmotiviert', 'verantwortungsfreudig', 'sich Ziele setzend(...)', 'mit Freude an Verantwortung(...)', 'unternehmerisch denkend(...)', 'unternehmerisch handelnd(...)']"
herausfordernd,a,unconscious_bias,agentic,"['diskussionsbereit', 'hinterfragend', 'Spaß an Neuem habend(...)', 'offen für neue Entdeckungen (Problemstellungen, Unwägbarkeiten, ...)', 'das Gespräch suchend(...)']",[],"['diskussionsbereit', 'hinterfragend', 'Spaß an Neuem habend(...)', 'offen für neue Entdeckungen (Problemstellungen, Unwägbarkeiten, ...)', 'das Gespräch suchend(...)']"
eigenverantwortlich,a,unconscious_bias,agentic,"['verantwortungsfreudig', 'unternehmerisch denkend und handelnd(...)', 'sich Ziele setzend(...)']",[],"['verantwortungsfreudig', 'unternehmerisch denkend und handelnd(...)', 'sich Ziele setzend(...)']"
kämpfen,v,unconscious_bias,agentic,"['einstehen', 'befürworten', 'sich einsetzen', 'sich engagieren', 'entgegenwirken', 'argumentieren', 'werben', 'plädieren', 'unterstützend agieren(...)', 'mit Energie erarbeiten(...)']",[],"['einstehen', 'befürworten', 'sich einsetzen', 'sich engagieren', 'entgegenwirken', 'argumentieren', 'werben', 'plädieren', 'unterstützend agieren(...)', 'mit Energie erarbeiten(...)']"
Selbstbewusstsein,s,unconscious_bias,agentic,"['Gelassenheit', 'Entspanntheit', 'Vertrauen in eigene Kompetenz(...)', 'Vertreten der Meinung/Arbeit(...)']",[],"['Gelassenheit', 'Entspanntheit', 'Vertrauen in eigene Kompetenz(...)', 'Vertreten der Meinung/Arbeit(...)']"
Selbstbehauptung,s,unconscious_bias,agentic,"['Umsetzungsfreude', 'Vertreten der eigenen Meinung/Arbeit(...)', 'Vertrauen in die eigene Kompetenz(...)']",[],"['Umsetzungsfreude', 'Vertreten der eigenen Meinung/Arbeit(...)', 'Vertrauen in die eigene Kompetenz(...)']"
durchsetzungsfähig,a,unconscious_bias,agentic,"['umsetzungsfreudig', 'fokussiert', 'effizient', 'regsam', 'organisiert und energiegeladen', 'voller Freude am Vertreten eines Standpunkts(...)', 'fähig, wirkungsvoll zu kommunizieren(...)', 'Stakeholder mitreißend(...)']",[],"['umsetzungsfreudig', 'fokussiert', 'effizient', 'regsam', 'organisiert und energiegeladen', 'voller Freude am Vertreten eines Standpunkts(...)', 'fähig, wirkungsvoll zu kommunizieren(...)', 'Stakeholder mitreißend(...)']"
durchsetzungsstark,a,unconscious_bias,agentic,"['umsetzungsfreudig', 'fokussiert', 'effizient', 'regsam', 'organisiert und energiegeladen', 'voller Freude am Vertreten eines Standpunkts(...)', 'fähig, wirkungsvoll zu kommunizieren(...)', 'Stakeholder mitreißend(...)']",[],"['umsetzungsfreudig', 'fokussiert', 'effizient', 'regsam', 'organisiert und energiegeladen', 'voller Freude am Vertreten eines Standpunkts(...)', 'fähig, wirkungsvoll zu kommunizieren(...)', 'Stakeholder mitreißend(...)']"
kraftvoll,a,unconscious_bias,agentic,"['energiegeladen', 'lebhaft', 'lebendig', 'begeistert', 'schwungvoll', 'enthusiastisch', 'vital', 'wach', 'voller Tatendrang(...)', 'voller Tatendurst(...)']",[],"['energiegeladen', 'lebhaft', 'lebendig', 'begeistert', 'schwungvoll', 'enthusiastisch', 'vital', 'wach', 'voller Tatendrang(...)', 'voller Tatendurst(...)']"
direkt,a,unconscious_bias,agentic,"['klar', 'geradeheraus', 'offenherzig', 'geradlinig', 'aufrichtig', 'authentisch', 'ehrlich', 'argumentationsfreudig', 'diskussionsbereit', 'von Mensch zu Mensch(...)', 'nicht hinterm Berg halten(...)', 'das Herz auf der Zunge tragen(...)', 'offene Worte schätzen(...)', 'offen im Äußern von Besorgnis(...)']",[],"['klar', 'geradeheraus', 'offenherzig', 'geradlinig', 'aufrichtig', 'authentisch', 'ehrlich', 'argumentationsfreudig', 'diskussionsbereit', 'von Mensch zu Mensch(...)', 'nicht hinterm Berg halten(...)', 'das Herz auf der Zunge tragen(...)', 'offene Worte schätzen(...)', 'offen im Äußern von Besorgnis(...)']"
Direktheit,s,unconscious_bias,agentic,"['Offenherzigkeit', 'Offenheit', 'Geradlinigkeit', 'Aufrichtigkeit', 'von Mensch zu Mensch(...)', 'nicht hinterm Berg halten(...)', 'das Herz auf der Zunge tragen(...)', 'offene Worte schätzen(...)', 'Offenheit im Äußern von Besorgnis(...)']",[],"['Offenherzigkeit', 'Offenheit', 'Geradlinigkeit', 'Aufrichtigkeit', 'von Mensch zu Mensch(...)', 'nicht hinterm Berg halten(...)', 'das Herz auf der Zunge tragen(...)', 'offene Worte schätzen(...)', 'Offenheit im Äußern von Besorgnis(...)']"
gezwungenermaßen,a,unconscious_bias,agentic,"['nützlich', 'hilfreich', 'wichtig, um (...)']",[],"['nützlich', 'hilfreich', 'wichtig, um (...)']"
zwingend,a,unconscious_bias,agentic,"['nützlich', 'hilfreich', 'förderlich', 'wichtig, um (...)']",[],"['nützlich', 'hilfreich', 'förderlich', 'wichtig, um (...)']"
eigensinnig,a,unconscious_bias,agentic,"['gestaltungsmotiviert', 'offen', 'geradlinig', 'bereit, verschiedene Perspektiven auszuloten', 'der eigenen Bedürfnisse bewusst', 'bereit, Bedenken zu teilen', 'wissen, was man möchte(...)', 'fähig, die eigenen Bedürfnisse zu erkennen(...)', 'bereit, in der Diskussion verschiedene Standpunkte sichtbar zu machen(...)', 'auf die eigene Kompetenz vertrauend(...)', 'bereit, (Systeme, Arbeitsabläufe, Strukturen, Prozesse, ...) zu formen', 'beherzt für (eine Perspektive, Standpunkte) argumentieren(...)']",[],"['gestaltungsmotiviert', 'offen', 'geradlinig', 'bereit, verschiedene Perspektiven auszuloten', 'der eigenen Bedürfnisse bewusst', 'bereit, Bedenken zu teilen', 'wissen, was man möchte(...)', 'fähig, die eigenen Bedürfnisse zu erkennen(...)', 'bereit, in der Diskussion verschiedene Standpunkte sichtbar zu machen(...)', 'auf die eigene Kompetenz vertrauend(...)', 'bereit, (Systeme, Arbeitsabläufe, Strukturen, Prozesse, ...) zu formen', 'beherzt für (eine Perspektive, Standpunkte) argumentieren(...)']"
eigenwillig,a,unconscious_bias,agentic,"['gestaltungsmotiviert', 'offen', 'geradlinig', 'wissen, was man möchte(...)', 'fähig, die eigenen Bedürfnisse zu erkennen(...)', 'bereit, in der Diskussion verschiedene Standpunkte sichtbar zu machen(...)', 'auf die eigene Kompetenz vertrauend(...)', 'bereit, (Systeme, Arbeitsabläufe, Strukturen, Prozesse, ...) zu formen', 'beherzt für (eine Perspektive, Standpunkte) argumentieren(...)', 'bereit, verschiedene Perspektiven auszuloten(...)', 'der eigenen Bedürfnisse bewusst(...)', 'bereit, Bedenken zu teilen(...)']",[],"['gestaltungsmotiviert', 'offen', 'geradlinig', 'wissen, was man möchte(...)', 'fähig, die eigenen Bedürfnisse zu erkennen(...)', 'bereit, in der Diskussion verschiedene Standpunkte sichtbar zu machen(...)', 'auf die eigene Kompetenz vertrauend(...)', 'bereit, (Systeme, Arbeitsabläufe, Strukturen, Prozesse, ...) zu formen', 'beherzt für (eine Perspektive, Standpunkte) argumentieren(...)', 'bereit, verschiedene Perspektiven auszuloten(...)', 'der eigenen Bedürfnisse bewusst(...)', 'bereit, Bedenken zu teilen(...)']"
Freimütigkeit,s,unconscious_bias,agentic,"['Offenherzigkeit', 'Engagement', 'Geradlinigkeit', 'zur eigenen Meinung stehen(...)', 'seine Arbeit vertreten(...)']",[],"['Offenherzigkeit', 'Engagement', 'Geradlinigkeit', 'zur eigenen Meinung stehen(...)', 'seine Arbeit vertreten(...)']"
unverschämt,a,unconscious_bias,agentic,"['geradeheraus', 'von Mensch zu Mensch', 'offenherzig', 'gradlinig', 'aufrichtig', 'klar und offen', 'hinterfragend', 'zur eigenen Meinung stehend(...)', 'die eigene Arbeit vertretend(...)']",[],"['geradeheraus', 'von Mensch zu Mensch', 'offenherzig', 'gradlinig', 'aufrichtig', 'klar und offen', 'hinterfragend', 'zur eigenen Meinung stehend(...)', 'die eigene Arbeit vertretend(...)']"
freimütig,a,unconscious_bias,agentic,"['offenherzig', 'hinterfragend', 'engagiert', 'geradlinig', 'zur eigenen Meinung stehend(...)', 'seine Arbeit vertretend(...)']",[],"['offenherzig', 'hinterfragend', 'engagiert', 'geradlinig', 'zur eigenen Meinung stehend(...)', 'seine Arbeit vertretend(...)']"
athletisch,a,unconscious_bias,agentic,"['diszipliniert', 'geduldig', 'energiegeladen', 'fokussiert']",[],"['diszipliniert', 'geduldig', 'energiegeladen', 'fokussiert']"
begierig,a,unconscious_bias,agentic,"['neugierig', 'erwartungsvoll', 'gespannt', 'mitgerissen', 'leidenschaftlich', 'von persönlichen Motiven geleitet']",[],"['neugierig', 'erwartungsvoll', 'gespannt', 'mitgerissen', 'leidenschaftlich', 'von persönlichen Motiven geleitet']"
beharrlich,a,unconscious_bias,agentic,"['geduldig', 'fokussiert', 'stetig', 'ruhig und besonnen', 'umsetzungsfreudig']",[],"['geduldig', 'fokussiert', 'stetig', 'ruhig und besonnen', 'umsetzungsfreudig']"
Beharrlichkeit,s,unconscious_bias,agentic,"['Ruhe und Besonnenheit', 'Geduld', 'Umsetzungsfreude', 'Fokus']",[],"['Ruhe und Besonnenheit', 'Geduld', 'Umsetzungsfreude', 'Fokus']"
beherrschend,a,unconscious_bias,agentic,"['typisch', 'den Ausschlag gebend', 'relevant', 'bedeutsam']",[],"['typisch', 'den Ausschlag gebend', 'relevant', 'bedeutsam']"
bestimmend,a,unconscious_bias,agentic,"['zentral', 'formend', 'gestaltend', 'lenkend']",[],"['zentral', 'formend', 'gestaltend', 'lenkend']"
bestimmt,a,unconscious_bias,agentic,"['klar', 'greifbar', 'handfest', 'unmissverständlich']",[],"['klar', 'greifbar', 'handfest', 'unmissverständlich']"
Bestimmtheit,s,unconscious_bias,agentic,"['Klarheit', 'Offenheit', 'Nachdruck']",[],"['Klarheit', 'Offenheit', 'Nachdruck']"
beweisen,v,unconscious_bias,agentic,"['aufzeigen', 'nachvollziehbar darlegen']",[],"['aufzeigen', 'nachvollziehbar darlegen']"
Biss,s,unconscious_bias,agentic,"['Umsetzungsfreude', 'Regsamkeit', 'langer Atem', 'Freude am Vertreten des eigenen Standpunkts', 'Fähigkeit, wirkungsvoll zu kommunizieren']",[],"['Umsetzungsfreude', 'Regsamkeit', 'langer Atem', 'Freude am Vertreten des eigenen Standpunkts', 'Fähigkeit, wirkungsvoll zu kommunizieren']"
deutlich,a,unconscious_bias,agentic,"['klar', 'offen', 'transparent', '-']",['-'],"['-', 'klar', 'offen', 'transparent']"
Drive,s,unconscious_bias,agentic,"['Engagement', 'Freude an der Sache', 'Begeisterung', 'Schwung']",[],"['Engagement', 'Freude an der Sache', 'Begeisterung', 'Schwung']"
Druck aufsetzen,s|v,unconscious_bias,agentic,"['Umsetzung begleiten', 'Erwartungen kommunizieren', 'in der Umsetzung unterstützen', 'auf gemeinsame Meilensteine einstimmen']",[],"['Umsetzung begleiten', 'Erwartungen kommunizieren', 'in der Umsetzung unterstützen', 'auf gemeinsame Meilensteine einstimmen']"
aufsetzen Druck,v|a,unconscious_bias,agentic,"['Umsetzung begleiten', 'Erwartungen kommunizieren', 'in der Umsetzung unterstützen', 'auf gemeinsame Meilensteine einstimmen']",[],"['Umsetzung begleiten', 'Erwartungen kommunizieren', 'in der Umsetzung unterstützen', 'auf gemeinsame Meilensteine einstimmen']"
Druck aushalten,s|v,unconscious_bias,agentic,"['Ruhe bewahren', 'in Ruhe Arbeiten abschließen', 'besonnen bleiben', 'resilient sein']",[],"['Ruhe bewahren', 'in Ruhe Arbeiten abschließen', 'besonnen bleiben', 'resilient sein']"
aushalten Druck,v|a,unconscious_bias,agentic,"['Ruhe bewahren', 'in Ruhe Arbeiten abschließen', 'besonnen bleiben', 'resilient sein']",[],"['Ruhe bewahren', 'in Ruhe Arbeiten abschließen', 'besonnen bleiben', 'resilient sein']"
Druck ausüben,s|v,unconscious_bias,agentic,"['Umsetzung begleiten', 'in der Umsetzung unterstützen', 'auf gemeinsame Meilensteine einstimmen', 'Erwartungen kommunizieren']",[],"['Umsetzung begleiten', 'in der Umsetzung unterstützen', 'auf gemeinsame Meilensteine einstimmen', 'Erwartungen kommunizieren']"
ausüben Druck,v|a,unconscious_bias,agentic,"['Umsetzung begleiten', 'in der Umsetzung unterstützen', 'auf gemeinsame Meilensteine einstimmen', 'Erwartungen kommunizieren']",[],"['Umsetzung begleiten', 'in der Umsetzung unterstützen', 'auf gemeinsame Meilensteine einstimmen', 'Erwartungen kommunizieren']"
durchsetzen,v,unconscious_bias,agentic,"['erwirken', 'umsetzen', 'zum Abschluss bringen']",[],"['erwirken', 'umsetzen', 'zum Abschluss bringen']"
Einsatzbereitschaft,s,unconscious_bias,agentic,"['Engagement', 'Begeisterung', 'Umsetzungsfreude']",[],"['Engagement', 'Begeisterung', 'Umsetzungsfreude']"
Einsatzwille,s,unconscious_bias,agentic,"['Engagement', 'Begeisterung', 'Umsetzungsfreude']",[],"['Engagement', 'Begeisterung', 'Umsetzungsfreude']"
energisch,a,unconscious_bias,agentic,"['tatkräftig', 'zupackend', 'schwungvoll', 'engagiert', 'motiviert']",[],"['tatkräftig', 'zupackend', 'schwungvoll', 'engagiert', 'motiviert']"
entscheidend,a,unconscious_bias,agentic,"['verantwortlich', 'wesentlich', 'nötig', 'relevant']",[],"['verantwortlich', 'wesentlich', 'nötig', 'relevant']"
Entscheidung,s,unconscious_bias,agentic,"['Konsens', 'Beschluss', 'Einigung', 'Einschätzung', 'Absicht', 'Vorhaben', 'Vereinbarung', 'Übereinkunft', 'Übereinkommen']",[],"['Konsens', 'Beschluss', 'Einigung', 'Einschätzung', 'Absicht', 'Vorhaben', 'Vereinbarung', 'Übereinkunft', 'Übereinkommen']"
entscheidungsfreudig,a,unconscious_bias,agentic,"['pragmatisch', 'unkompliziert', 'beweglich']",[],"['pragmatisch', 'unkompliziert', 'beweglich']"
Entschiedenheit,s,unconscious_bias,agentic,"['Deutlichkeit', 'Klarheit', 'Engagement']",[],"['Deutlichkeit', 'Klarheit', 'Engagement']"
entschlossen,a,unconscious_bias,agentic,"['konsequent', 'herzhaft', 'zupackend', 'pragmatisch']",[],"['konsequent', 'herzhaft', 'zupackend', 'pragmatisch']"
Entschlossenheit,s,unconscious_bias,agentic,"['Umsetzungsfreude', 'Herzhaftigkeit', 'Pragmatismus', 'Unkompliziertheit']",[],"['Umsetzungsfreude', 'Herzhaftigkeit', 'Pragmatismus', 'Unkompliziertheit']"
entschlussfreudig,a,unconscious_bias,agentic,"['pragmatisch', 'unkompliziert', 'beweglich']",[],"['pragmatisch', 'unkompliziert', 'beweglich']"
Entschlussfreudigkeit,s,unconscious_bias,agentic,"['Umsetzungsfreude', 'Pragmatismus', 'Beweglichkeit', 'Unkompliziertheit']",[],"['Umsetzungsfreude', 'Pragmatismus', 'Beweglichkeit', 'Unkompliziertheit']"
Entschlusskraft,s,unconscious_bias,agentic,"['Umsetzungsfreude', 'Pragmatismus', 'Beweglichkeit', 'Unkompliziertheit']",[],"['Umsetzungsfreude', 'Pragmatismus', 'Beweglichkeit', 'Unkompliziertheit']"
erwarten,v,unconscious_bias,agentic,"['begrüßen', 'wünschen']",[],"['begrüßen', 'wünschen']"
geldgierig,a,unconscious_bias,agentic,"['preisbewusst', 'ökonomisch vorsichtig', 'unternehmerisch denkend', 'sparsam', 'budgetbewusst']",[],"['preisbewusst', 'ökonomisch vorsichtig', 'unternehmerisch denkend', 'sparsam', 'budgetbewusst']"
Gewalt,s,unconscious_bias,agentic,"['Aufsicht', 'Verantwortung', 'Schaffenskraft', 'Entscheidungsbefugnis', 'Gewicht', 'Einfluss', 'Stellung', 'Anerkennung', 'Geltung', 'Ansehen', 'Reichweite', 'Antrieb', 'Anstrengung', 'Zuverlässigkeit', 'Konsistenz', 'Beständigkeit', 'Dynamik', 'Schwung', 'Intensität']",[],"['Aufsicht', 'Verantwortung', 'Schaffenskraft', 'Entscheidungsbefugnis', 'Gewicht', 'Einfluss', 'Stellung', 'Anerkennung', 'Geltung', 'Ansehen', 'Reichweite', 'Antrieb', 'Anstrengung', 'Zuverlässigkeit', 'Konsistenz', 'Beständigkeit', 'Dynamik', 'Schwung', 'Intensität']"
grundsätzlich,a,unconscious_bias,agentic,"['in der Regel', 'dokumentiert', 'amtlich', 'oft', 'charakteristisch', 'grundlegend', 'symptomatisch', 'typisch', 'typischerweise']",[],"['in der Regel', 'dokumentiert', 'amtlich', 'oft', 'charakteristisch', 'grundlegend', 'symptomatisch', 'typisch', 'typischerweise']"
Haben wir keine anderen Probleme?,v|||a|s,unconscious_bias,agentic,"['Was spricht dafür, sich damit zu befassen?', 'Warum hat dieses Thema für uns Priorität?']",[],"['Was spricht dafür, sich damit zu befassen?', 'Warum hat dieses Thema für uns Priorität?']"
keine anderen Probleme haben,|a|s|v,unconscious_bias,agentic,"['Was spricht dafür, sich damit zu befassen?', 'Warum hat dieses Thema für uns Priorität?']",[],"['Was spricht dafür, sich damit zu befassen?', 'Warum hat dieses Thema für uns Priorität?']"
haben keine anderen Probleme,v||a|s,unconscious_bias,agentic,"['Was spricht dafür, sich damit zu befassen?', 'Warum hat dieses Thema für uns Priorität?']",[],"['Was spricht dafür, sich damit zu befassen?', 'Warum hat dieses Thema für uns Priorität?']"
Hartnäckigkeit,s,unconscious_bias,agentic,"['Nachhaltigkeit', 'Stetigkeit', 'Fokussiertheit', 'Geduld', 'Gelassenheit', 'Resilienz', 'Beständigkeit']",[],"['Nachhaltigkeit', 'Stetigkeit', 'Fokussiertheit', 'Geduld', 'Gelassenheit', 'Resilienz', 'Beständigkeit']"
impulsiv,a,unconscious_bias,agentic,"['begeisterungsfähig', 'enthusiastisch', 'beweglich', 'lebhaft', 'lebendig', 'vital', 'spontan', 'eifrig', 'herzlich', 'fröhlich', 'munter', 'heiter']",[],"['begeisterungsfähig', 'enthusiastisch', 'beweglich', 'lebhaft', 'lebendig', 'vital', 'spontan', 'eifrig', 'herzlich', 'fröhlich', 'munter', 'heiter']"
Intellekt,s,unconscious_bias,agentic,"['Denkvermögen', 'Wissen', 'Erfahrung', 'Geisteskraft Beobachtungsgabe', 'Weitblick', 'Scharfblick', 'Durchblick', 'Gespür', 'Spürsinn', 'Fassungsvermögen', 'Erkenntnisfähigkeit', 'Einsicht', 'Urteilskraft', 'Vernunft', 'Verstand', 'Denkkraft']",[],"['Denkvermögen', 'Wissen', 'Erfahrung', 'Geisteskraft Beobachtungsgabe', 'Weitblick', 'Scharfblick', 'Durchblick', 'Gespür', 'Spürsinn', 'Fassungsvermögen', 'Erkenntnisfähigkeit', 'Einsicht', 'Urteilskraft', 'Vernunft', 'Verstand', 'Denkkraft']"
Kampf,s,unconscious_bias,agentic,"['Einsatz', 'Engagement', 'Teilnahme', 'Treffen', 'Bestreben', 'Vorhaben', 'Streben', 'Zweck', 'Plan', 'Anstrengung', 'Tatkraft', 'Spannungszustand', 'Verteidigung', 'Schutz']",[],"['Einsatz', 'Engagement', 'Teilnahme', 'Treffen', 'Bestreben', 'Vorhaben', 'Streben', 'Zweck', 'Plan', 'Anstrengung', 'Tatkraft', 'Spannungszustand', 'Verteidigung', 'Schutz']"
Kraft,s,unconscious_bias,agentic,"['Energie', 'Vitalität', 'Können', 'Enthusiasmus', 'Initiative', 'Tatkraft', 'Resilienz', 'Talent', 'Wissen', 'Erfahrung', 'Kenntnis', 'Kompetenz', 'Stabilität', 'Beständigkeit', 'Schwung', 'Engagement']",[],"['Energie', 'Vitalität', 'Können', 'Enthusiasmus', 'Initiative', 'Tatkraft', 'Resilienz', 'Talent', 'Wissen', 'Erfahrung', 'Kenntnis', 'Kompetenz', 'Stabilität', 'Beständigkeit', 'Schwung', 'Engagement']"
Leistungswille,s,unconscious_bias,agentic,"['Fleiß', 'Bereitwilligkeit', 'Arbeitsfreude', 'Spaß am Lösen deiner Aufgaben']",[],"['Fleiß', 'Bereitwilligkeit', 'Arbeitsfreude', 'Spaß am Lösen deiner Aufgaben']"
Logik,s,unconscious_bias,agentic,"['Sinn', 'Schlüssigkeit', 'Rationalität', 'Folgerichtigkeit', 'Prozesstreue', 'Zusammenhang', 'Konzept', 'geistige Reife', 'Angemessenheit']",[],"['Sinn', 'Schlüssigkeit', 'Rationalität', 'Folgerichtigkeit', 'Prozesstreue', 'Zusammenhang', 'Konzept', 'geistige Reife', 'Angemessenheit']"
logisch,a,unconscious_bias,agentic,"['konsequent', 'schlüssig', 'nachvollziehbar', 'schematisch', 'angemessen']",[],"['konsequent', 'schlüssig', 'nachvollziehbar', 'schematisch', 'angemessen']"
Macht,s,unconscious_bias,agentic,"['Energie', 'Anleitung', 'Können', 'Ansehen', 'Initiative', 'Tatkraft', 'Resilienz', 'Kontrolle', 'Stellung', 'Kompetenz', 'Befugnis', 'Position', 'Einfluss', 'Mittel', 'Schwung', 'Engagement', 'Disziplin', 'Geduld', 'Bedacht', 'Bevollmächtigung']",[],"['Energie', 'Anleitung', 'Können', 'Ansehen', 'Initiative', 'Tatkraft', 'Resilienz', 'Kontrolle', 'Stellung', 'Kompetenz', 'Befugnis', 'Position', 'Einfluss', 'Mittel', 'Schwung', 'Engagement', 'Disziplin', 'Geduld', 'Bedacht', 'Bevollmächtigung']"
Muss das sein?,~v||~v,unconscious_bias,agentic,"['Was spricht dafür?', 'Hilft uns das beim Erreichen unserer Meilensteine?', 'Wie hilft uns das bei der Umsetzung?']",[],"['Was spricht dafür?', 'Hilft uns das beim Erreichen unserer Meilensteine?', 'Wie hilft uns das bei der Umsetzung?']"
Mutprobe,s,unconscious_bias,agentic,"['Experiment', 'Sicherheitstest', 'Versuch', 'Test', 'Abenteuer', 'Prüfung', 'Testlauf', 'Unterfangen']",[],"['Experiment', 'Sicherheitstest', 'Versuch', 'Test', 'Abenteuer', 'Prüfung', 'Testlauf', 'Unterfangen']"
paranoid,a,unconscious_bias,agentic,"['vorsichtig', 'wachsam', 'aufmerksam', 'umsichtig', 'achtsam', 'sorgfältig beobachtend']",[],"['vorsichtig', 'wachsam', 'aufmerksam', 'umsichtig', 'achtsam', 'sorgfältig beobachtend']"
Prinzip,s,unconscious_bias,agentic,"['Ethik', 'Methode', 'Wert', 'Richtlinie', 'Regel', 'Reglement', 'Leitlinie', 'Richtschnur', 'Leitidee', 'Erkenntnis', 'Theorem', 'Satzung', 'Norm', 'Anweisung', 'Lehre', 'Devise', 'Wahlspruch', 'Motto', 'Brauch', 'Muster', 'Slogan', 'Ordnung', 'Gesetzmäßigkeit']",[],"['Ethik', 'Methode', 'Wert', 'Richtlinie', 'Regel', 'Reglement', 'Leitlinie', 'Richtschnur', 'Leitidee', 'Erkenntnis', 'Theorem', 'Satzung', 'Norm', 'Anweisung', 'Lehre', 'Devise', 'Wahlspruch', 'Motto', 'Brauch', 'Muster', 'Slogan', 'Ordnung', 'Gesetzmäßigkeit']"
pro-aktiv,a,unconscious_bias,agentic,"['energiegeladen', 'unternehmerisch', 'bereit, die Initiative zu ergreifen']",[],"['energiegeladen', 'unternehmerisch', 'bereit, die Initiative zu ergreifen']"
problematisch,a,unconscious_bias,agentic,"['komplex', 'umstritten', 'schwierig', 'ungeklärt', 'mehrdeutig', 'rätselhaft', 'undurchsichtig', 'verwickelt', 'fraglich', 'strittig', 'offen', 'hypothetisch', 'ungesichert']",[],"['komplex', 'umstritten', 'schwierig', 'ungeklärt', 'mehrdeutig', 'rätselhaft', 'undurchsichtig', 'verwickelt', 'fraglich', 'strittig', 'offen', 'hypothetisch', 'ungesichert']"
resolut,a,unconscious_bias,agentic,"['tatkräftig', 'unbeirrt', 'zupackend']",[],"['tatkräftig', 'unbeirrt', 'zupackend']"
Risiko,s,unconscious_bias,agentic,"['Neues', 'Option', 'Experiment', 'Unterfangen', 'Vorhaben', 'Versuch']",[],"['Neues', 'Option', 'Experiment', 'Unterfangen', 'Vorhaben', 'Versuch']"
Selbständigkeit,s,unconscious_bias,agentic,"['Gestaltungsspielraum', 'Initiative', 'Verantwortlichkeit', 'Reife', 'unternehmerische Haltung']",[],"['Gestaltungsspielraum', 'Initiative', 'Verantwortlichkeit', 'Reife', 'unternehmerische Haltung']"
Selbstbedienungsmentalität,s,unconscious_bias,agentic,"['Vorteilsnahme', 'persönliche Bereicherung', 'Ausschöpfen von Möglichkeiten', 'Wahrnehmen eigener Rechte']",[],"['Vorteilsnahme', 'persönliche Bereicherung', 'Ausschöpfen von Möglichkeiten', 'Wahrnehmen eigener Rechte']"
Selbstständigkeit,s,unconscious_bias,agentic,"['Umsetzungsfreude', 'Bereitschaft, auf die Kompetenz zu vertrauen', 'Fokus auf Aufgaben', 'Freude an Verantwortung', 'Spaß am Ergreifen der Initiative']",[],"['Umsetzungsfreude', 'Bereitschaft, auf die Kompetenz zu vertrauen', 'Fokus auf Aufgaben', 'Freude an Verantwortung', 'Spaß am Ergreifen der Initiative']"
Selbstvertrauen,s,unconscious_bias,agentic,"['Umsetzungsfreude', 'Bereitschaft, auf die Kompetenz zu vertrauen', 'Fokus auf Aufgaben', 'Freude an Verantwortung', 'Spaß am Ergreifen der Initiative']",[],"['Umsetzungsfreude', 'Bereitschaft, auf die Kompetenz zu vertrauen', 'Fokus auf Aufgaben', 'Freude an Verantwortung', 'Spaß am Ergreifen der Initiative']"
Sicherstellung,s,unconscious_bias,agentic,"['Gewährleistung', 'Sorge', 'Erhaltung', 'Bewahrung', 'Einhaltung', 'Umsetzung']",[],"['Gewährleistung', 'Sorge', 'Erhaltung', 'Bewahrung', 'Einhaltung', 'Umsetzung']"
siegessicher,a,unconscious_bias,agentic,"['unbeirrt', 'enthusiastisch', 'fokussiert', 'optimistisch']",[],"['unbeirrt', 'enthusiastisch', 'fokussiert', 'optimistisch']"
Stärke,s,unconscious_bias,agentic,"['Stabilität', 'Erfahrung', 'Energie', 'Seelenstärke', 'Motivation', 'Resilienz']",[],"['Stabilität', 'Erfahrung', 'Energie', 'Seelenstärke', 'Motivation', 'Resilienz']"
stark,a,unconscious_bias,agentic,"['stabil', 'resilient', 'zuverlässig', 'motiviert', 'erfahren']",[],"['stabil', 'resilient', 'zuverlässig', 'motiviert', 'erfahren']"
stur,a,unconscious_bias,agentic,"['zuverlässig', 'klar', 'unverdrossen', 'unbeirrbar', 'loyal', 'geduldig']",[],"['zuverlässig', 'klar', 'unverdrossen', 'unbeirrbar', 'loyal', 'geduldig']"
tapfer,a,unconscious_bias,agentic,"['zupackend', 'diszipliniert', 'resilient', 'einsatzbereit', 'mit Spaß an Neuem', 'offen für neue Entdeckungen', 'standhaft', 'aufrecht', 'ehrenhaft']",[],"['zupackend', 'diszipliniert', 'resilient', 'einsatzbereit', 'mit Spaß an Neuem', 'offen für neue Entdeckungen', 'standhaft', 'aufrecht', 'ehrenhaft']"
Überzeugung,s,unconscious_bias,agentic,"['Meinung', 'Haltung', 'Blickwinkel', 'Perspektive', 'Ansicht', 'Auffassung', 'Erkenntnis', 'Schluss', 'Verständnis', 'Dafürhalten', 'Position', 'Standpunkt', 'Sichtweise', 'Theorie', 'Anschauung']",[],"['Meinung', 'Haltung', 'Blickwinkel', 'Perspektive', 'Ansicht', 'Auffassung', 'Erkenntnis', 'Schluss', 'Verständnis', 'Dafürhalten', 'Position', 'Standpunkt', 'Sichtweise', 'Theorie', 'Anschauung']"
unbekümmert,a,unconscious_bias,agentic,"['bedachtsam', 'gleichmütig', 'ausgeglichen', 'zuversichtlich', 'bereitwillig', 'unbeschwert', 'gelassen', 'entspannt', 'unverkrampft', 'optimistisch', 'gut aufgelegt']",[],"['bedachtsam', 'gleichmütig', 'ausgeglichen', 'zuversichtlich', 'bereitwillig', 'unbeschwert', 'gelassen', 'entspannt', 'unverkrampft', 'optimistisch', 'gut aufgelegt']"
unbeugsam,a,unconscious_bias,agentic,"['zuverlässig', 'unverdrossen', 'unbeirrbar', 'loyal', 'geduldig', 'standhaft', 'aufrecht', 'ehrenhaft']",[],"['zuverlässig', 'unverdrossen', 'unbeirrbar', 'loyal', 'geduldig', 'standhaft', 'aufrecht', 'ehrenhaft']"
unnachgiebig,a,unconscious_bias,agentic,"['zuverlässig', 'unverdrossen', 'unbeirrbar', 'loyal', 'geduldig', 'standhaft', 'aufrecht', 'ehrenhaft']",[],"['zuverlässig', 'unverdrossen', 'unbeirrbar', 'loyal', 'geduldig', 'standhaft', 'aufrecht', 'ehrenhaft']"
Urteil,s,unconscious_bias,agentic,"['Meinung', 'Haltung', 'Ansicht', 'Auffassung', 'Erkenntnis', 'Schluss', 'Verständnis', 'Dafürhalten', 'Position', 'Standpunkt', 'Sichtweise', 'Theorie', 'Anschauung', 'Ergebnis']",[],"['Meinung', 'Haltung', 'Ansicht', 'Auffassung', 'Erkenntnis', 'Schluss', 'Verständnis', 'Dafürhalten', 'Position', 'Standpunkt', 'Sichtweise', 'Theorie', 'Anschauung', 'Ergebnis']"
wagen,v,unconscious_bias,agentic,"['ausprobieren', 'offen sein für Experimente', 'Chancen ausloten']",[],"['ausprobieren', 'offen sein für Experimente', 'Chancen ausloten']"
zählen auf,v,unconscious_bias,agentic,"['vertrauen auf', 'vertrauen', 'ermutigen', 'helfen', 'unterstützen']",[],"['vertrauen auf', 'vertrauen', 'ermutigen', 'helfen', 'unterstützen']"
Zielstrebigkeit,s,unconscious_bias,agentic,"['Fokus auf Meilensteine', 'Motivation, auf Meilensteine hinzuarbeiten,', 'Umsetzungsfreude']",[],"['Fokus auf Meilensteine', 'Motivation, auf Meilensteine hinzuarbeiten,', 'Umsetzungsfreude']"
abschachern,v,unconscious_bias,antisemitism,"['abgewinnen', 'abkaufen', 'ablocken', 'abluchsen', 'mit zweifelhaften Methoden abhandeln']",[],"['abgewinnen', 'abkaufen', 'ablocken', 'abluchsen', 'mit zweifelhaften Methoden abhandeln']"
Geschacher,s,unconscious_bias,antisemitism,"['Feilscherei', 'harte Verhandlungen', 'Geschäftemacherei', 'Gezerre', 'Gefeilsche']",[],"['Feilscherei', 'harte Verhandlungen', 'Geschäftemacherei', 'Gezerre', 'Gefeilsche']"
Geschachere,s,unconscious_bias,antisemitism,"['Feilscherei', 'harte Verhandlungen', 'Geschäftemacherei', 'Gezerre', 'Gefeilsche']",[],"['Feilscherei', 'harte Verhandlungen', 'Geschäftemacherei', 'Gezerre', 'Gefeilsche']"
gottseidank,adv,unconscious_bias,belief,"['-', 'glücklicherweise(...)', 'erfreulicherweise(...)', 'zum Glück(...)', 'wie schön, dass (...)']",['-'],"['-', 'glücklicherweise(...)', 'erfreulicherweise(...)', 'zum Glück(...)', 'wie schön, dass (...)']"
Gott sei Dank,s|v|s,unconscious_bias,belief,"['-', 'Glücklicherweise(...)', 'Wie schön, (...)', 'Glück gehabt(...)', 'Bin ich froh, dass (...)', '(...)']",['-'],"['-', 'Glücklicherweise(...)', 'Wie schön, (...)', 'Glück gehabt(...)', 'Bin ich froh, dass (...)', '(...)']"
Besinnliche Festtage,a|s,unconscious_bias,belief,"['Eine erholsame Zeit', 'Frohe Feiertage', 'Frohe und geruhsame Tage', 'Einen wunderbaren Winteranfang', 'Die besten Wünsche für eine erholsame Winterpause']",[],"['Eine erholsame Zeit', 'Frohe Feiertage', 'Frohe und geruhsame Tage', 'Einen wunderbaren Winteranfang', 'Die besten Wünsche für eine erholsame Winterpause']"
Besinnliches Fest,a|s,unconscious_bias,belief,"['Eine erholsame Zeit', 'Frohe Feiertage', 'Frohe und geruhsame Tage', 'Einen wunderbaren Winteranfang', 'Die besten Wünsche für eine erholsame Winterpause']",[],"['Eine erholsame Zeit', 'Frohe Feiertage', 'Frohe und geruhsame Tage', 'Einen wunderbaren Winteranfang', 'Die besten Wünsche für eine erholsame Winterpause']"
Frohe Festtage,a|s,unconscious_bias,belief,"['Eine erholsame Zeit', 'Frohe Feiertage', 'Frohe und geruhsame Tage', 'Einen wunderbaren Winteranfang', 'Die besten Wünsche für eine erholsame Winterpause']",[],"['Eine erholsame Zeit', 'Frohe Feiertage', 'Frohe und geruhsame Tage', 'Einen wunderbaren Winteranfang', 'Die besten Wünsche für eine erholsame Winterpause']"
Frohe Osterfeiertage,a|s,unconscious_bias,belief,"['Einen bunten Frühlingsanfang', 'Ein wunderbares langes Wochenende', 'Schöne Feiertage', 'Eine erholsame Zeit']",[],"['Einen bunten Frühlingsanfang', 'Ein wunderbares langes Wochenende', 'Schöne Feiertage', 'Eine erholsame Zeit']"
Frohe Ostern,a|s,unconscious_bias,belief,"['Einen bunten Frühlingsanfang', 'Einen zauberhaften Frühling', 'Ein wunderbares langes Wochenende', 'Schöne Feiertage', 'Eine erholsame Zeit']",[],"['Einen bunten Frühlingsanfang', 'Einen zauberhaften Frühling', 'Ein wunderbares langes Wochenende', 'Schöne Feiertage', 'Eine erholsame Zeit']"
Frohe Ostertage,a|s,unconscious_bias,belief,"['Einen bunten Frühlingsanfang', 'Ein wunderbares langes Wochenende', 'Schöne Feiertage', 'Eine erholsame Zeit']",[],"['Einen bunten Frühlingsanfang', 'Ein wunderbares langes Wochenende', 'Schöne Feiertage', 'Eine erholsame Zeit']"
Frohe Weihnachten,a|s,unconscious_bias,belief,"['Eine erholsame Zeit', 'Frohe Feiertage', 'Frohe und geruhsame Tage', 'Einen wunderbaren Winteranfang', 'Die besten Wünsche für eine erholsame Winterpause']",[],"['Eine erholsame Zeit', 'Frohe Feiertage', 'Frohe und geruhsame Tage', 'Einen wunderbaren Winteranfang', 'Die besten Wünsche für eine erholsame Winterpause']"
Frohe Weihnachtstage,a|s,unconscious_bias,belief,"['Eine erholsame Zeit', 'Frohe Feiertage', 'Frohe und geruhsame Tage', 'Einen wunderbaren Winteranfang', 'Die besten Wünsche für eine erholsame Winterpause']",[],"['Eine erholsame Zeit', 'Frohe Feiertage', 'Frohe und geruhsame Tage', 'Einen wunderbaren Winteranfang', 'Die besten Wünsche für eine erholsame Winterpause']"
Frohes Fest,a|s,unconscious_bias,belief,"['Eine erholsame Zeit', 'Frohe Feiertage', 'Frohe und geruhsame Tage', 'Einen wunderbaren Winteranfang', 'Die besten Wünsche für eine erholsame Winterpause']",[],"['Eine erholsame Zeit', 'Frohe Feiertage', 'Frohe und geruhsame Tage', 'Einen wunderbaren Winteranfang', 'Die besten Wünsche für eine erholsame Winterpause']"
Frohes Osterfest,a|s,unconscious_bias,belief,"['Einen bunten Frühlingsanfang', 'Ein wunderbares langes Wochenende', 'Schöne Feiertage', 'Eine erholsame Zeit']",[],"['Einen bunten Frühlingsanfang', 'Ein wunderbares langes Wochenende', 'Schöne Feiertage', 'Eine erholsame Zeit']"
Frohes Weihnachtsfest,a|s,unconscious_bias,belief,"['Eine erholsame Zeit', 'Frohe Feiertage', 'Frohe und geruhsame Tage', 'Einen wunderbaren Winteranfang', 'Die besten Wünsche für eine erholsame Winterpause']",[],"['Eine erholsame Zeit', 'Frohe Feiertage', 'Frohe und geruhsame Tage', 'Einen wunderbaren Winteranfang', 'Die besten Wünsche für eine erholsame Winterpause']"
Fröhliche Festtage,a|s,unconscious_bias,belief,"['Eine erholsame Zeit', 'Frohe Feiertage', 'Frohe und geruhsame Tage', 'Einen wunderbaren Winteranfang', 'Die besten Wünsche für eine erholsame Winterpause']",[],"['Eine erholsame Zeit', 'Frohe Feiertage', 'Frohe und geruhsame Tage', 'Einen wunderbaren Winteranfang', 'Die besten Wünsche für eine erholsame Winterpause']"
Fröhliche Weihnachten,a|s,unconscious_bias,belief,"['Eine erholsame Zeit', 'Frohe Feiertage', 'Frohe und geruhsame Tage', 'Einen wunderbaren Winteranfang', 'Die besten Wünsche für eine erholsame Winterpause']",[],"['Eine erholsame Zeit', 'Frohe Feiertage', 'Frohe und geruhsame Tage', 'Einen wunderbaren Winteranfang', 'Die besten Wünsche für eine erholsame Winterpause']"
islamisch,a,unconscious_bias,belief,"['islamisch --- für Länder und Dinge', 'muslimisch --- für Menschen']",[],"['islamisch --- für Länder und Dinge', 'muslimisch --- für Menschen']"
Islamisierung,s,unconscious_bias,belief,['Vielfalt der Glaubensgemeinschaften'],[],['Vielfalt der Glaubensgemeinschaften']
Islamkritik,s,unconscious_bias,belief,"['antimuslimische Äußerungen', 'islamfeindliche Äußerungen']",[],"['antimuslimische Äußerungen', 'islamfeindliche Äußerungen']"
islamophob,a,unconscious_bias,belief,['islamfeindlich'],[],['islamfeindlich']
Islamophobie,s,unconscious_bias,belief,['Islamfeindlichkeit'],[],['Islamfeindlichkeit']
Israelkritik,s,unconscious_bias,belief,['Kritik an der Politik Israels'],[],['Kritik an der Politik Israels']
muslimisch,a,unconscious_bias,belief,"['islamisch --- für Länder und Dinge', 'muslimisch --- für Menschen']",[],"['islamisch --- für Länder und Dinge', 'muslimisch --- für Menschen']"
mutmaßliche Islamistin,a|s,unconscious_bias,belief,['Terrorverdächtige'],['Terrorverdächtige'],"['Terrorverdächtige', 'Terrorverdächtige']"
mutmaßlicher Islamist,a|s,unconscious_bias,belief,['Terrorverdächtige~r'],['Terrorverdächtige'],"['Terrorverdächtige~r', 'Terrorverdächtige']"
ultraorthodox,a,unconscious_bias,belief,['orthodox'],[],['orthodox']
vertrauen auf Gott,v||s,unconscious_bias,belief,"['Vertraue auf deinen Glauben', 'Vertraue auf eine höhere Macht']",[],"['Vertraue auf deinen Glauben', 'Vertraue auf eine höhere Macht']"
Asoziale,s,unconscious_bias,classism,"['Person, die sich nicht in die Gesellschaft einfügen will oder kann(...)', 'Establishment-Gegner~in(...)', 'sozioökonomisch benachteiligte Person(...)']",[],"['Person, die sich nicht in die Gesellschaft einfügen will oder kann(...)', 'Establishment-Gegner~in(...)', 'sozioökonomisch benachteiligte Person(...)']"
Asozialer,s,unconscious_bias,classism,"['Person, die sich nicht in die Gesellschaft einfügen will oder kann(...)', 'Establishment-Gegner~in(...)', 'sozioökonomisch benachteiligte Person(...)']",[],"['Person, die sich nicht in die Gesellschaft einfügen will oder kann(...)', 'Establishment-Gegner~in(...)', 'sozioökonomisch benachteiligte Person(...)']"
Haus- und Hofmedien,s,unconscious_bias,classism,"['Propagandapresse', 'regierungsnahe Medien(...)', 'voreingenommene Berichterstattende(...)', 'mediale Sprachrohre(...)']",[],"['Propagandapresse', 'regierungsnahe Medien(...)', 'voreingenommene Berichterstattende(...)', 'mediale Sprachrohre(...)']"
Hofmedium,s,unconscious_bias,classism,"['Propagandapresse', 'regierungsnahe Medien(...)', 'voreingenommene Berichterstattende(...)', 'mediale Sprachrohre(...)']",[],"['Propagandapresse', 'regierungsnahe Medien(...)', 'voreingenommene Berichterstattende(...)', 'mediale Sprachrohre(...)']"
asozial,a,unconscious_bias,classism,"['ungerecht', 'provokant', 'unsolidarisch(...)', 'finanziell schwach(...)', 'sozial und wirtschaftlich benachteiligt(...)']",[],"['ungerecht', 'provokant', 'unsolidarisch(...)', 'finanziell schwach(...)', 'sozial und wirtschaftlich benachteiligt(...)']"
für Arme,|s,unconscious_bias,classism,"['in der billigeren Version', 'als schwächere Variante', 'als unakzeptable Alternative']",[],"['in der billigeren Version', 'als schwächere Variante', 'als unakzeptable Alternative']"
Penner,s,unconscious_bias,classism,['obdachlose Person'],[],['obdachlose Person']
begriffsstutzig,a,unconscious_bias,cognitive_ability,"['-', 'Person, der es schwer fällt, komplexe Informationen zu verstehen(...)', 'Mensch, dem es schwer fällt, eine Situation zu verallgemeinern(...)', 'gedankenlos(...)', 'unbedarft(...)', 'schade(...)', 'ärgerlich(...)']",['-'],"['-', 'Person, der es schwer fällt, komplexe Informationen zu verstehen(...)', 'Mensch, dem es schwer fällt, eine Situation zu verallgemeinern(...)', 'gedankenlos(...)', 'unbedarft(...)', 'schade(...)', 'ärgerlich(...)']"
behämmert,a,unconscious_bias,cognitive_ability,"['-', 'Person, der es schwer fällt, komplexe Informationen zu verstehen(...)', 'Mensch, dem es schwer fällt, eine Situation zu verallgemeinern(...)', 'gedankenlos(...)', 'unbedarft(...)', 'schade(...)', 'ärgerlich(...)']",['-'],"['-', 'Person, der es schwer fällt, komplexe Informationen zu verstehen(...)', 'Mensch, dem es schwer fällt, eine Situation zu verallgemeinern(...)', 'gedankenlos(...)', 'unbedarft(...)', 'schade(...)', 'ärgerlich(...)']"
bescheuert,a,unconscious_bias,cognitive_ability,"['-', 'Person, der es schwer fällt, komplexe Informationen zu verstehen(...)', 'Mensch, dem es schwer fällt, eine Situation zu verallgemeinern(...)', 'gedankenlos(...)', 'unbedarft(...)', 'schade(...)', 'ärgerlich(...)']",['-'],"['-', 'Person, der es schwer fällt, komplexe Informationen zu verstehen(...)', 'Mensch, dem es schwer fällt, eine Situation zu verallgemeinern(...)', 'gedankenlos(...)', 'unbedarft(...)', 'schade(...)', 'ärgerlich(...)']"
blöd,a,unconscious_bias,cognitive_ability,"['-', 'Person, der es schwer fällt, komplexe Informationen zu verstehen(...)', 'Mensch, dem es schwer fällt, eine Situation zu verallgemeinern(...)', 'gedankenlos(...)', 'unbedarft(...)', 'schade(...)', 'ärgerlich(...)']",['-'],"['-', 'Person, der es schwer fällt, komplexe Informationen zu verstehen(...)', 'Mensch, dem es schwer fällt, eine Situation zu verallgemeinern(...)', 'gedankenlos(...)', 'unbedarft(...)', 'schade(...)', 'ärgerlich(...)']"
blödsinnig,a,unconscious_bias,cognitive_ability,"['-', 'Person, der es schwer fällt, komplexe Informationen zu verstehen(...)', 'Mensch, dem es schwer fällt, eine Situation zu verallgemeinern(...)', 'gedankenlos(...)', 'unbedarft(...)', 'schade(...)', 'ärgerlich(...)']",['-'],"['-', 'Person, der es schwer fällt, komplexe Informationen zu verstehen(...)', 'Mensch, dem es schwer fällt, eine Situation zu verallgemeinern(...)', 'gedankenlos(...)', 'unbedarft(...)', 'schade(...)', 'ärgerlich(...)']"
deppert,a,unconscious_bias,cognitive_ability,"['-', 'Person, der es schwer fällt, komplexe Informationen zu verstehen(...)', 'Mensch, dem es schwer fällt, eine Situation zu verallgemeinern(...)', 'gedankenlos(...)', 'unbedarft(...)', 'schade(...)', 'ärgerlich(...)']",['-'],"['-', 'Person, der es schwer fällt, komplexe Informationen zu verstehen(...)', 'Mensch, dem es schwer fällt, eine Situation zu verallgemeinern(...)', 'gedankenlos(...)', 'unbedarft(...)', 'schade(...)', 'ärgerlich(...)']"
doof,a,unconscious_bias,cognitive_ability,"['-', 'Person, der es schwer fällt, komplexe Informationen zu verstehen(...)', 'Mensch, dem es schwer fällt, eine Situation zu verallgemeinern(...)', 'gedankenlos(...)', 'unbedarft(...)', 'schade(...)', 'ärgerlich(...)']",['-'],"['-', 'Person, der es schwer fällt, komplexe Informationen zu verstehen(...)', 'Mensch, dem es schwer fällt, eine Situation zu verallgemeinern(...)', 'gedankenlos(...)', 'unbedarft(...)', 'schade(...)', 'ärgerlich(...)']"
dümmlich,a,unconscious_bias,cognitive_ability,"['-', 'Person, der es schwer fällt, komplexe Informationen zu verstehen(...)', 'Mensch, dem es schwer fällt, eine Situation zu verallgemeinern(...)', 'gedankenlos(...)', 'unbedarft(...)', 'schade(...)', 'ärgerlich(...)']",['-'],"['-', 'Person, der es schwer fällt, komplexe Informationen zu verstehen(...)', 'Mensch, dem es schwer fällt, eine Situation zu verallgemeinern(...)', 'gedankenlos(...)', 'unbedarft(...)', 'schade(...)', 'ärgerlich(...)']"
einfältig,a,unconscious_bias,cognitive_ability,"['-', 'Person, der es schwer fällt, komplexe Informationen zu verstehen(...)', 'Mensch, dem es schwer fällt, eine Situation zu verallgemeinern(...)', 'gedankenlos(...)', 'unbedarft(...)', 'schade(...)', 'ärgerlich(...)']",['-'],"['-', 'Person, der es schwer fällt, komplexe Informationen zu verstehen(...)', 'Mensch, dem es schwer fällt, eine Situation zu verallgemeinern(...)', 'gedankenlos(...)', 'unbedarft(...)', 'schade(...)', 'ärgerlich(...)']"
gehirnamputiert,a,unconscious_bias,cognitive_ability,"['-', 'Person, der es schwer fällt, komplexe Informationen zu verstehen(...)', 'Mensch, dem es schwer fällt, eine Situation zu verallgemeinern(...)', 'gedankenlos(...)', 'unbedarft(...)', 'schade(...)', 'ärgerlich(...)']",['-'],"['-', 'Person, der es schwer fällt, komplexe Informationen zu verstehen(...)', 'Mensch, dem es schwer fällt, eine Situation zu verallgemeinern(...)', 'gedankenlos(...)', 'unbedarft(...)', 'schade(...)', 'ärgerlich(...)']"
geistig wenig rege,a||a,unconscious_bias,cognitive_ability,"['-', 'Person, der es schwer fällt, komplexe Informationen zu verstehen(...)', 'Mensch, dem es schwer fällt, eine Situation zu verallgemeinern(...)', 'gedankenlos(...)', 'unbedarft(...)', 'schade(...)', 'ärgerlich(...)']",['-'],"['-', 'Person, der es schwer fällt, komplexe Informationen zu verstehen(...)', 'Mensch, dem es schwer fällt, eine Situation zu verallgemeinern(...)', 'gedankenlos(...)', 'unbedarft(...)', 'schade(...)', 'ärgerlich(...)']"
minderbegabt,a,unconscious_bias,cognitive_ability,"['-', 'Person, der es schwer fällt, komplexe Informationen zu verstehen(...)', 'Mensch, dem es schwer fällt, eine Situation zu verallgemeinern(...)', 'gedankenlos(...)', 'unbedarft(...)', 'schade(...)', 'ärgerlich(...)']",['-'],"['-', 'Person, der es schwer fällt, komplexe Informationen zu verstehen(...)', 'Mensch, dem es schwer fällt, eine Situation zu verallgemeinern(...)', 'gedankenlos(...)', 'unbedarft(...)', 'schade(...)', 'ärgerlich(...)']"
minderbemittelt,a,unconscious_bias,cognitive_ability,"['-', 'Person, der es schwer fällt, komplexe Informationen zu verstehen(...)', 'Mensch, dem es schwer fällt, eine Situation zu verallgemeinern(...)', 'gedankenlos(...)', 'unbedarft(...)', 'schade(...)', 'ärgerlich(...)']",['-'],"['-', 'Person, der es schwer fällt, komplexe Informationen zu verstehen(...)', 'Mensch, dem es schwer fällt, eine Situation zu verallgemeinern(...)', 'gedankenlos(...)', 'unbedarft(...)', 'schade(...)', 'ärgerlich(...)']"
stupid,a,unconscious_bias,cognitive_ability,"['-', 'Person, der es schwer fällt, komplexe Informationen zu verstehen(...)', 'Mensch, dem es schwer fällt, eine Situation zu verallgemeinern(...)', 'gedankenlos(...)', 'unbedarft(...)', 'schade(...)', 'ärgerlich(...)']",['-'],"['-', 'Person, der es schwer fällt, komplexe Informationen zu verstehen(...)', 'Mensch, dem es schwer fällt, eine Situation zu verallgemeinern(...)', 'gedankenlos(...)', 'unbedarft(...)', 'schade(...)', 'ärgerlich(...)']"
dumm,a,unconscious_bias,cognitive_ability,"['Person, der es schwer fällt, komplexe Informationen zu verstehen(...)', 'Mensch, dem es schwer fällt, eine Situation zu verallgemeinern(...)', 'gedankenlos(...)', 'unbedarft(...)', 'töricht(...)', 'schwindlig(...)', 'ärgerlich(...)']",[],"['Person, der es schwer fällt, komplexe Informationen zu verstehen(...)', 'Mensch, dem es schwer fällt, eine Situation zu verallgemeinern(...)', 'gedankenlos(...)', 'unbedarft(...)', 'töricht(...)', 'schwindlig(...)', 'ärgerlich(...)']"
Dummkopf,s,unconscious_bias,cognitive_ability,"['Person, der es schwer fällt, komplexe Informationen zu verstehen(...)', 'Mensch, dem es schwer fällt, eine Situation zu verallgemeinern(...)', 'jemand, der sich etwas vormachen lässt(...)', 'jemand, der unklug handelt(...)', 'uneinsichtiger Mensch(...)', 'jemand, der sich töricht verhält(...)', 'Person, die nicht versteht, worum es geht(...)']",[],"['Person, der es schwer fällt, komplexe Informationen zu verstehen(...)', 'Mensch, dem es schwer fällt, eine Situation zu verallgemeinern(...)', 'jemand, der sich etwas vormachen lässt(...)', 'jemand, der unklug handelt(...)', 'uneinsichtiger Mensch(...)', 'jemand, der sich töricht verhält(...)', 'Person, die nicht versteht, worum es geht(...)']"
Hohlkopf,s,unconscious_bias,cognitive_ability,"['Person, der es schwer fällt, komplexe Informationen zu verstehen(...)', 'Mensch, dem es schwer fällt, eine Situation zu verallgemeinern(...)', 'jemand, der sich etwas vormachen lässt(...)', 'jemand, der unklug handelt(...)', 'uneinsichtiger Mensch(...)', 'jemand, der sich töricht verhält(...)', 'Person, die nicht versteht, worum es geht(...)']",[],"['Person, der es schwer fällt, komplexe Informationen zu verstehen(...)', 'Mensch, dem es schwer fällt, eine Situation zu verallgemeinern(...)', 'jemand, der sich etwas vormachen lässt(...)', 'jemand, der unklug handelt(...)', 'uneinsichtiger Mensch(...)', 'jemand, der sich töricht verhält(...)', 'Person, die nicht versteht, worum es geht(...)']"
Kretin,s,unconscious_bias,cognitive_ability,"['Person, der es schwer fällt, komplexe Informationen zu verstehen(...)', 'Mensch, dem es schwer fällt, eine Situation zu verallgemeinern(...)', 'jemand, der sich etwas vormachen lässt(...)', 'jemand, der unklug handelt(...)', 'uneinsichtiger Mensch(...)', 'jemand, der sich töricht verhält(...)', 'Person, die nicht versteht, worum es geht(...)']",[],"['Person, der es schwer fällt, komplexe Informationen zu verstehen(...)', 'Mensch, dem es schwer fällt, eine Situation zu verallgemeinern(...)', 'jemand, der sich etwas vormachen lässt(...)', 'jemand, der unklug handelt(...)', 'uneinsichtiger Mensch(...)', 'jemand, der sich töricht verhält(...)', 'Person, die nicht versteht, worum es geht(...)']"
Schwachkopf,s,unconscious_bias,cognitive_ability,"['Person, der es schwer fällt, komplexe Informationen zu verstehen(...)', 'Mensch, dem es schwer fällt, eine Situation zu verallgemeinern(...)', 'jemand, der sich etwas vormachen lässt(...)', 'jemand, der unklug handelt(...)', 'uneinsichtiger Mensch(...)', 'jemand, der sich töricht verhält(...)', 'Person, die nicht versteht, worum es geht(...)']",[],"['Person, der es schwer fällt, komplexe Informationen zu verstehen(...)', 'Mensch, dem es schwer fällt, eine Situation zu verallgemeinern(...)', 'jemand, der sich etwas vormachen lässt(...)', 'jemand, der unklug handelt(...)', 'uneinsichtiger Mensch(...)', 'jemand, der sich töricht verhält(...)', 'Person, die nicht versteht, worum es geht(...)']"
Trottel,s,unconscious_bias,cognitive_ability,"['Person, der es schwer fällt, komplexe Informationen zu verstehen(...)', 'Mensch, dem es schwer fällt, eine Situation zu verallgemeinern(...)', 'jemand, der sich etwas vormachen lässt(...)', 'jemand, der unklug handelt(...)', 'uneinsichtiger Mensch(...)', 'jemand, der sich töricht verhält(...)', 'Person, die nicht versteht, worum es geht(...)']",[],"['Person, der es schwer fällt, komplexe Informationen zu verstehen(...)', 'Mensch, dem es schwer fällt, eine Situation zu verallgemeinern(...)', 'jemand, der sich etwas vormachen lässt(...)', 'jemand, der unklug handelt(...)', 'uneinsichtiger Mensch(...)', 'jemand, der sich töricht verhält(...)', 'Person, die nicht versteht, worum es geht(...)']"
Depp,s,unconscious_bias,cognitive_ability,"['Person, der es schwer fällt, komplexe Informationen zu verstehen(...)', 'Mensch, dem es schwer fällt, eine Situation zu verallgemeinern(...)', 'jemand, der sich etwas vormachen lässt(...)', 'jemand, der unklug handelt(...)', 'uneinsichtiger Mensch(...)', 'jemand, der verärgert(...)', 'Person, die nicht versteht, worum es geht(...)']",[],"['Person, der es schwer fällt, komplexe Informationen zu verstehen(...)', 'Mensch, dem es schwer fällt, eine Situation zu verallgemeinern(...)', 'jemand, der sich etwas vormachen lässt(...)', 'jemand, der unklug handelt(...)', 'uneinsichtiger Mensch(...)', 'jemand, der verärgert(...)', 'Person, die nicht versteht, worum es geht(...)']"
debil,a,unconscious_bias,cognitive_ability,"['-', 'Mensch mit Lernschwierigkeiten(...)', 'Menschen mit intellektuellen Behinderungen(...)']",['-'],"['-', 'Mensch mit Lernschwierigkeiten(...)', 'Menschen mit intellektuellen Behinderungen(...)']"
geistig behindert,a|=a,unconscious_bias,cognitive_ability,"['Mensch mit Lernschwierigkeiten(...)', 'Menschen mit intellektuellen Behinderungen(...)']",[],"['Mensch mit Lernschwierigkeiten(...)', 'Menschen mit intellektuellen Behinderungen(...)']"
geistige Beeinträchtigung,a|s,unconscious_bias,cognitive_ability,"['Mensch mit Lernschwierigkeiten(...)', 'Menschen mit intellektuellen Behinderungen(...)']",[],"['Mensch mit Lernschwierigkeiten(...)', 'Menschen mit intellektuellen Behinderungen(...)']"
geistige Behinderung,a|s,unconscious_bias,cognitive_ability,"['Mensch mit Lernschwierigkeiten(...)', 'Menschen mit intellektuellen Behinderungen(...)']",[],"['Mensch mit Lernschwierigkeiten(...)', 'Menschen mit intellektuellen Behinderungen(...)']"
intellektuell behindert,a|=a,unconscious_bias,cognitive_ability,"['Mensch mit Lernschwierigkeiten(...)', 'Menschen mit intellektuelleen Behinderungen(...)']",[],"['Mensch mit Lernschwierigkeiten(...)', 'Menschen mit intellektuelleen Behinderungen(...)']"
kognitive Beeinträchtigung,a|s,unconscious_bias,cognitive_ability,"['Mensch mit Lernschwierigkeiten(...)', 'Menschen mit intellektuellen Behinderungen(...)']",[],"['Mensch mit Lernschwierigkeiten(...)', 'Menschen mit intellektuellen Behinderungen(...)']"
Mongolismus,s,unconscious_bias,cognitive_ability,"['veränderte Chromosomenzahl', 'Trisomie 21(...)', 'Down-Syndrom(...)']",[],"['veränderte Chromosomenzahl', 'Trisomie 21(...)', 'Down-Syndrom(...)']"
schwachsinnig,a,unconscious_bias,cognitive_ability,"['--- nicht auf Menschen beziehen', 'Mensch mit Lernschwierigkeiten(...)', 'Menschen mit intellektuellen Behinderungen(...)']",['--- nicht auf Menschen beziehen'],"['--- nicht auf Menschen beziehen', 'Mensch mit Lernschwierigkeiten(...)', 'Menschen mit intellektuellen Behinderungen(...)']"
Verrückter,=s,unconscious_bias,cognitive_perception,"['Mensch mit psychischer Störung(...)', 'jemand, der sich nicht an Regeln hält(...)', 'Mensch, der Risiken eingeht(...)', 'Person, die eigene Wege geht(...)']",[],"['Mensch mit psychischer Störung(...)', 'jemand, der sich nicht an Regeln hält(...)', 'Mensch, der Risiken eingeht(...)', 'Person, die eigene Wege geht(...)']"
Wahnsinnige,=s,unconscious_bias,cognitive_perception,"['Mensch mit psychischer Störung(...)', 'jemand, der sich nicht an Regeln hält(...)', 'Mensch, der Risiken eingeht(...)', 'Person, die eigene Wege geht(...)']",[],"['Mensch mit psychischer Störung(...)', 'jemand, der sich nicht an Regeln hält(...)', 'Mensch, der Risiken eingeht(...)', 'Person, die eigene Wege geht(...)']"
Wahnsinniger,=s,unconscious_bias,cognitive_perception,"['Mensch mit psychischer Störung(...)', 'jemand, der sich nicht an Regeln hält(...)', 'Mensch, der Risiken eingeht(...)', 'Person, die eigene Wege geht(...)']",[],"['Mensch mit psychischer Störung(...)', 'jemand, der sich nicht an Regeln hält(...)', 'Mensch, der Risiken eingeht(...)', 'Person, die eigene Wege geht(...)']"
unzurechnungsfähig,a,unconscious_bias,cognitive_perception,"['Mensch mit psychischer Störung(...)', 'nicht an Spielregeln interessiert(...)']",[],"['Mensch mit psychischer Störung(...)', 'nicht an Spielregeln interessiert(...)']"
verrückt,a,unconscious_bias,cognitive_perception,"['Mensch mit psychischer Störung(...)', 'nicht an Spielregeln interessiert(...)']",[],"['Mensch mit psychischer Störung(...)', 'nicht an Spielregeln interessiert(...)']"
Geistesgestörter,=s,unconscious_bias,cognitive_perception,['Mensch mit psychischer Störung(...)'],[],['Mensch mit psychischer Störung(...)']
geisteskrank,a,unconscious_bias,cognitive_perception,"['psychisch beeinträchtigt', 'Psychiatrie-erfahren']",[],"['psychisch beeinträchtigt', 'Psychiatrie-erfahren']"
psychisch gestört,a|=a,unconscious_bias,cognitive_perception,"['psychisch beeinträchtigt', 'Psychiatrie-erfahren', '-']",['-'],"['-', 'psychisch beeinträchtigt', 'Psychiatrie-erfahren']"
psychisch krank,a|a,unconscious_bias,cognitive_perception,"['psychisch beeinträchtigt', 'Psychiatrie-erfahren']",[],"['psychisch beeinträchtigt', 'Psychiatrie-erfahren']"
psychische Behinderung,a|s,unconscious_bias,cognitive_perception,"['psychosoziale Beeinträchtigung', 'psychische Einschränkung']",[],"['psychosoziale Beeinträchtigung', 'psychische Einschränkung']"
Schwarzmalerei,s,unconscious_bias,color,"['Pessimismus', 'pessimistische Sicht', 'Neigung, nur Schattenseiten zu sehen', 'Neigung, alles in düsteren Farben auszumalen(...)']",[],"['Pessimismus', 'pessimistische Sicht', 'Neigung, nur Schattenseiten zu sehen', 'Neigung, alles in düsteren Farben auszumalen(...)']"
Blacklist,s,unconscious_bias,color,"['Sperrliste', 'Ausschlussliste', 'Vermeidungsliste']",[],"['Sperrliste', 'Ausschlussliste', 'Vermeidungsliste']"
braun,a,unconscious_bias,color,['of Color'],[],['of Color']
den schwarzen Peter,s,unconscious_bias,color,"['die schwierigen Sachen', 'die Verantwortung', 'die Schuld', 'unangenehme Aufgaben']",[],"['die schwierigen Sachen', 'die Verantwortung', 'die Schuld', 'unangenehme Aufgaben']"
dunkelhäutig,a,unconscious_bias,color,"['of color', 'Person of Color', 'BIPoC', 'PoC', '-']",['-'],"['-', 'of color', 'Person of Color', 'BIPoC', 'PoC']"
farbig,a,unconscious_bias,color,"['Schwarz', '--- nicht auf Menschen beziehen']",['--- nicht auf Menschen beziehen'],"['--- nicht auf Menschen beziehen', 'Schwarz']"
gelb,a,unconscious_bias,color,['of Color'],[],['of Color']
hellhäutig,a,unconscious_bias,color,['-'],['-'],['-']
Hellhäutige,=s,unconscious_bias,color,"['Person', 'Mensch', '-']",['-'],"['-', 'Person', 'Mensch']"
Hellhäutiger,=s,unconscious_bias,color,"['Person', 'Mensch', '-']",['-'],"['-', 'Person', 'Mensch']"
kaffeebraun,a,unconscious_bias,color,"['--- nicht auf Menschen beziehen', '-']",['-'],"['-', '--- nicht auf Menschen beziehen']"
karamellfarben,a,unconscious_bias,color,"['--- nicht auf Menschen beziehen', '-']",['-'],"['-', '--- nicht auf Menschen beziehen']"
kohlrabenschwarz,a,unconscious_bias,color,"['schwarz', 'fies (Er hat einen fiesen Humor)', 'gemein', 'düster']",[],"['schwarz', 'fies (Er hat einen fiesen Humor)', 'gemein', 'düster']"
schokobraun,a,unconscious_bias,color,"['--- nicht auf Menschen beziehen', '-']",['-'],"['-', '--- nicht auf Menschen beziehen']"
schwarz,a,unconscious_bias,color,"['Schwarz', 'afrodiasporisch', 'of Color', 'afrodeutsch', '--- nicht für Menschen oder ihr Handeln']",['--- nicht für Menschen oder ihr Handeln'],"['--- nicht für Menschen oder ihr Handeln', 'Schwarz', 'afrodiasporisch', 'of Color', 'afrodeutsch']"
Schwarzarbeit,s,unconscious_bias,color,"['Schattenwirtschaft', 'Scheinselbständigkeit', 'Leistung, für die keine Steuer abgeführt wird', 'Arbeit, für die keine Sozialabgaben geleistet werden']",[],"['Schattenwirtschaft', 'Scheinselbständigkeit', 'Leistung, für die keine Steuer abgeführt wird', 'Arbeit, für die keine Sozialabgaben geleistet werden']"
schwarzarbeiten,v,unconscious_bias,color,"['Arbeit gegen bar und ohne Rechnung verrichten', 'arbeiten, ohne gemeldet zu sein', 'Arbeit ohne Abführung von Steuern oder Sozialabgaben verrichten', 'pfuschen --- Österreich']",[],"['Arbeit gegen bar und ohne Rechnung verrichten', 'arbeiten, ohne gemeldet zu sein', 'Arbeit ohne Abführung von Steuern oder Sozialabgaben verrichten', 'pfuschen --- Österreich']"
schwarze Liste,a|s,unconscious_bias,color,"['Negativliste', 'Sperrliste', 'Verbotsliste', 'Index']","['Negativlisten', 'Sperrlisten', 'Verbotslisten', 'Indizes']","['Negativliste', 'Sperrliste', 'Verbotsliste', 'Index', 'Negativlisten', 'Sperrlisten', 'Verbotslisten', 'Indizes']"
Schwarzer Tag,a|s,unconscious_bias,color,"['Rückschlag', 'Rückschritt', 'unglücklicher Tag', 'schlechter Tag', 'Verschlechterung']",[],"['Rückschlag', 'Rückschritt', 'unglücklicher Tag', 'schlechter Tag', 'Verschlechterung']"
schwarzes Schaf,a|s,unconscious_bias,color,"['Gauner', 'Schandfleck', 'Prügelknabe', 'Nichtsnutz', 'Außenseiter~in~/~Außenseiter']","['Gauner', 'Schandflecken', 'Prügelknaben', 'Nichtsnutze', 'Außenseiter~innen~ und ~Außenseiter']","['Gauner', 'Schandfleck', 'Prügelknabe', 'Nichtsnutz', 'Außenseiter~in~/~Außenseiter', 'Gauner', 'Schandflecken', 'Prügelknaben', 'Nichtsnutze', 'Außenseiter~innen~ und ~Außenseiter']"
schwarzfahren,v,unconscious_bias,color,['fahren ohne gültigen Fahrschein'],[],['fahren ohne gültigen Fahrschein']
Schwarzfahrerei,s,unconscious_bias,color,['Fahren ohne gültigen Fahrschein'],[],['Fahren ohne gültigen Fahrschein']
schwarzmalen,v,unconscious_bias,color,"['nur das Schlechte sehen', 'nur die Schattenseiten sehen']",[],"['nur das Schlechte sehen', 'nur die Schattenseiten sehen']"
schwarzsehen,v,unconscious_bias,color,"['Schlimmes befürchten', 'keine Perspektive sehen', 'keine Hoffnung sehen', 'fernsehen, ohne Rundfunkgebühren zu zahlen']",[],"['Schlimmes befürchten', 'keine Perspektive sehen', 'keine Hoffnung sehen', 'fernsehen, ohne Rundfunkgebühren zu zahlen']"
Schwarzseherei,s,unconscious_bias,color,"['Pessimismus', 'pessimistische Sicht', 'Neigung, nur Schattenseiten zu sehen']",[],"['Pessimismus', 'pessimistische Sicht', 'Neigung, nur Schattenseiten zu sehen']"
Wer haben Angst vorm schwarzen Mann,|v|s||a|s,unconscious_bias,color,"['Wer hat Angst vorm Kinderschreck', 'Wer hat Angst vorm Unbekannten']",[],"['Wer hat Angst vorm Kinderschreck', 'Wer hat Angst vorm Unbekannten']"
haben Angst vorm schwarzen Mann,v|s||a|s,unconscious_bias,color,"['Wer hat Angst vorm Kinderschreck', 'Wer hat Angst vorm Unbekannten']",[],"['Wer hat Angst vorm Kinderschreck', 'Wer hat Angst vorm Unbekannten']"
Angst vorm schwarzen Mann haben,s||a|s|v,unconscious_bias,color,"['Wer hat Angst vorm Kinderschreck', 'Wer hat Angst vorm Unbekannten']",[],"['Wer hat Angst vorm Kinderschreck', 'Wer hat Angst vorm Unbekannten']"
Whitelist,s,unconscious_bias,color,"['Erlaubtliste', 'Einschlussliste', 'Präferenzliste']",[],"['Erlaubtliste', 'Einschlussliste', 'Präferenzliste']"
Dritte Welt,s,unconscious_bias,culture,"['globale Süden', 'globale Mehrheit', 'Länder, die in asymmetrisch in die internationale Arbeitsteilung eingebunden sind(...)']",[],"['globale Süden', 'globale Mehrheit', 'Länder, die in asymmetrisch in die internationale Arbeitsteilung eingebunden sind(...)']"
Clan-Kriminalität,s,unconscious_bias,culture,"['organisierte Kriminalität', 'Bandenkriminalität']",[],"['organisierte Kriminalität', 'Bandenkriminalität']"
erschachern,v,unconscious_bias,culture,"['günstig kaufen', 'zu guten Konditionen erwerben']",[],"['günstig kaufen', 'zu guten Konditionen erwerben']"
Kopftuch tragen,s|v,unconscious_bias,culture,"['praktizierende Muslimin', 'praktizierende Muslima']","['praktizierende Musliminnen', 'praktizierende Muslimas']","['praktizierende Muslimin', 'praktizierende Muslima', 'praktizierende Musliminnen', 'praktizierende Muslimas']"
tragen Kopftuch,v|s||s,unconscious_bias,culture,"['praktizierende Muslimin', 'praktizierende Muslima']","['praktizierende Musliminnen', 'praktizierende Muslimas']","['praktizierende Muslimin', 'praktizierende Muslima', 'praktizierende Musliminnen', 'praktizierende Muslimas']"
Sippe,s,unconscious_bias,culture,"['Familie', 'Verwandtschaft']",[],"['Familie', 'Verwandtschaft']"
Sippschaft,s,unconscious_bias,culture,"['Familie', 'Verwandtschaft']",[],"['Familie', 'Verwandtschaft']"
türken,v,unconscious_bias,culture,"['vortäuschen', 'improvisieren', 'irreführen', 'fälschen', 'fingieren']",[],"['vortäuschen', 'improvisieren', 'irreführen', 'fälschen', 'fingieren']"
Zigeunermusik,s,unconscious_bias,culture,"['Musik der Roma und sinti', 'mitreißende Musik', 'schwungvolle Tanzmusik']",[],"['Musik der Roma und sinti', 'mitreißende Musik', 'schwungvolle Tanzmusik']"
Zigeunerschnitzel,s,unconscious_bias,culture,"['Balkan-Schnitzel', 'Schnitzel mit ungarischer Würzsauce']",[],"['Balkan-Schnitzel', 'Schnitzel mit ungarischer Würzsauce']"
weiblich,a,unconscious_bias,gender_identity,"['feminin', 'bezogen auf Menschen, die sich als Frau (erleben, sehen, bezeichnen)(...)', 'konform mit der traditionellen Geschlechterrolle als Frau(...)', 'mit dem traditionellen Frauenbild verknüpft(...)']",[],"['feminin', 'bezogen auf Menschen, die sich als Frau (erleben, sehen, bezeichnen)(...)', 'konform mit der traditionellen Geschlechterrolle als Frau(...)', 'mit dem traditionellen Frauenbild verknüpft(...)']"
männlich,a,unconscious_bias,gender_identity,"['maskulin', 'bezogen auf eine Person, die sich als Mann identifiziert(...)', 'konform mit der traditionellen Geschlechterrolle des Mannes(...)', 'mit dem traditionellen Bild von Männern verknüpfte Eigenschaften aufweisend(...)']",[],"['maskulin', 'bezogen auf eine Person, die sich als Mann identifiziert(...)', 'konform mit der traditionellen Geschlechterrolle des Mannes(...)', 'mit dem traditionellen Bild von Männern verknüpfte Eigenschaften aufweisend(...)']"
Androgynie,s,unconscious_bias,gender_identity,"['Aussehen, das feminin und maskulin zugleich ist', 'Anmutung, die Geschlechterstereotypen verwischt', 'Erscheinung, die weibliche und männliche Merkmale vereint']",[],"['Aussehen, das feminin und maskulin zugleich ist', 'Anmutung, die Geschlechterstereotypen verwischt', 'Erscheinung, die weibliche und männliche Merkmale vereint']"
biologisch ein Mann,a|s,unconscious_bias,gender_identity,['wurde bei der Geburt das männliche Geschlecht zugewiesen'],[],['wurde bei der Geburt das männliche Geschlecht zugewiesen']
biologisch eine Frau,a|s,unconscious_bias,gender_identity,['wurde bei der Geburt das weibliche Geschlecht zugewiesen'],[],['wurde bei der Geburt das weibliche Geschlecht zugewiesen']
bisschen bi schaden nie,adv|a|v|adv,unconscious_bias,gender_identity,['-'],[],['-']
Damen und Herren,s||s,unconscious_bias,gender_identity,"['Mitmenschen', 'Zuhörende und Zusehende', 'Anwesende', 'Teilnehmende', 'Interessierte', 'Beschäftigte', 'Fakultätsmitglieder', 'Team', 'Kollegium', 'Alle', 'Rektorat', 'Präsidium', 'Fakultät', 'Publikum', 'Kollegium', 'Abteilung', 'Firma']","['Team', 'Kollegium', 'Alle', 'Rektorat', 'Präsidium', 'Fakultät', 'Publikum', 'Kollegium', 'Abteilung', 'Firma']","['Mitmenschen', 'Zuhörende und Zusehende', 'Anwesende', 'Teilnehmende', 'Interessierte', 'Beschäftigte', 'Fakultätsmitglieder', 'Team', 'Kollegium', 'Alle', 'Rektorat', 'Präsidium', 'Fakultät', 'Publikum', 'Kollegium', 'Abteilung', 'Firma']"
Diversitäts-Klamauk,s,unconscious_bias,gender_identity,['Geschlechtervielfalt'],[],['Geschlechtervielfalt']
Diversitäts-Theater,s,unconscious_bias,gender_identity,['Geschlechtervielfalt'],[],['Geschlechtervielfalt']
ehemalige Frau,a|s,unconscious_bias,gender_identity,"['Mann, der früher als Frau lebte', 'trans Mann', 'ehemalige~r Lebenspartner~in']",['ehemalige Lebenspartner~innen~ und ~Lebenspartner'],"['Mann, der früher als Frau lebte', 'trans Mann', 'ehemalige~r Lebenspartner~in', 'ehemalige Lebenspartner~innen~ und ~Lebenspartner']"
ehemaliger Mann,a|s,unconscious_bias,gender_identity,"['Frau, die früher als Mann lebte', 'trans Frau', 'ehemalige~r Lebenspartner~in']",['ehemalige Lebenspartner~innen~ und ~Lebenspartner'],"['Frau, die früher als Mann lebte', 'trans Frau', 'ehemalige~r Lebenspartner~in', 'ehemalige Lebenspartner~innen~ und ~Lebenspartner']"
falscher Körper,a|s,unconscious_bias,gender_identity,"['bei der Geburt dem männlichen Geschlecht zugewiesen', 'wurde bei der Geburt dem weiblichen Geschlecht zugewiesen', 'wurde bei der Geburt ein Geschlecht zugewiesen']",[],"['bei der Geburt dem männlichen Geschlecht zugewiesen', 'wurde bei der Geburt dem weiblichen Geschlecht zugewiesen', 'wurde bei der Geburt ein Geschlecht zugewiesen']"
Fräulein,s,unconscious_bias,gender_identity,"['Person', 'jemand', 'Mensch', '-', 'du(...)', 'Sie(...)']",['-'],"['-', 'Person', 'jemand', 'Mensch', 'du(...)', 'Sie(...)']"
Gendergaga,s,unconscious_bias,gender_identity,['Geschlechtervielfalt'],[],['Geschlechtervielfalt']
Genderideologie,s,unconscious_bias,gender_identity,"['Geschlechtergerechtigkeit', 'Geschlechtervielfalt']",[],"['Geschlechtergerechtigkeit', 'Geschlechtervielfalt']"
Genderismus,s,unconscious_bias,gender_identity,"['Geschlechtervielfalt', 'Geschlechtergerechtigkeit']",[],"['Geschlechtervielfalt', 'Geschlechtergerechtigkeit']"
Geschlechtsumwandlung,s,unconscious_bias,gender_identity,"['Geschlechtsangleichung', 'Geschlechtsanpassung']",[],"['Geschlechtsangleichung', 'Geschlechtsanpassung']"
Herr,s,unconscious_bias,gender_identity,"['((Vorname))', '((Vorname)) ((Familienname))', 'höflicher Mensch']",[],"['((Vorname))', '((Vorname)) ((Familienname))', 'höflicher Mensch']"
ihre Frau,~|s,unconscious_bias,gender_identity,"['ihre bessere Hälfte', 'ihre Begleitung', 'ihr~e~/~ihr Partner~in~/~Partner']","['ihre besseren Hälften', 'ihre Begleitungen', 'ihr~e~/~ihre Partner~innen~ und ~Partner']","['ihre bessere Hälfte', 'ihre Begleitung', 'ihr~e~/~ihr Partner~in~/~Partner', 'ihre besseren Hälften', 'ihre Begleitungen', 'ihr~e~/~ihre Partner~innen~ und ~Partner']"
im falschen Körper geboren,|a|s|=a,unconscious_bias,gender_identity,"['bei der Geburt dem männlichen Geschlecht zugewiesen', 'wurde bei der Geburt dem weiblichen Geschlecht zugewiesen', 'wurde bei der Geburt ein Geschlecht zugewiesen']",[],"['bei der Geburt dem männlichen Geschlecht zugewiesen', 'wurde bei der Geburt dem weiblichen Geschlecht zugewiesen', 'wurde bei der Geburt ein Geschlecht zugewiesen']"
"jeder, der",~s|=,unconscious_bias,gender_identity,"['wer', 'wenn du', 'wenn Sie']","['alle, die', 'jene, die', 'diejenigen, die']","['wer', 'wenn du', 'wenn Sie', 'alle, die', 'jene, die', 'diejenigen, die']"
seine Frau,~|s,unconscious_bias,gender_identity,"['sein~e~/~sein Begleitung', 'sein~e~/~sein Partner~in~/~Partner']",[],"['sein~e~/~sein Begleitung', 'sein~e~/~sein Partner~in~/~Partner']"
Trans-Frau,s,unconscious_bias,gender_identity,"['trans*Frau', 'trans Frau', 'trans*Person', 'trans Person']",[],"['trans*Frau', 'trans Frau', 'trans*Person', 'trans Person']"
Trans-Mann,s,unconscious_bias,gender_identity,"['trans*Mann', 'trans Mann', 'trans*Person', 'trans Person']",[],"['trans*Mann', 'trans Mann', 'trans*Person', 'trans Person']"
Transmensch,s,unconscious_bias,gender_identity,['trans Mensch'],[],['trans Mensch']
Transperson,s,unconscious_bias,gender_identity,"['trans Person', 'trans*Person']",[],"['trans Person', 'trans*Person']"
transsexuell,a,unconscious_bias,gender_identity,"['trans', 'transgender']",[],"['trans', 'transgender']"
umoperiert,a,unconscious_bias,gender_identity,['hat das eigene Geschlecht angeglichen'],[],['hat das eigene Geschlecht angeglichen']
unisex,a,unconscious_bias,gender_identity,['genderneutral'],[],['genderneutral']
ursprüngliches Geschlecht,a|s,unconscious_bias,gender_identity,"['biologisches Geburtsgeschlecht', 'bei der Geburt zugewiesenes Geschlecht']",[],"['biologisches Geburtsgeschlecht', 'bei der Geburt zugewiesenes Geschlecht']"
sein früher ein Mann,v|adv||s,unconscious_bias,gender_identity,['lebte früher als Mann'],[],['lebte früher als Mann']
früher ein Mann sein,adv||s|v,unconscious_bias,gender_identity,['lebte früher als Mann'],[],['lebte früher als Mann']
sein früher eine Frau,v|adv||s,unconscious_bias,gender_identity,['lebte früher als Frau'],[],['lebte früher als Frau']
früher eine Frau sein,adv||s|v,unconscious_bias,gender_identity,['lebte früher als Frau'],[],['lebte früher als Frau']
Wunschgeschlecht,s,unconscious_bias,gender_identity,['eigene Geschlechtsidentität'],[],['eigene Geschlechtsidentität']
Zwischengeschlechtlichkeit,s,unconscious_bias,gender_identity,['Intergeschlechtlichkeit'],[],['Intergeschlechtlichkeit']
auf taube Ohren stoßen,|a|s|v,unconscious_bias,hearing,"['ignoriert werden(...)', 'ungehört bleiben(...)', 'auf Ablehnung stoßen(...)', 'auf Desinteresse stoßen(...)', 'keine Beachtung finden(...)']",[],"['ignoriert werden(...)', 'ungehört bleiben(...)', 'auf Ablehnung stoßen(...)', 'auf Desinteresse stoßen(...)', 'keine Beachtung finden(...)']"
stoßen auf taube Ohren,v||a|s,unconscious_bias,hearing,"['ignoriert werden(...)', 'ungehört bleiben(...)', 'auf Ablehnung stoßen(...)', 'auf Desinteresse stoßen(...)', 'keine Beachtung finden(...)']",[],"['ignoriert werden(...)', 'ungehört bleiben(...)', 'auf Ablehnung stoßen(...)', 'auf Desinteresse stoßen(...)', 'keine Beachtung finden(...)']"
taub,a,unconscious_bias,hearing,"['Deaf', 'Taub', 'gehörlos', 'Mensch mit Hörverlust(...)', 'Mensch mit eingeschränktem Hörvermögen(...)', 'Gehörlosigkeit(...)', 'nicht hören wollen(...)', 'nicht zuhören(...)']",[],"['gehörlos', 'Deaf', 'Taub', 'Mensch mit Hörverlust(...)', 'Mensch mit eingeschränktem Hörvermögen(...)', 'Gehörlosigkeit(...)', 'nicht hören wollen(...)', 'nicht zuhören(...)']"
taube Ohren finden,a|s|v,unconscious_bias,hearing,"['unberücksichtigt bleiben(...)', 'ungehört bleiben(...)', 'auf Ablehnung stoßen(...)', 'auf Desinteresse stoßen(...)', 'keine Beachtung finden(...)']",[],"['unberücksichtigt bleiben(...)', 'ungehört bleiben(...)', 'auf Ablehnung stoßen(...)', 'auf Desinteresse stoßen(...)', 'keine Beachtung finden(...)']"
finden taube Ohren,v|a|s,unconscious_bias,hearing,"['unberücksichtigt bleiben(...)', 'ungehört bleiben(...)', 'auf Ablehnung stoßen(...)', 'auf Desinteresse stoßen(...)', 'keine Beachtung finden(...)']",[],"['unberücksichtigt bleiben(...)', 'ungehört bleiben(...)', 'auf Ablehnung stoßen(...)', 'auf Desinteresse stoßen(...)', 'keine Beachtung finden(...)']"
auf taube Ohren fallen,|a|s|v,unconscious_bias,hearing,"['unberücksichtigt bleiben(...)', 'ungehört verhallen(...)', 'auf Ablehnung stoßen(...)', 'auf Desinteresse stoßen(...)', 'keine Beachtung finden(...)']",[],"['unberücksichtigt bleiben(...)', 'ungehört verhallen(...)', 'auf Ablehnung stoßen(...)', 'auf Desinteresse stoßen(...)', 'keine Beachtung finden(...)']"
fallen auf taube Ohren,v||a|s,unconscious_bias,hearing,"['unberücksichtigt bleiben(...)', 'ungehört verhallen(...)', 'auf Ablehnung stoßen(...)', 'auf Desinteresse stoßen(...)', 'keine Beachtung finden(...)']",[],"['unberücksichtigt bleiben(...)', 'ungehört verhallen(...)', 'auf Ablehnung stoßen(...)', 'auf Desinteresse stoßen(...)', 'keine Beachtung finden(...)']"
hörgeschädigt,a,unconscious_bias,hearing,"['gehörlos', 'hörbehindert', 'schwerhörig', 'Mensch mit eingeschränktem Hörvermögen(...)', 'Gehörlosigkeit(...)']",[],"['gehörlos', 'hörbehindert', 'schwerhörig', 'Mensch mit eingeschränktem Hörvermögen(...)', 'Gehörlosigkeit(...)']"
taubstumm,a,unconscious_bias,hearing,"['gehörlos', 'hörbehindert', 'schwerhörig', 'nutzt eine Gebärdensprache', 'Taub(...)', 'Mensch mit eingeschränktem Hörvermögen --- nicht beschönigend verwenden(...)', 'Gehörlosigkeit(...)']",[],"['gehörlos', 'hörbehindert', 'schwerhörig', 'nutzt eine Gebärdensprache', 'Taub(...)', 'Mensch mit eingeschränktem Hörvermögen --- nicht beschönigend verwenden(...)', 'Gehörlosigkeit(...)']"
Veitstanz,s,unconscious_bias,medical_state,"['Muskelzuckungen', 'die unwillkürlichen, krampfartigen Bewegungen eines Menschen mit der Huntington-Krankheit', 'unkoordinierte Bewegungen(...)']",[],"['Muskelzuckungen', 'die unwillkürlichen, krampfartigen Bewegungen eines Menschen mit der Huntington-Krankheit', 'unkoordinierte Bewegungen(...)']"
bucklig,s,unconscious_bias,medical_state,"['eine Wölbung im Rücken habend', 'mit Wirbelsäulenkrümmung']",[],"['eine Wölbung im Rücken habend', 'mit Wirbelsäulenkrümmung']"
Bucklige,=s,unconscious_bias,medical_state,['Person mit Wirbelsäulenkrümmung(...)'],[],['Person mit Wirbelsäulenkrümmung(...)']
Buckliger,=s,unconscious_bias,medical_state,['Person mit Wirbelsäulenkrümmung(...)'],[],['Person mit Wirbelsäulenkrümmung(...)']
Hinkebein,s,unconscious_bias,medical_state,"['Person, die hinkt(...)']",[],"['Person, die hinkt(...)']"
Klumpfuss,s,unconscious_bias,medical_state,['Person mit Fehlbildung/Fehlstellung des Fußes(...)'],[],['Person mit Fehlbildung/Fehlstellung des Fußes(...)']
mongoloid,a,unconscious_bias,medical_state,"['mit Down-Syndrom', 'mit Trisomie 21', 'mit veränderter Chromosomenzahl', 'Mensch mit Lernschwierigkeiten(...)']",[],"['mit Down-Syndrom', 'mit Trisomie 21', 'mit veränderter Chromosomenzahl', 'Mensch mit Lernschwierigkeiten(...)']"
Pflegefall,s,unconscious_bias,medical_state,"['Mensch mit Assistenzbedarf(...)', 'pflegebedürftige Person(...)', 'Mensch mit hohem Pflegebedarf(...)']",[],"['Mensch mit Assistenzbedarf(...)', 'pflegebedürftige Person(...)', 'Mensch mit hohem Pflegebedarf(...)']"
Wasserkopf,s,unconscious_bias,medical_state,['Mensch mit Hydrocephalus(...)'],[],['Mensch mit Hydrocephalus(...)']
Zwerg,s,unconscious_bias,medical_state,"['Person, die kleinwüchsig ist(...)']",[],"['Person, die kleinwüchsig ist(...)']"
Magersuchtausstatter,s,unconscious_bias,mental_wellbeing,"['Bekleidungsgeschäft, das Mode unter Größe 34 oder die Größe ""0"" anbietet(...)']",[],"['Bekleidungsgeschäft, das Mode unter Größe 34 oder die Größe ""0"" anbietet(...)']"
spinnen,v,unconscious_bias,mental_wellbeing,"['fabulieren(...)', 'der Fantasie freien Lauf lassen(...)', 'erfinden(...)', 'vorgaukeln(...)', 'authentisch sein(...)']",[],"['fabulieren(...)', 'der Fantasie freien Lauf lassen(...)', 'erfinden(...)', 'vorgaukeln(...)', 'authentisch sein(...)']"
neurotisch,a,unconscious_bias,mental_wellbeing,"['Person mit einer Neurose(...)', 'offen Ängste zeigend(...)', 'schnell verunsichert(...)', 'starken Stimmungsschwankungen ausgesetzt(...)', 'gehemmt(...)']",[],"['Person mit einer Neurose(...)', 'offen Ängste zeigend(...)', 'schnell verunsichert(...)', 'starken Stimmungsschwankungen ausgesetzt(...)', 'gehemmt(...)']"
hysterisch,a,unconscious_bias,mental_wellbeing,"['offen Gefühle zeigen(...)', 'nervös(...)', 'unbeherrscht(...)', 'aufbrausend(...)', 'leicht reizbar(...)']",[],"['offen Gefühle zeigen(...)', 'nervös(...)', 'unbeherrscht(...)', 'aufbrausend(...)', 'leicht reizbar(...)']"
gestresst,a,unconscious_bias,mental_wellbeing,"['überbeansprucht', 'unter Druck', 'überlastet', 'unter hohem Termindruck', 'nicht ausreichend vom Team unterstützt']",[],"['überbeansprucht', 'unter Druck', 'überlastet', 'unter hohem Termindruck', 'nicht ausreichend vom Team unterstützt']"
überfordert,a,unconscious_bias,mental_wellbeing,"['überbeansprucht', 'unter Druck', 'überlastet', 'unter hohem Termindruck', 'nicht ausreichend vom Team unterstützt']",[],"['überbeansprucht', 'unter Druck', 'überlastet', 'unter hohem Termindruck', 'nicht ausreichend vom Team unterstützt']"
Workaholic,s,unconscious_bias,mental_wellbeing,"['jemand mit gefährdeter Work-Life-Balance(...)', 'Mensch, der in seiner Arbeit aufgeht(...)']",[],"['jemand mit gefährdeter Work-Life-Balance(...)', 'Mensch, der in seiner Arbeit aufgeht(...)']"
Migrationshintergrund,s,unconscious_bias,migration,"['Einwanderungsbiografie', 'Einwanderungsgeschichte', 'Migrationsgeschichte', 'mit multinationaler Lebensgeschichte(...)', 'mit multinationaler Biografie(...)']",[],"['Einwanderungsbiografie', 'Einwanderungsgeschichte', 'Migrationsgeschichte', 'mit multinationaler Lebensgeschichte(...)', 'mit multinationaler Biografie(...)']"
Muttersprache,s,unconscious_bias,migration,"['Erstsprache', 'Familiensprache', 'Sprache, in der jemand denkt und träumt(...)', 'Sprache, in der sich jemand am sichersten fühlt(...)']",[],"['Erstsprache', 'Familiensprache', 'Sprache, in der jemand denkt und träumt(...)', 'Sprache, in der sich jemand am sichersten fühlt(...)']"
Armutsflüchtling,s,unconscious_bias,migration,[],[],[]
Armutszuwanderung,s,unconscious_bias,migration,['Arbeitseinwanderung(...)'],[],['Arbeitseinwanderung(...)']
Asylmissbrauch,s,unconscious_bias,migration,"['Asylsuche', 'Asylbetrug --- nur bei Straftat einer Einzelperson']",[],"['Asylsuche', 'Asylbetrug --- nur bei Straftat einer Einzelperson']"
Ausländerfeindlichkeit,s,unconscious_bias,migration,"['Rassismus', 'Neonazismus', 'Rechtsextremismus', 'Rechtsterrorismus', 'Hasskriminalität']",[],"['Rassismus', 'Neonazismus', 'Rechtsextremismus', 'Rechtsterrorismus', 'Hasskriminalität']"
Ausländerhass,s,unconscious_bias,migration,"['Rassismus', 'Neonazismus', 'Rechtsextremismus', 'Rechtsterrorismus', 'Hasskriminalität']",[],"['Rassismus', 'Neonazismus', 'Rechtsextremismus', 'Rechtsterrorismus', 'Hasskriminalität']"
Ausländerkriminalität,s,unconscious_bias,migration,"['Kriminalität', '((Straftat))']",[],"['Kriminalität', '((Straftat))']"
ausländische Mitbürgerin,a|s,unconscious_bias,migration,['ausländische~r Bürger~in~/~Bürger'],['ausländische Bürger~innen~ und ~Bürger'],"['ausländische~r Bürger~in~/~Bürger', 'ausländische Bürger~innen~ und ~Bürger']"
ausländischer Mitbürger,a|s,unconscious_bias,migration,['ausländische~r Bürger~in~/~Bürger'],['ausländische Bürger~innen~ und ~Bürger'],"['ausländische~r Bürger~in~/~Bürger', 'ausländische Bürger~innen~ und ~Bürger']"
besorgte Bürger,a|s,unconscious_bias,migration,"['Islamfeind~in~/~Islamfeind', 'Rassist~in', 'Verfassungsfeind~in~/~Verfassungsfeind', 'Rechtsradikal~e~/~Rechtsradikaler', 'Rechtsextrem~e~/~Rechtsextremer']","['Islamfeinde', 'Rassisten', 'Verfassungsfeinde Rechtsradikale', 'Rechtsextreme', 'Rassist~innen~ und Rassisten', 'Verfassungsfeind~innen~ und ~Verfassungsfeinde']","['Islamfeind~in~/~Islamfeind', 'Rassist~in', 'Verfassungsfeind~in~/~Verfassungsfeind', 'Rechtsradikal~e~/~Rechtsradikaler', 'Rechtsextrem~e~/~Rechtsextremer', 'Islamfeinde', 'Rassisten', 'Verfassungsfeinde Rechtsradikale', 'Rechtsextreme', 'Rassist~innen~ und Rassisten', 'Verfassungsfeind~innen~ und ~Verfassungsfeinde']"
besorgte Bürgerin,a|s,unconscious_bias,migration,"['Islamfeind~in~/~Islamfeind', 'Rassist~in', 'Verfassungsfeind~in~/~Verfassungsfeind', 'Rechtsradikal~e~/~Rechtsradikaler', 'Rechtsextrem~e~/~Rechtsextremer']","['Islamfeinde', 'Rechtsradikale', 'Rechtsextreme', 'Rassist~innen~ und Rassisten', 'Verfassungsfeind~innen~ und ~Verfassungsfeinde']","['Islamfeind~in~/~Islamfeind', 'Rassist~in', 'Verfassungsfeind~in~/~Verfassungsfeind', 'Rechtsradikal~e~/~Rechtsradikaler', 'Rechtsextrem~e~/~Rechtsextremer', 'Islamfeinde', 'Rechtsradikale', 'Rechtsextreme', 'Rassist~innen~ und Rassisten', 'Verfassungsfeind~innen~ und ~Verfassungsfeinde']"
christlich-jüdische Leitkultur,a|s,unconscious_bias,migration,"['christliche Werte', 'verfassungsgemäße Werte']","['christliche Werte', 'verfassungsgemäße Werte']","['christliche Werte', 'verfassungsgemäße Werte', 'christliche Werte', 'verfassungsgemäße Werte']"
christlich-jüdisches Abendland,a|s,unconscious_bias,migration,"['christliche Werte', 'verfassungsgemäße Werte']",[],"['christliche Werte', 'verfassungsgemäße Werte']"
deutschtürkisch,a,unconscious_bias,migration,['türkeideutsch'],[],['türkeideutsch']
Entwicklungshilfe,s,unconscious_bias,migration,"['Unterstützung', 'Hilfe', 'Zusammenarbeit']",[],"['Unterstützung', 'Hilfe', 'Zusammenarbeit']"
Flüchtlingsflut,s,unconscious_bias,migration,"['Fluchtmigration', 'Einreise von Geflüchteten', 'Fluchtbewegung', '((Zahl)) Schutzsuchende']",[],"['Fluchtmigration', 'Einreise von Geflüchteten', 'Fluchtbewegung', '((Zahl)) Schutzsuchende']"
fremdenfeindlich,a,unconscious_bias,migration,"['rassistisch', 'menschenfeindlich', 'rechtsextrem']",[],"['rassistisch', 'menschenfeindlich', 'rechtsextrem']"
Fremdenfeindlichkeit,s,unconscious_bias,migration,"['Rassismus', 'Neonazismus', 'Rechtsextremismus', 'Rechtsterrorismus', 'Hasskriminalität']",[],"['Rassismus', 'Neonazismus', 'Rechtsextremismus', 'Rechtsterrorismus', 'Hasskriminalität']"
gescheiterte Integration,a|s,unconscious_bias,migration,"['transkulturelle Kultur', 'Transkulturalität', 'kulturelle Pluralität', 'diverse Lebensformen und Lebensstile']",[],"['transkulturelle Kultur', 'Transkulturalität', 'kulturelle Pluralität', 'diverse Lebensformen und Lebensstile']"
illegale Arbeitskraft,a|s,unconscious_bias,migration,"['Pfuscher --- Österreich', 'nicht angemeldete Arbeitnehmer~in~/~Arbeitnehmer']","['Pfuscher --- Österreich', 'nicht angemeldete Arbeitnehmer~innen~ und ~Arbeitnehmer']","['Pfuscher --- Österreich', 'nicht angemeldete Arbeitnehmer~in~/~Arbeitnehmer', 'Pfuscher --- Österreich', 'nicht angemeldete Arbeitnehmer~innen~ und ~Arbeitnehmer']"
illegale Einwanderin,a|s,unconscious_bias,migration,"['Mensch mit unklarem Aufenthaltsstatus', 'Geflüchtete', 'Migrant~in~/~Migrant', 'Mensch mit Migrationsgeschichte(...)']","['Menschen mit unklarem Aufenthaltsstatus', 'Geflüchtete', 'Migrant~innen~ und ~Migranten', 'Menschen mit Migrationsgeschichte(...)']","['Mensch mit unklarem Aufenthaltsstatus', 'Geflüchtete', 'Migrant~in~/~Migrant', 'Mensch mit Migrationsgeschichte(...)', 'Menschen mit unklarem Aufenthaltsstatus', 'Geflüchtete', 'Migrant~innen~ und ~Migranten', 'Menschen mit Migrationsgeschichte(...)']"
illegaler Einwanderer,a|s,unconscious_bias,migration,"['Mensch mit unklarem Aufenthaltsstatus', 'Geflüchtete', 'Migrant~in~/~Migrant', 'Mensch mit Migrationsgeschichte(...)']","['Menschen mit unklarem Aufenthaltsstatus', 'Geflüchtete', 'Migrant~innen~ und ~Migranten', 'Menschen mit Migrationsgeschichte(...)']","['Mensch mit unklarem Aufenthaltsstatus', 'Geflüchtete', 'Migrant~in~/~Migrant', 'Mensch mit Migrationsgeschichte(...)', 'Menschen mit unklarem Aufenthaltsstatus', 'Geflüchtete', 'Migrant~innen~ und ~Migranten', 'Menschen mit Migrationsgeschichte(...)']"
Integrationsverweigerer,s,unconscious_bias,migration,"['diverse Lebensformen und Lebensstile', '-']",['-'],"['-', 'diverse Lebensformen und Lebensstile']"
Lügenpresse,s,unconscious_bias,migration,"['Presse', 'Medien']",[],"['Presse', 'Medien']"
Meinungsdiktatur,s,unconscious_bias,migration,"['Konsens', 'verfassungsgemäße Debatte']",[],"['Konsens', 'verfassungsgemäße Debatte']"
Migrant,s,unconscious_bias,migration,['Mensch mit Migrationsgeschichte(...)'],[],['Mensch mit Migrationsgeschichte(...)']
mit türkischen Wurzeln,|a|s,unconscious_bias,migration,"['aus der Türkei eingewandert', 'hat eine türkische Familiengeschichte', 'in der Türkei geboren']",[],"['aus der Türkei eingewandert', 'hat eine türkische Familiengeschichte', 'in der Türkei geboren']"
muttersprachlich,a|s,unconscious_bias,migration,"['in der Erstsprache', 'bezogen auf die Erstsprache', 'in der Familiensprache', 'bezogen auf die Familiensprache']",[],"['in der Erstsprache', 'bezogen auf die Erstsprache', 'in der Familiensprache', 'bezogen auf die Familiensprache']"
nichtdeutsche Herkunftssprache,a|s,unconscious_bias,migration,"['mehrsprachig', '--- Sprache nennen']",['--- Sprache nennen'],"['--- Sprache nennen', 'mehrsprachig']"
Rechtspopulismus,s,unconscious_bias,migration,"['autoritär-nationalradikal', 'rechtsradikal', 'in Teilen rechtsextrem']",[],"['autoritär-nationalradikal', 'rechtsradikal', 'in Teilen rechtsextrem']"
rechtspopulistisch,a,unconscious_bias,migration,"['autoritär-nationalradikal', 'rechtsradikal', 'in Teilen rechtsextrem']",[],"['autoritär-nationalradikal', 'rechtsradikal', 'in Teilen rechtsextrem']"
Scheinasylant,s,unconscious_bias,migration,['-'],['-'],['-']
sicheres Herkunftsland,a|s,unconscious_bias,migration,['von der Regierung als sicher eingestuftes Land'],['von der Regierung als sicher eingestufte Länder'],"['von der Regierung als sicher eingestuftes Land', 'von der Regierung als sicher eingestufte Länder']"
südländisch,a,unconscious_bias,migration,['--- nicht auf Menschen beziehen'],['--- nicht auf Menschen beziehen'],['--- nicht auf Menschen beziehen']
türkischstämmig,a,unconscious_bias,migration,"['türkeistämmig', '--- nur erwähnen, falls relevant']","['--- nur erwähnen, falls relevant']","['--- nur erwähnen, falls relevant', 'türkeistämmig']"
überfremdet,a,unconscious_bias,migration,"['transkulturell', 'pluralistisch', 'divers', '-']",['-'],"['-', 'transkulturell', 'pluralistisch', 'divers']"
Überfremdung,s,unconscious_bias,migration,"['Transkulturalität', 'Pluralisierung', 'Einwanderungsgesellschaft', 'Einwanderungsland']",[],"['Transkulturalität', 'Pluralisierung', 'Einwanderungsgesellschaft', 'Einwanderungsland']"
Wir Deutschen,~s|s,unconscious_bias,migration,['In Deutschland'],[],['In Deutschland']
Xenophobie,s,unconscious_bias,migration,['Rassismus'],[],['Rassismus']
zensieren,v,unconscious_bias,migration,"['eine journalistische Auswahl treffen --- in Medien', 'an Empathie appellieren --- im Journalismus']",[],"['eine journalistische Auswahl treffen --- in Medien', 'an Empathie appellieren --- im Journalismus']"
Zensur,s,unconscious_bias,migration,"['Treffen einer journalistischen Auswahl --- in Medien', 'Appell an Empathie --- im Journalismus']",[],"['Treffen einer journalistischen Auswahl --- in Medien', 'Appell an Empathie --- im Journalismus']"
aus der Schusslinie nehmen,||s|v,unconscious_bias,military_source,"['unterstützen', 'in Schutz nehmen', 'eine schützende Hand halten über(...)', 'unter seinen persönlichen Schutz stellen(...)', '(jemandem etwas ...) vom Hals halten']",[],"['unterstützen', 'in Schutz nehmen', 'eine schützende Hand halten über(...)', 'unter seinen persönlichen Schutz stellen(...)', '(jemandem etwas ...) vom Hals halten']"
aus der Schusslinie ziehen,||s|v,unconscious_bias,military_source,"['vor Angriffen schützen', 'vor Kritik in Schutz nehmen', 'eine schützende Hand halten über(...)', 'unter seinen persönlichen Schutz stellen(...)', '(jemandem etwas ...) vom Hals halten']",[],"['vor Angriffen schützen', 'vor Kritik in Schutz nehmen', 'eine schützende Hand halten über(...)', 'unter seinen persönlichen Schutz stellen(...)', '(jemandem etwas ...) vom Hals halten']"
schwere Geschütze auffahren,a|s|v,unconscious_bias,military_source,"['heftige Kritik äußern(...)', 'gewichtige Gegenargumente vorbringen(...)', '(sich) mit Kritik nicht zurückhalten(...)']",[],"['heftige Kritik äußern(...)', 'gewichtige Gegenargumente vorbringen(...)', '(sich) mit Kritik nicht zurückhalten(...)']"
fahren schwere Geschütze auf,v|a|s|,unconscious_bias,military_source,"['heftige Kritik äußern(...)', 'gewichtige Gegenargumente vorbringen(...)', '(sich) mit Kritik nicht zurückhalten(...)']",[],"['heftige Kritik äußern(...)', 'gewichtige Gegenargumente vorbringen(...)', '(sich) mit Kritik nicht zurückhalten(...)']"
schweres Geschütz auffahren,a|s|v,unconscious_bias,military_source,"['heftige Kritik geäußert(...)', 'gewichtige Gegenargumente vorgebracht(...)', '(sich) mit Kritik nicht zurückgehalten(...)']",[],"['heftige Kritik geäußert(...)', 'gewichtige Gegenargumente vorgebracht(...)', '(sich) mit Kritik nicht zurückgehalten(...)']"
fahren schweres Geschütz auf,v|a|s|,unconscious_bias,military_source,"['heftige Kritik geäußert(...)', 'gewichtige Gegenargumente vorgebracht(...)', '(sich) mit Kritik nicht zurückgehalten(...)']",[],"['heftige Kritik geäußert(...)', 'gewichtige Gegenargumente vorgebracht(...)', '(sich) mit Kritik nicht zurückgehalten(...)']"
Guerilla-Marketing,s,unconscious_bias,military_source,"['kostengünstige unkonventionelle Werbestrategie(...)', 'parasitäres Marketing(...)', 'Trittbrettfahren(...)', 'erfrischende, provokante Werbe-Maßnahmen(...)', 'Werbung, die auf Überraschungen und ungewöhnliche Interaktionen setzt,(...)']",[],"['kostengünstige unkonventionelle Werbestrategie(...)', 'parasitäres Marketing(...)', 'Trittbrettfahren(...)', 'erfrischende, provokante Werbe-Maßnahmen(...)', 'Werbung, die auf Überraschungen und ungewöhnliche Interaktionen setzt,(...)']"
auf Vordermann bringen,|s|v,unconscious_bias,military_source,"['für Ordnung sorgen', 'instandsetzen', 'aufräumen', 'offen Erwartungen kommunizieren']",[],"['für Ordnung sorgen', 'instandsetzen', 'aufräumen', 'offen Erwartungen kommunizieren']"
bringen auf Vordermann,|s|v,unconscious_bias,military_source,"['für Ordnung sorgen', 'instandsetzen', 'aufräumen', 'offen Erwartungen kommunizieren']",[],"['für Ordnung sorgen', 'instandsetzen', 'aufräumen', 'offen Erwartungen kommunizieren']"
aus der Schusslinie,||s,unconscious_bias,military_source,"['aus der Gefahr', 'aus einer prekären Situation', 'zur Seite']",[],"['aus der Gefahr', 'aus einer prekären Situation', 'zur Seite']"
aus der Schusslinie gehen,||s|v,unconscious_bias,military_source,"['ausweichen', 'sich schützen', 'sich in Sicherheit bringen', 'aus dem Weg gehen']",[],"['ausweichen', 'sich schützen', 'sich in Sicherheit bringen', 'aus dem Weg gehen']"
aus der Schusslinie sein,||s|v,unconscious_bias,military_source,"['vor Angriffen geschützt sein', 'auf der sicheren Seite sein', 'von Kritik verschont werden']",[],"['vor Angriffen geschützt sein', 'auf der sicheren Seite sein', 'von Kritik verschont werden']"
die Flinte ins Korn werfen,|s||s|v,unconscious_bias,military_source,"['aufgeben', 'alles hinwerfen', 'sich entmutigen lassen']",[],"['aufgeben', 'alles hinwerfen', 'sich entmutigen lassen']"
werfen die Flinte ins Korn,v||s||s,unconscious_bias,military_source,"['aufgeben', 'alles hinwerfen', 'sich entmutigen lassen']",[],"['aufgeben', 'alles hinwerfen', 'sich entmutigen lassen']"
im Schild führen,|s|v,unconscious_bias,military_source,['einen Plan haben'],[],['einen Plan haben']
führen die im Schild,v|s||s,unconscious_bias,military_source,['einen Plan haben'],[],['einen Plan haben']
in der Schusslinie,||s,unconscious_bias,military_source,"['heftiger Kritik ausgesetzt', 'Anfechtungen ausgesetzt']",[],"['heftiger Kritik ausgesetzt', 'Anfechtungen ausgesetzt']"
in die Schusslinie geraten,||s|v,unconscious_bias,military_source,"['Kritik auf sich ziehen', 'Anfechtungen ausgesetzt sein', 'in etwas hineingezogen werden', 'sich eine Blöße geben']",[],"['Kritik auf sich ziehen', 'Anfechtungen ausgesetzt sein', 'in etwas hineingezogen werden', 'sich eine Blöße geben']"
Kollateralschaden,s,unconscious_bias,military_source,"['Nebenwirkung', 'unbeabsichtigter Schaden', 'in Kauf genommener Verlust']",[],"['Nebenwirkung', 'unbeabsichtigter Schaden', 'in Kauf genommener Verlust']"
Marschroute,s,unconscious_bias,military_source,"['Route', 'Weg', 'Vorgehen', 'strategische Richtung']",[],"['Route', 'Weg', 'Vorgehen', 'strategische Richtung']"
sich am Riemen reißen,||s|v,unconscious_bias,military_source,['zusammennehmen'],[],['zusammennehmen']
an den Rollstuhl gefesselt,||s|a,unconscious_bias,mobility,"['nutzt einen Rollstuhl --- nur erwähnen, wenn relevant', 'im Rollstuhl sitzt', 'benutzt den Rollstuhl', 'fährt Rollstuhl', 'im Rollstuhl unterwegs ist']",[],"['nutzt einen Rollstuhl --- nur erwähnen, wenn relevant', 'im Rollstuhl sitzt', 'benutzt den Rollstuhl', 'fährt Rollstuhl', 'im Rollstuhl unterwegs ist']"
sein im Rollstuhl,v||s,unconscious_bias,mobility,"['benutzt einen Rollstuhl --- nur erwähnen, wenn relevant']",[],"['benutzt einen Rollstuhl --- nur erwähnen, wenn relevant']"
im Rollstuhl sein,|s|v,unconscious_bias,mobility,"['benutzt einen Rollstuhl --- nur erwähnen, wenn relevant']",[],"['benutzt einen Rollstuhl --- nur erwähnen, wenn relevant']"
lahm,a,unconscious_bias,mobility,"['gehbehindert', 'mobilitätseingeschränkt', 'Person mit Gehbehinderung(...)', 'Mensch mit Mobilitätseinschränkung(...)', 'Person mit körperlicher Behinderung(...)']",[],"['gehbehindert', 'mobilitätseingeschränkt', 'Person mit Gehbehinderung(...)', 'Mensch mit Mobilitätseinschränkung(...)', 'Person mit körperlicher Behinderung(...)']"
Herrenrasse,s,unconscious_bias,nazi_language,"['-', 'Gruppe, die aus ihrer Hautfarbe oder Abstammung einen Überlegenheits- und Herrschaftsanspruch ableitet --- rassistische Ideologie(...)']",['-'],"['-', 'Gruppe, die aus ihrer Hautfarbe oder Abstammung einen Überlegenheits- und Herrschaftsanspruch ableitet --- rassistische Ideologie(...)']"
Herrenvolk,s,unconscious_bias,nazi_language,"['-', 'Gruppe, die aus ihrer Hautfarbe oder Abstammung einen Überlegenheits- und Herrschaftsanspruch ableitet --- rassistische Ideologie(...)']",['-'],"['-', 'Gruppe, die aus ihrer Hautfarbe oder Abstammung einen Überlegenheits- und Herrschaftsanspruch ableitet --- rassistische Ideologie(...)']"
unwertes Leben,a|s,unconscious_bias,nazi_language,"['-', 'im dritten Reich verfolgte Menschen mit Behinderungen(...)']",['-'],"['-', 'im dritten Reich verfolgte Menschen mit Behinderungen(...)']"
Ballastexistenz,s,unconscious_bias,nazi_language,"['-', 'im Nationalsozialismus verfolgter Mensch mit Behinderungen(...)']",['-'],"['-', 'im Nationalsozialismus verfolgter Mensch mit Behinderungen(...)']"
Vernichtung lebensunwerten Lebens,s|a|s,unconscious_bias,nazi_language,"['-', 'systematische Psychatriemorde im Nationalsozialismus(...)', 'systematische Ermordung von Menschen mit Behinderungen im Nationalsozialismus(...)']",['-'],"['-', 'systematische Psychatriemorde im Nationalsozialismus(...)', 'systematische Ermordung von Menschen mit Behinderungen im Nationalsozialismus(...)']"
ausmerzen,v,unconscious_bias,nazi_language,['beseitigen'],[],['beseitigen']
Reichskristallnacht,s,unconscious_bias,nazi_language,"['Pogromnacht', 'Novemberpogrome']",[],"['Pogromnacht', 'Novemberpogrome']"
Gaskammer,s,unconscious_bias,nazi_language,"['Anlage zum Töten mit Gas', '-']",['-'],"['-', 'Anlage zum Töten mit Gas']"
Entjudung,s,unconscious_bias,nazi_language,"['Holocaust', 'Massenmord', 'Genozid', 'Völkermord', '-']",['-'],"['-', 'Holocaust', 'Massenmord', 'Genozid', 'Völkermord']"
Endlösung,s,unconscious_bias,nazi_language,"['Holocaust', 'Massenmord', 'Genozid', 'Völkermord', '-']",['-'],"['-', 'Holocaust', 'Massenmord', 'Genozid', 'Völkermord']"
Sippenhaftung,s,unconscious_bias,nazi_language,"['Verfolgung von Verwandten', '-']",['-'],"['-', 'Verfolgung von Verwandten']"
Arbeitslager,s,unconscious_bias,nazi_language,"['Vernichtungslager', 'Konzentrationslager', '-']",['-'],"['-', 'Vernichtungslager', 'Konzentrationslager']"
Volksempfänger,s,unconscious_bias,nazi_language,"['Radio', '-']",['-'],"['-', 'Radio']"
Volkskanzler,s,unconscious_bias,nazi_language,"['Kanzler', '-']",['-'],"['-', 'Kanzler']"
Rassenhygiene,s,unconscious_bias,nazi_language,"['Rassismus', '-']",['-'],"['-', 'Rassismus']"
ethnische Herkunft,a|s,unconscious_bias,racist_source,"['Nationalität', 'gemeinsame Herkunft (Geschichte, Geburtsland, Sprache, Kultur, …)(...)']",[],"['Nationalität', 'gemeinsame Herkunft (Geschichte, Geburtsland, Sprache, Kultur, …)(...)']"
Bananenrepublik,s,unconscious_bias,racist_source,"['korrupter Staat(...)', 'dysfunktionale Verwaltung(...)', 'Land mit dysfunktionalen Strukturen(...)']",[],"['korrupter Staat(...)', 'dysfunktionale Verwaltung(...)', 'Land mit dysfunktionalen Strukturen(...)']"
barbarisch,a,unconscious_bias,racist_source,"['brutal', 'unmenschlich', 'menschenfeindlich', 'gewaltig', 'überwältigend', '-']",['-'],"['-', 'brutal', 'unmenschlich', 'menschenfeindlich', 'gewaltig', 'überwältigend']"
Dreads,s,unconscious_bias,racist_source,['Dreadlocks'],[],['Dreadlocks']
Dschungel,s,unconscious_bias,racist_source,"['Bürokratie', 'Labyrinth', 'dichter Wald', 'rechtloser Raum', 'tropischer Regenwald']",[],"['Bürokratie', 'Labyrinth', 'dichter Wald', 'rechtloser Raum', 'tropischer Regenwald']"
Eskimo,s,unconscious_bias,racist_source,"['Inuit', 'Yupik', 'Kalaallit --- Grönland', 'Person, die sich zu den indigenen Völkern Sibiriens zählt(...)', 'Person, die sich den indigenen Völkern Alaskas zählt(...)', 'Person, die sich zu den Völkern der nördlichen Polarregion zählt(...)']",[],"['Inuit', 'Yupik', 'Kalaallit --- Grönland', 'Person, die sich zu den indigenen Völkern Sibiriens zählt(...)', 'Person, die sich den indigenen Völkern Alaskas zählt(...)', 'Person, die sich zu den Völkern der nördlichen Polarregion zählt(...)']"
Ethnie,s,unconscious_bias,racist_source,['Nationalität'],[],['Nationalität']
ethnisch,a,unconscious_bias,racist_source,"['--- nicht auf Menschen beziehen', 'rassistisch', 'rassifiziert', 'staatsbürgerlich', '-']",['-'],"['-', '--- nicht auf Menschen beziehen', 'rassistisch', 'rassifiziert', 'staatsbürgerlich']"
Ethnopluralismus,s,unconscious_bias,racist_source,"['Diversität', 'Transkulturalität', 'Rassismus', 'Rechtsextremismus']",[],"['Diversität', 'Transkulturalität', 'Rassismus', 'Rechtsextremismus']"
exotisch,a,unconscious_bias,racist_source,"['--- nicht auf Menschen beziehen', 'ausgefallen', 'ungewöhnlich', 'eindrucksvoll', 'markant', '-']",['-'],"['-', '--- nicht auf Menschen beziehen', 'ausgefallen', 'ungewöhnlich', 'eindrucksvoll', 'markant']"
Fahrendes Volk,=a|s,unconscious_bias,racist_source,"['Reisende', '-']","['Reisende', '-']","['-', 'Reisende', 'Reisende']"
Häuptling,s,unconscious_bias,racist_source,"['Oberhaupt', 'Führer*in', 'Führungskraft', 'Geschäftsleitung']",[],"['Oberhaupt', 'Führer*in', 'Führungskraft', 'Geschäftsleitung']"
Heimatschutz,s,unconscious_bias,racist_source,['Umweltschutz'],[],['Umweltschutz']
Indianergeheul,s,unconscious_bias,racist_source,['lautes Geheul'],[],['lautes Geheul']
Indianerkleidung,s,unconscious_bias,racist_source,['Lederkleidung mit Fransen'],[],['Lederkleidung mit Fransen']
Indianerschmuck,s,unconscious_bias,racist_source,['Stirnband mit Federn'],[],['Stirnband mit Federn']
Indianertanz,s,unconscious_bias,racist_source,['ausgelassene Tänze um ein Feuer'],[],['ausgelassene Tänze um ein Feuer']
Kriegsbemalung,s,unconscious_bias,racist_source,"['Gesichtsbemalung', 'Schminke']",[],"['Gesichtsbemalung', 'Schminke']"
Marterpfahl,s,unconscious_bias,racist_source,['Totempfahl'],[],['Totempfahl']
Master,s,unconscious_bias,racist_source,"['Main --- in Technology', 'Default --- in Technology', 'Primary --- in Technology', 'Quellsystem --- in Technology', 'Leitserver --- in Technologyy', 'Leitsystem --- in Technology', 'Leiteinheit --- in Technology']",[],"['Main --- in Technology', 'Default --- in Technology', 'Primary --- in Technology', 'Quellsystem --- in Technology', 'Leitserver --- in Technologyy', 'Leitsystem --- in Technology', 'Leiteinheit --- in Technology']"
Mischehe,s,unconscious_bias,racist_source,"['binationale Ehe', 'multinationale Ehe', 'interreligiöse Ehe']",[],"['binationale Ehe', 'multinationale Ehe', 'interreligiöse Ehe']"
Nomadin,s,unconscious_bias,racist_source,"['Mensch, der ein Nomadenleben führt', 'Wandervogel', 'Angehörige eines Hirtenvolks', 'Angehörige eines Reitervolks', '-']",['-'],"['-', 'Mensch, der ein Nomadenleben führt', 'Wandervogel', 'Angehörige eines Hirtenvolks', 'Angehörige eines Reitervolks']"
Pfeil und Bogen,s,unconscious_bias,racist_source,"['Waffen', 'Jagdwaffen']",[],"['Waffen', 'Jagdwaffen']"
rassig,a,unconscious_bias,racist_source,"['aufregend', 'ungewöhnlich', 'ausgefallen', 'reizvoll', '--- nicht auf Menschen beziehen']",['--- nicht auf Menschen beziehen'],"['--- nicht auf Menschen beziehen', 'aufregend', 'ungewöhnlich', 'ausgefallen', 'reizvoll']"
schwarzafrikanisch,a,unconscious_bias,racist_source,"['nordafrikanisch', 'ostafrikanisch', 'westafrikanisch', 'südafrikanisch', 'vom afrikanischen Kontinent', '--- Region oder Land nennen']",['--- Region oder Land nennen'],"['--- Region oder Land nennen', 'nordafrikanisch', 'ostafrikanisch', 'westafrikanisch', 'südafrikanisch', 'vom afrikanischen Kontinent']"
Slave,s,unconscious_bias,racist_source,"['Follower --- in Technologie', 'Replikat --- in Technologie', 'Folgesystem --- in Technologie', 'Folgeserver --- in Datenbank-Technologie']",[],"['Follower --- in Technologie', 'Replikat --- in Technologie', 'Folgesystem --- in Technologie', 'Folgeserver --- in Datenbank-Technologie']"
Tomahawks,s,unconscious_bias,racist_source,"['Axt', 'Beil', 'Kriegsaxt']",[],"['Axt', 'Beil', 'Kriegsaxt']"
Verschwörungstheorie,s,unconscious_bias,racist_source,"['Verschwörungsideologie', 'Verschwörungserzählung']",[],"['Verschwörungsideologie', 'Verschwörungserzählung']"
Zigeuner-Sauce,s,unconscious_bias,racist_source,['Ungarische Würzsauce'],[],['Ungarische Würzsauce']
Zigeunersprache,s,unconscious_bias,racist_source,"['Romani', 'Romanes', 'Sintikanes']",[],"['Romani', 'Romanes', 'Sintikanes']"
Gender-Hype,s,unconscious_bias,sexual_orientation,"['Gendergerechtigkeit', 'Geschlechterdiversität', 'aktuelle Diskussion zu Gender-Mainstreaming']",[],"['Gendergerechtigkeit', 'Geschlechterdiversität', 'aktuelle Diskussion zu Gender-Mainstreaming']"
Hinter jedem erfolgreichen Mann stehen eine starke Frau,||a|s|v||a|s,unconscious_bias,sexual_orientation,['Hinter jedem Erfolg steht ein gutes Team'],[],['Hinter jedem Erfolg steht ein gutes Team']
Homo-Ehe,s,unconscious_bias,sexual_orientation,['Ehe für alle'],[],['Ehe für alle']
Mädchenname,s,unconscious_bias,sexual_orientation,['Geburtsname'],[],['Geburtsname']
Paradiesvogel,s,unconscious_bias,sexual_orientation,['authentischer Mensch'],[],['authentischer Mensch']
stumm,a,unconscious_bias,speech,"['gebärdend', 'nutzt Gebärdensprache', 'Gebärdensprache nutzend', 'Mensch mit Mutismus(...)', 'jemand, der gebärdet(...)', 'Mutismus(...)', 'ruhig(...)', 'zugeknöpft(...)', 'wortkarg(...)', 'schweigsam(...)', 'mundfaul(...)']",[],"['gebärdend', 'nutzt Gebärdensprache', 'Gebärdensprache nutzend', 'Mensch mit Mutismus(...)', 'jemand, der gebärdet(...)', 'Mutismus(...)', 'ruhig(...)', 'zugeknöpft(...)', 'wortkarg(...)', 'schweigsam(...)', 'mundfaul(...)']"
besser stumm als dumm,adv|a||a,unconscious_bias,speech,"['-', 'Schweigen ist Gold(...)', 'jedes Wort auf die Goldwaage legen(...)', 'lieber nichts sagen, wenn man nichts zu sagen hat (...)']",['-'],"['-', 'Schweigen ist Gold(...)', 'jedes Wort auf die Goldwaage legen(...)', 'lieber nichts sagen, wenn man nichts zu sagen hat (...)']"
stumm wie ein Fisch,a||s,unconscious_bias,speech,"['Mensch mit Aphasie(...)', 'Person mit Mutismus(...)', 'schweigsam(...)', 'wenig mitteilsam(...)', 'nichts sagen(...)', 'Worte auf die Goldwaage legen(...)']",[],"['Mensch mit Aphasie(...)', 'Person mit Mutismus(...)', 'schweigsam(...)', 'wenig mitteilsam(...)', 'nichts sagen(...)', 'Worte auf die Goldwaage legen(...)']"
vor Augen haben,|s|v,unconscious_bias,vision,"['vor sich haben', 'sich vorstellen', '(jemandem) bewusst sein(...)', 'im Sinn (Kopf) haben(...)', '(sich) im Klaren sein (über)(...)']",[],"['vor sich haben', 'sich vorstellen', '(jemandem) bewusst sein(...)', 'im Sinn (Kopf) haben(...)', '(sich) im Klaren sein (über)(...)']"
haben wir vor Augen,v|||s,unconscious_bias,vision,"['vor sich haben', 'sich vorstellen', '(jemandem) bewusst sein(...)', 'im Sinn (Kopf) haben(...)', '(sich) im Klaren sein (über)(...)']",[],"['vor sich haben', 'sich vorstellen', '(jemandem) bewusst sein(...)', 'im Sinn (Kopf) haben(...)', '(sich) im Klaren sein (über)(...)']"
ins Auge fassen,|s|v,unconscious_bias,vision,"['vornehmen', 'einplanen', 'erwägen', 'andenken', 'in Betracht ziehen(...)']",[],"['vornehmen', 'einplanen', 'erwägen', 'andenken', 'in Betracht ziehen(...)']"
augenöffnend,a,unconscious_bias,vision,"['aufschlussreich', 'reich an Aha-Momenten', 'erschütternd', 'aufrüttend']",[],"['aufschlussreich', 'reich an Aha-Momenten', 'erschütternd', 'aufrüttend']"
blind unterschreiben,a|v,unconscious_bias,vision,"['unbesehen unterschreiben', 'unüberlegt unterschreiben', 'ungelesen unterschreiben']",[],"['unbesehen unterschreiben', 'unüberlegt unterschreiben', 'ungelesen unterschreiben']"
unterschreiben blind,v|a,unconscious_bias,vision,"['unbesehen unterschreiben', 'unüberlegt unterschreiben', 'ungelesen unterschreiben']",[],"['unbesehen unterschreiben', 'unüberlegt unterschreiben', 'ungelesen unterschreiben']"
blind wie eine Fledermaus,a||s,unconscious_bias,vision,"['schlecht sehen', 'mit schwachem Sehvermögen']",[],"['schlecht sehen', 'mit schwachem Sehvermögen']"
Blinde,s,unconscious_bias,vision,"['mit Sehbehinderung', 'vollblinde Person(...)', 'blinder Mensch(...)', 'Vollblindheit(...)']",[],"['mit Sehbehinderung', 'vollblinde Person(...)', 'blinder Mensch(...)', 'Vollblindheit(...)']"
Blinder,s,unconscious_bias,vision,"['mit Sehbehinderung', 'vollblinde Person(...)', 'blinder Mensch(...)', 'Vollblindheit(...)']",[],"['mit Sehbehinderung', 'vollblinde Person(...)', 'blinder Mensch(...)', 'Vollblindheit(...)']"
Augen öffnen,s|v,unconscious_bias,vision,"['neue Einsichten gebracht', 'neue Perspektiven eröffnet', 'aufgeklärt', 'aufgerüttelt', 'wachgerüttelt']",[],"['neue Einsichten gebracht', 'neue Perspektiven eröffnet', 'aufgeklärt', 'aufgerüttelt', 'wachgerüttelt']"
öffnen Augen,v|s,unconscious_bias,vision,"['neue Einsichten gebracht', 'neue Perspektiven eröffnet', 'aufgeklärt', 'aufgerüttelt', 'wachgerüttelt']",[],"['neue Einsichten gebracht', 'neue Perspektiven eröffnet', 'aufgeklärt', 'aufgerüttelt', 'wachgerüttelt']"
ein blindes Huhn finden auch mal ein Korn,|a|s|v||||s,unconscious_bias,vision,['auch dem Unfähigsten kann etwas gelingen'],[],['auch dem Unfähigsten kann etwas gelingen']
sehgeschädigt,a,unconscious_bias,vision,"['sehbeeinträchtigt', 'sehbehindert', 'Sehbehinderung(...)']",[],"['sehbeeinträchtigt', 'sehbehindert', 'Sehbehinderung(...)']"
Sehschwäche,s,unconscious_bias,vision,"['sehbeeinträchtigt', 'sehbehindert', 'Sehbehinderung(...)']",[],"['sehbeeinträchtigt', 'sehbehindert', 'Sehbehinderung(...)']"
Silberblick,s,unconscious_bias,vision,"['Mikrostrabismus', 'leichtes Schielen']",[],"['Mikrostrabismus', 'leichtes Schielen']"
