infinitiv,present_ich,present_du,present_pronoun,past_tense_ich,past_participle,conjunctive_ich,imperativ_singular,imperativ_plural,helping_verb,infinitiv_zu
lieben,liebe,liebst,liebt,liebte,geliebt,liebte,liebe,liebt,haben,zu lieben
klieben,kliebe,kliebst,kliebt,klob,gekloben,klöbe,kliebe,kliebt,haben,zu klieben
belfern,belfere,belferst,belfert,belferte,gebelfert,belferte,belfere,belfert,haben,zu belfern
chatten,chatte,chattest,chattet,chattete,gechattet,chattete,chatte,chattet,haben,zu chatten
wissen,weiß,weißt,weiß,wusste,gewusst,wüsste,wisse,wisset,haben,zu wissen
schnabulieren,schnabuliere,schnabulierst,schnabuliert,schnabulierte,schnabuliert,schnabulierte,schnabulier,schnabuliert,haben,zu schnabulieren
brechen,breche,brichst,bricht,brach,gebrochen,bräche,brich,brecht,haben,zu brechen
abbrechen,breche ab,brichst ab,bricht ab,brach ab,abgebrochen,bräche ab,brich ab,brecht ab,haben,abzubrechen
anbrechen,breche an,brichst an,bricht an,brach an,angebrochen,bräche an,brich an,brecht an,haben,anzubrechen
aufbrechen,breche auf,brichst auf,bricht auf,brach auf,aufgebrochen,bräche auf,brich auf,brecht auf,sein,aufzubrechen
ausbrechen,breche aus,brichst aus,bricht aus,brach aus,ausgebrochen,bräche aus,brich aus,brecht aus,haben,auszubrechen
einbrechen,breche ein,brichst ein,bricht ein,brach ein,eingebrochen,bräche ein,brich ein,brecht ein,sein,einzubrechen
verbrechen,verbreche,verbrichst,verbricht,verbrach,verbrochen,verbräche,verbrich,verbrecht,haben,zu verbrechen
zerbrechen,zerbreche,zerbrichst,zerbricht,zerbrach,zerbrochen,zerbräche,zerbrich,zerbrecht,haben,zu zerbrechen
büffeln,büffele,büffelst,büffelt,büffelte,gebüffelt,büffelte,büffele,büffelt,haben,zu büffeln
oktroyieren,oktroyiere,oktroyierst,oktroyiert,oktroyierte,oktroyiert,oktroyierte,oktroyier,oktroyiert,haben,zu oktroyieren
winken,winke,winkst,winkt,winkte,gewinkt,winkte,winke,winkt,haben,zu winken
machen,mache,machst,macht,machte,gemacht,machte,mache,macht,haben,zu machen
schmeißen,schmeiße,schmeißt,schmeißt,schmiss,geschmissen,schmisse,schmeiß,schmeißt,haben,zu schmeißen
besinnen,besinne,besinnst,besinnt,besann,besonnen,besänne,besinn,besinnt,haben,zu besinnen
untersuchen,untersuche,untersuchst,untersucht,untersuchte,untersucht,untersuchte,untersuche,untersucht,haben,zu untersuchen
kaufen,kaufe,kaufst,kauft,kaufte,gekauft,kaufte,kauf,kauft,haben,zu kaufen
wohnen,wohne,wohnst,wohnt,wohnte,gewohnt,wohnte,wohne,wohnt,haben,zu wohnen
sehen,sehe,siehst,sieht,sah,gesehen,sähe,siehe,seht,haben,zu sehen
aalen,aale,aalst,aalt,aalte,geaalt,aalte,aal,aalt,haben,zu aalen
essen,esse,isst,isst,aß,gegessen,äße,iss,esst,haben,zu essen
trinken,trinke,trinkst,trinkt,trank,getrunken,tränke,trink,trinkt,haben,zu trinken
gehen,gehe,gehst,geht,ging,gegangen,ginge,geh,geht,sein,zu gehen
wandeln,wandle,wandelst,wandelt,wandelte,gewandelt,wandelte,wandle,wandelt,sein,zu wandeln
lecken,lecke,leckst,leckt,leckte,geleckt,leckte,lecke,leckt,haben,zu lecken
ficken,ficke,fickst,fickt,fickte,gefickt,fickte,ficke,fickt,haben,zu ficken
intendieren,intendiere,intendierst,intendiert,intendierte,intendiert,intendierte,intendiere,intendiert,haben,zu intendieren
kochen,koche,kochst,kocht,kochte,gekocht,kochte,koch,kocht,haben,zu kochen
kiffen,kiffe,kiffst,kifft,kiffte,gekifft,kiffte,kiffe,kifft,haben,zu kiffen
sprechen,spreche,sprichst,spricht,sprach,gesprochen,spräche,sprich,sprecht,haben,zu sprechen
delegieren,delegiere,delegierst,delegiert,delegierte,delegiert,delegierte,delegiere,delegiert,haben,zu delegieren
akzeptieren,akzeptiere,akzeptierst,akzeptiert,akzeptierte,akzeptiert,akzeptierte,akzeptier,akzeptiert,haben,zu akzeptieren
stipulieren,stipuliere,stipulierst,stipuliert,stipulierte,stipuliert,stipulierte,stipuliere,stipuliert,haben,zu stipulieren
liegen,liege,liegst,liegt,lag,gelegen,läge,lieg,liegt,haben,zu liegen
ausscheiden,scheide aus,scheidest aus,scheidet aus,schied aus,ausgeschieden,schiede aus,scheide aus,scheidet aus,haben,auszuscheiden
zocken,zocke,zockst,zockt,zockte,gezockt,zockte,zocke,zockt,haben,zu zocken
googeln,googel,googelst,googelt,googelte,gegoogelt,googelte,googele,googelt,haben,zu googeln
abbaumen,baume ab,baumst ab,baumt ab,baumte ab,abgebaumt,baumte ab,baum ab,baumt ab,haben,abzubaumen
abschmieren,schmiere ab,schmierst ab,schmiert ab,schmierte ab,abgeschmiert,schmierte ab,schmier ab,schmiert ab,sein,abzuschmieren
ignorieren,ignoriere,ignorierst,ignoriert,ignorierte,ignoriert,ignorierte,ignoriere,ignoriert,haben,zu ignorieren
sparen,spare,sparst,spart,sparte,gespart,sparte,spare,spart,haben,zu sparen
fliegen,fliege,fliegst,fliegt,flog,geflogen,flöge,flieg,fliegt,sein,zu fliegen
delektieren,delektiere,delektierst,delektiert,delektierte,delektiert,delektierte,delektier,delektiert,haben,zu delektieren
schweigen,schweige,schweigst,schweigt,schwieg,geschwiegen,schwiege,schweige,schweigt,haben,zu schweigen
verstehen,verstehe,verstehst,versteht,verstand,verstanden,verstände,verstehe,versteht,haben,zu verstehen
hören,höre,hörst,hört,hörte,gehört,hörte,hör,hört,haben,zu hören
lesen,lese,liest,liest,las,gelesen,läse,lies,lest,haben,zu lesen
akkumulieren,akkumuliere,akkumulierst,akkumuliert,akkumulierte,akkumuliert,akkumulierte,akkumulier,akkumuliert,haben,zu akkumulieren
marodieren,marodiere,marodierst,marodiert,marodierte,marodiert,marodierte,marodiere,marodiert,haben,zu marodieren
schleifen,schleife,schleifst,schleift,schleifte,geschleift,schleifte,schleife,schleift,haben,zu schleifen
haben,habe,hast,hat,hatte,gehabt,hätte,habe,habt,haben,zu haben
können,kann,kannst,kann,konnte,gekonnt,könnte,—,—,haben,zu können
rasen,rase,rast,rast,raste,gerast,raste,ras,rast,sein,zu rasen
fernsehen,sehe fern,siehst fern,sieht fern,sah fern,ferngesehen,sähe fern,sieh fern,seht fern,haben,fernzusehen
produzieren,produziere,produzierst,produziert,produzierte,produziert,produzierte,produzier,produziert,haben,zu produzieren
arbeiten,arbeite,arbeitest,arbeitet,arbeitete,gearbeitet,arbeitete,arbeite,arbeitet,haben,zu arbeiten
denken,denke,denkst,denkt,dachte,gedacht,dächte,denk,denkt,haben,zu denken
kriegen,kriege,kriegst,kriegt,kriegte,gekriegt,kriegte,kriege,kriegt,haben,zu kriegen
radebrechen,radebreche,radebrechst,radebrecht,radebrechte,geradebrecht,radebrechte,radebreche,radebrecht,haben,zu radebrechen
billigen,billige,billigst,billigt,billigte,gebilligt,billigte,billige,billigt,haben,zu billigen
sitzen,sitze,sitzt,sitzt,saß,gesessen,säße,sitz,sitzt,haben,zu sitzen
laufen,laufe,läufst,läuft,lief,gelaufen,liefe,lauf,lauft,sein,zu laufen
schreiben,schreibe,schreibst,schreibt,schrieb,geschrieben,schriebe,schreibe,schreibt,haben,zu schreiben
verzweifeln,verzweifle,verzweifelst,verzweifelt,verzweifelte,verzweifelt,verzweifelte,verzweifle,verzweifelt,sein,zu verzweifeln
schlagen,schlage,schlägst,schlägt,schlug,geschlagen,schlüge,schlag,schlagt,haben,zu schlagen
knuddeln,knuddele,knuddelst,knuddelt,knuddelte,geknuddelt,knuddelte,knuddele,knuddelt,haben,zu knuddeln
gucken,gucke,guckst,guckt,guckte,geguckt,guckte,guck,guckt,haben,zu gucken
verlieren,verliere,verlierst,verliert,verlor,verloren,verlöre,verliere,verliert,haben,zu verlieren
blasen,blase,bläst,bläst,blies,geblasen,bliese,blas,blast,haben,zu blasen
spulgen,spulch mi,spulchst di,spulcht si,,gspulcht,dáád mi spulche,spulch di,spulcht aü,haben,zu spulgen
küssen,küsse,küsst,küsst,küsste,geküsst,küsste,küss,küsst,haben,zu küssen
ausrichten,richte aus,richtest aus,richtet aus,richtete aus,ausgerichtet,richtete aus,richte aus,richtet aus,haben,auszurichten
interagieren,interagiere,interagierst,interagiert,interagierte,interagiert,interagierte,interagiere,interagiert,haben,interzuagieren
saturieren,saturiere,saturierst,saturiert,saturierte,saturiert,saturierte,saturiere,saturiert,haben,zu saturieren
lernen,lerne,lernst,lernt,lernte,gelernt,lernte,lerne,lernt,haben,zu lernen
retten,rette,rettest,rettet,rettete,gerettet,rettete,rette,rettet,haben,zu retten
autorisieren,autorisiere,autorisierst,autorisiert,autorisierte,autorisiert,autorisierte,autorisier,autorisiert,haben,zu autorisieren
paraphrasieren,paraphrasiere,paraphrasierst,paraphrasiert,paraphrasierte,paraphrasiert,paraphrasierte,paraphrasier,paraphrasiert,haben,paraphzurasieren
lehren,lehre,lehrst,lehrt,lehrte,gelehrt,lehrte,lehre,lehrt,haben,zu lehren
poppen,poppe,poppst,poppt,poppte,gepoppt,poppte,poppe,poppt,haben,zu poppen
vögeln,vögele,vögelst,vögelt,vögelte,gevögelt,vögelte,vögele,vögelt,haben,zu vögeln
stehen,stehe,stehst,steht,stand,gestanden,stünde,stehe,steht,haben,zu stehen
paaren,paare,paarst,paart,paarte,gepaart,paarte,paare,paart,haben,zu paaren
flügeln,flügle,flügelst,flügelt,flügelte,geflügelt,flügelte,flügele,flügelt,haben,zu flügeln
paddeln,paddle,paddelst,paddelt,paddelte,gepaddelt,paddelte,paddle,paddelt,sein,zu paddeln
paffen,paffe,paffst,pafft,paffte,gepafft,paffte,paff,pafft,haben,zu paffen
ansagen,sage an,sagst an,sagt an,sagte an,angesagt,sagte an,sag an,sagt an,haben,anzusagen
kuscheln,kuschle,kuschelst,kuschelt,kuschelte,gekuschelt,kuschelte,kuschle,kuschelt,haben,zu kuscheln
aasen,aase,aast,aast,aaste,geaast,aaste,aase,aast,haben,zu aasen
ausreizen,reize aus,reizt aus,reizt aus,reizte aus,ausgereizt,reizte aus,reiz aus,reizt aus,haben,auszureizen
töten,töte,tötest,tötet,tötete,getötet,tötete,töte,tötet,haben,zu töten
sterben,sterbe,stirbst,stirbt,starb,gestorben,stürbe,stirb,sterbt,sein,zu sterben
paktieren,paktiere,paktierst,paktiert,paktierte,paktiert,paktierte,paktiere,paktiert,haben,zu paktieren
mauern,maure,mauerst,mauert,mauerte,gemauert,mauerte,mauer,mauert,haben,zu mauern
weinen,weine,weinst,weint,weinte,geweint,weinte,weine,weint,haben,zu weinen
pudern,pudere,puderst,pudert,puderte,gepudert,puderte,pudere,pudert,haben,zu pudern
pimpern,pimpere,pimperst,pimpert,pimperte,gepimpert,pimperte,pimpere,pimpert,haben,zu pimpern
dehnen,dehne,dehnst,dehnt,dehnte,gedehnt,dehnte,dehn,dehnt,haben,zu dehnen
sammeln,sammle,sammelst,sammelt,sammelte,gesammelt,sammelte,sammle,sammelt,haben,zu sammeln
krökeln,krökele,krökelst,krökelt,krökelte,gekrökelt,krökelte,krökele,krökelt,haben,zu krökeln
schnackseln,schnacksle,schnackselst,schnackselt,schnackselte,geschnackselt,schnackselte,schnacksle,schnackselt,haben,zu schnackseln
koitieren,koitiere,koitierst,koitiert,koitierte,koitiert,koitierte,koitiere,koitiert,haben,zu koitieren
schummeln,schummle,schummelst,schummelt,schummelte,geschummelt,schummelte,schummle,schummelt,haben,zu schummeln
amalgamieren,amalgamiere,amalgamierst,amalgamiert,amalgamierte,amalgamiert,amalgamierte,amalgamiere,amalgamiert,haben,zu amalgamieren
klauen,klaue,klaust,klaut,klaute,geklaut,klaute,klaue,klaut,haben,zu klauen
fressen,fresse,frisst,frisst,fraß,gefressen,fräße,friss,fresst,haben,zu fressen
schmieren,schmiere,schmierst,schmiert,schmierte,geschmiert,schmierte,schmiere,schmiert,haben,zu schmieren
simsen,simse,simst,simst,simste,gesimst,simste,sims,simst,haben,zu simsen
vermeinen,vermeine,vermeinst,vermeint,vermeinte,vermeint,vermeinte,vermeine,vermeint,haben,zu vermeinen
finishen,finishe,finishst,finisht,finishte,gefinisht,finishte,finishe,finisht,haben,zu finishen
sieben,siebe,siebst,siebt,siebte,gesiebt,siebte,sieb,siebt,haben,zu sieben
aufhören,höre auf,hörst auf,hört auf,hörte auf,aufgehört,hörte auf,hör auf,hört auf,haben,aufzuhören
schenken,schenke,schenkst,schenkt,schenkte,geschenkt,schenkte,schenk,schenkt,haben,zu schenken
reden,rede,redest,redet,redete,geredet,redete,red,redet,haben,zu reden
packen,packe,packst,packt,packte,gepackt,packte,pack,packt,haben,zu packen
reizen,reize,reizt,reizt,reizte,gereizt,reizte,reize,reizt,haben,zu reizen
palavern,palavre,palaverst,palavert,palaverte,palavert,palaverte,palavere,palavert,haben,zu palavern
kirren,kirre,kirrst,kirrt,kirrte,gekirrt,kirrte,kirr,kirrt,haben,zu kirren
suchen,suche,suchst,sucht,suchte,gesucht,suchte,suche,sucht,haben,zu suchen
hindern,hindere,hinderst,hindert,hinderte,gehindert,hinderte,hindere,hindert,haben,zu hindern
wollen,will,willst,will,wollte,gewollt,wollte,—,—,haben,zu wollen
anstellen,stelle an,stellst an,stellt an,stellte an,angestellt,stellte an,stell an,stellt an,haben,anzustellen
schaffen,schaffe,schaffst,schafft,schuf,geschaffen,schüfe,schaffe,schafft,haben,zu schaffen
lassen,lasse,lässt,lässt,ließ,gelassen,ließe,lass,lasst,haben,zu lassen
aufstehen,stehe auf,stehst auf,steht auf,stand auf,aufgestanden,stände auf,steh auf,steht auf,sein,aufzustehen
unterhalten,unterhalte,unterhältst,unterhält,unterhielt,unterhalten,unterhielte,unterhalte,unterhaltet,haben,zu unterhalten
anbieten,biete an,bietest an,bietet an,bot an,angeboten,böte an,biet an,bietet an,haben,anzubieten
schnüffeln,schnüffle,schnüffelst,schnüffelt,schnüffelte,geschnüffelt,schnüffelte,schnüffel,schnüffelt,haben,zu schnüffeln
abacheln,achele ab,achelst ab,achelt ab,achelte ab,abgeachelt,achelte ab,achele ab,achelt ab,haben,abzuacheln
panieren,paniere,panierst,paniert,panierte,paniert,panierte,paniere,paniert,haben,zu panieren
entbehren,entbehre,entbehrst,entbehrt,entbehrte,entbehrt,entbehrte,entbehre,entbehrt,haben,zu entbehren
schlafen,schlafe,schläfst,schläft,schlief,geschlafen,schliefe,schlaf,schlaft,haben,zu schlafen
panschen,pansche,panschst,panscht,panschte,gepanscht,panschte,pansch,panscht,haben,zu panschen
anschneien,schneie an,schneist an,schneit an,schneite an,angeschneit,schneite an,schnei an,schneit an,haben,anzuschneien
parken,parke,parkst,parkt,parkte,geparkt,parkte,parke,parkt,haben,zu parken
quacksalbern,quacksalber,quacksalberst,quacksalbert,quacksalberte,gequacksalbert,quacksalberte,quacksalber,quacksalbert,haben,zu quacksalbern
quaken,quake,quakst,quakt,quakte,gequakt,quakte,quake,quakt,haben,zu quaken
kremieren,kremiere,kremierst,kremiert,kremierte,kremiert,kremierte,kremiere,kremiert,haben,zu kremieren
bekommen,bekomme,bekommst,bekommt,bekam,bekommen,bekäme,bekomm,bekommt,haben,zu bekommen
zwirnen,zwirne,zwirnst,zwirnt,zwirnte,gezwirnt,zwirnte,zwirne,zwirnt,haben,zu zwirnen
checken,checke,checkst,checkt,checkte,gecheckt,checkte,check,checkt,haben,zu checken
kujonieren,kujoniere,kujonierst,kujoniert,kujonierte,kujoniert,kujonierte,kujonier,kujoniert,haben,zu kujonieren
träumen,träume,träumst,träumt,träumte,geträumt,träumte,träume,träumt,haben,zu träumen
regredieren,regrediere,regredierst,regrediert,regredierte,regrediert,regredierte,regrediere,regrediert,haben,zu regredieren
despektieren,despektiere,despektierst,despektiert,despektierte,despektiert,despektierte,despektiere,despektiert,haben,zu despektieren
flöten,flöte,flötest,flötet,flötete,geflötet,flötete,flöte,flötet,haben,zu flöten
avisieren,avisiere,avisierst,avisiert,avisierte,avisiert,avisierte,avisiere,avisiert,haben,zu avisieren
profilieren,profiliere,profilierst,profiliert,profilierte,profiliert,profilierte,profilier,profiliert,haben,zu profilieren
geben,gebe,gibst,gibt,gab,gegeben,gäbe,gib,gebt,haben,zu geben
mausen,mause,maust,maust,mauste,gemaust,mauste,mause,maust,haben,zu mausen
bürsten,bürste,bürstest,bürstet,bürstete,gebürstet,bürstete,bürste,bürstet,haben,zu bürsten
jähren,jähre,jährst,jährt,jährte,gejährt,jährte,jähr,jährt,haben,zu jähren
verkuppeln,verkupple,verkuppelst,verkuppelt,verkuppelte,verkuppelt,verkuppelte,verkupple,verkuppelt,haben,zu verkuppeln
ziehen,ziehe,ziehst,zieht,zog,gezogen,zöge,ziehe,zieht,haben,zu ziehen
lachen,lache,lachst,lacht,lachte,gelacht,lachte,lache,lacht,haben,zu lachen
bekriegen,bekriege,bekriegst,bekriegt,bekriegte,bekriegt,bekriegte,bekriege,bekriegt,haben,zu bekriegen
erregen,errege,erregst,erregt,erregte,erregt,erregte,errege,erregt,haben,zu erregen
antreten,trete an,trittst an,tritt an,trat an,angetreten,träte an,tritt an,tretet an,haben,anzutreten
promovieren,promoviere,promovierst,promoviert,promovierte,promoviert,promovierte,promoviere,promoviert,haben,zu promovieren
zunehmen,nehme zu,nimmst zu,nimmt zu,nahm zu,zugenommen,nähme zu,nimm zu,nehmt zu,haben,zuzunehmen
abnehmen,nehme ab,nimmst ab,nimmt ab,nahm ab,abgenommen,nähme ab,nimm ab,nehmt ab,haben,abzunehmen
kriechen,krieche,kriechst,kriecht,kroch,gekrochen,kröche,kriech,kriecht,sein,zu kriechen
zeichnen,zeichne,zeichnest,zeichnet,zeichnete,gezeichnet,zeichnete,zeichne,zeichnet,haben,zu zeichnen
handeln,handle,handelst,handelt,handelte,gehandelt,handelte,handle,handelt,haben,zu handeln
kosten,koste,kostest,kostet,kostete,gekostet,kostete,koste,kostet,haben,zu kosten
ameliorieren,amelioriere,ameliorierst,amelioriert,ameliorierte,amelioriert,ameliorierte,ameliorier,amelioriert,haben,zu ameliorieren
verabschieden,verabschiede,verabschiedest,verabschiedet,verabschiedete,verabschiedet,verabschiedete,verabschied,verabschiedet,haben,zu verabschieden
tradieren,tradiere,tradierst,tradiert,tradierte,tradiert,tradierte,tradiere,tradiert,haben,zu tradieren
wirken,wirke,wirkst,wirkt,wirkte,gewirkt,wirkte,wirk,wirkt,haben,zu wirken
beherbergen,beherberge,beherbergst,beherbergt,beherbergte,beherbergt,beherbergte,beherberg,beherbergt,haben,zu beherbergen
bumsen,bumse,bumst,bumst,bumste,gebumst,bumste,bums,bumst,haben,zu bumsen
desavouieren,desavouiere,desavouierst,desavouiert,desavouierte,desavouiert,desavouierte,desavouiere,desavouiert,haben,zu desavouieren
kolportieren,kolportiere,kolportierst,kolportiert,kolportierte,kolportiert,kolportierte,kolportiere,kolportiert,haben,zu kolportieren
fundieren,fundiere,fundierst,fundiert,fundierte,fundiert,fundierte,fundiere,fundiert,haben,zu fundieren
heucheln,heuchele,heuchelst,heuchelt,heuchelte,geheuchelt,heuchelte,heuchele,heuchelt,haben,zu heucheln
saufen,saufe,säufst,säuft,soff,gesoffen,söffe,sauf,sauft,haben,zu saufen
backen,backe,bäckst,bäckt,buk,gebacken,büke,backe,backt,haben,zu backen
scheißen,scheiße,scheißt,scheißt,schiss,geschissen,schisse,scheiß,scheißt,haben,zu scheißen
recherchieren,recherchiere,recherchierst,recherchiert,recherchierte,recherchiert,recherchierte,recherchiere,recherchiert,haben,zu recherchieren
konfundieren,konfundiere,konfundierst,konfundiert,konfundierte,konfundiert,konfundierte,konfundier,konfundiert,haben,zu konfundieren
abbacken,backe ab,backst ab,backt ab,buk ab,abgebacken,büke ab,back ab,backt ab,haben,abzubacken
befangen,befange,befängst,befängt,befinge,befangen,befinge,befang,befangt,haben,zu befangen
antichambrieren,antichambriere,antichambrierst,antichambriert,antichambrierte,antichambriert,antichambrierte,antichambriere,antichambriert,haben,anzutichambrieren
schöpfen,schöpfe,schöpfst,schöpft,schöpfte,geschöpft,schöpfte,schöpfe,schöpft,haben,zu schöpfen
überlegen,überlege,überlegst,überlegt,überlegte,überlegt,überlegte,überlege,überlegt,haben,zu überlegen
spielen,spiele,spielst,spielt,spielte,gespielt,spielte,spiel,spielt,haben,zu spielen
prolongieren,prolongiere,prolongierst,prolongiert,prolongierte,prolongiert,prolongierte,prolongiere,prolongiert,haben,prozulongieren
evaluieren,evaluiere,evaluierst,evaluiert,evaluierte,evaluiert,evaluierte,evaluiere,evaluiert,haben,zu evaluieren
exponieren,exponiere,exponierst,exponiert,exponierte,exponiert,exponierte,exponiere,exponiert,haben,zu exponieren
ülmen,ülme,ülmst,ülmt,ülmte,geülmt,ülmte,ülme,ülmt,haben,zu ülmen
stilisieren,stilisiere,stilisierst,stilisiert,stilisierte,stilisiert,stilisierte,stilisier,stilisiert,haben,zu stilisieren
funzen,funze,funzt,funzt,funzte,gefunzt,funzte,funze,funzt,haben,zu funzen
konstituieren,konstituiere,konstituierst,konstituiert,konstituierte,konstituiert,konstituierte,konstituiere,konstituiert,haben,zu konstituieren
riskieren,riskiere,riskierst,riskiert,riskierte,riskiert,riskierte,riskiere,riskiert,haben,zu riskieren
gewinnen,gewinne,gewinnst,gewinnt,gewann,gewonnen,gewönne,gewinn,gewinnt,haben,zu gewinnen
fallen,falle,fällst,fällt,fiel,gefallen,fiele,falle,fallt,sein,zu fallen
reiten,reite,reitest,reitet,ritt,geritten,ritte,reit,reitet,sein,zu reiten
füttern,füttere,fütterst,füttert,fütterte,gefüttert,fütterte,füttere,füttert,haben,zu füttern
besuchen,besuche,besuchst,besucht,besuchte,besucht,besuchte,besuch,besucht,haben,zu besuchen
frieren,friere,frierst,friert,fror,gefroren,fröre,frier,friert,haben,zu frieren
leben,lebe,lebst,lebt,lebte,gelebt,lebte,lebe,lebt,haben,zu leben
fungieren,fungiere,fungierst,fungiert,fungierte,fungiert,fungierte,fungier,fungiert,haben,zu fungieren
indoktrinieren,indoktriniere,indoktrinierst,indoktriniert,indoktrinierte,indoktriniert,indoktrinierte,indoktriniere,indoktriniert,haben,zu indoktrinieren
ausmerzen,merze aus,merzt aus,merzt aus,merzte aus,ausgemerzt,merzte aus,merz aus,merzt aus,haben,auszumerzen
reglementieren,reglementiere,reglementierst,reglementiert,reglementierte,reglementiert,reglementierte,reglementiere,reglementiert,haben,zu reglementieren
schälen,schäle,schälst,schält,schälte,geschält,schälte,schäl,schält,haben,zu schälen
beseitigen,beseitige,beseitigst,beseitigt,beseitigte,beseitigt,beseitigte,beseitige,beseitigt,haben,zu beseitigen
auseinandersetzen,setze auseinander,setzt auseinander,setzt auseinander,setzte auseinander,auseinandergesetzt,setzte auseinander,setz auseinander,setzt auseinander,haben,auszueinandersetzen
saugen,sauge,saugst,saugt,saugte,gesaugt,saugte,saug,saugt,haben,zu saugen
implizieren,impliziere,implizierst,impliziert,implizierte,impliziert,implizierte,impliziere,impliziert,haben,zu implizieren
kaskadieren,kaskadiere,kaskadierst,kaskadiert,kaskadierte,kaskadiert,kaskadierte,kaskadier,kaskadiert,haben,zu kaskadieren
raiden,raide,raidest,raidet,raidete,geraidet,raidete,raide,raidet,haben,zu raiden
aliquotieren,aliquotiere,aliquotierst,aliquotiert,aliquotierte,aliquotiert,aliquotierte,aliquotiere,aliquotiert,haben,zu aliquotieren
foppen,foppe,foppst,foppt,foppte,gefoppt,foppte,fopp,foppt,haben,zu foppen
ändern,ändere,änderst,ändert,änderte,geändert,änderte,ändere,ändert,haben,zu ändern
transformieren,transformiere,transformierst,transformiert,transformierte,transformiert,transformierte,transformiere,transformiert,haben,zu transformieren
kompromittieren,kompromittiere,kompromittierst,kompromittiert,kompromittierte,kompromittiert,kompromittierte,kompromittier,kompromittiert,haben,zu kompromittieren
zahlen,zahle,zahlst,zahlt,zahlte,gezahlt,zahlte,zahle,zahlt,haben,zu zahlen
dingen,dinge,dingst,dingt,dang,gedungen,dänge,dinge,dingt,haben,zu dingen
spinnen,spinne,spinnst,spinnt,spann,gesponnen,spönne,spinn,spinnt,haben,zu spinnen
spleißen,spleiße,spleißt,spleißt,spliss,gesplissen,splisse,spleiß,spleißt,haben,zu spleißen
verklären,verkläre,verklärst,verklärt,verklärte,verklärt,verklärte,verkläre,verklärt,haben,zu verklären
stippen,stippe,stippst,stippt,stippte,gestippt,stippte,stipp,stippt,haben,zu stippen
medisieren,medisiere,medisierst,medisiert,medisierte,medisiert,medisierte,medisier,medisiert,haben,zu medisieren
paraphieren,paraphiere,paraphierst,paraphiert,paraphierte,paraphiert,paraphierte,paraphiere,paraphiert,haben,zu paraphieren
proggen,progge,proggst,proggt,proggte,geproggt,proggte,progge,proggt,haben,zu proggen
beobachten,beobachte,beobachtest,beobachtet,beobachtete,beobachtet,beobachtete,beobachte,beobachtet,haben,zu beobachten
daddeln,daddle,daddelst,daddelt,daddelte,gedaddelt,daddelte,daddle,daddelt,haben,zu daddeln
einen,eine,einst,eint,einte,geeint,einte,eine,eint,haben,einzuen
sistieren,sistiere,sistierst,sistiert,sistierte,sistiert,sistierte,sistiere,sistiert,haben,zu sistieren
monetarisieren,monetarisiere,monetarisierst,monetarisiert,monetarisierte,monetarisiert,monetarisierte,monetarisier,monetarisiert,haben,zu monetarisieren
beschälen,—,—,beschält,beschälte,beschält,beschälte,—,—,haben,zu beschälen
reüssieren,reüssiere,reüssierst,reüssiert,reüssierte,reüssiert,reüssierte,reüssiere,reüssiert,haben,zu reüssieren
absorbieren,absorbiere,absorbierst,absorbiert,absorbierte,absorbiert,absorbierte,absorbiere,absorbiert,haben,abzusorbieren
chillen,chille,chillst,chillt,chillte,gechillt,chillte,chill,chillt,haben,zu chillen
lancieren,lanciere,lancierst,lanciert,lancierte,lanciert,lancierte,lanciere,lanciert,haben,zu lancieren
antizipieren,antizipiere,antizipierst,antizipiert,antizipierte,antizipiert,antizipierte,antizipier,antizipiert,haben,anzutizipieren
hasardieren,hasardiere,hasardierst,hasardiert,hasardierte,hasardiert,hasardierte,hasardiere,hasardiert,haben,zu hasardieren
adsorbieren,adsorbiere,adsorbierst,adsorbiert,adsorbierte,adsorbiert,adsorbierte,adsorbiere,adsorbiert,haben,zu adsorbieren
intervenieren,interveniere,intervenierst,interveniert,intervenierte,interveniert,intervenierte,interveniere,interveniert,haben,zu intervenieren
pushen,pushe,pushst,pusht,pushte,gepusht,pushte,push,pusht,haben,zu pushen
annektieren,annektiere,annektierst,annektiert,annektierte,annektiert,annektierte,annektier,annektiert,haben,anzunektieren
streichen,streiche,streichst,streicht,strich,gestrichen,striche,streiche,streicht,haben,zu streichen
reisen,reise,reist,reist,reiste,gereist,reiste,reise,reist,sein,zu reisen
krakeelen,krakeele,krakeelst,krakeelt,krakeelte,krakeelt,krakeelte,krakeel,krakeelt,haben,zu krakeelen
postulieren,postuliere,postulierst,postuliert,postulierte,postuliert,postulierte,postuliere,postuliert,haben,zu postulieren
innervieren,innerviere,innervierst,innerviert,innervierte,innerviert,innervierte,innervier,innerviert,haben,zu innervieren
schwätzen,schwätze,schwätzt,schwätzt,schwätzte,geschwätzt,schwätzte,schwätze,schwätzt,haben,zu schwätzen
massolieren,massoliere,massolierst,massoliert,massolierte,massoliert,massolierte,massoliere,massoliert,haben,zu massolieren
restringieren,restringiere,restringierst,restringiert,restringierte,restringiert,restringierte,restringiere,restringiert,haben,zu restringieren
onanieren,onaniere,onanierst,onaniert,onanierte,onaniert,onanierte,onaniere,onaniert,haben,zu onanieren
denunzieren,denunziere,denunzierst,denunziert,denunzierte,denunziert,denunzierte,denunziere,denunziert,haben,zu denunzieren
laktieren,laktiere,laktierst,laktiert,laktierte,laktiert,laktierte,laktiere,laktiert,haben,zu laktieren
verballhornen,verballhorne,verballhornst,verballhornt,verballhornte,verballhornt,verballhornte,verballhorne,verballhornt,haben,zu verballhornen
defilieren,defiliere,defilierst,defiliert,defilierte,defiliert,defilierte,defilier,defiliert,haben,zu defilieren
knetschen,knetsche,knetschst,knetscht,knetschte,geknetscht,knetschte,knetsch,knetscht,sein,zu knetschen
mailen,maile,mailst,mailt,mailte,gemailt,mailte,mail,mailt,haben,zu mailen
perennieren,perenniere,perennierst,perenniert,perennierte,perenniert,perennierte,perennier,perenniert,sein,zu perennieren
substantivieren,substantiviere,substantivierst,substantiviert,substantivierte,substantiviert,substantivierte,substantiviere,substantiviert,haben,zu substantivieren
abändern,ändre ab,änderst ab,ändert ab,änderte ab,abgeändert,änderte ab,ändre ab,ändert ab,haben,abzuändern
abbaden,bade ab,badest ab,badet ab,badete ab,abgebadet,badete ab,bade ab,badet ab,haben,abzubaden
abbalgen,balge ab,balgst ab,balgt ab,balgte ab,abgebalgt,balgte ab,balg ab,balgt ab,haben,abzubalgen
abbaken,bake ab,bakst ab,bakt ab,bakte ab,abgebakt,bakte ab,bake ab,bakt ab,haben,abzubaken
abbalzen,balze ab,balzt ab,balzt ab,balzte ab,abgebalzt,balzte ab,balz ab,balzt ab,haben,abzubalzen
abbangen,bange ab,bangst ab,bangt ab,bangte ab,abgebangt,bangte ab,bang ab,bangt ab,haben,abzubangen
abbasten,baste ab,bastest ab,bastet ab,bastete ab,abgebastet,bastete ab,baste ab,bastet ab,haben,abzubasten
abbeißen,beiße ab,beißt ab,beißt ab,biss ab,abgebissen,bisse ab,beiß ab,beißt ab,haben,abzubeißen
requirieren,requiriere,requirierst,requiriert,requirierte,requiriert,requirierte,requiriere,requiriert,haben,zu requirieren
abbegehren,begehre ab,begehrst ab,begehrt ab,begehrte ab,abbegehrt,begehrte ab,begehr ab,begehrt ab,haben,abzubegehren
abbeeren,beere ab,beerst ab,beert ab,beerte ab,abgebeert,beerte ab,beer ab,beert ab,haben,abzubeeren
abbefehlen,befehle ab,befiehlst ab,befiehlt ab,befahl ab,abbefohlen,beföhle ab,befiehl ab,befiehlt ab,haben,abzubefehlen
abbeizen,beize ab,beizt ab,beizt ab,beizte ab,abgebeizt,beizte ab,beiz ab,beizt ab,haben,abzubeizen
abbekommen,bekomme ab,bekommst ab,bekommt ab,bekam ab,abbekommen,bekäme ab,bekomm ab,bekommt ab,haben,abzubekommen
abberufen,berufe ab,berufst ab,beruft ab,berief ab,abberufen,beriefe ab,beruf ab,beruft ab,haben,abzuberufen
ennuyieren,ennuyiere,ennuyierst,ennuyiert,ennuyierte,ennuyiert,ennuyierte,ennuyiere,ennuyiert,haben,zu ennuyieren
sengen,senge,sengst,sengt,sengte,gesengt,sengte,senge,sengt,haben,zu sengen
ownen,owne,ownst,ownt,ownte,geownt,ownte,own,ownt,haben,zu ownen
tangieren,tangiere,tangierst,tangiert,tangierte,tangiert,tangierte,tangier,tangiert,haben,zu tangieren
insistieren,insistiere,insistierst,insistiert,insistierte,insistiert,insistierte,insistiere,insistiert,haben,zu insistieren
übersetzen,übersetze,übersetzt,übersetzt,übersetzte,übersetzt,übersetzte,übersetz,übersetzt,haben,zu übersetzen
finden,finde,findest,findet,fand,gefunden,fände,finde,findet,haben,zu finden
substituieren,substituiere,substituierst,substituiert,substituierte,substituiert,substituierte,substituier,substituiert,haben,zu substituieren
abschmirgeln,schmirgele ab,schmirgelst ab,schmirgelt ab,schmirgelte ab,abgeschmirgelt,schmirgelte ab,schmirgele ab,schmirgelt ab,haben,abzuschmirgeln
schmirgeln,schmirgle,schmirgelst,schmirgelt,schmirgelte,geschmirgelt,schmirgelte,schmirgel,schmirgelt,haben,zu schmirgeln
konzedieren,konzediere,konzedierst,konzediert,konzedierte,konzediert,konzedierte,konzediere,konzediert,haben,zu konzedieren
bereitstellen,stelle bereit,stellst bereit,stellt bereit,stellte bereit,bereitgestellt,stellte bereit,stelle bereit,stellt bereit,haben,zu bereitstellen
derogieren,derogiere,derogierst,derogiert,derogierte,derogiert,derogierte,derogiere,derogiert,haben,zu derogieren
gebrechen,—,—,gebricht,gebrach,gebrochen,gebräche,—,—,haben,zu gebrechen
kuschen,kusche,kuschst,kuscht,kuschte,gekuscht,kuschte,kusch,kuscht,haben,zu kuschen
sagen,sage,sagst,sagt,sagte,gesagt,sagte,sag,sagt,haben,zu sagen
korrigieren,korrigiere,korrigierst,korrigiert,korrigierte,korrigiert,korrigierte,korrigiere,korrigiert,haben,zu korrigieren
dünken,dünke,dünkst,dünkt,dünkte,gedünkt,dünkte,dünke,dünkt,haben,zu dünken
resorbieren,resorbiere,resorbierst,resorbiert,resorbierte,resorbiert,resorbierte,resorbiere,resorbiert,haben,zu resorbieren
kacken,kacke,kackst,kackt,kackte,gekackt,kackte,kack,kackt,haben,zu kacken
akquirieren,akquiriere,akquirierst,akquiriert,akquirierte,akquiriert,akquirierte,akquiriere,akquiriert,haben,zu akquirieren
triggern,triggere,triggerst,triggert,triggerte,getriggert,triggerte,trigger,triggert,haben,zu triggern
internalisieren,internalisiere,internalisierst,internalisiert,internalisierte,internalisiert,internalisierte,internalisiere,internalisiert,haben,zu internalisieren
usurpieren,usurpiere,usurpierst,usurpiert,usurpierte,usurpiert,usurpierte,usurpier,usurpiert,haben,zu usurpieren
vermasseln,vermassele,vermasselst,vermasselt,vermasselte,vermasselt,vermasselte,vermassele,vermasselt,haben,zu vermasseln
loben,lobe,lobst,lobt,lobte,gelobt,lobte,lobe,lobt,haben,zu loben
tadeln,tadele,tadelst,tadelt,tadelte,getadelt,tadelte,tadele,tadelt,haben,zu tadeln
riechen,rieche,riechst,riecht,roch,gerochen,röche,rieche,riecht,haben,zu riechen
schmecken,schmecke,schmeckst,schmeckt,schmeckte,geschmeckt,schmeckte,schmecke,schmeckt,haben,zu schmecken
singen,singe,singst,singt,sang,gesungen,sänge,singe,singt,haben,zu singen
bringen,bringe,bringst,bringt,brachte,gebracht,brächte,bring,bringt,haben,zu bringen
schimpfen,schimpfe,schimpfst,schimpft,schimpfte,geschimpft,schimpfte,schimpf,schimpft,haben,zu schimpfen
tragen,trage,trägst,trägt,trug,getragen,trüge,trag,tragt,haben,zu tragen
epilieren,epiliere,epilierst,epiliert,epilierte,epiliert,epilierte,epiliere,epiliert,haben,zu epilieren
kooptieren,kooptiere,kooptierst,kooptiert,kooptierte,kooptiert,kooptierte,kooptiere,kooptiert,haben,zu kooptieren
vorstellen,stelle vor,stellst vor,stellt vor,stellte vor,vorgestellt,stellte vor,stell vor,stellt vor,haben,zu vorstellen
verschallen,verschalle,verschallst,verschallt,verscholl,verschollen,verschölle,verschalle,verschallt,sein,zu verschallen
widersprechen,widerspreche,widersprichst,widerspricht,widersprach,widersprochen,widerspräche,widersprich,widersprecht,haben,zu widersprechen
brennen,brenne,brennst,brennt,brannte,gebrannt,brennte,brenne,brennt,haben,zu brennen
dislozieren,disloziere,dislozierst,disloziert,dislozierte,disloziert,dislozierte,disloziere,disloziert,haben,dislozuzieren
subsumieren,subsumiere,subsumierst,subsumiert,subsumierte,subsumiert,subsumierte,subsumiere,subsumiert,haben,zu subsumieren
evozieren,evoziere,evozierst,evoziert,evozierte,evoziert,evozierte,evoziere,evoziert,haben,zu evozieren
kennen,kenne,kennst,kennt,kannte,gekannt,kennte,kenne,kennt,haben,zu kennen
nageln,nagele,nagelst,nagelt,nagelte,genagelt,nagelte,nagele,nagelt,haben,zu nageln
befehlen,befehle,befiehlst,befiehlt,befahl,befohlen,befähle,befiehl,befehlt,haben,zu befehlen
zapfen,zapfe,zapfst,zapft,zapfte,gezapft,zapfte,zapfe,zapft,haben,zu zapfen
beginnen,beginne,beginnst,beginnt,begann,begonnen,begönne,beginn,beginnt,haben,zu beginnen
profitieren,profitiere,profitierst,profitiert,profitierte,profitiert,profitierte,profitiere,profitiert,haben,zu profitieren
revozieren,revoziere,revozierst,revoziert,revozierte,revoziert,revozierte,revoziere,revoziert,haben,zu revozieren
konsolidieren,konsolidiere,konsolidierst,konsolidiert,konsolidierte,konsolidiert,konsolidierte,konsolidiere,konsolidiert,haben,zu konsolidieren
bitten,bitte,bittest,bittet,bat,gebeten,bäte,bitte,bittet,haben,zu bitten
bewegen,bewege,bewegst,bewegt,bewegte,bewegt,bewegte,bewege,bewegt,haben,zu bewegen
wenden,wende,wendest,wendet,wandte,gewandt,wendete,wende,wendet,haben,zu wenden
fahren,fahre,fährst,fährt,fuhr,gefahren,führe,fahr,fahrt,sein,zu fahren
betrügen,betrüge,betrügst,betrügt,betrog,betrogen,betröge,betrüge,betrügt,haben,zu betrügen
halbieren,halbiere,halbierst,halbiert,halbierte,halbiert,halbierte,halbier,halbiert,haben,zu halbieren
tun,tue,tust,tut,tat,getan,täte,tue,tut,haben,zu tun
erfahren,erfahre,erfährst,erfährt,erfuhr,erfahren,erführe,erfahr,erfahrt,haben,zu erfahren
hussen,husse,husst,husst,husste,gehusst,husste,husse,husst,haben,zu hussen
pennen,penne,pennst,pennt,pennte,gepennt,pennte,penne,pennt,haben,zu pennen
verwursten,verwurste,verwurstest,verwurstet,verwurstete,verwurstet,verwurstete,verwurst,verwurstet,haben,zu verwursten
nivellieren,nivelliere,nivellierst,nivelliert,nivellierte,nivelliert,nivellierte,nivelliere,nivelliert,haben,zu nivellieren
sekkieren,sekkiere,sekkierst,sekkiert,sekkierte,sekkiert,sekkierte,sekkiere,sekkiert,haben,zu sekkieren
konservieren,konserviere,konservierst,konserviert,konservierte,konserviert,konservierte,konserviere,konserviert,haben,zu konservieren
frequentieren,frequentiere,frequentierst,frequentiert,frequentierte,frequentiert,frequentierte,frequentiere,frequentiert,haben,zu frequentieren
irritieren,irritiere,irritierst,irritiert,irritierte,irritiert,irritierte,irritiere,irritiert,haben,zu irritieren
blättern,blättere,blätterst,blättert,blätterte,geblättert,blätterte,blättere,blättert,haben,zu blättern
übertragen,übertrage,überträgst,überträgt,übertrug,übertragen,übertrüge,übertrag,übertragt,haben,zu übertragen
versalzen,versalze,versalzt,versalzt,versalzte,versalzen,versalzte,versalze,versalzt,haben,zu versalzen
bellen,belle,bellst,bellt,bellte,gebellt,bellte,bell,bellt,haben,zu bellen
abästen,äste ab,ästest ab,ästet ab,ästete ab,abgeästet,ästete ab,äst ab,ästet ab,haben,abzuästen
purgieren,purgiere,purgierst,purgiert,purgierte,purgiert,purgierte,purgiere,purgiert,haben,purzugieren
detachieren,detachiere,detachierst,detachiert,detachierte,detachiert,detachierte,detachiere,detachiert,haben,zu detachieren
niesen,niese,niest,niest,nieste,geniest,nieste,niese,niest,haben,zu niesen
herbringen,bringe her,bringst her,bringt her,brachte her,hergebracht,brächte her,bring her,bringt her,haben,herzubringen
verspüren,verspüre,verspürst,verspürt,verspürte,verspürt,verspürte,verspüre,verspürt,haben,zu verspüren
leeren,leere,leerst,leert,leerte,geleert,leerte,leere,leert,haben,zu leeren
rüsten,rüste,rüstest,rüstet,rüstete,gerüstet,rüstete,rüste,rüstet,haben,zu rüsten
rücken,rücke,rückst,rückt,rückte,gerückt,rückte,rücke,rückt,haben,zu rücken
konfligieren,konfligiere,konfligierst,konfligiert,konfligierte,konfligiert,konfligierte,konfligier,konfligiert,haben,zu konfligieren
verifizieren,verifiziere,verifizierst,verifiziert,verifizierte,verifiziert,verifizierte,verifiziere,verifiziert,haben,zu verifizieren
pofen,pofe,pofst,poft,pofte,gepoft,pofte,pofe,poft,haben,zu pofen
pissen,pisse,pisst,pisst,pisste,gepisst,pisste,pisse,pisst,haben,zu pissen
pinkeln,pinkle,pinkelst,pinkelt,pinkelte,gepinkelt,pinkelte,pinkele,pinkelt,haben,zu pinkeln
fechten,fechte,fichtst,ficht,focht,gefochten,föchte,ficht,fechtet,haben,zu fechten
attrahieren,attrahiere,attrahierst,attrahiert,attrahierte,attrahiert,attrahierte,attrahier,attrahiert,haben,zu attrahieren
eruieren,eruiere,eruierst,eruiert,eruierte,eruiert,eruierte,eruiere,eruiert,haben,zu eruieren
addieren,addiere,addierst,addiert,addierte,addiert,addierte,addier,addiert,haben,zu addieren
behaupten,behaupte,behauptest,behauptet,behauptete,behauptet,behauptete,behaupte,behauptet,haben,zu behaupten
zwingen,zwinge,zwingst,zwingt,zwang,gezwungen,zwänge,zwinge,zwingt,haben,zu zwingen
diskreditieren,diskreditiere,diskreditierst,diskreditiert,diskreditierte,diskreditiert,diskreditierte,diskreditiere,diskreditiert,haben,zu diskreditieren
messen,messe,misst,misst,maß,gemessen,mäße,miss,messt,haben,zu messen
verzapfen,verzapfe,verzapfst,verzapft,verzapfte,verzapft,verzapfte,verzapf,verzapft,haben,zu verzapfen
rumhuren,hure rum,hurst rum,hurt rum,hurte rum,rumgehurt,hurte rum,hur rum,hurt rum,haben,zu rumhuren
indossieren,indossiere,indossierst,indossiert,indossierte,indossiert,indossierte,indossiere,indossiert,haben,zu indossieren
robben,robbe,robbst,robbt,robbte,gerobbt,robbte,robb,robbt,sein,zu robben
anziehen,ziehe an,ziehst an,zieht an,zog an,angezogen,zöge an,zieh an,zieht an,haben,anzuziehen
kucken,kucke,kuckst,kuckt,kuckte,gekuckt,kuckte,kuck,kuckt,haben,zu kucken
verunglimpfen,verunglimpfe,verunglimpfst,verunglimpft,verunglimpfte,verunglimpft,verunglimpfte,verunglimpfe,verunglimpft,haben,zu verunglimpfen
erniedrigen,erniedrige,erniedrigst,erniedrigt,erniedrigte,erniedrigt,erniedrigte,erniedrige,erniedrigt,haben,zu erniedrigen
fringsen,fringse,fringst,fringst,fringste,gefringst,fringste,fringse,fringst,haben,zu fringsen
faulenzen,faulenze,faulenzt,faulenzt,faulenzte,gefaulenzt,faulenzte,faulenze,faulenzt,haben,zu faulenzen
tanzen,tanze,tanzt,tanzt,tanzte,getanzt,tanzte,tanze,tanzt,haben,zu tanzen
glauben,glaube,glaubst,glaubt,glaubte,geglaubt,glaubte,glaub,glaubt,haben,zu glauben
mögen,mag,magst,mag,mochte,gemocht,möchte,—,—,haben,zu mögen
segeln,segle,segelst,segelt,segelte,gesegelt,segelte,segle,segelt,haben,zu segeln
gleiten,gleite,gleitest,gleitet,glitt,geglitten,glitte,gleit,gleitet,sein,zu gleiten
schweben,schwebe,schwebst,schwebt,schwebte,geschwebt,schwebte,schweb,schwebt,sein,zu schweben
ankreuzen,kreuze an,kreuzt an,kreuzt an,kreuzte an,angekreuzt,kreuzte an,kreuz an,kreuzt an,haben,anzukreuzen
ausstrahlen,strahle aus,strahlst aus,strahlt aus,strahlte aus,ausgestrahlt,strahlte aus,strahl aus,strahlt aus,haben,auszustrahlen
speichern,speichere,speicherst,speichert,speicherte,gespeichert,speicherte,speichere,speichert,haben,zu speichern
umarmen,umarme,umarmst,umarmt,umarmte,umarmt,umarmte,umarm,umarmt,haben,zu umarmen
betrachten,betrachte,betrachtest,betrachtet,betrachtete,betrachtet,betrachtete,betrachte,betrachtet,haben,zu betrachten
formen,forme,formst,formt,formte,geformt,formte,form,formt,haben,zu formen
holen,hole,holst,holt,holte,geholt,holte,hole,holt,haben,zu holen
atmen,atme,atmest,atmet,atmete,geatmet,atmete,atme,atmet,haben,zu atmen
striegeln,striegele,striegelst,striegelt,striegelte,gestriegelt,striegelte,striegele,striegelt,haben,zu striegeln
fühlen,fühle,fühlst,fühlt,fühlte,gefühlt,fühlte,fühl,fühlt,haben,zu fühlen
rennen,renne,rennst,rennt,rannte,gerannt,rennte,renn,rennt,sein,zu rennen
schwimmen,schwimme,schwimmst,schwimmt,schwamm,geschwommen,schwömme,schwimm,schwimmt,sein,zu schwimmen
evakuieren,evakuiere,evakuierst,evakuiert,evakuierte,evakuiert,evakuierte,evakuiere,evakuiert,haben,zu evakuieren
schnökern,schnöker,schnökerst,schnökert,schnökerte,geschnökert,schnökerte,schnöker,schnökert,haben,zu schnökern
erkundigen,erkundige,erkundigst,erkundigt,erkundigte,erkundigt,erkundigte,erkundige,erkundigt,haben,zu erkundigen
schlürfen,schlürfe,schlürfst,schlürft,schlürfte,geschlürft,schlürfte,schlürfe,schlürft,haben,zu schlürfen
schlurfen,schlurfe,schlurfst,schlurft,schlurfte,geschlurft,schlurfte,schlurfe,schlurft,sein,zu schlurfen
erkobern,erkobere,erkoberst,erkobert,erkoberte,erkobert,erkoberte,erkober,erkobert,haben,zu erkobern
ankommen,komme an,kommst an,kommt an,kam an,angekommen,käme an,komm an,kommt an,sein,anzukommen
laden,lade,lädst,lädt,lud,geladen,lüde,lade,ladet,haben,zu laden
rügen,rüge,rügst,rügt,rügte,gerügt,rügte,rüge,rügt,haben,zu rügen
wachsen,wachse,wächst,wächst,wuchs,gewachsen,wüchse,wachse,wachst,sein,zu wachsen
waschen,wasche,wäschst,wäscht,wusch,gewaschen,wüsche,wasche,wascht,haben,zu waschen
baden,bade,badest,badet,badete,gebadet,badete,bade,badet,haben,zu baden
allokieren,allokiere,allokierst,allokiert,allokierte,allokiert,allokierte,allokiere,allokiert,haben,zu allokieren
regnen,—,—,regnet,regnete,geregnet,regnete,—,—,haben,zu regnen
hageln,—,—,hagelt,hagelte,gehagelt,hagelte,—,—,haben,zu hageln
betreffen,betreffe,betriffst,betrifft,betraf,betroffen,beträfe,betreffe,betrefft,haben,zu betreffen
disponieren,disponiere,disponierst,disponiert,disponierte,disponiert,disponierte,disponiere,disponiert,haben,zu disponieren
surfen,surfe,surfst,surft,surfte,gesurft,surfte,surfe,surft,haben,zu surfen
reiben,reibe,reibst,reibt,rieb,gerieben,riebe,reibe,reibt,haben,zu reiben
tauchen,tauche,tauchst,taucht,tauchte,getaucht,tauchte,tauche,taucht,sein,zu tauchen
schlickern,schlickere,schlickerst,schlickert,schlickerte,geschlickert,schlickerte,schlickere,schlickert,haben,zu schlickern
validieren,validiere,validierst,validiert,validierte,validiert,validierte,validier,validiert,haben,zu validieren
falsifizieren,falsifiziere,falsifizierst,falsifiziert,falsifizierte,falsifiziert,falsifizierte,falsifiziere,falsifiziert,haben,zu falsifizieren
springen,springe,springst,springt,sprang,gesprungen,spränge,springe,springt,sein,zu springen
prüfen,prüfe,prüfst,prüft,prüfte,geprüft,prüfte,prüf,prüft,haben,zu prüfen
testen,teste,testest,testet,testete,getestet,testete,teste,testet,haben,zu testen
überprüfen,überprüfe,überprüfst,überprüft,überprüfte,überprüft,überprüfte,überprüfe,überprüft,haben,zu überprüfen
abwracken,wracke ab,wrackst ab,wrackt ab,wrackte ab,abgewrackt,wrackte ab,wrack ab,wrackt ab,haben,abzuwracken
umbrechen,breche um,brichst um,bricht um,brach um,umgebrochen,bräche um,brich um,brecht um,haben,umzubrechen
kapitalisieren,kapitalisiere,kapitalisierst,kapitalisiert,kapitalisierte,kapitalisiert,kapitalisierte,kapitalisiere,kapitalisiert,haben,zu kapitalisieren
fretten,frette,frettest,frettet,frettete,gefrettet,frettete,frette,frettet,haben,zu fretten
kauen,kaue,kaust,kaut,kaute,gekaut,kaute,kaue,kaut,haben,zu kauen
mähen,mähe,mähst,mäht,mähte,gemäht,mähte,mähe,mäht,haben,zu mähen
blaken,blake,blakst,blakt,blakte,geblakt,blakte,blake,blakt,haben,zu blaken
unterfertigen,unterfertige,unterfertigst,unterfertigt,unterfertigte,unterfertigt,unterfertigte,unterfertig,unterfertigt,haben,zu unterfertigen
fluchen,fluche,fluchst,flucht,fluchte,geflucht,fluchte,fluche,flucht,haben,zu fluchen
überdenken,überdenke,überdenkst,überdenkt,überdachte,überdacht,überdächte,überdenke,überdenkt,haben,zu überdenken
merken,merke,merkst,merkt,merkte,gemerkt,merkte,merke,merkt,haben,zu merken
werden,werde,wirst,wird,wurde,geworden,würde,werde,werdet,sein,zu werden
abbauen,baue ab,baust ab,baut ab,baute ab,abgebaut,baute ab,baue ab,bauet ab,haben,abzubauen
abbestellen,bestelle ab,bestellst ab,bestellt ab,bestellte ab,abbestellt,bestellte ab,bestell ab,bestellt ab,haben,abzubestellen
erlegen,erlege,erlegst,erlegt,erlegte,erlegt,erlegte,erleg,erlegt,haben,zu erlegen
wichsen,wichse,wichst,wichst,wichste,gewichst,wichste,wichse,wichst,haben,zu wichsen
masturbieren,masturbiere,masturbierst,masturbiert,masturbierte,masturbiert,masturbierte,masturbiere,masturbiert,haben,zu masturbieren
abasten,aste ab,astest ab,astet ab,astete ab,abgeastet,astete ab,aste ab,astet ab,haben,abzuasten
abbiegen,biege ab,biegst ab,biegt ab,bog ab,abgebogen,böge ab,bieg ab,biegt ab,haben,abzubiegen
abbilden,bilde ab,bildest ab,bildet ab,bildete ab,abgebildet,bildete ab,bild ab,bildet ab,haben,abzubilden
abbinden,binde ab,bindest ab,bindet ab,band ab,abgebunden,bände ab,bind ab,bindet ab,haben,abzubinden
abblenden,blende ab,blendest ab,blendet ab,blendete ab,abgeblendet,blendete ab,blende ab,blendet ab,haben,abzublenden
abblitzen,blitze ab,blitzt ab,blitzt ab,blitzte ab,abgeblitzt,blitzte ab,blitze ab,blitzt ab,sein,abzublitzen
abblättern,blättre ab,blätterst ab,blättert ab,blätterte ab,abgeblättert,blätterte ab,blättre ab,blättert ab,sein,abzublättern
abbröckeln,bröckele ab,bröckelst ab,bröckelt ab,bröckelte ab,abgebröckelt,bröckelte ab,bröckele ab,bröckelt ab,haben,abzubröckeln
abbröseln,brösele ab,bröselst ab,bröselt ab,bröselte ab,abgebröselt,bröselte ab,brösele ab,bröselt ab,haben,abzubröseln
abbrennen,brenne ab,brennst ab,brennt ab,brannte ab,abgebrannt,brennte ab,brenn ab,brennt ab,haben,abzubrennen
abbringen,bringe ab,bringst ab,bringt ab,brachte ab,abgebracht,brächte ab,bring ab,bringt ab,haben,abzubringen
schmulen,schmule,schmulst,schmult,schmulte,geschmult,schmulte,schmul,schmult,haben,zu schmulen
kiebitzen,kiebitze,kiebitzt,kiebitzt,kiebitzte,gekiebitzt,kiebitzte,kiebitz,kiebitzt,haben,zu kiebitzen
abbuchen,buche ab,buchst ab,bucht ab,buchte ab,abgebucht,buchte ab,buch ab,bucht ab,haben,abzubuchen
abchecken,checke ab,checkst ab,checkt ab,checkte ab,abgecheckt,checkte ab,check ab,checkt ab,haben,abzuchecken
abdanken,danke ab,dankst ab,dankt ab,dankte ab,abgedankt,dankte ab,danke ab,dankt ab,haben,abzudanken
abdecken,decke ab,deckst ab,deckt ab,deckte ab,abgedeckt,deckte ab,deck ab,deckt ab,haben,abzudecken
werben,werbe,wirbst,wirbt,warb,geworben,würbe,wirb,werbt,haben,zu werben
saften,safte,saftest,saftet,saftete,gesaftet,saftete,safte,saftet,haben,zu saften
notieren,notiere,notierst,notiert,notierte,notiert,notierte,notiere,notiert,haben,zu notieren
zwitschern,zwitschere,zwitscherst,zwitschert,zwitscherte,gezwitschert,zwitscherte,zwitscher,zwitschert,haben,zu zwitschern
missachten,missachte,missachtest,missachtet,missachtete,missachtet,missachtete,missachte,missachtet,haben,zu missachten
aussehen,sehe aus,siehst aus,sieht aus,sah aus,ausgesehen,sähe aus,sieh aus,seht aus,haben,auszusehen
ausschauen,schaue aus,schaust aus,schaut aus,schaute aus,ausgeschaut,schaute aus,schau aus,schaut aus,haben,auszuschauen
blaumachen,mache blau,machst blau,macht blau,machte blau,blaugemacht,machte blau,mach blau,macht blau,haben,blauzumachen
kondizieren,kondiziere,kondizierst,kondiziert,kondizierte,kondiziert,kondizierte,kondiziere,kondiziert,haben,zu kondizieren
rigolen,rigole,rigolst,rigolt,rigolte,rigolt,rigolte,rigol,rigolt,haben,zu rigolen
Vorlage:Formatvorlage (Verb),ziele,zielst,zielt,zielte,gezielt,zielte,ziel,zielt,haben,zu Vorlage:Formatvorlage (Verb)
menscheln,—,—,menschelt,menschelte,gemenschelt,menschelte,—,—,haben,zu menscheln
zergen,zerge,zergst,zergt,zergte,gezergt,zergte,zerg,zergt,haben,zu zergen
hecken,hecke,heckst,heckt,heckte,geheckt,heckte,heck,heckt,haben,zu hecken
zubuttern,buttere zu,butterst zu,buttert zu,butterte zu,zugebuttert,butterte zu,butter zu,buttert zu,haben,zuzubuttern
buttern,buttere,butterst,buttert,butterte,gebuttert,butterte,buttere,buttert,haben,zu buttern
schleichen,schleiche,schleichst,schleicht,schlich,geschlichen,schliche,schleiche,schleicht,sein,schlzueichen
ausbaldowern,baldowere aus,baldowerst aus,baldowert aus,baldowerte aus,ausbaldowert,baldowerte aus,baldower aus,baldowert aus,haben,auszubaldowern
prosperieren,prosperiere,prosperierst,prosperiert,prosperierte,prosperiert,prosperierte,prosperiere,prosperiert,haben,zu prosperieren
ballern,ballere,ballerst,ballert,ballerte,geballert,ballerte,ballere,ballert,haben,zu ballern
sekundieren,sekundiere,sekundierst,sekundiert,sekundierte,sekundiert,sekundierte,sekundiere,sekundiert,haben,zu sekundieren
hudeln,hudle,hudelst,hudelt,hudelte,gehudelt,hudelte,hudle,hudelt,haben,zu hudeln
bejahen,bejahe,bejahst,bejaht,bejahte,bejaht,bejahte,bejahe,bejaht,haben,zu bejahen
imponieren,imponiere,imponierst,imponiert,imponierte,imponiert,imponierte,imponiere,imponiert,haben,zu imponieren
emanzipieren,emanzipiere,emanzipierst,emanzipiert,emanzipierte,emanzipiert,emanzipierte,emanzipiere,emanzipiert,haben,zu emanzipieren
konkatenieren,konkateniere,konkatenierst,konkateniert,konkatenierte,konkateniert,konkatenierte,konkatenier,konkateniert,haben,zu konkatenieren
herumfuhrwerken,fuhrwerke herum,fuhrwerkst herum,fuhrwerkt herum,fuhrwerkte herum,herumgefuhrwerkt,fuhrwerkte herum,fuhrwerk herum,fuhrwerkt herum,haben,herzuumfuhrwerken
helfen,helfe,hilfst,hilft,half,geholfen,hülfe,hilf,helft,haben,zu helfen
abdrehen,drehe ab,drehst ab,dreht ab,drehte ab,abgedreht,drehte ab,dreh ab,dreht ab,haben,abzudrehen
aufbrezeln,brezele auf,brezelst auf,brezelt auf,brezelte auf,aufgebrezelt,brezelte auf,brezele auf,brezelt auf,haben,aufzubrezeln
sondern,sondere,sonderst,sondert,sonderte,gesondert,sonderte,sondere,sondert,haben,zu sondern
abonnieren,abonniere,abonnierst,abonniert,abonnierte,abonniert,abonnierte,abonniere,abonniert,haben,abzuonnieren
motzen,motze,motzt,motzt,motzte,gemotzt,motzte,motze,motzt,haben,zu motzen
loggen,logge,loggst,loggt,loggte,geloggt,loggte,logg,loggt,haben,zu loggen
teilen,teile,teilst,teilt,teilte,geteilt,teilte,teile,teilt,haben,zu teilen
sicherstellen,stelle sicher,stellst sicher,stellt sicher,stellte sicher,sichergestellt,stellte sicher,stell sicher,stellt sicher,haben,sicherzustellen
kommen,komme,kommst,kommt,kam,gekommen,käme,komm,kommt,sein,zu kommen
schreien,schreie,schreist,schreit,schrie,geschrien,schrie,schreie,schreit,haben,zu schreien
keifen,keife,keifst,keift,keifte,gekeift,keifte,keif,keift,haben,zu keifen
keppeln,kepple,keppelst,keppelt,keppelte,gekeppelt,keppelte,kepple,keppelt,haben,zu keppeln
nörgeln,nörgle,nörgelst,nörgelt,nörgelte,genörgelt,nörgelte,nörgle,nörgelt,haben,zu nörgeln
raunzen,raunze,raunzt,raunzt,raunzte,geraunzt,raunzte,raunz,raunzt,haben,zu raunzen
meckern,meckre,meckerst,meckert,meckerte,gemeckert,meckerte,meckre,meckert,haben,zu meckern
jammern,jammere,jammerst,jammert,jammerte,gejammert,jammerte,jammere,jammert,haben,zu jammern
beleidigen,beleidige,beleidigst,beleidigt,beleidigte,beleidigt,beleidigte,beleidige,beleidigt,haben,zu beleidigen
verletzen,verletze,verletzt,verletzt,verletzte,verletzt,verletzte,verletze,verletzt,haben,zu verletzen
prügeln,prügle,prügelst,prügelt,prügelte,geprügelt,prügelte,prügle,prügelt,haben,zu prügeln
deklinieren,dekliniere,deklinierst,dekliniert,deklinierte,dekliniert,deklinierte,dekliniere,dekliniert,haben,zu deklinieren
verscheiden,verscheide,verscheidest,verscheidet,verschied,verschieden,verschiede,verscheide,verscheidet,sein,zu verscheiden
rödeln,rödle,rödelst,rödelt,rödelte,gerödelt,rödelte,rödle,rödelt,haben,zu rödeln
kreischen,kreische,kreischst,kreischt,kreischte,gekreischt,kreischte,kreisch,kreischt,haben,zu kreischen
brüllen,brülle,brüllst,brüllt,brüllte,gebrüllt,brüllte,brüll,brüllt,haben,zu brüllen
schaukeln,schaukle,schaukelst,schaukelt,schaukelte,geschaukelt,schaukelte,schaukle,schaukelt,haben,zu schaukeln
verweilen,verweile,verweilst,verweilt,verweilte,verweilt,verweilte,verweile,verweilt,haben,zu verweilen
stieren,stiere,stierst,stiert,stierte,gestiert,stierte,stiere,stiert,haben,zu stieren
stierln,stierle,stierlst,stierlt,stierlte,gestierlt,stierlte,stierle,stierlt,haben,zu stierln
röhren,röhre,röhrst,röhrt,röhrte,geröhrt,röhrte,röhr,röhrt,haben,zu röhren
plärren,plärre,plärrst,plärrt,plärrte,geplärrt,plärrte,plärr,plärrt,haben,zu plärren
schwarzsehen,sehe schwarz,siehst schwarz,sieht schwarz,sah schwarz,schwarzgesehen,sähe schwarz,sieh schwarz,seht schwarz,haben,schwarzzusehen
schauen,schaue,schaust,schaut,schaute,geschaut,schaute,schaue,schaut,haben,zu schauen
abschauen,schau ab,schaust ab,schaut ab,schaute ab,abgeschaut,schaute ab,schau ab,schaut ab,haben,abzuschauen
abstrahieren,abstrahiere,abstrahierst,abstrahiert,abstrahierte,abstrahiert,abstrahierte,abstrahiere,abstrahiert,haben,abzustrahieren
dampfen,dampfe,dampfst,dampft,dampfte,gedampft,dampfte,dampfe,dampft,haben,zu dampfen
replizieren,repliziere,replizierst,repliziert,replizierte,repliziert,replizierte,repliziere,repliziert,haben,zu replizieren
bestechen,besteche,bestichst,besticht,bestach,bestochen,bestäche,bestich,bestecht,haben,zu bestechen
hereingeheimnissen,geheimnisse herein,geheimnisst herein,geheimnisst herein,geheimnisste herein,hereingeheimnisst,geheimnisste herein,geheimniss herein,geheimnisst herein,haben,herzueingeheimnissen
dispergieren,dispergiere,dispergierst,dispergiert,dispergierte,dispergiert,dispergierte,dispergiere,dispergiert,haben,zu dispergieren
aussprechen,spreche aus,sprichst aus,spricht aus,sprach aus,ausgesprochen,spräche aus,sprich aus,sprecht aus,haben,auszusprechen
abdriften,drifte ab,driftest ab,driftet ab,driftete ab,abgedriftet,driftete ab,drift ab,driftet ab,sein,abzudriften
peilen,peile,peilst,peilt,peilte,gepeilt,peilte,peil,peilt,haben,zu peilen
abdrucken,drucke ab,druckst ab,druckt ab,druckte ab,abgedruckt,druckte ab,druck ab,druckt ab,haben,abzudrucken
abdrücken,drücke ab,drückst ab,drückt ab,drückte ab,abgedrückt,drückte ab,drück ab,drückt ab,haben,abzudrücken
speiben,speibe,speibst,speibt,spieb,gespieben,spiebe,speibe,speibt,haben,zu speiben
anspeiben,speibe an,speibst an,speibt an,—,angespieben,—,speib an,speibt an,haben,anzuspeiben
heizen,heize,heizt,heizt,heizte,geheizt,heizte,heiz,heizt,haben,zu heizen
kümmern,kümmere,kümmerst,kümmert,kümmerte,gekümmert,kümmerte,kümmere,kümmert,haben,zu kümmern
miauen,miaue,miaust,miaut,miaute,miaut,miaute,miaue,miaut,haben,zu miauen
tirilieren,tiriliere,tirilierst,tiriliert,tirilierte,tiriliert,tirilierte,tiriliere,tiriliert,haben,zu tirilieren
nehmen,nehme,nimmst,nimmt,nahm,genommen,nähme,nimm,nehmt,haben,zu nehmen
annehmen,nehme an,nimmst an,nimmt an,nahm an,angenommen,nähme an,nimm an,nehmt an,haben,anzunehmen
tauschen,tausche,tauschst,tauscht,tauschte,getauscht,tauschte,tausche,tauscht,haben,zu tauschen
petzen,petze,petzt,petzt,petzte,gepetzt,petzte,petz,petzt,haben,zu petzen
leihen,leihe,leihst,leiht,lieh,geliehen,liehe,leih,leiht,haben,zu leihen
eulanisieren,eulanisiere,eulanisierst,eulanisiert,eulanisierte,eulanisiert,eulanisierte,eulanisier,eulanisiert,haben,zu eulanisieren
sausen,sause,saust,saust,sauste,gesaust,sauste,sause,saust,haben,zu sausen
rauchen,rauche,rauchst,raucht,rauchte,geraucht,rauchte,rauche,raucht,haben,zu rauchen
öffnen,öffne,öffnest,öffnet,öffnete,geöffnet,öffnete,öffne,öffnet,haben,zu öffnen
intrigieren,intrigiere,intrigierst,intrigiert,intrigierte,intrigiert,intrigierte,intrigiere,intrigiert,haben,zu intrigieren
integrieren,integriere,integrierst,integriert,integrierte,integriert,integrierte,integriere,integriert,haben,zu integrieren
generieren,generiere,generierst,generiert,generierte,generiert,generierte,generier,generiert,haben,zu generieren
mobben,mobbe,mobbst,mobbt,mobbte,gemobbt,mobbte,mobb,mobbt,haben,zu mobben
quasseln,quassele,quasselst,quasselt,quasselte,gequasselt,quasselte,quassele,quasselt,haben,zu quasseln
lukrieren,lukriere,lukrierst,lukriert,lukrierte,lukriert,lukrierte,lukriere,lukriert,haben,zu lukrieren
kompilieren,kompiliere,kompilierst,kompiliert,kompilierte,kompiliert,kompilierte,kompiliere,kompiliert,haben,zu kompilieren
kleinschreiben,schreibe klein,schreibst klein,schreibt klein,schrieb klein,kleingeschrieben,schriebe klein,schreib klein,schreibt klein,haben,kleinzuschreiben
schwärzen,schwärze,schwärzt,schwärzt,schwärzte,geschwärzt,schwärzte,schwärze,schwärzt,haben,zu schwärzen
anschwärzen,schwärze an,schwärzt an,schwärzt an,schwärzte an,angeschwärzt,schwärzte an,schwärz an,schwärzt an,haben,anzuschwärzen
anlegen,lege an,legst an,legt an,legte an,angelegt,legte an,leg an,legt an,haben,anzulegen
grillen,grille,grillst,grillt,grillte,gegrillt,grillte,grille,grillt,haben,zu grillen
angrillen,grille an,grillst an,grillt an,grillte an,angegrillt,grillte an,grill an,grillt an,haben,anzugrillen
schießen,schieße,schießt,schießt,schoss,geschossen,schösse,schieß,schießt,haben,zu schießen
abandonnieren,abandonniere,abandonnierst,abandonniert,abandonnierte,abandonniert,abandonnierte,abandonniere,abandonniert,haben,abzuandonnieren
abarbeiten,arbeite ab,arbeitest ab,arbeitet ab,arbeitete ab,abgearbeitet,arbeitete ab,arbeite ab,arbeitet ab,haben,abzuarbeiten
maunzen,maunze,maunzt,maunzt,maunzte,gemaunzt,maunzte,maunz,maunzt,haben,zu maunzen
tranchieren,tranchiere,tranchierst,tranchiert,tranchierte,tranchiert,tranchierte,tranchiere,tranchiert,haben,zu tranchieren
haschieren,haschiere,haschierst,haschiert,haschierte,haschiert,haschierte,haschier,haschiert,haben,zu haschieren
proklamieren,proklamiere,proklamierst,proklamiert,proklamierte,proklamiert,proklamierte,proklamiere,proklamiert,haben,zu proklamieren
lenzen,lenze,lenzt,lenzt,lenzte,gelenzt,lenzte,lenz,lenzt,haben,zu lenzen
passieren,passiere,passierst,passiert,passierte,passiert,passierte,passiere,passiert,haben,zu passieren
wiegen,wiege,wiegst,wiegt,wog,gewogen,wöge,wieg,wiegt,haben,zu wiegen
wogen,woge,wogst,wogt,wogte,gewogt,wogte,wog,wogt,haben,zu wogen
salbadern,salbadere,salbaderst,salbadert,salbaderte,salbadert,salbaderte,salbadere,salbadert,haben,zu salbadern
knuscheln,knuschel,knuschelst,knuschelt,knuschelte,geknuschelt,knuschelte,knuschel,knuschelt,haben,zu knuscheln
managen,manage,managst,managt,managte,gemanagt,managte,manage,managt,haben,zu managen
abarten,arte ab,artest ab,artet ab,artete ab,abgeartet,artete ab,arte ab,artet ab,sein,abzuarten
apparieren,appariere,apparierst,appariert,apparierte,appariert,apparierte,appariere,appariert,haben,zu apparieren
verschießen,verschieße,verschießt,verschießt,verschoss,verschossen,verschösse,verschieße,verschießt,haben,zu verschießen
pasteurisieren,pasteurisiere,pasteurisierst,pasteurisiert,pasteurisierte,pasteurisiert,pasteurisierte,pasteurisiere,pasteurisiert,haben,zu pasteurisieren
destillieren,destilliere,destillierst,destilliert,destillierte,destilliert,destillierte,destilliere,destilliert,haben,zu destillieren
aufmischen,mische auf,mischst auf,mischt auf,mischte auf,aufgemischt,mischte auf,misch auf,mischt auf,haben,aufzumischen
gerinnen,gerinne,gerinnst,gerinnt,gerann,geronnen,geränne,gerinne,gerinnt,sein,zu gerinnen
trippeln,trippele,trippelst,trippelt,trippelte,getrippelt,trippelte,trippele,trippelt,sein,zu trippeln
kotieren,kotiere,kotierst,kotiert,kotierte,kotiert,kotierte,kotier,kotiert,haben,zu kotieren
wechseln,wechsle,wechselst,wechselt,wechselte,gewechselt,wechselte,wechsele,wechselt,haben,zu wechseln
gniedeln,gniedle,gniedelst,gniedelt,gniedelte,gegniedelt,gniedelte,gniedel,gniedelt,haben,zu gniedeln
erröten,erröte,errötest,errötet,errötete,errötet,errötete,erröte,errötet,haben,zu erröten
vergilben,vergilbe,vergilbst,vergilbt,vergilbte,vergilbt,vergilbte,vergilbe,vergilbt,sein,zu vergilben
verbläuen,verbläue,verbläust,verbläut,verbläute,verbläut,verbläute,verbläu,verbläut,haben,zu verbläuen
begrünen,begrüne,begrünst,begrünt,begrünte,begrünt,begrünte,begrün,begrünt,haben,zu begrünen
rudern,rudere,ruderst,rudert,ruderte,gerudert,ruderte,rudere,rudert,sein,zu rudern
shoppen,shoppe,shoppst,shoppt,shoppte,geshoppt,shoppte,shoppe,shoppt,haben,zu shoppen
navigieren,navigiere,navigierst,navigiert,navigierte,navigiert,navigierte,navigiere,navigiert,haben,zu navigieren
abbreviieren,abbreviiere,abbreviierst,abbreviiert,abbreviierte,abbreviiert,abbreviierte,abbreviier,abbreviiert,haben,abzubreviieren
gleichen,gleiche,gleichst,gleicht,glich,geglichen,gliche,gleiche,gleicht,haben,zu gleichen
kieken,kieke,kiekst,kiekt,kiekte,gekiekt,kiekte,kieke,kiekt,haben,zu kieken
kündigen,kündige,kündigst,kündigt,kündigte,gekündigt,kündigte,kündig,kündigt,haben,zu kündigen
verschwinden,verschwinde,verschwindest,verschwindet,verschwand,verschwunden,verschwände,verschwinde,verschwindet,sein,zu verschwinden
fladern,fladere,fladerst,fladert,fladerte,gefladert,fladerte,flader,fladert,haben,zu fladern
multiplizieren,multipliziere,multiplizierst,multipliziert,multiplizierte,multipliziert,multiplizierte,multipliziere,multipliziert,haben,zu multiplizieren
dividieren,dividiere,dividierst,dividiert,dividierte,dividiert,dividierte,dividiere,dividiert,haben,zu dividieren
subtrahieren,subtrahiere,subtrahierst,subtrahiert,subtrahierte,subtrahiert,subtrahierte,subtrahiere,subtrahiert,haben,zu subtrahieren
rechnen,rechne,rechnest,rechnet,rechnete,gerechnet,rechnete,rechne,rechnet,haben,zu rechnen
inkommodieren,inkommodiere,inkommodierst,inkommodiert,inkommodierte,inkommodiert,inkommodierte,inkommodiere,inkommodiert,haben,zu inkommodieren
goutieren,goutiere,goutierst,goutiert,goutierte,goutiert,goutierte,goutier,goutiert,haben,zu goutieren
kreditieren,kreditiere,kreditierst,kreditiert,kreditierte,kreditiert,kreditierte,kreditiere,kreditiert,haben,zu kreditieren
eindringen,dringe ein,dringst ein,dringt ein,drang ein,eingedrungen,dränge ein,dringe ein,dringt ein,sein,einzudringen
eingeben,gebe ein,gibst ein,gibt ein,gab ein,eingegeben,gäbe ein,gib ein,gebt ein,haben,einzugeben
brauen,braue,braust,braut,braute,gebraut,braute,braue,braut,haben,zu brauen
ehren,ehre,ehrst,ehrt,ehrte,geehrt,ehrte,ehre,ehrt,haben,zu ehren
necken,necke,neckst,neckt,neckte,geneckt,neckte,necke,neckt,haben,zu necken
ärgern,ärgere,ärgerst,ärgert,ärgerte,geärgert,ärgerte,ärgere,ärgert,haben,zu ärgern
hinterlassen,hinterlasse,hinterlässt,hinterlässt,hinterließ,hinterlassen,hinterließe,hinterlass,hinterlasst,haben,zu hinterlassen
stinken,stinke,stinkst,stinkt,stank,gestunken,stänke,stinke,stinkt,haben,zu stinken
eskalieren,eskaliere,eskalierst,eskaliert,eskalierte,eskaliert,eskalierte,eskaliere,eskaliert,haben,zu eskalieren
benötigen,benötige,benötigst,benötigt,benötigte,benötigt,benötigte,benötige,benötigt,haben,zu benötigen
bemühen,bemühe,bemühst,bemüht,bemühte,bemüht,bemühte,bemüh,bemüht,haben,zu bemühen
bepflanzen,bepflanze,bepflanzt,bepflanzt,bepflanzte,bepflanzt,bepflanzte,bepflanz,bepflanzt,haben,zu bepflanzen
braten,brate,brätst,brät,briet,gebraten,briete,brat,bratet,haben,zu braten
belegen,belege,belegst,belegt,belegte,belegt,belegte,belege,belegt,haben,zu belegen
schmusen,schmuse,schmust,schmust,schmuste,geschmust,schmuste,schmuse,schmust,haben,zu schmusen
stöhnen,stöhne,stöhnst,stöhnt,stöhnte,gestöhnt,stöhnte,stöhne,stöhnt,haben,zu stöhnen
aufgeben,gebe auf,gibst auf,gibt auf,gab auf,aufgegeben,gäbe auf,gib auf,gebt auf,haben,aufzugeben
revidieren,revidiere,revidierst,revidiert,revidierte,revidiert,revidierte,revidiere,revidiert,haben,zu revidieren
widerfahren,—,—,widerfährt,widerfuhr,widerfahren,widerführe,—,—,sein,widerzufahren
staben,—,—,stabt,stabte,gestabt,stabte,—,—,haben,zu staben
schrauben,schraube,schraubst,schraubt,schraubte,geschraubt,schraubte,schraube,schraubt,haben,zu schrauben
erfinden,erfinde,erfindest,erfindet,erfand,erfunden,erfände,erfinde,erfindet,haben,zu erfinden
decken,decke,deckst,deckt,deckte,gedeckt,deckte,decke,deckt,haben,zu decken
anwenden,wende an,wendest an,wendet an,wandte an,angewandt,wandte an,wende an,wendet an,haben,anzuwenden
abalienieren,abalieniere,abalienierst,abalieniert,abalienierte,abalieniert,abalienierte,abalieniere,abalieniert,haben,abzualienieren
treten,trete,trittst,tritt,trat,getreten,träte,tritt,tretet,haben,zu treten
buffieren,buffiere,buffierst,buffiert,buffierte,buffiert,buffierte,buffier,buffiert,haben,zu buffieren
abbuffen,buffe ab,buffst ab,bufft ab,buffte ab,abgebufft,buffte ab,buff ab,bufft ab,haben,abzubuffen
abdizieren,abdiziere,abdizierst,abdiziert,abdizierte,abdiziert,abdizierte,abdiziere,abdiziert,haben,abzudizieren
erholen,erhole,erholst,erholt,erholte,erholt,erholte,erhole,erholt,haben,zu erholen
pokulieren,pokuliere,pokulierst,pokuliert,pokulierte,pokuliert,pokulierte,pokulier,pokuliert,haben,zu pokulieren
abduzieren,abduziere,abduzierst,abduziert,abduzierte,abduziert,abduzierte,abduzier,abduziert,haben,abzuduzieren
brunzen,brunze,brunzt,brunzt,brunzte,gebrunzt,brunzte,brunz,brunzt,haben,zu brunzen
aberrieren,aberriere,aberrierst,aberriert,aberrierte,aberriert,aberrierte,aberrier,aberriert,haben,abzuerrieren
abfasen,fase ab,fast ab,fast ab,faste ab,abgefast,faste ab,fase ab,faset ab,haben,abzufasen
anfasen,fase an,fast an,fast an,faste an,angefast,faste an,fas an,fast an,haben,anzufasen
verlieben,verliebe,verliebst,verliebt,verliebte,verliebt,verliebte,verlieb,verliebt,haben,zu verlieben
raten,rate,rätst,rät,riet,geraten,riete,rate,ratet,haben,zu raten
bewässern,bewässere,bewässerst,bewässert,bewässerte,bewässert,bewässerte,bewässere,bewässert,haben,zu bewässern
anmachen,mache an,machst an,macht an,machte an,angemacht,machte an,mach an,macht an,haben,anzumachen
ästimieren,ästimiere,ästimierst,ästimiert,ästimierte,ästimiert,ästimierte,ästimiere,ästimiert,haben,zu ästimieren
schneien,schneie,schneist,schneit,schneite,geschneit,schneite,schnei,schneit,haben,zu schneien
gefrieren,gefriere,gefrierst,gefriert,gefror,gefroren,gefröre,gefrier,gefriert,sein,zu gefrieren
einfrieren,friere ein,frierst ein,friert ein,fror ein,eingefroren,fröre ein,frier ein,friert ein,sein,einzufrieren
aberkennen,erkenne ab,erkennst ab,erkennt ab,erkannte ab,aberkannt,erkennte ab,erkenne ab,erkennt ab,haben,abzuerkennen
abfahren,fahre ab,fährst ab,fährt ab,fuhr ab,abgefahren,führe ab,fahre ab,fahrt ab,sein,abzufahren
fliehen,fliehe,fliehst,flieht,floh,geflohen,flöhe,fliehe,flieht,sein,zu fliehen
bedenken,bedenke,bedenkst,bedenkt,bedachte,bedacht,bedächte,bedenke,bedenkt,haben,zu bedenken
ereignen,—,—,ereignet,ereignete,ereignet,ereignete,—,—,haben,zu ereignen
geschehen,—,—,geschieht,geschah,geschehen,geschähe,—,—,sein,zu geschehen
screenen,screene,screenst,screent,screente,gescreent,screente,screene,screent,haben,zu screenen
schmöken,schmöke,schmökst,schmökt,schmökte,geschmökt,schmökte,schmök,schmökt,haben,zu schmöken
umfahren,umfahre,umfährst,umfährt,umfuhr,umfahren,umführe,umfahre,umfahrt,haben,zu umfahren
abchangieren,changiere ab,changierst ab,changiert ab,changierte ab,abchangiert,changierte ab,changier ab,changiert ab,haben,abzuchangieren
spawnen,spawne,spawnst,spawnt,spawnte,gespawnt,spawnte,spawne,spawnt,sein,zu spawnen
benedeien,benedeie,benedeist,benedeit,benedeite,gebenedeit,benedeite,benedeie,benedeit,haben,zu benedeien
designen,designe,designst,designt,designte,designt,designte,designe,designt,haben,zu designen
furzen,furze,furzt,furzt,furzte,gefurzt,furzte,furze,furzt,haben,zu furzen
bauen,baue,baust,baut,baute,gebaut,baute,baue,baut,haben,zu bauen
induzieren,induziere,induzierst,induziert,induzierte,induziert,induzierte,induziere,induziert,haben,zu induzieren
vergessen,vergesse,vergisst,vergisst,vergaß,vergessen,vergäße,vergiss,vergesst,haben,zu vergessen
scannen,scanne,scannst,scannt,scannte,gescannt,scannte,scanne,scannt,haben,zu scannen
abreisen,reise ab,reist ab,reist ab,reiste ab,abgereist,reiste ab,reise ab,reist ab,sein,abzureisen
suckeln,suckle,suckelst,suckelt,suckelte,gesuckelt,suckelte,suckle,suckelt,haben,zu suckeln
genesen,genese,genest,genest,genas,genesen,genäse,genese,genest,sein,zu genesen
anfangen,fange an,fängst an,fängt an,fing an,angefangen,finge an,fang an,fangt an,haben,anzufangen
anhalten,halte an,hältst an,hält an,hielt an,angehalten,hielte an,halt an,haltet an,haben,anzuhalten
kotzen,kotze,kotzt,kotzt,kotzte,gekotzt,kotzte,kotze,kotzt,haben,zu kotzen
konterkarieren,konterkariere,konterkarierst,konterkariert,konterkarierte,konterkariert,konterkarierte,konterkariere,konterkariert,haben,zu konterkarieren
annullieren,annulliere,annullierst,annulliert,annullierte,annulliert,annullierte,annulliere,annulliert,haben,anzunullieren
rufen,rufe,rufst,ruft,rief,gerufen,riefe,rufe,ruft,haben,zu rufen
dräuen,dräue,dräust,dräut,dräute,gedräut,dräute,dräu,dräut,haben,zu dräuen
legen,lege,legst,legt,legte,gelegt,legte,lege,legt,haben,zu legen
pupen,pupe,pupst,pupt,pupte,gepupt,pupte,pup,pupt,haben,zu pupen
erschleichen,erschleiche,erschleichst,erschleicht,erschlich,erschlichen,erschliche,erschleiche,erschleicht,haben,zu erschleichen
tracken,tracke,trackst,trackt,trackte,getrackt,trackte,tracke,trackt,haben,zu tracken
fragen,frage,fragst,fragt,fragte,gefragt,fragte,frag,fragt,haben,zu fragen
erfragen,erfrage,erfragst,erfragt,erfragte,erfragt,erfragte,erfrag,erfragt,haben,zu erfragen
registrieren,registriere,registrierst,registriert,registrierte,registriert,registrierte,registriere,registriert,haben,zu registrieren
upgraden,upgrade,upgradest,upgradet,upgradete,upgegradet,upgradete,upgrade,upgradet,haben,zu upgraden
befragen,befrage,befragst,befragt,befragte,befragt,befragte,befrag,befragt,haben,zu befragen
diffamieren,diffamiere,diffamierst,diffamiert,diffamierte,diffamiert,diffamierte,diffamier,diffamiert,haben,zu diffamieren
erörtern,erörtere,erörterst,erörtert,erörterte,erörtert,erörterte,erörtere,erörtert,haben,zu erörtern
gähnen,gähne,gähnst,gähnt,gähnte,gegähnt,gähnte,gähne,gähnt,haben,zu gähnen
fehlschlagen,—,—,schlägt fehl,schlug fehl,fehlgeschlagen,schlüge fehl,—,—,sein,fehlzuschlagen
erhalten,erhalte,erhältst,erhält,erhielt,erhalten,erhielte,erhalt,erhaltet,haben,zu erhalten
führen,führe,führst,führt,führte,geführt,führte,führe,führt,haben,zu führen
abnippeln,nippele ab,nippelst ab,nippelt ab,nippelte ab,abgenippelt,nippelte ab,nipple ab,nippelt ab,sein,abzunippeln
sollen,soll,sollst,soll,sollte,gesollt,sollte,—,—,haben,zu sollen
einschlafen,schlafe ein,schläfst ein,schläft ein,schlief ein,eingeschlafen,schliefe ein,schlaf ein,schlaft ein,sein,einzuschlafen
bilden,bilde,bildest,bildet,bildete,gebildet,bildete,bilde,bildet,haben,zu bilden
befinden,befinde,befindest,befindet,befand,befunden,befände,befinde,befindet,haben,zu befinden
heiraten,heirate,heiratest,heiratet,heiratete,geheiratet,heiratete,heirate,heiratet,haben,zu heiraten
listen,liste,listest,listet,listete,gelistet,listete,list,listet,haben,zu listen
schwinden,schwinde,schwindest,schwindet,schwand,geschwunden,schwände,schwinde,schwindet,sein,zu schwinden
prahlen,prahle,prahlst,prahlt,prahlte,geprahlt,prahlte,prahl,prahlt,haben,zu prahlen
redigieren,redigiere,redigierst,redigiert,redigierte,redigiert,redigierte,redigiere,redigiert,haben,zu redigieren
antworten,antworte,antwortest,antwortet,antwortete,geantwortet,antwortete,antworte,antwortet,haben,anzutworten
bestehen,bestehe,bestehst,besteht,bestand,bestanden,bestände,besteh,besteht,haben,zu bestehen
erreichen,erreiche,erreichst,erreicht,erreichte,erreicht,erreichte,erreich,erreicht,haben,zu erreichen
stellen,stelle,stellst,stellt,stellte,gestellt,stellte,stelle,stellt,haben,zu stellen
korrumpieren,korrumpiere,korrumpierst,korrumpiert,korrumpierte,korrumpiert,korrumpierte,korrumpier,korrumpiert,haben,zu korrumpieren
bedeuten,bedeute,bedeutest,bedeutet,bedeutete,bedeutet,bedeutete,bedeute,bedeutet,haben,zu bedeuten
anhören,höre an,hörst an,hört an,hörte an,angehört,hörte an,hör an,hört an,haben,anzuhören
anzünden,zünde an,zündest an,zündet an,zündete an,angezündet,zündete an,zünd an,zündet an,haben,anzuzünden
ausruhen,ruhe aus,ruhst aus,ruht aus,ruhte aus,ausgeruht,ruhte aus,ruh aus,ruht aus,haben,auszuruhen
guillotinieren,guillotiniere,guillotinierst,guillotiniert,guillotinierte,guillotiniert,guillotinierte,guillotinier,guillotiniert,haben,zu guillotinieren
darstellen,stelle dar,stellst dar,stellt dar,stellte dar,dargestellt,stellte dar,stell dar,stellt dar,haben,darzustellen
schleppen,schleppe,schleppst,schleppt,schleppte,geschleppt,schleppte,schleppe,schleppt,haben,zu schleppen
acheln,achele,achelst,achelt,achelte,geachelt,achelte,achele,achelt,haben,zu acheln
diversifizieren,diversifiziere,diversifizierst,diversifiziert,diversifizierte,diversifiziert,diversifizierte,diversifiziere,diversifiziert,haben,zu diversifizieren
enthalten,enthalte,enthältst,enthält,enthielt,enthalten,enthielte,enthalte,enthaltet,haben,zu enthalten
entstehen,entstehe,entstehst,entsteht,entstand,entstanden,entstände,entstehe,entsteht,sein,zu entstehen
zeigen,zeige,zeigst,zeigt,zeigte,gezeigt,zeigte,zeige,zeigt,haben,zu zeigen
gelten,gelte,giltst,gilt,galt,gegolten,gälte,gilt,geltet,haben,zu gelten
dienen,diene,dienst,dient,diente,gedient,diente,diene,dient,haben,zu dienen
schwadronieren,schwadroniere,schwadronierst,schwadroniert,schwadronierte,schwadroniert,schwadronierte,schwadroniere,schwadroniert,haben,zu schwadronieren
bleiben,bleibe,bleibst,bleibt,blieb,geblieben,bliebe,bleibe,bleibt,sein,zu bleiben
besitzen,besitze,besitzt,besitzt,besaß,besessen,besäße,besitze,besitzt,haben,zu besitzen
existieren,existiere,existierst,existiert,existierte,existiert,existierte,existiere,existiert,haben,zu existieren
dürfen,darf,darfst,darf,durfte,gedurft,dürfte,—,—,haben,zu dürfen
halten,halte,hältst,hält,hielt,gehalten,hielte,halt,haltet,haben,zu halten
unterscheiden,unterscheide,unterscheidest,unterscheidet,unterschied,unterschieden,unterschiede,unterscheide,unterscheidet,haben,zu unterscheiden
erkennen,erkenne,erkennst,erkennt,erkannte,erkannt,erkennte,erkenn,erkennt,haben,zu erkennen
vertreten,vertrete,vertrittst,vertritt,vertrat,vertreten,verträte,vertritt,vertretet,haben,zu vertreten
stammen,stamme,stammst,stammt,stammte,gestammt,stammte,stamme,stammt,haben,zu stammen
zählen,zähle,zählst,zählt,zählte,gezählt,zählte,zähle,zählt,haben,zu zählen
gebrauchen,gebrauche,gebrauchst,gebraucht,gebrauchte,gebraucht,gebrauchte,gebrauche,gebraucht,haben,zu gebrauchen
brauchen,brauche,brauchst,braucht,brauchte,gebraucht,brauchte,brauche,braucht,haben,zu brauchen
bieten,biete,bietest,bietet,bot,geboten,böte,biete,bietet,haben,zu bieten
ermöglichen,ermögliche,ermöglichst,ermöglicht,ermöglichte,ermöglicht,ermöglichte,ermöglich,ermöglicht,haben,zu ermöglichen
entsprechen,entspreche,entsprichst,entspricht,entsprach,entsprochen,entspräche,entsprich,entsprecht,haben,zu entsprechen
bezeichnen,bezeichne,bezeichnest,bezeichnet,bezeichnete,bezeichnet,bezeichnete,bezeichne,bezeichnet,haben,zu bezeichnen
ergeben,ergebe,ergibst,ergibt,ergab,ergeben,ergäbe,ergib,ergebt,haben,zu ergeben
erscheinen,erscheine,erscheinst,erscheint,erschien,erschienen,erschiene,erscheine,erscheint,sein,zu erscheinen
kommissionieren,kommissioniere,kommissionierst,kommissioniert,kommissionierte,kommissioniert,kommissionierte,kommissioniere,kommissioniert,haben,zu kommissionieren
verwenden,verwende,verwendest,verwendet,verwendete,verwendet,verwendete,verwende,verwendet,haben,zu verwenden
verlassen,verlasse,verlässt,verlässt,verließ,verlassen,verließe,verlasse,verlasst,haben,zu verlassen
verhindern,verhindere,verhinderst,verhindert,verhinderte,verhindert,verhinderte,verhindere,verhindert,haben,zu verhindern
entwickeln,entwickle,entwickelst,entwickelt,entwickelte,entwickelt,entwickelte,entwickle,entwickelt,haben,zu entwickeln
setzen,setze,setzt,setzt,setzte,gesetzt,setzte,setze,setzt,haben,zu setzen
studieren,studiere,studierst,studiert,studierte,studiert,studierte,studier,studiert,haben,zu studieren
hänseln,hänsle,hänselst,hänselt,hänselte,gehänselt,hänselte,hänsle,hänselt,haben,zu hänseln
nutzen,nutze,nutzt,nutzt,nutzte,genutzt,nutzte,nutze,nutzt,haben,zu nutzen
klettern,klettere,kletterst,klettert,kletterte,geklettert,kletterte,kletter,klettert,sein,zu klettern
transponieren,transponiere,transponierst,transponiert,transponierte,transponiert,transponierte,transponiere,transponiert,haben,zu transponieren
schmunzeln,schmunzle,schmunzelst,schmunzelt,schmunzelte,geschmunzelt,schmunzelte,schmunzel,schmunzelt,haben,zu schmunzeln
erfolgen,—,—,erfolgt,erfolgte,erfolgt,erfolgte,—,—,sein,zu erfolgen
angeln,angle,angelst,angelt,angelte,geangelt,angelte,angle,angelt,haben,anzugeln
krepieren,krepiere,krepierst,krepiert,krepierte,krepiert,krepierte,krepiere,krepiert,haben,zu krepieren
kondolieren,kondoliere,kondolierst,kondoliert,kondolierte,kondoliert,kondolierte,kondoliere,kondoliert,haben,zu kondolieren
versuchen,versuche,versuchst,versucht,versuchte,versucht,versuchte,versuche,versucht,haben,zu versuchen
aufkommen,komme auf,kommst auf,kommt auf,kam auf,aufgekommen,käme auf,komm auf,kommt auf,sein,aufzukommen
treffen,treffe,triffst,trifft,traf,getroffen,träfe,triff,trefft,haben,zu treffen
biegen,biege,biegst,biegt,bog,gebogen,böge,biege,biegt,haben,zu biegen
binden,binde,bindest,bindet,band,gebunden,bände,binde,bindet,haben,zu binden
interessieren,interessiere,interessierst,interessiert,interessierte,interessiert,interessierte,interessiere,interessiert,haben,zu interessieren
frickeln,frickele,frickelst,frickelt,frickelte,gefrickelt,frickelte,frickele,frickelt,haben,zu frickeln
rattern,rattere,ratterst,rattert,ratterte,gerattert,ratterte,rattere,rattert,haben,zu rattern
folgen,folge,folgst,folgt,folgte,gefolgt,folgte,folge,folgt,sein,zu folgen
erzeugen,erzeuge,erzeugst,erzeugt,erzeugte,erzeugt,erzeugte,erzeug,erzeugt,haben,zu erzeugen
versehen,versehe,versiehst,versieht,versah,versehen,versähe,versieh,verseht,haben,zu versehen
nennen,nenne,nennst,nennt,nannte,genannt,nennte,nenn,nennt,haben,zu nennen
auftreten,trete auf,trittst auf,tritt auf,trat auf,aufgetreten,träte auf,tritt auf,tretet auf,sein,aufzutreten
falten,falte,faltest,faltet,faltete,gefaltet,faltete,falte,faltet,haben,zu falten
beenden,beende,beendest,beendet,beendete,beendet,beendete,beende,beendet,haben,zu beenden
entschließen,entschließe,entschließt,entschließt,entschloss,entschlossen,entschlösse,entschließ,entschließt,haben,zu entschließen
stehlen,stehle,stiehlst,stiehlt,stahl,gestohlen,stähle,stiehl,stehlt,haben,zu stehlen
schmuggeln,schmuggle,schmuggelst,schmuggelt,schmuggelte,geschmuggelt,schmuggelte,schmuggle,schmuggelt,haben,zu schmuggeln
werfen,werfe,wirfst,wirft,warf,geworfen,würfe,wirf,werft,haben,zu werfen
gebären,gebäre,gebierst,gebiert,gebar,geboren,gebäre,gebier,gebärt,haben,zu gebären
beschließen,beschließe,beschließt,beschließt,beschloss,beschlossen,beschlösse,beschließe,beschließt,haben,zu beschließen
anschmieren,schmiere an,schmierst an,schmiert an,schmierte an,angeschmiert,schmierte an,schmier an,schmiert an,haben,anzuschmieren
klonen,klone,klonst,klont,klonte,geklont,klonte,klone,klont,haben,zu klonen
überstürzen,überstürze,überstürzt,überstürzt,überstürzte,überstürzt,überstürzte,überstürze,überstürzt,haben,zu überstürzen
verlernen,verlerne,verlernst,verlernt,verlernte,verlernt,verlernte,verlern,verlernt,haben,zu verlernen
mäandern,mäandere,mäanderst,mäandert,mäanderte,mäandert,mäanderte,mäandere,mäandert,haben,zu mäandern
erpflegen,erpflege,erpflegst,erpflegt,erpflegte,erpflegt,erpflegte,erpflege,erpflegt,haben,zu erpflegen
pflegen,pflege,pflegst,pflegt,pflegte,gepflegt,pflegte,pflege,pflegt,haben,zu pflegen
aufwerfen,werfe auf,wirfst auf,wirft auf,warf auf,aufgeworfen,würfe auf,wirf auf,werft auf,haben,aufzuwerfen
meliorieren,melioriere,meliorierst,melioriert,meliorierte,melioriert,meliorierte,melioriere,melioriert,haben,zu meliorieren
regen,rege,regst,regt,regte,geregt,regte,rege,regt,haben,zu regen
schneiden,schneide,schneidest,schneidet,schnitt,geschnitten,schnitte,schneide,schneidet,haben,zu schneiden
dispensieren,dispensiere,dispensierst,dispensiert,dispensierte,dispensiert,dispensierte,dispensiere,dispensiert,haben,zu dispensieren
danken,danke,dankst,dankt,dankte,gedankt,dankte,dank,dankt,haben,zu danken
spucken,spucke,spuckst,spuckt,spuckte,gespuckt,spuckte,spucke,spuckt,haben,zu spucken
klagen,klage,klagst,klagt,klagte,geklagt,klagte,klag,klagt,haben,zu klagen
kupieren,kupiere,kupierst,kupiert,kupierte,kupiert,kupierte,kupier,kupiert,haben,zu kupieren
fassen,fasse,fasst,fasst,fasste,gefasst,fasste,fass,fasst,haben,zu fassen
erklären,erkläre,erklärst,erklärt,erklärte,erklärt,erklärte,erkläre,erklärt,haben,zu erklären
ableiten,leite ab,leitest ab,leitet ab,leitete ab,abgeleitet,leitete ab,leite ab,leitet ab,haben,abzuleiten
echauffieren,echauffiere,echauffierst,echauffiert,echauffierte,echauffiert,echauffierte,echauffiere,echauffiert,haben,echaufzufieren
brüskieren,brüskiere,brüskierst,brüskiert,brüskierte,brüskiert,brüskierte,brüskier,brüskiert,haben,zu brüskieren
zwinkern,zwinkere,zwinkerst,zwinkert,zwinkerte,gezwinkert,zwinkerte,zwinkere,zwinkert,haben,zu zwinkern
verdenken,verdenke,verdenkst,verdenkt,verdachte,verdacht,verdächte,verdenk,verdenkt,haben,zu verdenken
klingen,klinge,klingst,klingt,klang,geklungen,klänge,klinge,klingt,haben,zu klingen
losen,lose,lost,lost,loste,gelost,loste,lose,lost,haben,zu losen
lauschen,lausche,lauschst,lauscht,lauschte,gelauscht,lauschte,lausche,lauscht,haben,zu lauschen
toupieren,toupiere,toupierst,toupiert,toupierte,toupiert,toupierte,toupiere,toupiert,haben,zu toupieren
imitieren,imitiere,imitierst,imitiert,imitierte,imitiert,imitierte,imitiere,imitiert,haben,zu imitieren
verbluten,verblute,verblutest,verblutet,verblutete,verblutet,verblutete,verblut,verblutet,sein,zu verbluten
modifizieren,modifiziere,modifizierst,modifiziert,modifizierte,modifiziert,modifizierte,modifiziere,modifiziert,haben,zu modifizieren
erwachen,erwache,erwachst,erwacht,erwachte,erwacht,erwachte,erwache,erwachet,sein,zu erwachen
duckmäusern,duckmäusere,duckmäuserst,duckmäusert,duckmäuserte,geduckmäusert,duckmäuserte,duckmäusere,duckmäusert,haben,zu duckmäusern
summen,summe,summst,summt,summte,gesummt,summte,summe,summt,haben,zu summen
rülpsen,rülpse,rülpst,rülpst,rülpste,gerülpst,rülpste,rülpse,rülpst,haben,zu rülpsen
erkiesen,erkiese,erkiest,erkiest,erkor,erkoren,erköre,erkiese,erkiest,haben,zu erkiesen
putzen,putze,putzt,putzt,putzte,geputzt,putzte,putz,putzt,haben,zu putzen
verbergen,verberge,verbirgst,verbirgt,verbarg,verborgen,verbärge,verbirg,verbergt,haben,zu verbergen
drucken,drucke,druckst,druckt,druckte,gedruckt,druckte,druck,druckt,haben,zu drucken
benutzen,benutze,benutzt,benutzt,benutzte,benutzt,benutzte,benutze,benutzt,haben,zu benutzen
casten,caste,castest,castet,castete,gecastet,castete,caste,castet,haben,zu casten
streicheln,streichle,streichelst,streichelt,streichelte,gestreichelt,streichelte,streichle,streichelt,haben,zu streicheln
berühren,berühre,berührst,berührt,berührte,berührt,berührte,berühr,berührt,haben,zu berühren
dreschen,dresche,drischst,drischt,drosch,gedroschen,drösche,drisch,drescht,haben,zu dreschen
lächeln,lächle,lächelst,lächelt,lächelte,gelächelt,lächelte,lächle,lächelt,haben,zu lächeln
ahnden,ahnde,ahndest,ahndet,ahndete,geahndet,ahndete,ahnde,ahndet,haben,zu ahnden
assimilieren,assimiliere,assimilierst,assimiliert,assimilierte,assimiliert,assimilierte,assimiliere,assimiliert,haben,zu assimilieren
pogen,poge,pogst,pogt,pogte,gepogt,pogte,pog,pogt,haben,zu pogen
fließen,fließe,fließt,fließt,floss,geflossen,flösse,fließ,fließt,sein,zu fließen
okkupieren,okkupiere,okkupierst,okkupiert,okkupierte,okkupiert,okkupierte,okkupier,okkupiert,haben,okzukupieren
lügen,lüge,lügst,lügt,log,gelogen,löge,lüg,lügt,haben,zu lügen
musizieren,musiziere,musizierst,musiziert,musizierte,musiziert,musizierte,musiziere,musiziert,haben,zu musizieren
beten,bete,betest,betet,betete,gebetet,betete,bete,betet,haben,zu beten
heilen,heile,heilst,heilt,heilte,geheilt,heilte,heile,heilt,haben,zu heilen
treiben,treibe,treibst,treibt,trieb,getrieben,triebe,treib,treibt,haben,zu treiben
kopulieren,kopuliere,kopulierst,kopuliert,kopulierte,kopuliert,kopulierte,kopuliere,kopuliert,haben,zu kopulieren
freuen,freue,freust,freut,freute,gefreut,freute,freu,freut,haben,zu freuen
verschlimmbessern,verschlimmbessere,verschlimmbesserst,verschlimmbessert,verschlimmbesserte,verschlimmbessert,verschlimmbesserte,verschlimmbessere,verschlimmbessert,haben,zu verschlimmbessern
müssen,muss,musst,muss,musste,gemusst,müsste,—,—,haben,zu müssen
schätzen,schätze,schätzt,schätzt,schätzte,geschätzt,schätzte,schätze,schätzt,haben,zu schätzen
entlassen,entlasse,entlässt,entlässt,entließ,entlassen,entließe,entlasse,entlasst,haben,zu entlassen
erneuen,erneue,erneust,erneut,erneute,erneut,erneute,erneu,erneut,haben,zu erneuen
heißen,heiße,heißt,heißt,hieß,geheißen,hieße,heiß,heißt,haben,zu heißen
schweißen,schweiße,schweißt,schweißt,schweißte,geschweißt,schweißte,schweiße,schweißt,haben,zu schweißen
adaptieren,adaptiere,adaptierst,adaptiert,adaptierte,adaptiert,adaptierte,adaptier,adaptiert,haben,zu adaptieren
abknöpfen,knöpfe ab,knöpfst ab,knöpft ab,knöpfte ab,abgeknöpft,knöpfte ab,knöpf ab,knöpft ab,haben,abzuknöpfen
eintreten,trete ein,trittst ein,tritt ein,trat ein,eingetreten,träte ein,tritt ein,tretet ein,haben,einzutreten
sputen,spute,sputest,sputet,sputete,gesputet,sputete,sput,sputet,haben,zu sputen
versprechen,verspreche,versprichst,verspricht,versprach,versprochen,verspräche,versprich,versprecht,haben,zu versprechen
besprechen,bespreche,besprichst,bespricht,besprach,besprochen,bespräche,besprich,besprecht,haben,zu besprechen
versagen,versage,versagst,versagt,versagte,versagt,versagte,versage,versagt,haben,zu versagen
knuffen,knuffe,knuffst,knufft,knuffte,geknufft,knuffte,knuff,knufft,haben,zu knuffen
analysieren,analysiere,analysierst,analysiert,analysierte,analysiert,analysierte,analysiere,analysiert,haben,anzualysieren
siegen,siege,siegst,siegt,siegte,gesiegt,siegte,siege,siegt,haben,zu siegen
anfassen,fasse an,fasst an,fasst an,fasste an,angefasst,fasste an,fasse an,fasst an,haben,anzufassen
freien,freie,freist,freit,freite,gefreit,freite,freie,freit,haben,zu freien
anspielen,spiele an,spielst an,spielt an,spielte an,angespielt,spielte an,spiele an,spielt an,haben,anzuspielen
einstellen,stelle ein,stellst ein,stellt ein,stellte ein,eingestellt,stellte ein,stelle ein,stellt ein,haben,einzustellen
dilatieren,dilatiere,dilatierst,dilatiert,dilatierte,dilatiert,dilatierte,dilatiere,dilatiert,haben,zu dilatieren
heben,hebe,hebst,hebt,hob,gehoben,höbe,hebe,hebt,haben,zu heben
boykottieren,boykottiere,boykottierst,boykottiert,boykottierte,boykottiert,boykottierte,boykottiere,boykottiert,haben,zu boykottieren
verwinden,verwinde,verwindest,verwindet,verwand,verwunden,verwände,verwinde,verwindet,haben,zu verwinden
patentieren,patentiere,patentierst,patentiert,patentierte,patentiert,patentierte,patentiere,patentiert,haben,zu patentieren
köpfen,köpfe,köpfst,köpft,köpfte,geköpft,köpfte,köpf,köpft,haben,zu köpfen
abnutzen,nutze ab,nutzt ab,nutzt ab,nutzte ab,abgenutzt,nutzte ab,nutz ab,nutzt ab,haben,abzunutzen
exekutieren,exekutiere,exekutierst,exekutiert,exekutierte,exekutiert,exekutierte,exekutiere,exekutiert,haben,zu exekutieren
parametrisieren,parametrisiere,parametrisierst,parametrisiert,parametrisierte,parametrisiert,parametrisierte,parametrisiere,parametrisiert,haben,zu parametrisieren
karikieren,karikiere,karikierst,karikiert,karikierte,karikiert,karikierte,karikiere,karikiert,haben,zu karikieren
seufzen,seufze,seufzt,seufzt,seufzte,geseufzt,seufzte,seufz,seufzt,haben,zu seufzen
drehen,drehe,drehst,dreht,drehte,gedreht,drehte,drehe,dreht,haben,zu drehen
privatisieren,privatisiere,privatisierst,privatisiert,privatisierte,privatisiert,privatisierte,privatisiere,privatisiert,haben,zu privatisieren
verstaatlichen,verstaatliche,verstaatlichst,verstaatlicht,verstaatlichte,verstaatlicht,verstaatlichte,verstaatlich,verstaatlicht,haben,zu verstaatlichen
siezen,sieze,siezt,siezt,siezte,gesiezt,siezte,sieze,siezt,haben,zu siezen
schwitzen,schwitze,schwitzt,schwitzt,schwitzte,geschwitzt,schwitzte,schwitz,schwitzt,haben,zu schwitzen
nähen,nähe,nähst,näht,nähte,genäht,nähte,nähe,näht,haben,zu nähen
schieben,schiebe,schiebst,schiebt,schob,geschoben,schöbe,schieb,schiebt,haben,zu schieben
erblassen,erblasse,erblasst,erblasst,erblasste,erblasst,erblasste,erblasse,erblasst,sein,zu erblassen
beamen,beame,beamst,beamt,beamte,gebeamt,beamte,beam,beamt,haben,zu beamen
rallen,ralle,rallst,rallt,rallte,gerallt,rallte,rall,rallt,haben,zu rallen
implementieren,implementiere,implementierst,implementiert,implementierte,implementiert,implementierte,implementiere,implementiert,haben,zu implementieren
verwunden,verwunde,verwundest,verwundet,verwundete,verwundet,verwundete,verwund,verwundet,haben,zu verwunden
enervieren,enerviere,enervierst,enerviert,enervierte,enerviert,enervierte,enerviere,enerviert,haben,zu enervieren
rezipieren,rezipiere,rezipierst,rezipiert,rezipierte,rezipiert,rezipierte,rezipier,rezipiert,haben,zu rezipieren
berücksichtigen,berücksichtige,berücksichtigst,berücksichtigt,berücksichtigte,berücksichtigt,berücksichtigte,berücksichtige,berücksichtigt,haben,zu berücksichtigen
abbezahlen,bezahle ab,bezahlst ab,bezahlt ab,bezahlte ab,abbezahlt,bezahlte ab,bezahl ab,bezahlt ab,haben,abzubezahlen
abbitten,bitte ab,bittest ab,bittet ab,bat ab,abgebeten,bäte ab,bitte ab,bittet ab,haben,abzubitten
abblasen,blase ab,bläst ab,bläst ab,blies ab,abgeblasen,bliese ab,blas ab,blast ab,haben,abzublasen
abblassen,blasse ab,blasst ab,blasst ab,blasste ab,abgeblasst,blasste ab,blass ab,blasst ab,sein,abzublassen
auslösen,löse aus,löst aus,löst aus,löste aus,ausgelöst,löste aus,löse aus,löst aus,haben,auszulösen
belabern,belabere,belaberst,belabert,belaberte,belabert,belaberte,belabere,belabert,haben,zu belabern
babysitten,babysitte,babysittest,babysittet,babysittete,gebabysittet,babysittete,babysitte,babysittet,haben,zu babysitten
schiften,schifte,schiftest,schiftet,schiftete,geschiftet,schiftete,schifte,schiftet,haben,zu schiften
quatschen,quatsche,quatschst,quatscht,quatschte,gequatscht,quatschte,quatsche,quatscht,haben,zu quatschen
dolmetschen,dolmetsche,dolmetschst,dolmetscht,dolmetschte,gedolmetscht,dolmetschte,dolmetsche,dolmetscht,haben,zu dolmetschen
schiefliegen,liege schief,liegst schief,liegt schief,lag schief,schiefgelegen,läge schief,lieg schief,liegt schief,haben,schiefzuliegen
verneinen,verneine,verneinst,verneint,verneinte,verneint,verneinte,verneine,verneint,haben,zu verneinen
verewigen,verewige,verewigst,verewigt,verewigte,verewigt,verewigte,verewige,verewigt,haben,zu verewigen
verarschen,verarsche,verarschst,verarscht,verarschte,verarscht,verarschte,verarsch,verarscht,haben,zu verarschen
melken,melke,melkst,melkt,melkte,gemolken,melkte,melk,melkt,haben,zu melken
oktavieren,oktaviere,oktavierst,oktaviert,oktavierte,oktaviert,oktavierte,oktaviere,oktaviert,haben,zu oktavieren
schielen,schiele,schielst,schielt,schielte,geschielt,schielte,schiele,schielt,haben,zu schielen
zusammenfassen,fasse zusammen,fasst zusammen,fasst zusammen,fasste zusammen,zusammengefasst,fasste zusammen,fass zusammen,fasst zusammen,haben,zuzusammenfassen
wandern,wandere,wanderst,wandert,wanderte,gewandert,wanderte,wandere,wandert,sein,zu wandern
artikulieren,artikuliere,artikulierst,artikuliert,artikulierte,artikuliert,artikulierte,artikulier,artikuliert,haben,zu artikulieren
schattieren,schattiere,schattierst,schattiert,schattierte,schattiert,schattierte,schattier,schattiert,haben,zu schattieren
unterschätzen,unterschätze,unterschätzt,unterschätzt,unterschätzte,unterschätzt,unterschätzte,unterschätze,unterschätzt,haben,zu unterschätzen
einengen,enge ein,engst ein,engt ein,engte ein,eingeengt,engte ein,eng ein,engt ein,haben,einzuengen
irisieren,irisiere,irisierst,irisiert,irisierte,irisiert,irisierte,irisiere,irisiert,haben,zu irisieren
kollidieren,kollidiere,kollidierst,kollidiert,kollidierte,kollidiert,kollidierte,kollidier,kollidiert,sein,zu kollidieren
operieren,operiere,operierst,operiert,operierte,operiert,operierte,operiere,operiert,haben,zu operieren
charakterisieren,charakterisiere,charakterisierst,charakterisiert,charakterisierte,charakterisiert,charakterisierte,charakterisiere,charakterisiert,haben,zu charakterisieren
abkaufen,kaufe ab,kaufst ab,kauft ab,kaufte ab,abgekauft,kaufte ab,kauf ab,kauft ab,haben,abzukaufen
überschätzen,überschätze,überschätzt,überschätzt,überschätzte,überschätzt,überschätzte,überschätze,überschätzt,haben,zu überschätzen
hassen,hasse,hasst,hasst,hasste,gehasst,hasste,hasse,hasst,haben,zu hassen
kalibrieren,kalibriere,kalibrierst,kalibriert,kalibrierte,kalibriert,kalibrierte,kalibriere,kalibriert,haben,zu kalibrieren
sanktionieren,sanktioniere,sanktionierst,sanktioniert,sanktionierte,sanktioniert,sanktionierte,sanktioniere,sanktioniert,haben,zu sanktionieren
löffeln,löffle,löffelst,löffelt,löffelte,gelöffelt,löffelte,löffle,löffelt,haben,zu löffeln
auslöffeln,löffle aus,löffelst aus,löffelt aus,löffelte aus,ausgelöffelt,löffelte aus,löffle aus,löffelt aus,haben,auszulöffeln
halsen,halse,halst,halst,halste,gehalst,halste,halse,halst,haben,zu halsen
unterminieren,unterminiere,unterminierst,unterminiert,unterminierte,unterminiert,unterminierte,unterminiere,unterminiert,haben,zu unterminieren
punktieren,punktiere,punktierst,punktiert,punktierte,punktiert,punktierte,punktiere,punktiert,haben,zu punktieren
haschen,hasche,haschst,hascht,haschte,gehascht,haschte,hasche,hascht,haben,zu haschen
verkaufen,verkaufe,verkaufst,verkauft,verkaufte,verkauft,verkaufte,verkauf,verkauft,haben,zu verkaufen
sublimieren,sublimiere,sublimierst,sublimiert,sublimierte,sublimiert,sublimierte,sublimiere,sublimiert,sein,zu sublimieren
munkeln,munkle,munkelst,munkelt,munkelte,gemunkelt,munkelte,munkle,munkelt,haben,zu munkeln
zensieren,zensiere,zensierst,zensiert,zensierte,zensiert,zensierte,zensier,zensiert,haben,zu zensieren
kaduzieren,kaduziere,kaduzierst,kaduziert,kaduzierte,kaduziert,kaduzierte,kaduzier,kaduziert,haben,zu kaduzieren
ambulieren,ambuliere,ambulierst,ambuliert,ambulierte,ambuliert,ambulierte,ambuliere,ambuliert,haben,zu ambulieren
vertauschen,vertausche,vertauschst,vertauscht,vertauschte,vertauscht,vertauschte,vertausch,vertauscht,haben,zu vertauschen
tolerieren,toleriere,tolerierst,toleriert,tolerierte,toleriert,tolerierte,tolerier,toleriert,haben,zu tolerieren
walten,walte,waltest,waltet,waltete,gewaltet,waltete,walte,waltet,haben,zu walten
ausixen,ixe aus,ixt aus,ixt aus,ixte aus,ausgeixt,ixte aus,ix aus,ixt aus,haben,auszuixen
akkreditieren,akkreditiere,akkreditierst,akkreditiert,akkreditierte,akkreditiert,akkreditierte,akkreditier,akkreditiert,haben,zu akkreditieren
labern,labere,laberst,labert,laberte,gelabert,laberte,labere,labert,haben,zu labern
leiden,leide,leidest,leidet,litt,gelitten,litte,leide,leidet,haben,zu leiden
forcieren,forciere,forcierst,forciert,forcierte,forciert,forcierte,forciere,forciert,haben,zu forcieren
präterieren,präteriere,präterierst,präteriert,präterierte,präteriert,präterierte,präteriere,präteriert,haben,zu präterieren
schmelzen,schmelze,schmilzt,schmilzt,schmolz,geschmolzen,schmölze,schmilz,schmelzt,sein,zu schmelzen
mümmeln,mümmle,mümmelst,mümmelt,mümmelte,gemümmelt,mümmelte,mümmle,mümmelt,haben,zu mümmeln
thesaurieren,thesauriere,thesaurierst,thesauriert,thesaurierte,thesauriert,thesaurierte,thesauriere,thesauriert,haben,zu thesaurieren
brutzeln,brutzle,brutzelst,brutzelt,brutzelte,gebrutzelt,brutzelte,brutzle,brutzelt,haben,zu brutzeln
telefonieren,telefoniere,telefonierst,telefoniert,telefonierte,telefoniert,telefonierte,telefoniere,telefoniert,haben,zu telefonieren
klötern,klötere,klöterst,klötert,klöterte,geklötert,klöterte,klöter,klötert,haben,zu klötern
zurückkommen,komme zurück,kommst zurück,kommt zurück,kam zurück,zurückgekommen,käme zurück,komm zurück,kommt zurück,sein,zuzurückkommen
wienern,wienere,wienerst,wienert,wienerte,gewienert,wienerte,wiener,wienert,haben,zu wienern
hypostasieren,hypostasiere,hypostasierst,hypostasiert,hypostasierte,hypostasiert,hypostasierte,hypostasier,hypostasiert,haben,zu hypostasieren
egalisieren,egalisiere,egalisierst,egalisiert,egalisierte,egalisiert,egalisierte,egalisiere,egalisiert,haben,zu egalisieren
negieren,negiere,negierst,negiert,negierte,negiert,negierte,negiere,negiert,haben,zu negieren
wuppen,wuppe,wuppst,wuppt,wuppte,gewuppt,wuppte,wupp,wuppt,haben,zu wuppen
bagatellisieren,bagatellisiere,bagatellisierst,bagatellisiert,bagatellisierte,bagatellisiert,bagatellisierte,bagatellisiere,bagatellisiert,haben,zu bagatellisieren
verplempern,verplempere,verplemperst,verplempert,verplemperte,verplempert,verplemperte,verplempere,verplempert,haben,zu verplempern
referenzieren,referenziere,referenzierst,referenziert,referenzierte,referenziert,referenzierte,referenziere,referenziert,haben,zu referenzieren
deklamieren,deklamiere,deklamierst,deklamiert,deklamierte,deklamiert,deklamierte,deklamiere,deklamiert,haben,zu deklamieren
kodifizieren,kodifiziere,kodifizierst,kodifiziert,kodifizierte,kodifiziert,kodifizierte,kodifiziere,kodifiziert,haben,zu kodifizieren
dominieren,dominiere,dominierst,dominiert,dominierte,dominiert,dominierte,dominier,dominiert,haben,zu dominieren
münden,münde,mündest,mündet,mündete,gemündet,mündete,münde,mündet,haben,zu münden
headbangen,headbange,headbangst,headbangt,headbangte,geheadbangt,headbangte,headbang,headbangt,haben,zu headbangen
posieren,posiere,posierst,posiert,posierte,posiert,posierte,posiere,posiert,haben,zu posieren
wackeln,wackle,wackelst,wackelt,wackelte,gewackelt,wackelte,wackele,wackelt,haben,zu wackeln
schäkern,schäkere,schäkerst,schäkert,schäkerte,geschäkert,schäkerte,schäkere,schäkert,haben,zu schäkern
monieren,moniere,monierst,moniert,monierte,moniert,monierte,moniere,moniert,haben,zu monieren
lupfen,lupfe,lupfst,lupft,lupfte,gelupft,lupfte,lupf,lupft,haben,zu lupfen
konturieren,konturiere,konturierst,konturiert,konturierte,konturiert,konturierte,konturier,konturiert,haben,zu konturieren
bedürfen,bedarf,bedarfst,bedarf,bedurfte,bedurft,bedürfte,bedürfe,bedürft,haben,zu bedürfen
albern,albere,alberst,albert,alberte,gealbert,alberte,albere,albert,haben,zu albern
intonieren,intoniere,intonierst,intoniert,intonierte,intoniert,intonierte,intoniere,intoniert,haben,zu intonieren
derblecken,derblecke,derbleckst,derbleckt,derbleckte,derbleckt,derbleckte,derbleck,derbleckt,haben,derbzulecken
affizieren,affiziere,affizierst,affiziert,affizierte,affiziert,affizierte,affiziere,affiziert,haben,zu affizieren
überreichen,überreiche,überreichst,überreicht,überreichte,überreicht,überreichte,überreich,überreicht,haben,zu überreichen
wettern,wettere,wetterst,wettert,wetterte,gewettert,wetterte,wettere,wettert,haben,zu wettern
kichern,kichere,kicherst,kichert,kicherte,gekichert,kicherte,kichere,kichert,haben,zu kichern
hängen,hänge,hängst,hängt,hängte,gehängt,hängte,hänge,hängt,haben,zu hängen
influenzieren,influenziere,influenzierst,influenziert,influenzierte,influenziert,influenzierte,influenzier,influenziert,haben,zu influenzieren
blecken,blecke,bleckst,bleckt,bleckte,gebleckt,bleckte,blecke,bleckt,haben,zu blecken
täuschen,täusche,täuschst,täuscht,täuschte,getäuscht,täuschte,täusche,täuscht,haben,zu täuschen
korrelieren,korreliere,korrelierst,korreliert,korrelierte,korreliert,korrelierte,korreliere,korreliert,haben,zu korrelieren
währen,währe,währst,währt,währte,gewährt,währte,währe,währt,haben,zu währen
fluten,–,–,flutet,–,geflutet,–,–,–,sein,zu fluten
kleben,klebe,klebst,klebt,klebte,geklebt,klebte,kleb,klebt,haben,zu kleben
lösen,löse,löst,löst,löste,gelöst,löste,löse,löst,haben,zu lösen
schanghaien,schanghaie,schanghaist,schanghait,schanghaite,schanghait,schanghaite,schanghai,schanghait,haben,zu schanghaien
strömen,ströme,strömst,strömt,strömte,geströmt,strömte,ströme,strömt,sein,zu strömen
ergießen,ergieße,ergießt,ergießt,ergoss,ergossen,ergösse,ergieß,ergießt,haben,zu ergießen
fokussieren,fokussiere,fokussierst,fokussiert,fokussierte,fokussiert,fokussierte,fokussiere,fokussiert,haben,zu fokussieren
schunkeln,schunkle,schunkelst,schunkelt,schunkelte,geschunkelt,schunkelte,schunkle,schunkelt,haben,zu schunkeln
stauen,staue,staust,staut,staute,gestaut,staute,stau,staut,haben,zu stauen
wallen,walle,wallst,wallt,wallte,gewallt,wallte,walle,wallet,sein,zu wallen
stocken,stocke,stockst,stockt,stockte,gestockt,stockte,stock,stockt,haben,zu stocken
branden,brande,brandest,brandet,brandete,gebrandet,brandete,brand,brandet,haben,zu branden
ziepen,ziepe,ziepst,ziept,ziepte,geziept,ziepte,ziepe,ziept,haben,zu ziepen
bergen,berge,birgst,birgt,barg,geborgen,bärge,birg,bergt,haben,zu bergen
einfallen,falle ein,fällst ein,fällt ein,fiel ein,eingefallen,fiele ein,falle ein,fallt ein,sein,einzufallen
hereinkommen,komme herein,kommst herein,kommt herein,kam herein,hereingekommen,käme herein,komm herein,kommt herein,sein,herzueinkommen
quellen,quelle,quillst,quillt,quoll,gequollen,quölle,quill,quellt,sein,zu quellen
jauchzen,jauchze,jauchzt,jauchzt,jauchzte,gejauchzt,jauchzte,jauchze,jauchzt,haben,zu jauchzen
tröpfeln,tröpfle,tröpfelst,tröpfelt,tröpfelte,getröpfelt,tröpfelte,tröpfle,tröpfelt,haben,zu tröpfeln
verebben,verebbe,verebbst,verebbt,verebbte,verebbt,verebbte,verebbe,verebbet,sein,zu verebben
belagern,belagere,belagerst,belagert,belagerte,belagert,belagerte,belager,belagert,haben,zu belagern
ermitteln,ermittle,ermittelst,ermittelt,ermittelte,ermittelt,ermittelte,ermittle,ermittelt,haben,zu ermitteln
hehlen,hehle,hehlst,hehlt,hehlte,gehehlt,hehlte,hehl,hehlt,haben,zu hehlen
verhehlen,verhehle,verhehlst,verhehlt,verhehlte,verhehlt,verhehlte,verhehle,verhehlt,haben,zu verhehlen
scheiden,scheide,scheidest,scheidet,schied,geschieden,schiede,scheid,scheidet,haben,zu scheiden
klauben,klaube,klaubst,klaubt,klaubte,geklaubt,klaubte,klaube,klaubt,haben,zu klauben
anastomosieren,anastomosiere,anastomosierst,anastomosiert,anastomosierte,anastomosiert,anastomosierte,anastomosier,anastomosiert,haben,anzuastomosieren
wahrnehmen,nehme wahr,nimmst wahr,nimmt wahr,nahm wahr,wahrgenommen,nähme wahr,nimm wahr,nehmt wahr,haben,wahrzunehmen
erweitern,erweitere,erweiterst,erweitert,erweiterte,erweitert,erweiterte,erweitere,erweitert,haben,zu erweitern
maturieren,maturiere,maturierst,maturiert,maturierte,maturiert,maturierte,maturiere,maturiert,haben,zu maturieren
aufbringen,bringe auf,bringst auf,bringt auf,brachte auf,aufgebracht,brächte auf,bringe auf,bringt auf,haben,aufzubringen
starten,starte,startest,startet,startete,gestartet,startete,starte,startet,haben,zu starten
verholen,verhole,verholst,verholt,verholte,verholt,verholte,verhole,verholt,haben,zu verholen
klarieren,klariere,klarierst,klariert,klarierte,klariert,klarierte,klarier,klariert,haben,zu klarieren
aufmerken,merke auf,merkst auf,merkt auf,merkte auf,aufgemerkt,merkte auf,merk auf,merkt auf,haben,aufzumerken
zurren,zurre,zurrst,zurrt,zurrte,gezurrt,zurrte,zurre,zurrt,haben,zuzurren
verwirren,verwirre,verwirrst,verwirrt,verwirrte,verwirrt,verwirrte,verwirre,verwirrt,haben,zu verwirren
kreuzigen,kreuzige,kreuzigst,kreuzigt,kreuzigte,gekreuzigt,kreuzigte,kreuzig,kreuzigt,haben,zu kreuzigen
stillen,stille,stillst,stillt,stillte,gestillt,stillte,still,stillt,haben,zu stillen
versteinern,versteinere,versteinerst,versteinert,versteinerte,versteinert,versteinerte,versteinere,versteinert,sein,zu versteinern
aufrechnen,rechne auf,rechnest auf,rechnet auf,rechnete auf,aufgerechnet,rechnete auf,rechne auf,rechnet auf,haben,aufzurechnen
bestärken,bestärke,bestärkst,bestärkt,bestärkte,bestärkt,bestärkte,bestärke,bestärkt,haben,zu bestärken
planschen,plansche,planschst,planscht,planschte,geplanscht,planschte,plansch,planscht,haben,zu planschen
plantschen,plantsche,plantschst,plantscht,plantschte,geplantscht,plantschte,plantsch,plantscht,haben,zu plantschen
pantschen,pantsche,pantschst,pantscht,pantschte,gepantscht,pantschte,pantsch,pantscht,haben,zu pantschen
serbeln,serbele,serbelst,serbelt,serbelte,geserbelt,serbelte,serbele,serbelt,haben,zu serbeln
vernadern,vernadere,vernaderst,vernadert,vernaderte,vernadert,vernaderte,vernadere,vernadert,haben,zu vernadern
urinieren,uriniere,urinierst,uriniert,urinierte,uriniert,urinierte,uriniere,uriniert,haben,zu urinieren
raffen,raffe,raffst,rafft,raffte,gerafft,raffte,raff,rafft,haben,zu raffen
knapsen,knapse,knapst,knapst,knapste,geknapst,knapste,knaps,knapst,haben,zu knapsen
zumachen,mache zu,machst zu,macht zu,machte zu,zugemacht,machte zu,mach zu,macht zu,haben,zuzumachen
entfernen,entferne,entfernst,entfernt,entfernte,entfernt,entfernte,entferne,entfernt,haben,zu entfernen
stimmen,stimme,stimmst,stimmt,stimmte,gestimmt,stimmte,stimm,stimmt,haben,zu stimmen
auffrieren,friere auf,frierst auf,friert auf,fror auf,aufgefroren,fröre auf,frier auf,friert auf,haben,aufzufrieren
abkacken,kacke ab,kackst ab,kackt ab,kackte ab,abgekackt,kackte ab,kack ab,kackt ab,haben,abzukacken
weisen,weise,weist,weist,wies,gewiesen,wiese,weis,weist,haben,zu weisen
schließen,schließe,schließt,schließt,schloss,geschlossen,schlösse,schließe,schließt,haben,zu schließen
rechen,reche,rechst,recht,rechte,gerecht,rechte,reche,recht,haben,zu rechen
auferstehen,auferstehe,auferstehst,aufersteht,auferstand,auferstanden,auferstünde,aufersteh,aufersteht,sein,aufzuerstehen
mundieren,mundiere,mundierst,mundiert,mundierte,mundiert,mundierte,mundier,mundiert,haben,zu mundieren
kredenzen,kredenze,kredenzt,kredenzt,kredenzte,kredenzt,kredenzte,kredenze,kredenzt,haben,zu kredenzen
malen,male,malst,malt,malte,gemalt,malte,male,malt,haben,zu malen
anberaumen,beraume an,beraumst an,beraumt an,beraumte an,anberaumt,beraumte an,beraume an,beraumt an,haben,anzuberaumen
prokeln,prokele,prokelst,prokelt,prokelte,geprokelt,prokelte,prokel,prokelt,haben,zu prokeln
ausfallen,falle aus,fällst aus,fällt aus,fiel aus,ausgefallen,fiele aus,falle aus,fallt aus,sein,auszufallen
abweisen,weise ab,weist ab,weist ab,wies ab,abgewiesen,wiese ab,weise ab,weist ab,haben,abzuweisen
votieren,votiere,votierst,votiert,votierte,votiert,votierte,votiere,votiert,haben,zu votieren
kontrahieren,kontrahiere,kontrahierst,kontrahiert,kontrahierte,kontrahiert,kontrahierte,kontrahiere,kontrahiert,haben,zu kontrahieren
protestieren,protestiere,protestierst,protestiert,protestierte,protestiert,protestierte,protestiere,protestiert,haben,zu protestieren
knechten,knechte,knechtest,knechtet,knechtete,geknechtet,knechtete,knechte,knechtet,haben,zu knechten
abkupfern,kupfere ab,kupferst ab,kupfert ab,kupferte ab,abgekupfert,kupferte ab,kupfere ab,kupfert ab,haben,abzukupfern
beinhalten,beinhalte,beinhaltest,beinhaltet,beinhaltete,beinhaltet,beinhaltete,beinhalte,beinhaltet,haben,zu beinhalten
lärmen,lärme,lärmst,lärmt,lärmte,gelärmt,lärmte,lärme,lärmt,haben,zu lärmen
gewittern,—,—,gewittert,gewitterte,gewittert,gewitterte,—,—,haben,zu gewittern
altern,altere,alterst,altert,alterte,gealtert,alterte,altere,altert,sein,zu altern
quadrieren,quadriere,quadrierst,quadriert,quadrierte,quadriert,quadrierte,quadriere,quadriert,haben,zu quadrieren
abspecken,specke ab,speckst ab,speckt ab,speckte ab,abgespeckt,speckte ab,speck ab,speckt ab,haben,abzuspecken
hungern,hungere,hungerst,hungert,hungerte,gehungert,hungerte,hungere,hungert,haben,zu hungern
verhungern,verhungere,verhungerst,verhungert,verhungerte,verhungert,verhungerte,verhungere,verhungert,sein,zu verhungern
aushungern,hungere aus,hungerst aus,hungert aus,hungerte aus,ausgehungert,hungerte aus,hungere aus,hungert aus,haben,auszuhungern
puschen,pusche,puschst,puscht,puschte,gepuscht,puschte,pusch,puscht,haben,zu puschen
lizenzieren,lizenziere,lizenzierst,lizenziert,lizenzierte,lizenziert,lizenzierte,lizenziere,lizenziert,haben,zu lizenzieren
harnen,harne,harnst,harnt,harnte,geharnt,harnte,harn,harnt,haben,zu harnen
modern,modere,moderst,modert,moderte,gemodert,moderte,modere,modert,haben,zu modern
erpressen,erpresse,erpresst,erpresst,erpresste,erpresst,erpresste,erpress,erpresst,haben,zu erpressen
ermorden,ermorde,ermordest,ermordet,ermordete,ermordet,ermordete,ermorde,ermordet,haben,zu ermorden
ergaunern,ergaunere,ergaunerst,ergaunert,ergaunerte,ergaunert,ergaunerte,ergaunere,ergaunert,haben,zu ergaunern
überlisten,überliste,überlistest,überlistet,überlistete,überlistet,überlistete,überliste,überlistet,haben,zu überlisten
verhaften,verhafte,verhaftest,verhaftet,verhaftete,verhaftet,verhaftete,verhafte,verhaftet,haben,zu verhaften
verlinken,verlinke,verlinkst,verlinkt,verlinkte,verlinkt,verlinkte,verlinke,verlinkt,haben,zu verlinken
chiffrieren,chiffriere,chiffrierst,chiffriert,chiffrierte,chiffriert,chiffrierte,chiffriere,chiffriert,haben,zu chiffrieren
dechiffrieren,dechiffriere,dechiffrierst,dechiffriert,dechiffrierte,dechiffriert,dechiffrierte,dechiffriere,dechiffriert,haben,zu dechiffrieren
stampfen,stampfe,stampfst,stampft,stampfte,gestampft,stampfte,stampf,stampft,haben,zu stampfen
schalten,schalte,schaltest,schaltet,schaltete,geschaltet,schaltete,schalt,schaltet,haben,zu schalten
füsilieren,füsiliere,füsilierst,füsiliert,füsilierte,füsiliert,füsilierte,füsiliere,füsiliert,haben,zu füsilieren
vierteilen,vierteile,vierteilst,vierteilt,vierteilte,viergeteilt,vierteilte,vierteil,vierteilt,haben,zu vierteilen
erdolchen,erdolche,erdolchst,erdolcht,erdolchte,erdolcht,erdolchte,erdolche,erdolcht,haben,zu erdolchen
vergiften,vergifte,vergiftest,vergiftet,vergiftete,vergiftet,vergiftete,vergift,vergiftet,haben,zu vergiften
wiederbeleben,belebe wieder,belebst wieder,belebt wieder,belebte wieder,wiederbelebt,belebte wieder,beleb wieder,belebt wieder,haben,wiederzubeleben
rühmen,rühme,rühmst,rühmt,rühmte,gerühmt,rühmte,rühm,rühmt,haben,zu rühmen
retuschieren,retuschiere,retuschierst,retuschiert,retuschierte,retuschiert,retuschierte,retuschiere,retuschiert,haben,zu retuschieren
touchieren,touchiere,touchierst,touchiert,touchierte,touchiert,touchierte,touchiere,touchiert,haben,zu touchieren
trepanieren,trepaniere,trepanierst,trepaniert,trepanierte,trepaniert,trepanierte,trepaniere,trepaniert,haben,zu trepanieren
parlieren,parliere,parlierst,parliert,parlierte,parliert,parlierte,parliere,parliert,haben,zu parlieren
konversieren,konversiere,konversierst,konversiert,konversierte,konversiert,konversierte,konversier,konversiert,haben,zu konversieren
konkurrieren,konkurriere,konkurrierst,konkurriert,konkurrierte,konkurriert,konkurrierte,konkurriere,konkurriert,haben,zu konkurrieren
präzisieren,präzisiere,präzisierst,präzisiert,präzisierte,präzisiert,präzisierte,präzisier,präzisiert,haben,zu präzisieren
lamentieren,lamentiere,lamentierst,lamentiert,lamentierte,lamentiert,lamentierte,lamentiere,lamentiert,haben,zu lamentieren
düpieren,düpiere,düpierst,düpiert,düpierte,düpiert,düpierte,düpiere,düpiert,haben,zu düpieren
offerieren,offeriere,offerierst,offeriert,offerierte,offeriert,offerierte,offeriere,offeriert,haben,zu offerieren
schildern,schildere,schilderst,schildert,schilderte,geschildert,schilderte,schildere,schildert,haben,zu schildern
schwächeln,schwächle,schwächelst,schwächelt,schwächelte,geschwächelt,schwächelte,schwächle,schwächelt,haben,zu schwächeln
betrinken,betrinke,betrinkst,betrinkt,betrank,betrunken,betränke,betrink,betrinkt,haben,zu betrinken
improvisieren,improvisiere,improvisierst,improvisiert,improvisierte,improvisiert,improvisierte,improvisiere,improvisiert,haben,zu improvisieren
polemisieren,polemisiere,polemisierst,polemisiert,polemisierte,polemisiert,polemisierte,polemisier,polemisiert,haben,zu polemisieren
reinigen,reinige,reinigst,reinigt,reinigte,gereinigt,reinigte,reinig,reinigt,haben,zu reinigen
kommerzialisieren,kommerzialisiere,kommerzialisierst,kommerzialisiert,kommerzialisierte,kommerzialisiert,kommerzialisierte,kommerzialisiere,kommerzialisiert,haben,zu kommerzialisieren
streiken,streike,streikst,streikt,streikte,gestreikt,streikte,streik,streikt,haben,zu streiken
diskutieren,diskutiere,diskutierst,diskutiert,diskutierte,diskutiert,diskutierte,diskutier,diskutiert,haben,zu diskutieren
duellieren,duelliere,duellierst,duelliert,duellierte,duelliert,duellierte,duellier,duelliert,haben,zu duellieren
testieren,testiere,testierst,testiert,testierte,testiert,testierte,testier,testiert,haben,zu testieren
jodeln,jodele,jodelst,jodelt,jodelte,gejodelt,jodelte,jodle,jodelt,haben,zu jodeln
herunterladen,lade herunter,lädst herunter,lädt herunter,lud herunter,heruntergeladen,lüde herunter,lade herunter,ladet herunter,haben,herzuunterladen
kritteln,krittle,krittelst,krittelt,krittelte,gekrittelt,krittelte,krittle,krittelt,haben,zu kritteln
peinigen,peinige,peinigst,peinigt,peinigte,gepeinigt,peinigte,peinig,peinigt,haben,zu peinigen
abhängen,hänge ab,hängst ab,hängt ab,hing ab,abgehangen,hinge ab,häng ab,hängt ab,haben,abzuhängen
wispern,wispere,wisperst,wispert,wisperte,gewispert,wisperte,wisper,wispert,haben,zu wispern
repatriieren,repatriiere,repatriierst,repatriiert,repatriierte,repatriiert,repatriierte,repatriiere,repatriiert,haben,zu repatriieren
Vorlage:Formatvorlage (Verb vereinfacht),fühle,fühlst,fühlt,fühlte,gefühlt,fühlte,fühl,fühlt,haben,zu Vorlage:Formatvorlage (Verb vereinfacht)
christianisieren,christianisiere,christianisierst,christianisiert,christianisierte,christianisiert,christianisierte,christianisiere,christianisiert,haben,zu christianisieren
inthronisieren,inthronisiere,inthronisierst,inthronisiert,inthronisierte,inthronisiert,inthronisierte,inthronisiere,inthronisiert,haben,zu inthronisieren
verscherbeln,verscherble,verscherbelst,verscherbelt,verscherbelte,verscherbelt,verscherbelte,verscherble,verscherbelt,haben,zu verscherbeln
bramarbasieren,bramarbasiere,bramarbasierst,bramarbasiert,bramarbasierte,bramarbasiert,bramarbasierte,bramarbasiere,bramarbasiert,haben,zu bramarbasieren
filzen,filze,filzt,filzt,filzte,gefilzt,filzte,filze,filzt,haben,zu filzen
einpflegen,pflege ein,pflegst ein,pflegt ein,pflegte ein,eingepflegt,pflegte ein,pfleg ein,pflegt ein,haben,einzupflegen
ketteln,kettele,kettelst,kettelt,kettelte,gekettelt,kettelte,kettele,kettelt,haben,zu ketteln
foulen,foule,foulst,foult,foulte,gefoult,foulte,foul,foult,haben,zu foulen
erinnern,erinnere,erinnerst,erinnert,erinnerte,erinnert,erinnerte,erinnere,erinnert,haben,zu erinnern
erwerben,erwerbe,erwirbst,erwirbt,erwarb,erworben,erwürbe,erwirb,erwerbt,haben,zu erwerben
aufdecken,decke auf,deckst auf,deckt auf,deckte auf,aufgedeckt,deckte auf,deck auf,deckt auf,haben,aufzudecken
verdanken,verdanke,verdankst,verdankt,verdankte,verdankt,verdankte,verdank,verdankt,haben,zu verdanken
aufhalten,halte auf,hältst auf,hält auf,hielt auf,aufgehalten,hielte auf,halte auf,haltet auf,haben,aufzuhalten
glaren,glare,glarst,glart,glarte,geglart,glarte,glare,glart,haben,zu glaren
quetschen,quetsche,quetschst,quetscht,quetschte,gequetscht,quetschte,quetsch,quetscht,haben,zu quetschen
girieren,giriere,girierst,giriert,girierte,giriert,girierte,girier,giriert,haben,zu girieren
bluten,blute,blutest,blutet,blutete,geblutet,blutete,blute,blutet,haben,zu bluten
veräppeln,veräppele,veräppelst,veräppelt,veräppelte,veräppelt,veräppelte,veräppele,veräppelt,haben,zu veräppeln
vagieren,vagiere,vagierst,vagiert,vagierte,vagiert,vagierte,vagiere,vagiert,haben,zu vagieren
kapieren,kapiere,kapierst,kapiert,kapierte,kapiert,kapierte,kapiere,kapiert,haben,zu kapieren
flehen,flehe,flehst,fleht,flehte,gefleht,flehte,flehe,fleht,haben,zu flehen
furagieren,furagiere,furagierst,furagiert,furagierte,furagiert,furagierte,furagiere,furagiert,haben,furzuagieren
ausbüxen,büxe aus,büxt aus,büxt aus,büxte aus,ausgebüxt,büxte aus,büx aus,büxt aus,sein,auszubüxen
ruinieren,ruiniere,ruinierst,ruiniert,ruinierte,ruiniert,ruinierte,ruinier,ruiniert,haben,zu ruinieren
vereiteln,vereitle,vereitelst,vereitelt,vereitelte,vereitelt,vereitelte,vereitle,vereitelt,haben,zu vereiteln
hinzufügen,füge hinzu,fügst hinzu,fügt hinzu,fügte hinzu,hinzugefügt,fügte hinzu,füg hinzu,fügt hinzu,haben,hinzuzufügen
besiegeln,besiegele,besiegelst,besiegelt,besiegelte,besiegelt,besiegelte,besiegele,besiegelt,haben,zu besiegeln
besiegen,besiege,besiegst,besiegt,besiegte,besiegt,besiegte,besieg,besiegt,haben,zu besiegen
approbieren,approbiere,approbierst,approbiert,approbierte,approbiert,approbierte,approbier,approbiert,haben,zu approbieren
anästhesieren,anästhesiere,anästhesierst,anästhesiert,anästhesierte,anästhesiert,anästhesierte,anästhesiere,anästhesiert,haben,anzuästhesieren
obsiegen,obsiege,obsiegst,obsiegt,obsiegte,obsiegt,obsiegte,obsieg,obsiegt,haben,zu obsiegen
alterieren,alteriere,alterierst,alteriert,alterierte,alteriert,alterierte,alteriere,alteriert,haben,zu alterieren
alimentieren,alimentiere,alimentierst,alimentiert,alimentierte,alimentiert,alimentierte,alimentiere,alimentiert,haben,zu alimentieren
pönalisieren,pönalisiere,pönalisierst,pönalisiert,pönalisierte,pönalisiert,pönalisierte,pönalisiere,pönalisiert,haben,zu pönalisieren
gaffen,gaffe,gaffst,gafft,gaffte,gegafft,gaffte,gaff,gafft,haben,zu gaffen
gängeln,gängele,gängelst,gängelt,gängelte,gegängelt,gängelte,gängele,gängelt,haben,zu gängeln
gräzisieren,gräzisiere,gräzisierst,gräzisiert,gräzisierte,gräzisiert,gräzisierte,gräzisier,gräzisiert,haben,zu gräzisieren
heiligen,heilige,heiligst,heiligt,heiligte,geheiligt,heiligte,heilig,heiligt,haben,zu heiligen
anpassen,passe an,passt an,passt an,passte an,angepasst,passte an,pass an,passt an,haben,anzupassen
zucken,zucke,zuckst,zuckt,zuckte,gezuckt,zuckte,zucke,zuckt,haben,zuzucken
grinsen,grinse,grinst,grinst,grinste,gegrinst,grinste,grinse,grinst,haben,zu grinsen
wünschen,wünsche,wünschst,wünscht,wünschte,gewünscht,wünschte,wünsche,wünscht,haben,zu wünschen
mausern,mausere,mauserst,mausert,mauserte,gemausert,mauserte,mausere,mausert,haben,zu mausern
kitzeln,kitzele,kitzelst,kitzelt,kitzelte,gekitzelt,kitzelte,kitzele,kitzelt,haben,zu kitzeln
planen,plane,planst,plant,plante,geplant,plante,plane,plant,haben,zu planen
flüstern,flüstere,flüsterst,flüstert,flüsterte,geflüstert,flüsterte,flüstere,flüstert,haben,zu flüstern
opalisieren,opalisiere,opalisierst,opalisiert,opalisierte,opalisiert,opalisierte,opalisiere,opalisiert,haben,zu opalisieren
rächen,räche,rächst,rächt,rächte,gerächt,rächte,räche,rächt,haben,zu rächen
verfluchen,verfluche,verfluchst,verflucht,verfluchte,verflucht,verfluchte,verfluch,verflucht,haben,zu verfluchen
chartern,chartere,charterst,chartert,charterte,gechartert,charterte,chartere,chartert,haben,zu chartern
paralysieren,paralysiere,paralysierst,paralysiert,paralysierte,paralysiert,paralysierte,paralysiere,paralysiert,haben,zu paralysieren
gackern,gackere,gackerst,gackert,gackerte,gegackert,gackerte,gackere,gackert,haben,zu gackern
dilettieren,dilettiere,dilettierst,dilettiert,dilettierte,dilettiert,dilettierte,dilettiere,dilettiert,haben,zu dilettieren
dorren,dorre,dorrst,dorrt,dorrte,gedorrt,dorrte,dorre,dorrt,sein,zu dorren
dörren,dörre,dörrst,dörrt,dörrte,gedörrt,dörrte,dörre,dörrt,haben,zu dörren
ejakulieren,ejakuliere,ejakulierst,ejakuliert,ejakulierte,ejakuliert,ejakulierte,ejakuliere,ejakuliert,haben,zu ejakulieren
konsultieren,konsultiere,konsultierst,konsultiert,konsultierte,konsultiert,konsultierte,konsultiere,konsultiert,haben,zu konsultieren
realisieren,realisiere,realisierst,realisiert,realisierte,realisiert,realisierte,realisiere,realisiert,haben,zu realisieren
picheln,pichele,pichelst,pichelt,pichelte,gepichelt,pichelte,pichel,pichelt,haben,zu picheln
plempern,plempere,plemperst,plempert,plemperte,geplempert,plemperte,plempere,plempert,haben,zu plempern
panaschieren,panaschiere,panaschierst,panaschiert,panaschierte,panaschiert,panaschierte,panaschiere,panaschiert,haben,zu panaschieren
kumulieren,kumuliere,kumulierst,kumuliert,kumulierte,kumuliert,kumulierte,kumuliere,kumuliert,haben,zu kumulieren
metabolisieren,metabolisiere,metabolisierst,metabolisiert,metabolisierte,metabolisiert,metabolisierte,metabolisiere,metabolisiert,haben,zu metabolisieren
verstoffwechseln,verstoffwechsele,verstoffwechselst,verstoffwechselt,verstoffwechselte,verstoffwechselt,verstoffwechselte,verstoffwechsele,verstoffwechselt,haben,zu verstoffwechseln
terminieren,terminiere,terminierst,terminiert,terminierte,terminiert,terminierte,terminiere,terminiert,haben,zu terminieren
erlöschen,erlösche,erlischst,erlischt,erlosch,erloschen,erlösche,erlisch,erlöscht,sein,zu erlöschen
sedieren,sediere,sedierst,sediert,sedierte,sediert,sedierte,sedier,sediert,haben,zu sedieren
instrumentalisieren,instrumentalisiere,instrumentalisierst,instrumentalisiert,instrumentalisierte,instrumentalisiert,instrumentalisierte,instrumentalisiere,instrumentalisiert,haben,zu instrumentalisieren
flennen,flenne,flennst,flennt,flennte,geflennt,flennte,flenne,flennt,haben,zu flennen
zurückkehren,kehre zurück,kehrst zurück,kehrt zurück,kehrte zurück,zurückgekehrt,kehrte zurück,kehre zurück,kehrt zurück,sein,zuzurückkehren
einkästen,käste ein,kästest ein,kästet ein,kästete ein,eingekästet,kästete ein,käste ein,kästet ein,haben,einzukästen
einkästeln,kästele ein,kästelst ein,kästelt ein,kästelte ein,eingekästelt,kästelte ein,kästele ein,kästelt ein,haben,einzukästeln
firnen,firne,firnst,firnt,firnte,gefirnt,firnte,firne,firnet,haben,zu firnen
küren,küre,kürst,kürt,kürte,gekürt,kürte,küre,kürt,haben,zu küren
campen,campe,campst,campt,campte,gecampt,campte,camp,campt,haben,zu campen
bezahlen,bezahle,bezahlst,bezahlt,bezahlte,bezahlt,bezahlte,bezahle,bezahlt,haben,zu bezahlen
trischakeln,trischakele,trischakelst,trischakelt,trischakelte,getrischakelt,trischakelte,trischakele,trischakelt,haben,zu trischakeln
erstaunen,erstaune,erstaunst,erstaunt,erstaunte,erstaunt,erstaunte,erstaun,erstaunt,haben,zu erstaunen
wuseln,wusele,wuselst,wuselt,wuselte,gewuselt,wuselte,wusele,wuselt,haben,zu wuseln
rammeln,rammele,rammelst,rammelt,rammelte,gerammelt,rammelte,rammle,rammelt,haben,zu rammeln
erfassen,erfasse,erfasst,erfasst,erfasste,erfasst,erfasste,erfasse,erfasst,haben,zu erfassen
inkubieren,inkubiere,inkubierst,inkubiert,inkubierte,inkubiert,inkubierte,inkubier,inkubiert,haben,zu inkubieren
propagieren,propagiere,propagierst,propagiert,propagierte,propagiert,propagierte,propagiere,propagiert,haben,zu propagieren
joggen,jogge,joggst,joggt,joggte,gejoggt,joggte,jogge,joggt,haben,zu joggen
aufnehmen,nehme auf,nimmst auf,nimmt auf,nahm auf,aufgenommen,nähme auf,nimm auf,nehmt auf,haben,aufzunehmen
absenden,sende ab,sendest ab,sendet ab,sendete ab,abgesendet,sendete ab,send ab,sendet ab,haben,abzusenden
verstecken,verstecke,versteckst,versteckt,versteckte,versteckt,versteckte,verstecke,versteckt,haben,zu verstecken
schmadern,schmadere,schmaderst,schmadert,schmaderte,geschmadert,schmaderte,schmadere,schmadert,haben,zu schmadern
üben,übe,übst,übt,übte,geübt,übte,üb,übt,haben,zu üben
triangulieren,trianguliere,triangulierst,trianguliert,triangulierte,trianguliert,triangulierte,triangulier,trianguliert,haben,zu triangulieren
zerstreuen,zerstreue,zerstreust,zerstreut,zerstreute,zerstreut,zerstreute,zerstreue,zerstreut,haben,zu zerstreuen
schönreden,rede schön,redest schön,redet schön,redete schön,schöngeredet,redete schön,red schön,redet schön,haben,schönzureden
füllen,fülle,füllst,füllt,füllte,gefüllt,füllte,fülle,füllt,haben,zu füllen
fluoreszieren,fluoresziere,fluoreszierst,fluoresziert,fluoreszierte,fluoresziert,fluoreszierte,fluoreszier,fluoresziert,haben,fluoreszuzieren
leiten,leite,leitest,leitet,leitete,geleitet,leitete,leite,leitet,haben,zu leiten
schmähen,schmähe,schmähst,schmäht,schmähte,geschmäht,schmähte,schmähe,schmäht,haben,zu schmähen
gießen,gieße,gießt,gießt,goss,gegossen,gösse,gieße,gießt,haben,zu gießen
erschweren,erschwere,erschwerst,erschwert,erschwerte,erschwert,erschwerte,erschwer,erschwert,haben,zu erschweren
florieren,floriere,florierst,floriert,florierte,floriert,florierte,floriere,floriert,haben,zu florieren
fingieren,fingiere,fingierst,fingiert,fingierte,fingiert,fingierte,fingiere,fingiert,haben,zu fingieren
flanieren,flaniere,flanierst,flaniert,flanierte,flaniert,flanierte,flaniere,flaniert,haben,zu flanieren
flottieren,flottiere,flottierst,flottiert,flottierte,flottiert,flottierte,flottiere,flottiert,haben,zu flottieren
beißen,beiße,beißt,beißt,biss,gebissen,bisse,beiße,beißt,haben,zu beißen
zerstören,zerstöre,zerstörst,zerstört,zerstörte,zerstört,zerstörte,zerstöre,zerstört,haben,zu zerstören
umstellen,umstelle,umstellst,umstellt,umstellte,umstellt,umstellte,umstelle,umstellt,haben,umzustellen
husten,huste,hustest,hustet,hustete,gehustet,hustete,huste,hustet,haben,zu husten
pellen,pelle,pellst,pellt,pellte,gepellt,pellte,pell,pellt,haben,zu pellen
austarieren,tariere aus,tarierst aus,tariert aus,tarierte aus,austariert,tarierte aus,tarier aus,tariert aus,haben,auszutarieren
kitten,kitte,kittest,kittet,kittete,gekittet,kittete,kitte,kittet,haben,zu kitten
schimmern,schimmere,schimmerst,schimmert,schimmerte,geschimmert,schimmerte,schimmer,schimmert,haben,zu schimmern
huldigen,huldige,huldigst,huldigt,huldigte,gehuldigt,huldigte,huldige,huldigt,haben,zu huldigen
gestalten,gestalte,gestaltest,gestaltet,gestaltete,gestaltet,gestaltete,gestalt,gestaltet,haben,zu gestalten
entwerfen,entwerfe,entwirfst,entwirft,entwarf,entworfen,entwürfe,entwirf,entwerft,haben,zu entwerfen
entfesseln,entfessele,entfesselst,entfesselt,entfesselte,entfesselt,entfesselte,entfessele,entfesselt,haben,zu entfesseln
befruchten,befruchte,befruchtest,befruchtet,befruchtete,befruchtet,befruchtete,befrucht,befruchtet,haben,zu befruchten
klassieren,klassiere,klassierst,klassiert,klassierte,klassiert,klassierte,klassier,klassiert,haben,zu klassieren
sautieren,sautiere,sautierst,sautiert,sautierte,sautiert,sautierte,sautier,sautiert,haben,zu sautieren
herstellen,stelle her,stellst her,stellt her,stellte her,hergestellt,stellte her,stell her,stellt her,haben,herzustellen
klopfen,klopfe,klopfst,klopft,klopfte,geklopft,klopfte,klopf,klopft,haben,zu klopfen
einsetzen,setze ein,setzt ein,setzt ein,setzte ein,eingesetzt,setzte ein,setze ein,setzt ein,haben,einzusetzen
widerlegen,widerlege,widerlegst,widerlegt,widerlegte,widerlegt,widerlegte,widerlege,widerlegt,haben,zu widerlegen
mitzählen,zähle mit,zählst mit,zählt mit,zählte mit,mitgezählt,zählte mit,zähl mit,zählt mit,haben,mitzuzählen
platzieren,platziere,platzierst,platziert,platzierte,platziert,platzierte,platzier,platziert,haben,zu platzieren
harren,harre,harrst,harrt,harrte,geharrt,harrte,harre,harrt,haben,zu harren
erzürnen,erzürne,erzürnst,erzürnt,erzürnte,erzürnt,erzürnte,erzürn,erzürnt,haben,zu erzürnen
ondulieren,onduliere,ondulierst,onduliert,ondulierte,onduliert,ondulierte,onduliere,onduliert,haben,zu ondulieren
dopen,dope,dopst,dopt,dopte,gedopt,dopte,dope,dopt,haben,zu dopen
fläzen,fläze,fläzt,fläzt,fläzte,gefläzt,fläzte,fläze,fläzt,haben,zu fläzen
benehmen,benehme,benimmst,benimmt,benahm,benommen,benähme,benimm,benehmt,haben,zu benehmen
aufgehen,gehe auf,gehst auf,geht auf,ging auf,aufgegangen,ginge auf,geh auf,geht auf,sein,aufzugehen
behalten,behalte,behältst,behält,behielt,behalten,behielte,behalte,behaltet,haben,zu behalten
ahnen,ahne,ahnst,ahnt,ahnte,geahnt,ahnte,ahne,ahnt,haben,zu ahnen
dicht machen,mache dicht,machst dicht,macht dicht,machte dicht,dicht gemacht,machte dicht,mach dicht,macht dicht,haben,zu dicht machen
dichtmachen,mache dicht,machst dicht,macht dicht,machte dicht,dichtgemacht,machte dicht,mach dicht,macht dicht,haben,dichtzumachen
tasten,taste,tastest,tastet,tastete,getastet,tastete,tast,tastet,haben,zu tasten
schnarchen,schnarche,schnarchst,schnarcht,schnarchte,geschnarcht,schnarchte,schnarche,schnarcht,haben,zu schnarchen
tippen,tippe,tippst,tippt,tippte,getippt,tippte,tipp,tippt,haben,zu tippen
negoziieren,negoziiere,negoziierst,negoziiert,negoziierte,negoziiert,negoziierte,negoziier,negoziiert,haben,zu negoziieren
stieben,stiebe,stiebst,stiebt,stob,gestoben,stöbe,stiebe,stiebt,sein,zu stieben
malträtieren,malträtiere,malträtierst,malträtiert,malträtierte,malträtiert,malträtierte,malträtiere,malträtiert,haben,zu malträtieren
nottun,—,—,tut not,tat not,notgetan,täte not,—,—,haben,notzutun
iterieren,iteriere,iterierst,iteriert,iterierte,iteriert,iterierte,iterier,iteriert,haben,zu iterieren
verbrämen,verbräme,verbrämst,verbrämt,verbrämte,verbrämt,verbrämte,verbräme,verbrämt,haben,zu verbrämen
aufwachsen,wachse auf,wächst auf,wächst auf,wuchs auf,aufgewachsen,wüchse auf,wachse auf,wachst auf,sein,aufzuwachsen
bestätigen,bestätige,bestätigst,bestätigt,bestätigte,bestätigt,bestätigte,bestätige,bestätigt,haben,zu bestätigen
äsen,äse,äst,äst,äste,geäst,äste,äse,äst,haben,zu äsen
verbinden,verbinde,verbindest,verbindet,verband,verbunden,verbände,verbinde,verbindet,haben,zu verbinden
zustimmen,stimme zu,stimmst zu,stimmt zu,stimmte zu,zugestimmt,stimmte zu,stimme zu,stimmt zu,haben,zuzustimmen
domestizieren,domestiziere,domestizierst,domestiziert,domestizierte,domestiziert,domestizierte,domestiziere,domestiziert,haben,domestizuzieren
entnehmen,entnehme,entnimmst,entnimmt,entnahm,entnommen,entnähme,entnimm,entnehmt,haben,zu entnehmen
auslaufen,laufe aus,läufst aus,läuft aus,lief aus,ausgelaufen,liefe aus,lauf aus,lauft aus,sein,auszulaufen
ballestern,ballester,ballesterst,ballestert,ballesterte,ballestert,ballesterte,ballester,ballestert,haben,zu ballestern
kalfatern,kalfatere,kalfaterst,kalfatert,kalfaterte,kalfatert,kalfaterte,kalfatere,kalfatert,haben,zu kalfatern
ausziehen,ziehe aus,ziehst aus,zieht aus,zog aus,ausgezogen,zöge aus,zieh aus,zieht aus,sein,auszuziehen
wählen,wähle,wählst,wählt,wählte,gewählt,wählte,wähle,wählt,haben,zu wählen
spenden,spende,spendest,spendet,spendete,gespendet,spendete,spende,spendet,haben,zu spenden
verjagen,verjage,verjagst,verjagt,verjagte,verjagt,verjagte,verjag,verjagt,haben,zu verjagen
überraschen,überrasche,überraschst,überrascht,überraschte,überrascht,überraschte,überrasche,überrascht,haben,zu überraschen
vergleichen,vergleiche,vergleichst,vergleicht,verglich,verglichen,vergliche,vergleich,vergleicht,haben,zu vergleichen
rinnen,rinne,rinnst,rinnt,rann,geronnen,ränne,rinn,rinnt,sein,zu rinnen
verrecken,verrecke,verreckst,verreckt,verreckte,verreckt,verreckte,verrecke,verreckt,sein,zu verrecken
kontrollieren,kontrolliere,kontrollierst,kontrolliert,kontrollierte,kontrolliert,kontrollierte,kontrolliere,kontrolliert,haben,zu kontrollieren
traversieren,traversiere,traversierst,traversiert,traversierte,traversiert,traversierte,traversiere,traversiert,haben,zu traversieren
abbremsen,bremse ab,bremst ab,bremst ab,bremste ab,abgebremst,bremste ab,brems ab,bremst ab,haben,abzubremsen
abziehen,ziehe ab,ziehst ab,zieht ab,zog ab,abgezogen,zöge ab,ziehe ab,zieht ab,haben,abzuziehen
abgeben,gebe ab,gibst ab,gibt ab,gab ab,abgegeben,gäbe ab,gib ab,gebt ab,haben,abzugeben
vereinfachen,vereinfache,vereinfachst,vereinfacht,vereinfachte,vereinfacht,vereinfachte,vereinfach,vereinfacht,haben,zu vereinfachen
fangen,fange,fängst,fängt,fing,gefangen,finge,fang,fangt,haben,zu fangen
skypen,skype,skypst,skypt,skypte,geskypt,skypte,skyp,skypt,haben,zu skypen
verschmähen,verschmähe,verschmähst,verschmäht,verschmähte,verschmäht,verschmähte,verschmäh,verschmäht,haben,zu verschmähen
abdichten,dichte ab,dichtest ab,dichtet ab,dichtete ab,abgedichtet,dichtete ab,dichte ab,dichtet ab,haben,abzudichten
abdienen,diene ab,dienst ab,dient ab,diente ab,abgedient,diente ab,dien ab,dient ab,haben,abzudienen
systematisieren,systematisiere,systematisierst,systematisiert,systematisierte,systematisiert,systematisierte,systematisier,systematisiert,haben,zu systematisieren
veralten,veralte,veraltest,veraltet,veraltete,veraltet,veraltete,veralte,veraltet,sein,zu veralten
depravieren,depraviere,depravierst,depraviert,depravierte,depraviert,depravierte,depraviere,depraviert,haben,zu depravieren
torkeln,torkle,torkelst,torkelt,torkelte,getorkelt,torkelte,torkle,torkelt,haben,zu torkeln
blankziehen,ziehe blank,ziehst blank,zieht blank,zog blank,blankgezogen,zöge blank,zieh blank,zieht blank,haben,blankzuziehen
ablehnen,lehne ab,lehnst ab,lehnt ab,lehnte ab,abgelehnt,lehnte ab,lehne ab,lehnt ab,haben,abzulehnen
erigieren,erigiere,erigierst,erigiert,erigierte,erigiert,erigierte,erigiere,erigiert,sein,zu erigieren
oszillieren,oszilliere,oszillierst,oszilliert,oszillierte,oszilliert,oszillierte,oszilliere,oszilliert,haben,zu oszillieren
erlauben,erlaube,erlaubst,erlaubt,erlaubte,erlaubt,erlaubte,erlaube,erlaubt,haben,zu erlauben
malmen,malme,malmst,malmt,malmte,gemalmt,malmte,malm,malmt,haben,zu malmen
stechen,steche,stichst,sticht,stach,gestochen,stäche,stich,stecht,haben,zu stechen
benützen,benütze,benützt,benützt,benützte,benützt,benützte,benütze,benützt,haben,zu benützen
einladen,lade ein,lädst ein,lädt ein,lud ein,eingeladen,lüde ein,lade ein,ladet ein,haben,einzuladen
entdecken,entdecke,entdeckst,entdeckt,entdeckte,entdeckt,entdeckte,entdecke,entdeckt,haben,zu entdecken
befleißigen,befleißige,befleißigst,befleißigt,befleißigte,befleißigt,befleißigte,befleißig,befleißigt,haben,zu befleißigen
verlegen,verlege,verlegst,verlegt,verlegte,verlegt,verlegte,verlege,verlegt,haben,zu verlegen
erwischen,erwische,erwischst,erwischt,erwischte,erwischt,erwischte,erwische,erwischt,haben,zu erwischen
fortfahren,fahre fort,fährst fort,fährt fort,fuhr fort,fortgefahren,führe fort,fahr fort,fahrt fort,sein,fortzufahren
schwänzen,schwänze,schwänzt,schwänzt,schwänzte,geschwänzt,schwänzte,schwänze,schwänzt,haben,zu schwänzen
spazieren gehen,gehe spazieren,gehst spazieren,geht spazieren,ging spazieren,spazieren gegangen,ginge spazieren,geh spazieren,geht spazieren,sein,zu spazieren gehen
verknallen,verknalle,verknallst,verknallt,verknallte,verknallt,verknallte,verknall,verknallt,haben,zu verknallen
fesseln,fessele,fesselst,fesselt,fesselte,gefesselt,fesselte,fessle,fesselt,haben,zu fesseln
ergreifen,ergreife,ergreifst,ergreift,ergriff,ergriffen,ergriffe,ergreife,ergreift,haben,zu ergreifen
wiederholen,wiederhole,wiederholst,wiederholt,wiederholte,wiederholt,wiederholte,wiederhol,wiederholt,haben,wiederzuholen
anlachen,lache an,lachst an,lacht an,lachte an,angelacht,lachte an,lach an,lacht an,haben,anzulachen
flirten,flirte,flirtest,flirtet,flirtete,geflirtet,flirtete,flirt,flirtet,haben,zu flirten
vernichten,vernichte,vernichtest,vernichtet,vernichtete,vernichtet,vernichtete,vernichte,vernichtet,haben,zu vernichten
aussaugen,sauge aus,saugst aus,saugt aus,sog aus,ausgesogen,söge aus,sauge aus,saugt aus,haben,auszusaugen
knallen,knalle,knallst,knallt,knallte,geknallt,knallte,knall,knallt,haben,zu knallen
zuhören,höre zu,hörst zu,hört zu,hörte zu,zugehört,hörte zu,höre zu,hört zu,haben,zuzuhören
verpissen,verpisse,verpisst,verpisst,verpisste,verpisst,verpisste,verpiss,verpisst,haben,zu verpissen
ankreiden,kreide an,kreidest an,kreidet an,kreidete an,angekreidet,kreidete an,kreide an,kreidet an,haben,anzukreiden
spänen,späne,spänst,spänt,spänte,gespänt,spänte,spän,spänt,haben,zu spänen
säugen,säuge,säugst,säugt,säugte,gesäugt,säugte,säuge,säugt,haben,zu säugen
beckmessern,beckmessere,beckmesserst,beckmessert,beckmesserte,gebeckmessert,beckmesserte,beckmessere,beckmessert,haben,zu beckmessern
markieren,markiere,markierst,markiert,markierte,markiert,markierte,markiere,markiert,haben,zu markieren
behelligen,behellige,behelligst,behelligt,behelligte,behelligt,behelligte,behellige,behelligt,haben,zu behelligen
verteilen,verteile,verteilst,verteilt,verteilte,verteilt,verteilte,verteile,verteilt,haben,zu verteilen
stänkern,stänkere,stänkerst,stänkert,stänkerte,gestänkert,stänkerte,stänker,stänkert,haben,zu stänkern
erzählen,erzähle,erzählst,erzählt,erzählte,erzählt,erzählte,erzähl,erzählt,haben,zu erzählen
trennen,trenne,trennst,trennt,trennte,getrennt,trennte,trenne,trennt,haben,zu trennen
abschenken,schenke ab,schenkst ab,schenkt ab,schenkte ab,abgeschenkt,schenkte ab,schenk ab,schenkt ab,haben,abzuschenken
schaben,schabe,schabst,schabt,schabte,geschabt,schabte,schabe,schabt,haben,zu schaben
vernaschen,vernasche,vernaschst,vernascht,vernaschte,vernascht,vernaschte,vernasche,vernascht,haben,zu vernaschen
befördern,befördere,beförderst,befördert,beförderte,befördert,beförderte,befördere,befördert,haben,zu befördern
vergehen,vergehe,vergehst,vergeht,verging,vergangen,verginge,vergehe,vergeht,haben,zu vergehen
vermuten,vermute,vermutest,vermutet,vermutete,vermutet,vermutete,vermut,vermutet,haben,zu vermuten
begegnen,begegne,begegnest,begegnet,begegnete,begegnet,begegnete,begegne,begegnet,sein,zu begegnen
unterpunkten,unterpunkte,unterpunktest,unterpunktet,unterpunktete,unterpunktet,unterpunktete,unterpunkte,unterpunktet,haben,zu unterpunkten
abklemmen,klemme ab,klemmst ab,klemmt ab,klemmte ab,abgeklemmt,klemmte ab,klemm ab,klemmt ab,haben,abzuklemmen
schachern,schachere,schacherst,schachert,schacherte,geschachert,schacherte,schachere,schachert,haben,zu schachern
auflösen,löse auf,löst auf,löst auf,löste auf,aufgelöst,löste auf,löse auf,löst auf,haben,aufzulösen
schwanen,—,—,schwant,schwante,geschwant,schwante,—,—,haben,zu schwanen
heranwachsen,wachse heran,wächst heran,wächst heran,wuchs heran,herangewachsen,wüchse heran,wachse heran,wachst heran,sein,herzuanwachsen
bestimmen,bestimme,bestimmst,bestimmt,bestimmte,bestimmt,bestimmte,bestimme,bestimmt,haben,zu bestimmen
schüren,schüre,schürst,schürt,schürte,geschürt,schürte,schüre,schürt,haben,zu schüren
revanchieren,revanchiere,revanchierst,revanchiert,revanchierte,revanchiert,revanchierte,revanchier,revanchiert,haben,zu revanchieren
ausfratscheln,fratschle aus,fratschelst aus,fratschelt aus,fratschelte aus,ausgefratschelt,fratschelte aus,fratschle aus,fratschelt aus,haben,auszufratscheln
anpingen,pinge an,pingst an,pingt an,pingte an,angepingt,pingte an,ping an,pingt an,haben,anzupingen
senden,sende,sendest,sendet,sendete,gesendet,sendete,sende,sendet,haben,zu senden
exzerpieren,exzerpiere,exzerpierst,exzerpiert,exzerpierte,exzerpiert,exzerpierte,exzerpiere,exzerpiert,haben,zu exzerpieren
perpetuieren,perpetuiere,perpetuierst,perpetuiert,perpetuierte,perpetuiert,perpetuierte,perpetuiere,perpetuiert,haben,zu perpetuieren
disputieren,disputiere,disputierst,disputiert,disputierte,disputiert,disputierte,disputiere,disputiert,haben,zu disputieren
bemustern,bemustere,bemusterst,bemustert,bemusterte,bemustert,bemusterte,bemustere,bemustert,haben,zu bemustern
faszinieren,fasziniere,faszinierst,fasziniert,faszinierte,fasziniert,faszinierte,fasziniere,fasziniert,haben,zu faszinieren
gasen,gase,gast,gast,gaste,gegast,gaste,gas,gast,haben,zu gasen
umfallen,falle um,fällst um,fällt um,fiel um,umgefallen,fiele um,fall um,fallt um,sein,umzufallen
schämen,schäme,schämst,schämt,schämte,geschämt,schämte,schäm,schämt,haben,zu schämen
trüben,trübe,trübst,trübt,trübte,getrübt,trübte,trübe,trübt,haben,zu trüben
verbleiben,verbleibe,verbleibst,verbleibt,verblieb,verblieben,verbliebe,verbleibe,verbleibt,sein,zu verbleiben
vorgeben,gebe vor,gibst vor,gibt vor,gab vor,vorgegeben,gäbe vor,gib vor,gebt vor,haben,vorzugeben
beleben,belebe,belebst,belebt,belebte,belebt,belebte,belebe,belebt,haben,zu beleben
mehren,mehre,mehrst,mehrt,mehrte,gemehrt,mehrte,mehre,mehrt,haben,zu mehren
argwöhnen,argwöhne,argwöhnst,argwöhnt,argwöhnte,geargwöhnt,argwöhnte,argwöhn,argwöhnt,haben,zu argwöhnen
steigen,steige,steigst,steigt,stieg,gestiegen,stiege,steig,steigt,sein,zu steigen
genießen,genieße,genießt,genießt,genoss,genossen,genösse,genieß,genießt,haben,zu genießen
drapieren,drapiere,drapierst,drapiert,drapierte,drapiert,drapierte,drapiere,drapiert,haben,zu drapieren
lädieren,lädiere,lädierst,lädiert,lädierte,lädiert,lädierte,lädiere,lädiert,haben,zu lädieren
vomieren,vomiere,vomierst,vomiert,vomierte,vomiert,vomierte,vomiere,vomiert,haben,zu vomieren
frühstücken,frühstücke,frühstückst,frühstückt,frühstückte,gefrühstückt,frühstückte,frühstücke,frühstückt,haben,zu frühstücken
abendessen,—,—,—,—,abendgegessen,—,—,—,haben,abzuendessen
mittagessen,—,—,—,—,mittaggegessen,—,—,—,haben,mitzutagessen
möblieren,möbliere,möblierst,möbliert,möblierte,möbliert,möblierte,möbliere,möbliert,haben,zu möblieren
meinen,meine,meinst,meint,meinte,gemeint,meinte,meine,meint,haben,zu meinen
erheben,erhebe,erhebst,erhebt,erhob,erhoben,erhöbe,erhebe,erhebt,haben,zu erheben
verlangen,verlange,verlangst,verlangt,verlangte,verlangt,verlangte,verlange,verlangt,haben,zu verlangen
anschließen,schließe an,schließt an,schließt an,schloss an,angeschlossen,schlösse an,schließ an,schließt an,haben,anzuschließen
pochen,poche,pochst,pocht,pochte,gepocht,pochte,poche,pocht,haben,zu pochen
kundtun,tu kund,tust kund,tut kund,tat kund,kundgetan,täte kund,tu kund,tut kund,haben,kundzutun
eiern,eiere,eierst,eiert,eierte,geeiert,eierte,eiere,eiert,haben,zu eiern
einnehmen,nehme ein,nimmst ein,nimmt ein,nahm ein,eingenommen,nähme ein,nimm ein,nehmt ein,haben,einzunehmen
ausnehmen,nehme aus,nimmst aus,nimmt aus,nahm aus,ausgenommen,nähme aus,nimm aus,nehmt aus,haben,auszunehmen
nachschlagen,schlage nach,schlägst nach,schlägt nach,schlug nach,nachgeschlagen,schlüge nach,schlag nach,schlagt nach,haben,nachzuschlagen
angeben,gebe an,gibst an,gibt an,gab an,angegeben,gäbe an,gib an,gebt an,haben,anzugeben
unterstehen,unterstehe,unterstehst,untersteht,unterstand,unterstanden,unterstünde,unterstehe,untersteht,haben,zu unterstehen
modulieren,moduliere,modulierst,moduliert,modulierte,moduliert,modulierte,moduliere,moduliert,haben,zu modulieren
turteln,turtle,turtelst,turtelt,turtelte,geturtelt,turtelte,turtle,turtelt,haben,zu turteln
kobern,kobere,koberst,kobert,koberte,gekobert,koberte,kobere,kobert,haben,zu kobern
passen,passe,passt,passt,passte,gepasst,passte,pass,passt,haben,zu passen
schiffen,schiffe,schiffst,schifft,schiffte,geschifft,schiffte,schiff,schifft,haben,zu schiffen
aufräumen,räume auf,räumst auf,räumt auf,räumte auf,aufgeräumt,räumte auf,räum auf,räumt auf,haben,aufzuräumen
äufnen,äufne,äufnest,äufnet,äufnete,geäufnet,äufnete,äufne,äufnet,haben,zu äufnen
wickeln,wickle,wickelst,wickelt,wickelte,gewickelt,wickelte,wickle,wickelt,haben,zu wickeln
aufwickeln,wickle auf,wickelst auf,wickelt auf,wickelte auf,aufgewickelt,wickelte auf,wickle auf,wickelt auf,haben,aufzuwickeln
aufwachen,wache auf,wachst auf,wacht auf,wachte auf,aufgewacht,wachte auf,wach auf,wacht auf,sein,aufzuwachen
drangsalieren,drangsaliere,drangsalierst,drangsaliert,drangsalierte,drangsaliert,drangsalierte,drangsaliere,drangsaliert,haben,zu drangsalieren
schassen,schasse,schasst,schasst,schasste,geschasst,schasste,schass,schasst,haben,zu schassen
aushändigen,händige aus,händigst aus,händigt aus,händigte aus,ausgehändigt,händigte aus,händig aus,händigt aus,haben,auszuhändigen
dümpeln,dümple,dümpelst,dümpelt,dümpelte,gedümpelt,dümpelte,dümple,dümpelt,haben,zu dümpeln
ritzen,ritze,ritzt,ritzt,ritzte,geritzt,ritzte,ritze,ritzt,haben,zu ritzen
urgieren,urgiere,urgierst,urgiert,urgierte,urgiert,urgierte,urgiere,urgiert,haben,zu urgieren
verfassen,verfasse,verfasst,verfasst,verfasste,verfasst,verfasste,verfass,verfasst,haben,zu verfassen
süßen,süße,süßt,süßt,süßte,gesüßt,süßte,süß,süßt,haben,zu süßen
richten,richte,richtest,richtet,richtete,gerichtet,richtete,richte,richtet,haben,zu richten
rüffeln,rüffle,rüffelst,rüffelt,rüffelte,gerüffelt,rüffelte,rüffle,rüffelt,haben,zu rüffeln
flirren,flirre,flirrst,flirrt,flirrte,geflirrt,flirrte,flirre,flirrt,haben,zu flirren
aufrichten,richte auf,richtest auf,richtet auf,richtete auf,aufgerichtet,richtete auf,richte auf,richtet auf,haben,aufzurichten
dönern,dönere,dönerst,dönert,dönerte,gedönert,dönerte,dönere,dönert,haben,zu dönern
befremden,befremde,befremdest,befremdet,befremdete,befremdet,befremdete,befremde,befremdet,haben,zu befremden
invertieren,invertiere,invertierst,invertiert,invertierte,invertiert,invertierte,invertiere,invertiert,haben,zu invertieren
mampfen,mampfe,mampfst,mampft,mampfte,gemampft,mampfte,mampfe,mampft,haben,zu mampfen
verreisen,verreise,verreist,verreist,verreiste,verreist,verreiste,verreise,verreist,sein,zu verreisen
wegfahren,fahre weg,fährst weg,fährt weg,fuhr weg,weggefahren,führe weg,fahr weg,fahrt weg,sein,wegzufahren
vermieten,vermiete,vermietest,vermietet,vermietete,vermietet,vermietete,vermiete,vermietet,haben,zu vermieten
versehren,versehre,versehrst,versehrt,versehrte,versehrt,versehrte,versehre,versehrt,haben,zu versehren
fordern,fordere,forderst,fordert,forderte,gefordert,forderte,fordere,fordert,haben,zu fordern
verehren,verehre,verehrst,verehrt,verehrte,verehrt,verehrte,verehre,verehrt,haben,zu verehren
umziehen,ziehe um,ziehst um,zieht um,zog um,umgezogen,zöge um,zieh um,zieht um,sein,umzuziehen
transportieren,transportiere,transportierst,transportiert,transportierte,transportiert,transportierte,transportiere,transportiert,haben,zu transportieren
entgegenkommen,komme entgegen,kommst entgegen,kommt entgegen,kam entgegen,entgegengekommen,käme entgegen,komm entgegen,kommt entgegen,sein,zu entgegenkommen
überholen,überhole,überholst,überholt,überholte,überholt,überholte,überhol,überholt,haben,zu überholen
besteigen,besteige,besteigst,besteigt,bestieg,bestiegen,bestiege,besteig,besteigt,haben,zu besteigen
zagen,zage,zagst,zagt,zagte,gezagt,zagte,zage,zagt,haben,zu zagen
übernachten,übernachte,übernachtest,übernachtet,übernachtete,übernachtet,übernachtete,übernachte,übernachtet,haben,zu übernachten
buchen,buche,buchst,bucht,buchte,gebucht,buchte,buch,bucht,haben,zu buchen
reservieren,reserviere,reservierst,reserviert,reservierte,reserviert,reservierte,reservier,reserviert,haben,zu reservieren
auspacken,packe aus,packst aus,packt aus,packte aus,ausgepackt,packte aus,pack aus,packt aus,haben,auszupacken
einpacken,packe ein,packst ein,packt ein,packte ein,eingepackt,packte ein,pack ein,packt ein,haben,einzupacken
verbringen,verbringe,verbringst,verbringt,verbrachte,verbracht,verbrächte,verbringe,verbringt,haben,zu verbringen
besichtigen,besichtige,besichtigst,besichtigt,besichtigte,besichtigt,besichtigte,besichtige,besichtigt,haben,zu besichtigen
optieren,optiere,optierst,optiert,optierte,optiert,optierte,optiere,optiert,haben,zu optieren
lustwandeln,lustwandle,lustwandelst,lustwandelt,lustwandelte,lustgewandelt,lustwandelte,lustwandle,lustwandelt,sein,zu lustwandeln
nagen,nage,nagst,nagt,nagte,genagt,nagte,nag,nagt,haben,zu nagen
knabbern,knabbere,knabberst,knabbert,knabberte,geknabbert,knabberte,knabber,knabbert,haben,zu knabbern
verbieten,verbiete,verbietest,verbietet,verbot,verboten,verböte,verbiet,verbietet,haben,zu verbieten
frohlocken,frohlocke,frohlockst,frohlockt,frohlockte,frohlockt,frohlockte,frohlocke,frohlockt,haben,frohzulocken
kaprizieren,kapriziere,kaprizierst,kapriziert,kaprizierte,kapriziert,kaprizierte,kaprizier,kapriziert,haben,zu kaprizieren
weihnachten,—,—,weihnachtet,weihnachtete,geweihnachtet,weihnachtete,—,—,haben,weihnzuachten
einführen,führe ein,führst ein,führt ein,führte ein,eingeführt,führte ein,führ ein,führt ein,haben,einzuführen
auskehren,kehre aus,kehrst aus,kehrt aus,kehrte aus,ausgekehrt,kehrte aus,kehr aus,kehrt aus,haben,auszukehren
initiieren,initiiere,initiierst,initiiert,initiierte,initiiert,initiierte,initiiere,initiiert,haben,zu initiieren
beschädigen,beschädige,beschädigst,beschädigt,beschädigte,beschädigt,beschädigte,beschädige,beschädigt,haben,zu beschädigen
zurückgeben,gebe zurück,gibst zurück,gibt zurück,gab zurück,zurückgegeben,gäbe zurück,gib zurück,gebt zurück,haben,zuzurückgeben
leuchten,leuchte,leuchtest,leuchtet,leuchtete,geleuchtet,leuchtete,leuchte,leuchtet,haben,zu leuchten
fortsetzen,setze fort,setzt fort,setzt fort,setzte fort,fortgesetzt,setzte fort,setz fort,setzt fort,haben,fortzusetzen
reichen,reiche,reichst,reicht,reichte,gereicht,reichte,reiche,reicht,haben,zu reichen
klatschen,klatsche,klatschst,klatscht,klatschte,geklatscht,klatschte,klatsch,klatscht,haben,zu klatschen
zünden,zünde,zündest,zündet,zündete,gezündet,zündete,zünd,zündet,haben,zu zünden
seifen,seife,seifst,seift,seifte,geseift,seifte,seif,seift,haben,zu seifen
fegen,fege,fegst,fegt,fegte,gefegt,fegte,fege,fegt,haben,zu fegen
türken,türke,türkst,türkt,türkte,getürkt,türkte,türke,türkt,haben,zu türken
räuspern,räuspere,räusperst,räuspert,räusperte,geräuspert,räusperte,räuspere,räuspert,haben,zu räuspern
adeln,adele,adelst,adelt,adelte,geadelt,adelte,adele,adelt,haben,zu adeln
knattern,knattere,knatterst,knattert,knatterte,geknattert,knatterte,knattere,knattert,haben,zu knattern
bedienen,bediene,bedienst,bedient,bediente,bedient,bediente,bedien,bedient,haben,zu bedienen
ramponieren,ramponiere,ramponierst,ramponiert,ramponierte,ramponiert,ramponierte,ramponier,ramponiert,haben,zu ramponieren
reinpfeifen,pfeife rein,pfeifst rein,pfeift rein,pfiff rein,reingepfiffen,pfiffe rein,pfeif rein,pfeift rein,haben,reinzupfeifen
fabrizieren,fabriziere,fabrizierst,fabriziert,fabrizierte,fabriziert,fabrizierte,fabrizier,fabriziert,haben,zu fabrizieren
fabulieren,fabuliere,fabulierst,fabuliert,fabulierte,fabuliert,fabulierte,fabulier,fabuliert,haben,zu fabulieren
poussieren,poussiere,poussierst,poussiert,poussierte,poussiert,poussierte,poussiere,poussiert,haben,zu poussieren
insinuieren,insinuiere,insinuierst,insinuiert,insinuierte,insinuiert,insinuierte,insinuiere,insinuiert,haben,zu insinuieren
sponsern,sponsere,sponserst,sponsert,sponserte,gesponsert,sponserte,sponsere,sponsert,haben,zu sponsern
gereichen,gereiche,gereichst,gereicht,gereichte,gereicht,gereichte,gereich,gereicht,haben,zu gereichen
aggregieren,aggregiere,aggregierst,aggregiert,aggregierte,aggregiert,aggregierte,aggregiere,aggregiert,haben,zu aggregieren
kuratieren,kuratiere,kuratierst,kuratiert,kuratierte,kuratiert,kuratierte,kuratier,kuratiert,haben,zu kuratieren
bannen,banne,bannst,bannt,bannte,gebannt,bannte,banne,bannt,haben,zu bannen
konfluieren,—,—,konfluiert,konfluierte,konfluiert,konfluierte,—,—,sein,zu konfluieren
vergeben,vergebe,vergibst,vergibt,vergab,vergeben,vergäbe,vergib,vergebt,haben,zu vergeben
schicken,schicke,schickst,schickt,schickte,geschickt,schickte,schick,schickt,haben,zu schicken
drücken,drücke,drückst,drückt,drückte,gedrückt,drückte,drück,drückt,haben,zu drücken
stecken,stecke,steckst,steckt,steckte,gesteckt,steckte,steck,steckt,haben,zu stecken
übergeben,übergebe,übergibst,übergibt,übergab,übergeben,übergäbe,übergib,übergebt,haben,zu übergeben
lenken,lenke,lenkst,lenkt,lenkte,gelenkt,lenkte,lenk,lenkt,haben,zu lenken
begehen,begehe,begehst,begeht,beging,begangen,beginge,begeh,begeht,haben,zu begehen
angreifen,greife an,greifst an,greift an,griff an,angegriffen,griffe an,greif an,greift an,haben,anzugreifen
schützen,schütze,schützt,schützt,schützte,geschützt,schützte,schütze,schützt,haben,zu schützen
versorgen,versorge,versorgst,versorgt,versorgte,versorgt,versorgte,versorg,versorgt,haben,zu versorgen
kämpfen,kämpfe,kämpfst,kämpft,kämpfte,gekämpft,kämpfte,kämpf,kämpft,haben,zu kämpfen
mischen,mische,mischst,mischt,mischte,gemischt,mischte,misch,mischt,haben,zu mischen
aufheben,hebe auf,hebst auf,hebt auf,hob auf,aufgehoben,höbe auf,heb auf,hebt auf,haben,aufzuheben
scheinen,scheine,scheinst,scheint,schien,geschienen,schiene,scheine,scheint,haben,zu scheinen
abschließen,schließe ab,schließt ab,schließt ab,schloss ab,abgeschlossen,schlösse ab,schließ ab,schließt ab,haben,abzuschließen
entscheiden,entscheide,entscheidest,entscheidet,entschied,entschieden,entschiede,entscheide,entscheidet,haben,zu entscheiden
ansehen,sehe an,siehst an,sieht an,sah an,angesehen,sähe an,sieh an,seht an,haben,anzusehen
verderben,verderbe,verdirbst,verdirbt,verdarb,verdorben,verdürbe,verdirb,verderbt,haben,zu verderben
schreiten,schreite,schreitest,schreitet,schritt,geschritten,schritte,schreite,schreitet,sein,zu schreiten
fischen,fische,fischst,fischt,fischte,gefischt,fischte,fische,fischt,haben,zu fischen
garantieren,garantiere,garantierst,garantiert,garantierte,garantiert,garantierte,garantiere,garantiert,haben,zu garantieren
erledigen,erledige,erledigst,erledigt,erledigte,erledigt,erledigte,erledig,erledigt,haben,zu erledigen
reißen,reiße,reißt,reißt,riss,gerissen,risse,reiße,reißt,haben,zu reißen
vermengen,vermenge,vermengst,vermengt,vermengte,vermengt,vermengte,vermenge,vermengt,haben,zu vermengen
tagen,tage,tagst,tagt,tagte,getagt,tagte,tag,tagt,haben,zu tagen
jagen,jage,jagst,jagt,jagte,gejagt,jagte,jag,jagt,haben,zu jagen
sieden,siede,siedest,siedet,sott,gesotten,sötte,sied,siedet,haben,zu sieden
weggehen,gehe weg,gehst weg,geht weg,ging weg,weggegangen,ginge weg,geh weg,geht weg,sein,wegzugehen
aushalten,halte aus,hältst aus,hält aus,hielt aus,ausgehalten,hielte aus,halt aus,haltet aus,haben,auszuhalten
ansprechen,spreche an,sprichst an,spricht an,sprach an,angesprochen,spräche an,sprich an,sprecht an,haben,anzusprechen
schwatzen,schwatze,schwatzt,schwatzt,schwatzte,geschwatzt,schwatzte,schwatz,schwatzt,haben,zu schwatzen
konvergieren,konvergiere,konvergierst,konvergiert,konvergierte,konvergiert,konvergierte,konvergiere,konvergiert,haben,zu konvergieren
differieren,differiere,differierst,differiert,differierte,differiert,differierte,differiere,differiert,haben,zu differieren
isolieren,isoliere,isolierst,isoliert,isolierte,isoliert,isolierte,isoliere,isoliert,haben,zu isolieren
traben,trabe,trabst,trabt,trabte,getrabt,trabte,trabe,trabt,sein,zu traben
torpedieren,torpediere,torpedierst,torpediert,torpedierte,torpediert,torpedierte,torpediere,torpediert,haben,zu torpedieren
abdingen,dinge ab,dingst ab,dingt ab,dingte ab,abgedingt,dingte ab,dinge ab,dingt ab,haben,abzudingen
mahlen,mahle,mahlst,mahlt,mahlte,gemahlen,mahlte,mahle,mahlt,haben,zu mahlen
gammeln,gammle,gammelst,gammelt,gammelte,gegammelt,gammelte,gammle,gammelt,haben,zu gammeln
aufmotzen,motze auf,motzt auf,motzt auf,motzte auf,aufgemotzt,motzte auf,motz auf,motzt auf,haben,aufzumotzen
affigieren,affigiere,affigierst,affigiert,affigierte,affigiert,affigierte,affigiere,affigiert,haben,zu affigieren
garen,gare,garst,gart,garte,gegart,garte,gare,gart,haben,zu garen
gieren,giere,gierst,giert,gierte,gegiert,gierte,giere,giert,haben,zu gieren
babbeln,babble,babbelst,babbelt,babbelte,gebabbelt,babbelte,babble,babbelt,haben,zu babbeln
vertreiben,vertreibe,vertreibst,vertreibt,vertrieb,vertrieben,vertriebe,vertreibe,vertreibt,haben,zu vertreiben
kicken,kicke,kickst,kickt,kickte,gekickt,kickte,kick,kickt,haben,zu kicken
ausstellen,stelle aus,stellst aus,stellt aus,stellte aus,ausgestellt,stellte aus,stell aus,stellt aus,haben,auszustellen
anschauen,schaue an,schaust an,schaut an,schaute an,angeschaut,schaute an,schau an,schaut an,haben,anzuschauen
gären,gäre,gärst,gärt,gor,gegoren,göre,gäre,gärt,haben,zu gären
abstürzen,stürze ab,stürzt ab,stürzt ab,stürzte ab,abgestürzt,stürzte ab,stürz ab,stürzt ab,sein,abzustürzen
umkehren,kehre um,kehrst um,kehrt um,kehrte um,umgekehrt,kehrte um,kehr um,kehrt um,sein,umzukehren
kalligraphieren,kalligraphiere,kalligraphierst,kalligraphiert,kalligraphierte,kalligraphiert,kalligraphierte,kalligraphier,kalligraphiert,haben,zu kalligraphieren
regieren,regiere,regierst,regiert,regierte,regiert,regierte,regiere,regiert,haben,zu regieren
spülen,spüle,spülst,spült,spülte,gespült,spülte,spül,spült,haben,zu spülen
bersten,berste,birst,birst,barst,geborsten,bärste,birst,berstet,sein,zu bersten
ergänzen,ergänze,ergänzt,ergänzt,ergänzte,ergänzt,ergänzte,ergänze,ergänzt,haben,zu ergänzen
beeindrucken,beeindrucke,beeindruckst,beeindruckt,beeindruckte,beeindruckt,beeindruckte,beeindrucke,beeindruckt,haben,zu beeindrucken
behandeln,behandele,behandelst,behandelt,behandelte,behandelt,behandelte,behandele,behandelt,haben,zu behandeln
erbrechen,erbreche,erbrichst,erbricht,erbrach,erbrochen,erbräche,erbrich,erbrecht,haben,zu erbrechen
stoßen,stoße,stößt,stößt,stieß,gestoßen,stieße,stoße,stoßt,haben,zu stoßen
kneifen,kneife,kneifst,kneift,kniff,gekniffen,kniffe,kneife,kneift,haben,zu kneifen
eilen,eile,eilst,eilt,eilte,geeilt,eilte,eile,eilt,haben,zu eilen
ausgehen,gehe aus,gehst aus,geht aus,ging aus,ausgegangen,ginge aus,geh aus,geht aus,sein,auszugehen
räsonieren,räsoniere,räsonierst,räsoniert,räsonierte,räsoniert,räsonierte,räsoniere,räsoniert,haben,zu räsonieren
obedieren,obediere,obedierst,obediert,obedierte,obediert,obedierte,obediere,obediert,haben,zu obedieren
erbieten,erbiete,erbietest,erbietet,erbot,erboten,erböte,erbiete,erbietet,haben,zu erbieten
anbringen,bringe an,bringst an,bringt an,brachte an,angebracht,brächte an,bring an,bringt an,haben,anzubringen
wälzen,wälze,wälzt,wälzt,wälzte,gewälzt,wälzte,wälze,wälzt,haben,zu wälzen
dringen,dringe,dringst,dringt,drang,gedrungen,dränge,dring,dringt,sein,zu dringen
lullen,lulle,lullst,lullt,lullte,gelullt,lullte,lull,lullt,haben,zu lullen
einlullen,lulle ein,lullst ein,lullt ein,lullte ein,eingelullt,lullte ein,lull ein,lullt ein,haben,einzulullen
vortäuschen,täusche vor,täuschst vor,täuscht vor,täuschte vor,vorgetäuscht,täuschte vor,täusch vor,täuscht vor,haben,zu vortäuschen
empfangen,empfange,empfängst,empfängt,empfing,empfangen,empfinge,empfange,empfangt,haben,zu empfangen
empfehlen,empfehle,empfiehlst,empfiehlt,empfahl,empfohlen,empfähle,empfiehl,empfehlt,haben,zu empfehlen
hauen,haue,haust,haut,haute,gehauen,haute,hau,haut,haben,zu hauen
abbedingen,bedinge ab,bedingst ab,bedingt ab,bedang ab,abbedingt,bedänge ab,beding ab,bedingt ab,haben,abzubedingen
hausen,hause,haust,haust,hauste,gehaust,hauste,hause,haust,haben,zu hausen
greifen,greife,greifst,greift,griff,gegriffen,griffe,greife,greift,haben,zu greifen
kräuseln,kräusle,kräuselst,kräuselt,kräuselte,gekräuselt,kräuselte,kräusle,kräuselt,haben,zu kräuseln
mäkeln,mäkele,mäkelst,mäkelt,mäkelte,gemäkelt,mäkelte,mäkel,mäkelt,haben,zu mäkeln
abchoppen,choppe ab,choppst ab,choppt ab,choppte ab,abgechoppt,choppte ab,chopp ab,choppt ab,haben,abzuchoppen
abkommen,komme ab,kommst ab,kommt ab,kam ab,abgekommen,käme ab,komm ab,kommt ab,sein,abzukommen
priorisieren,priorisiere,priorisierst,priorisiert,priorisierte,priorisiert,priorisierte,priorisier,priorisiert,haben,zu priorisieren
anbellen,belle an,bellst an,bellt an,bellte an,angebellt,bellte an,bell an,bellt an,haben,anzubellen
beneiden,beneide,beneidest,beneidet,beneidete,beneidet,beneidete,beneide,beneidet,haben,zu beneiden
wehen,wehe,wehst,weht,wehte,geweht,wehte,wehe,weht,haben,zu wehen
aussortieren,sortiere aus,sortierst aus,sortiert aus,sortierte aus,aussortiert,sortierte aus,sortiere aus,sortiert aus,haben,auszusortieren
vorkommen,komme vor,kommst vor,kommt vor,kam vor,vorgekommen,käme vor,komm vor,kommt vor,sein,zu vorkommen
blühen,blühe,blühst,blüht,blühte,geblüht,blühte,blühe,blüht,haben,zu blühen
feiern,feiere,feierst,feiert,feierte,gefeiert,feierte,feier,feiert,haben,zu feiern
nüffeln,nüffel,nüffelst,nüffelt,nüffelte,genüffelt,nüffelte,nüffel,nüffelt,haben,zu nüffeln
niffeln,niffele,niffelst,niffelt,niffelte,geniffelt,niffelte,niffele,niffelt,haben,zu niffeln
begrüßen,begrüße,begrüßt,begrüßt,begrüßte,begrüßt,begrüßte,begrüße,begrüßt,haben,zu begrüßen
bedonnern,bedonnere,bedonnerst,bedonnert,bedonnerte,bedonnert,bedonnerte,bedonnere,bedonnert,sein,zu bedonnern
mitmischen,mische mit,mischst mit,mischt mit,mischte mit,mitgemischt,mischte mit,misch mit,mischt mit,haben,mitzumischen
marginalisieren,marginalisiere,marginalisierst,marginalisiert,marginalisierte,marginalisiert,marginalisierte,marginalisiere,marginalisiert,haben,zu marginalisieren
enttäuschen,enttäusche,enttäuschst,enttäuscht,enttäuschte,enttäuscht,enttäuschte,enttäusche,enttäuscht,haben,zu enttäuschen
anrufen,rufe an,rufst an,ruft an,rief an,angerufen,riefe an,ruf an,ruft an,haben,anzurufen
belohnen,belohne,belohnst,belohnt,belohnte,belohnt,belohnte,belohn,belohnt,haben,zu belohnen
bestrafen,bestrafe,bestrafst,bestraft,bestrafte,bestraft,bestrafte,bestrafe,bestraft,haben,zu bestrafen
avancieren,avanciere,avancierst,avanciert,avancierte,avanciert,avancierte,avancier,avanciert,sein,zu avancieren
gerben,gerbe,gerbst,gerbt,gerbte,gegerbt,gerbte,gerbe,gerbt,haben,zu gerben
penetrieren,penetriere,penetrierst,penetriert,penetrierte,penetriert,penetrierte,penetriere,penetriert,haben,zu penetrieren
vertilgen,vertilge,vertilgst,vertilgt,vertilgte,vertilgt,vertilgte,vertilge,vertilgt,haben,zu vertilgen
ermüden,ermüde,ermüdest,ermüdet,ermüdete,ermüdet,ermüdete,ermüde,ermüdet,haben,zu ermüden
überwallen,walle über,wallst über,wallt über,wallte über,übergewallt,wallte über,walle über,wallt über,sein,überzuwallen
aufziehen,ziehe auf,ziehst auf,zieht auf,zog auf,aufgezogen,zöge auf,zieh auf,zieht auf,haben,aufzuziehen
probieren,probiere,probierst,probiert,probierte,probiert,probierte,probiere,probiert,haben,zu probieren
bedingen,bedinge,bedingst,bedingt,bedingte,bedingt,bedingte,bedinge,bedingt,haben,zu bedingen
abtreiben,treibe ab,treibst ab,treibt ab,trieb ab,abgetrieben,triebe ab,treibe ab,treibt ab,haben,abzutreiben
adressieren,adressiere,adressierst,adressiert,adressierte,adressiert,adressierte,adressiere,adressiert,haben,zu adressieren
aufzeigen,zeige auf,zeigst auf,zeigt auf,zeigte auf,aufgezeigt,zeigte auf,zeig auf,zeigt auf,haben,aufzuzeigen
fördern,fördere,förderst,fördert,förderte,gefördert,förderte,fördere,fördert,haben,zu fördern
unterweisen,unterweise,unterweist,unterweist,unterwies,unterwiesen,unterwiese,unterweise,unterweist,haben,zu unterweisen
eingehen,gehe ein,gehst ein,geht ein,ging ein,eingegangen,ginge ein,geh ein,geht ein,sein,einzugehen
quälen,quäle,quälst,quält,quälte,gequält,quälte,quäle,quält,haben,zu quälen
baumeln,baumle,baumelst,baumelt,baumelte,gebaumelt,baumelte,baumle,baumelt,haben,zu baumeln
rollen,rolle,rollst,rollt,rollte,gerollt,rollte,roll,rollt,haben,zu rollen
unterstützen,unterstütze,unterstützt,unterstützt,unterstützte,unterstützt,unterstützte,unterstütze,unterstützt,haben,zu unterstützen
bescheiden,bescheide,bescheidest,bescheidet,beschied,beschieden,beschiede,bescheid,bescheidet,haben,zu bescheiden
verbessern,verbessere,verbesserst,verbessert,verbesserte,verbessert,verbesserte,verbesser,verbessert,haben,zu verbessern
anmieten,miete an,mietest an,mietet an,mietete an,angemietet,mietete an,miete an,mietet an,haben,anzumieten
fixen,fixe,fixt,fixt,fixte,gefixt,fixte,fix,fixt,haben,zu fixen
streiten,streite,streitest,streitet,stritt,gestritten,stritte,streite,streitet,haben,zu streiten
programmieren,programmiere,programmierst,programmiert,programmierte,programmiert,programmierte,programmiere,programmiert,haben,zu programmieren
einverleiben,verleibe ein,verleibst ein,verleibt ein,verleibte ein,einverleibt,verleibte ein,verleibe ein,verleibt ein,haben,einzuverleiben
fisseln,—,—,fisselt,fisselte,gefisselt,fisselte,—,—,haben,zu fisseln
anstrengen,strenge an,strengst an,strengt an,strengte an,angestrengt,strengte an,strenge an,strengt an,haben,anzustrengen
wulacken,wulacke,wulackst,wulackt,wulackte,gewulackt,wulackte,wulack,wulackt,haben,zu wulacken
durchführen,führe durch,führst durch,führt durch,führte durch,durchgeführt,führte durch,führ durch,führt durch,haben,zu durchführen
konspirieren,konspiriere,konspirierst,konspiriert,konspirierte,konspiriert,konspirierte,konspiriere,konspiriert,haben,zu konspirieren
zerlegen,zerlege,zerlegst,zerlegt,zerlegte,zerlegt,zerlegte,zerleg,zerlegt,haben,zu zerlegen
verleumden,verleumde,verleumdest,verleumdet,verleumdete,verleumdet,verleumdete,verleumde,verleumdet,haben,zu verleumden
basteln,bastle,bastelst,bastelt,bastelte,gebastelt,bastelte,bastel,bastelt,haben,zu basteln
bedauern,bedauere,bedauerst,bedauert,bedauerte,bedauert,bedauerte,bedauere,bedauert,haben,zu bedauern
melden,melde,meldest,meldet,meldete,gemeldet,meldete,melde,meldet,haben,zu melden
warten,warte,wartest,wartet,wartete,gewartet,wartete,warte,wartet,haben,zu warten
flüchten,flüchte,flüchtest,flüchtet,flüchtete,geflüchtet,flüchtete,flüchte,flüchtet,sein,zu flüchten
stürzen,stürze,stürzt,stürzt,stürzte,gestürzt,stürzte,stürze,stürzt,sein,zu stürzen
beweisen,beweise,beweist,beweist,bewies,bewiesen,bewiese,beweise,beweist,haben,zu beweisen
sinken,sinke,sinkst,sinkt,sank,gesunken,sänke,sinke,sinkt,sein,zu sinken
empfinden,empfinde,empfindest,empfindet,empfand,empfunden,empfände,empfinde,empfindet,haben,zu empfinden
gelingen,gelinge,gelingst,gelingt,gelang,gelungen,gelänge,gelinge,gelingt,sein,zu gelingen
ernten,ernte,erntest,erntet,erntete,geerntet,erntete,ernt,erntet,haben,zu ernten
ausreichen,reiche aus,reichst aus,reicht aus,reichte aus,ausgereicht,reichte aus,reich aus,reicht aus,haben,auszureichen
hinreichen,reiche hin,reichst hin,reicht hin,reichte hin,hingereicht,reichte hin,reiche hin,reicht hin,haben,hinzureichen
zufriedenstellen,stelle zufrieden,stellst zufrieden,stellt zufrieden,stellte zufrieden,zufriedengestellt,stellte zufrieden,stelle zufrieden,stellt zufrieden,haben,zuzufriedenstellen
genügen,genüge,genügst,genügt,genügte,genügt,genügte,genüge,genügt,haben,zu genügen
ertragen,ertrage,erträgst,erträgt,ertrug,ertragen,ertrüge,ertrag,ertragt,haben,zu ertragen
hemmen,hemme,hemmst,hemmt,hemmte,gehemmt,hemmte,hemm,hemmt,haben,zu hemmen
hoffen,hoffe,hoffst,hofft,hoffte,gehofft,hoffte,hoff,hofft,haben,zu hoffen
wehren,wehre,wehrst,wehrt,wehrte,gewehrt,wehrte,wehre,wehrt,haben,zu wehren
abschneiden,schneide ab,schneidest ab,schneidet ab,schnitt ab,abgeschnitten,schnitte ab,schneide ab,schneidet ab,haben,abzuschneiden
kratzen,kratze,kratzt,kratzt,kratzte,gekratzt,kratzte,kratz,kratzt,haben,zu kratzen
wegnehmen,nehme weg,nimmst weg,nimmt weg,nahm weg,weggenommen,nähme weg,nimm weg,nehmt weg,haben,wegzunehmen
fuhrwerken,fuhrwerke,fuhrwerkst,fuhrwerkt,fuhrwerkte,gefuhrwerkt,fuhrwerkte,fuhrwerk,fuhrwerkt,haben,zu fuhrwerken
ruhen,ruhe,ruhst,ruht,ruhte,geruht,ruhte,ruh,ruht,haben,zu ruhen
leisten,leiste,leistest,leistet,leistete,geleistet,leistete,leiste,leistet,haben,zu leisten
erläutern,erläutere,erläuterst,erläutert,erläuterte,erläutert,erläuterte,erläutere,erläutert,haben,zu erläutern
grätschen,grätsche,grätschst,grätscht,grätschte,gegrätscht,grätschte,grätsche,grätscht,haben,zu grätschen
bestellen,bestelle,bestellst,bestellt,bestellte,bestellt,bestellte,bestell,bestellt,haben,zu bestellen
verhöhnen,verhöhne,verhöhnst,verhöhnt,verhöhnte,verhöhnt,verhöhnte,verhöhne,verhöhnt,haben,zu verhöhnen
unwirschen,unwirsche,unwirschst,unwirscht,unwirschte,geunwirscht,unwirschte,unwirsche,unwirscht,haben,zu unwirschen
bemerken,bemerke,bemerkst,bemerkt,bemerkte,bemerkt,bemerkte,bemerke,bemerkt,haben,zu bemerken
harschen,—,—,harscht,harschte,geharscht,harschte,—,—,haben,zu harschen
verharschen,verharsche,verharschst,verharscht,verharschte,verharscht,verharschte,verharsch,verharscht,sein,zu verharschen
injizieren,injiziere,injizierst,injiziert,injizierte,injiziert,injizierte,injizier,injiziert,haben,zu injizieren
verändern,verändere,veränderst,verändert,veränderte,verändert,veränderte,veränder,verändert,haben,zu verändern
erfüllen,erfülle,erfüllst,erfüllt,erfüllte,erfüllt,erfüllte,erfülle,erfüllt,haben,zu erfüllen
beachten,beachte,beachtest,beachtet,beachtete,beachtet,beachtete,beachte,beachtet,haben,zu beachten
bohren,bohre,bohrst,bohrt,bohrte,gebohrt,bohrte,bohr,bohrt,haben,zu bohren
verbreiten,verbreite,verbreitest,verbreitet,verbreitete,verbreitet,verbreitete,verbreite,verbreitet,haben,zu verbreiten
erhöhen,erhöhe,erhöhst,erhöht,erhöhte,erhöht,erhöhte,erhöhe,erhöht,haben,zu erhöhen
anzeigen,zeige an,zeigst an,zeigt an,zeigte an,angezeigt,zeigte an,zeig an,zeigt an,haben,anzuzeigen
winden,winde,windest,windet,wand,gewunden,wände,winde,windet,haben,zu winden
belästigen,belästige,belästigst,belästigt,belästigte,belästigt,belästigte,belästige,belästigt,haben,zu belästigen
reparieren,repariere,reparierst,repariert,reparierte,repariert,reparierte,repariere,repariert,haben,zu reparieren
gewöhnen,gewöhne,gewöhnst,gewöhnt,gewöhnte,gewöhnt,gewöhnte,gewöhn,gewöhnt,haben,zu gewöhnen
beschäftigen,beschäftige,beschäftigst,beschäftigt,beschäftigte,beschäftigt,beschäftigte,beschäftige,beschäftigt,haben,zu beschäftigen
greinen,greine,greinst,greint,greinte,gegreint,greinte,grein,greint,haben,zu greinen
beschleunigen,beschleunige,beschleunigst,beschleunigt,beschleunigte,beschleunigt,beschleunigte,beschleunig,beschleunigt,haben,zu beschleunigen
seichen,seiche,seichst,seicht,seichte,geseicht,seichte,seich,seicht,haben,zu seichen
löschen,lösche,löschst,löscht,löschte,gelöscht,löschte,lösche,löscht,haben,zu löschen
zwicken,zwicke,zwickst,zwickt,zwickte,gezwickt,zwickte,zwicke,zwickt,haben,zu zwicken
sauen,saue,saust,saut,saute,gesaut,saute,saue,saut,haben,zu sauen
versauen,versaue,versaust,versaut,versaute,versaut,versaute,versau,versaut,haben,zu versauen
verdienen,verdiene,verdienst,verdient,verdiente,verdient,verdiente,verdiene,verdient,haben,zu verdienen
versteifen,versteife,versteifst,versteift,versteifte,versteift,versteifte,versteif,versteift,haben,zu versteifen
ausbreiten,breite aus,breitest aus,breitet aus,breitete aus,ausgebreitet,breitete aus,breite aus,breitet aus,haben,auszubreiten
platzen,platze,platzt,platzt,platzte,geplatzt,platzte,platze,platzt,sein,zu platzen
hinausfliegen,fliege hinaus,fliegst hinaus,fliegt hinaus,flog hinaus,hinausgeflogen,flöge hinaus,fliege hinaus,fliegt hinaus,sein,zu hinausfliegen
hintreten,trete hin,trittst hin,tritt hin,trat hin,hingetreten,träte hin,tritt hin,tretet hin,haben,hinzutreten
hären,häre,härst,härt,härte,gehärt,härte,häre,härt,haben,zu hären
gehören,gehöre,gehörst,gehört,gehörte,gehört,gehörte,gehör,gehört,haben,zu gehören
rühren,rühre,rührst,rührt,rührte,gerührt,rührte,rühre,rührt,haben,zu rühren
tingieren,tingiere,tingierst,tingiert,tingierte,tingiert,tingierte,tingiere,tingiert,haben,zu tingieren
vereinigen,vereinige,vereinigst,vereinigt,vereinigte,vereinigt,vereinigte,vereinige,vereinigt,haben,zu vereinigen
ausführen,führe aus,führst aus,führt aus,führte aus,ausgeführt,führte aus,führe aus,führt aus,haben,auszuführen
beschreiben,beschreibe,beschreibst,beschreibt,beschrieb,beschrieben,beschriebe,beschreibe,beschreibt,haben,zu beschreiben
bezirzen,bezirze,bezirzt,bezirzt,bezirzte,bezirzt,bezirzte,bezirze,bezirzt,haben,zu bezirzen
durchstarten,starte durch,startest durch,startet durch,startete durch,durchgestartet,startete durch,starte durch,startet durch,sein,zu durchstarten
sehnen,sehne,sehnst,sehnt,sehnte,gesehnt,sehnte,sehne,sehnt,haben,zu sehnen
heulen,heule,heulst,heult,heulte,geheult,heulte,heule,heult,haben,zu heulen
respektieren,respektiere,respektierst,respektiert,respektierte,respektiert,respektierte,respektiere,respektiert,haben,zu respektieren
lauern,lauere,lauerst,lauert,lauerte,gelauert,lauerte,lauere,lauert,haben,zu lauern
perseverieren,perseveriere,perseverierst,perseveriert,perseverierte,perseveriert,perseverierte,perseveriere,perseveriert,haben,zu perseverieren
festkehren,festkehre,festkehrst,festkehrt,festkehrte,gefestkehrt,festkehrte,festkehr,festkehrt,haben,festzukehren
schelten,schelte,schiltst,schilt,schalt,gescholten,schölte,schilt,scheltet,haben,zu schelten
pludern,pludere,pluderst,pludert,pluderte,gepludert,pluderte,pludere,pludert,haben,zu pludern
entwenden,entwende,entwendest,entwendet,entwendete,entwendet,entwendete,entwende,entwendet,haben,zu entwenden
zitieren,zitiere,zitierst,zitiert,zitierte,zitiert,zitierte,zitier,zitiert,haben,zu zitieren
hacken,hacke,hackst,hackt,hackte,gehackt,hackte,hack,hackt,haben,zu hacken
entschärfen,entschärfe,entschärfst,entschärft,entschärfte,entschärft,entschärfte,entschärf,entschärft,haben,zu entschärfen
arschen,arsche,arschst,arscht,arschte,gearscht,arschte,arsche,arscht,haben,zu arschen
ärschen,ärsche,ärschst,ärscht,ärschte,geärscht,ärschte,ärsche,ärscht,haben,zu ärschen
enteilen,enteile,enteilst,enteilt,enteilte,enteilt,enteilte,enteile,enteilt,sein,zu enteilen
enterben,enterbe,enterbst,enterbt,enterbte,enterbt,enterbte,enterb,enterbt,haben,zu enterben
zerfleischen,zerfleische,zerfleischst,zerfleischt,zerfleischte,zerfleischt,zerfleischte,zerfleisch,zerfleischt,haben,zu zerfleischen
haken,hake,hakst,hakt,hakte,gehakt,hakte,hake,hakt,haben,zu haken
ermuntern,ermuntere,ermunterst,ermuntert,ermunterte,ermuntert,ermunterte,ermuntere,ermuntert,haben,zu ermuntern
knottern,knottere,knotterst,knottert,knotterte,geknottert,knotterte,knottere,knottert,haben,zu knottern
rauben,raube,raubst,raubt,raubte,geraubt,raubte,raube,raubt,haben,zu rauben
zeitigen,zeitige,zeitigst,zeitigt,zeitigte,gezeitigt,zeitigte,zeitige,zeitigt,haben,zu zeitigen
ebben,ebbe,ebbst,ebbt,ebbte,geebbt,ebbte,ebbe,ebbt,haben,zu ebben
fellieren,felliere,fellierst,felliert,fellierte,felliert,fellierte,felliere,felliert,haben,zu fellieren
entsichern,entsichere,entsicherst,entsichert,entsicherte,entsichert,entsicherte,entsichere,entsichert,haben,zu entsichern
lohen,lohe,lohst,loht,lohte,geloht,lohte,loh,loht,haben,zu lohen
fortbilden,bilde fort,bildest fort,bildet fort,bildete fort,fortgebildet,bildete fort,bild fort,bildet fort,haben,fortzubilden
delirieren,deliriere,delirierst,deliriert,delirierte,deliriert,delirierte,deliriere,deliriert,haben,zu delirieren
kokettieren,kokettiere,kokettierst,kokettiert,kokettierte,kokettiert,kokettierte,kokettiere,kokettiert,haben,zu kokettieren
mauscheln,mauschele,mauschelst,mauschelt,mauschelte,gemauschelt,mauschelte,mauschle,mauschelt,haben,zu mauscheln
verraten,verrate,verrätst,verrät,verriet,verraten,verriete,verrate,verratet,haben,zu verraten
beeinträchtigen,beeinträchtige,beeinträchtigst,beeinträchtigt,beeinträchtigte,beeinträchtigt,beeinträchtigte,beeinträchtige,beeinträchtigt,haben,zu beeinträchtigen
fortbewegen,bewege fort,bewegst fort,bewegt fort,bewegte fort,fortbewegt,bewegte fort,beweg fort,bewegt fort,haben,fortzubewegen
abschaffen,schaffe ab,schaffst ab,schafft ab,schaffte ab,abgeschafft,schaffte ab,schaffe ab,schafft ab,haben,abzuschaffen
fortfallen,falle fort,fällst fort,fällt fort,fiel fort,fortgefallen,fiele fort,fall fort,fallt fort,sein,fortzufallen
desertieren,desertiere,desertierst,desertiert,desertierte,desertiert,desertierte,desertiere,desertiert,sein,zu desertieren
rezyklieren,rezykliere,rezyklierst,rezykliert,rezyklierte,rezykliert,rezyklierte,rezykliere,rezykliert,haben,zu rezyklieren
fortwischen,wische fort,wischst fort,wischt fort,wischte fort,fortgewischt,wischte fort,wisch fort,wischt fort,haben,fortzuwischen
poltern,poltre,polterst,poltert,polterte,gepoltert,polterte,poltre,poltert,haben,zu poltern
fortpflanzen,pflanze fort,pflanzt fort,pflanzt fort,pflanzte fort,fortgepflanzt,pflanzte fort,pflanz fort,pflanzt fort,haben,fortzupflanzen
fortschreiten,schreite fort,schreitest fort,schreitet fort,schritt fort,fortgeschritten,schritte fort,schreite fort,schreitet fort,sein,fortzuschreiten
fortbleiben,bleibe fort,bleibst fort,bleibt fort,blieb fort,fortgeblieben,bliebe fort,bleib fort,bleibt fort,sein,fortzubleiben
forteilen,eile fort,eilst fort,eilt fort,eilte fort,fortgeeilt,eilte fort,eil fort,eilt fort,sein,fortzueilen
fortscheren,schere fort,scherst fort,schert fort,scherte fort,fortgeschert,scherte fort,scher fort,schert fort,haben,fortzuscheren
fortschreiben,schreibe fort,schreibst fort,schreibt fort,schrieb fort,fortgeschrieben,schriebe fort,schreibe fort,schreibt fort,haben,fortzuschreiben
beifügen,füge bei,fügst bei,fügt bei,fügte bei,beigefügt,fügte bei,füge bei,fügt bei,haben,zu beifügen
beipflichten,pflichte bei,pflichtest bei,pflichtet bei,pflichtete bei,beigepflichtet,pflichtete bei,pflicht bei,pflichtet bei,haben,zu beipflichten
beisetzen,setze bei,setzt bei,setzt bei,setzte bei,beigesetzt,setzte bei,setze bei,setzt bei,haben,zu beisetzen
beisteuern,steuere bei,steuerst bei,steuert bei,steuerte bei,beigesteuert,steuerte bei,steuere bei,steuert bei,haben,zu beisteuern
zerstäuben,zerstäube,zerstäubst,zerstäubt,zerstäubte,zerstäubt,zerstäubte,zerstäube,zerstäubt,haben,zu zerstäuben
anweisen,weise an,weist an,weist an,wies an,angewiesen,wiese an,weise an,weist an,haben,anzuweisen
ausweisen,weise aus,weist aus,weist aus,wies aus,ausgewiesen,wiese aus,weis aus,weist aus,haben,auszuweisen
hinweisen,weise hin,weist hin,weist hin,wies hin,hingewiesen,wiese hin,weise hin,weist hin,haben,hinzuweisen
erweisen,erweise,erweist,erweist,erwies,erwiesen,erwiese,erweise,erweist,haben,zu erweisen
orientieren,orientiere,orientierst,orientiert,orientierte,orientiert,orientierte,orientiere,orientiert,haben,zu orientieren
abspeichern,speichere ab,speicherst ab,speichert ab,speicherte ab,abgespeichert,speicherte ab,speichere ab,speichert ab,haben,abzuspeichern
ziemen,—,—,ziemt,ziemte,geziemt,ziemte,—,—,haben,zu ziemen
zernagen,zernage,zernagst,zernagt,zernagte,zernagt,zernagte,zernage,zernagt,haben,zu zernagen
zerplatzen,zerplatze,zerplatzt,zerplatzt,zerplatzte,zerplatzt,zerplatzte,zerplatze,zerplatzt,sein,zu zerplatzen
zerreden,zerrede,zerredest,zerredet,zerredete,zerredet,zerredete,zerrede,zerredet,haben,zu zerreden
beibringen,bringe bei,bringst bei,bringt bei,brachte bei,beigebracht,brächte bei,bring bei,bringt bei,haben,zu beibringen
beispringen,springe bei,springst bei,springt bei,sprang bei,beigesprungen,spränge bei,spring bei,springt bei,sein,zu beispringen
schlottern,schlottere,schlotterst,schlottert,schlotterte,geschlottert,schlotterte,schlottere,schlottert,haben,zu schlottern
frotzeln,frotzle,frotzelst,frotzelt,frotzelte,gefrotzelt,frotzelte,frotzle,frotzelt,haben,zu frotzeln
ponieren,poniere,ponierst,poniert,ponierte,poniert,ponierte,poniere,poniert,haben,zu ponieren
beistimmen,stimme bei,stimmst bei,stimmt bei,stimmte bei,beigestimmt,stimmte bei,stimm bei,stimmt bei,haben,zu beistimmen
beistehen,stehe bei,stehst bei,steht bei,stand bei,beigestanden,stände bei,steh bei,steht bei,haben,zu beistehen
glimmen,glimme,glimmst,glimmt,glimmte,geglimmt,glimmte,glimm,glimmt,haben,zu glimmen
beitreten,trete bei,trittst bei,tritt bei,trat bei,beigetreten,träte bei,tritt bei,tretet bei,sein,zu beitreten
taxieren,taxiere,taxierst,taxiert,taxierte,taxiert,taxierte,taxiere,taxiert,haben,zu taxieren
repetieren,repetiere,repetierst,repetiert,repetierte,repetiert,repetierte,repetiere,repetiert,haben,zu repetieren
reflektieren,reflektiere,reflektierst,reflektiert,reflektierte,reflektiert,reflektierte,reflektiere,reflektiert,haben,zu reflektieren
designieren,designiere,designierst,designiert,designierte,designiert,designierte,designiere,designiert,haben,zu designieren
emulieren,emuliere,emulierst,emuliert,emulierte,emuliert,emulierte,emuliere,emuliert,haben,zu emulieren
konstatieren,konstatiere,konstatierst,konstatiert,konstatierte,konstatiert,konstatierte,konstatiere,konstatiert,haben,zu konstatieren
karden,karde,kardest,kardet,kardete,gekardet,kardete,kard,kardet,haben,zu karden
unterrichten,unterrichte,unterrichtest,unterrichtet,unterrichtete,unterrichtet,unterrichtete,unterrichte,unterrichtet,haben,zu unterrichten
klappen,klappe,klappst,klappt,klappte,geklappt,klappte,klappe,klappt,haben,zu klappen
legitimieren,legitimiere,legitimierst,legitimiert,legitimierte,legitimiert,legitimierte,legitimiere,legitimiert,haben,zu legitimieren
verdächtigen,verdächtige,verdächtigst,verdächtigt,verdächtigte,verdächtigt,verdächtigte,verdächtige,verdächtigt,haben,zu verdächtigen
blauen,blaue,blaust,blaut,blaute,geblaut,blaute,blaue,blaut,haben,zu blauen
zerschmettern,zerschmettere,zerschmetterst,zerschmettert,zerschmetterte,zerschmettert,zerschmetterte,zerschmettere,zerschmettert,haben,zu zerschmettern
verplappern,verplappere,verplapperst,verplappert,verplapperte,verplappert,verplapperte,verplappere,verplappert,haben,zu verplappern
stolpern,stolpere,stolperst,stolpert,stolperte,gestolpert,stolperte,stolpere,stolpert,sein,zu stolpern
eintragen,trage ein,trägst ein,trägt ein,trug ein,eingetragen,trüge ein,trage ein,tragt ein,haben,einzutragen
garrottieren,garrottiere,garrottierst,garrottiert,garrottierte,garrottiert,garrottierte,garrottiere,garrottiert,haben,zu garrottieren
veranlassen,veranlasse,veranlasst,veranlasst,veranlasste,veranlasst,veranlasste,veranlass,veranlasst,haben,zu veranlassen
funktionieren,funktioniere,funktionierst,funktioniert,funktionierte,funktioniert,funktionierte,funktioniere,funktioniert,haben,zu funktionieren
assoziieren,assoziiere,assoziierst,assoziiert,assoziierte,assoziiert,assoziierte,assoziiere,assoziiert,haben,zu assoziieren
einschränken,schränke ein,schränkst ein,schränkt ein,schränkte ein,eingeschränkt,schränkte ein,schränk ein,schränkt ein,haben,einzuschränken
ausschalten,schalte aus,schaltest aus,schaltet aus,schaltete aus,ausgeschaltet,schaltete aus,schalt aus,schaltet aus,haben,auszuschalten
verpachten,verpachte,verpachtest,verpachtet,verpachtete,verpachtet,verpachtete,verpacht,verpachtet,haben,zu verpachten
bergsteigen,bergsteige,bergsteigst,bergsteigt,bergstieg,berggestiegen,bergstiege,bergsteige,bergsteigt,haben,zu bergsteigen
einschalten,schalte ein,schaltest ein,schaltet ein,schaltete ein,eingeschaltet,schaltete ein,schalte ein,schaltet ein,haben,einzuschalten
projizieren,projiziere,projizierst,projiziert,projizierte,projiziert,projizierte,projiziere,projiziert,haben,zu projizieren
rekapitulieren,rekapituliere,rekapitulierst,rekapituliert,rekapitulierte,rekapituliert,rekapitulierte,rekapitulier,rekapituliert,haben,zu rekapitulieren
zulassen,lasse zu,lässt zu,lässt zu,ließ zu,zugelassen,ließe zu,lasse zu,lasst zu,haben,zuzulassen
stören,störe,störst,stört,störte,gestört,störte,stör,stört,haben,zu stören
zielen,ziele,zielst,zielt,zielte,gezielt,zielte,ziele,zielt,haben,zu zielen
stanzen,stanze,stanzt,stanzt,stanzte,gestanzt,stanzte,stanz,stanzt,haben,zu stanzen
ablegen,lege ab,legst ab,legt ab,legte ab,abgelegt,legte ab,lege ab,legt ab,haben,abzulegen
schwingen,schwinge,schwingst,schwingt,schwang,geschwungen,schwänge,schwinge,schwingt,haben,zu schwingen
stornieren,storniere,stornierst,storniert,stornierte,storniert,stornierte,storniere,storniert,haben,zu stornieren
zügeln,zügle,zügelst,zügelt,zügelte,gezügelt,zügelte,zügle,zügelt,haben,zu zügeln
schlummern,schlummere,schlummerst,schlummert,schlummerte,geschlummert,schlummerte,schlummere,schlummert,haben,zu schlummern
nachdenken,denke nach,denkst nach,denkt nach,dachte nach,nachgedacht,dächte nach,denke nach,denkt nach,haben,nachzudenken
mitteilen,teile mit,teilst mit,teilt mit,teilte mit,mitgeteilt,teilte mit,teil mit,teilt mit,haben,mitzuteilen
hervorbringen,bringe hervor,bringst hervor,bringt hervor,brachte hervor,hervorgebracht,brächte hervor,bring hervor,bringt hervor,haben,herzuvorbringen
vollziehen,vollziehe,vollziehst,vollzieht,vollzog,vollzogen,vollzöge,vollziehe,vollzieht,haben,vollzuziehen
aussitzen,sitze aus,sitzt aus,sitzt aus,saß aus,ausgesessen,säße aus,sitz aus,sitzt aus,haben,auszusitzen
betreten,betrete,betrittst,betritt,betrat,betreten,beträte,betritt,betretet,haben,zu betreten
vermählen,vermähle,vermählst,vermählt,vermählte,vermählt,vermählte,vermähle,vermählt,haben,zu vermählen
indizieren,indiziere,indizierst,indiziert,indizierte,indiziert,indizierte,indiziere,indiziert,haben,zu indizieren
vertrauen,vertraue,vertraust,vertraut,vertraute,vertraut,vertraute,vertraue,vertraut,haben,zu vertrauen
knacken,knacke,knackst,knackt,knackte,geknackt,knackte,knack,knackt,haben,zu knacken
verwechseln,verwechsle,verwechselst,verwechselt,verwechselte,verwechselt,verwechselte,verwechsle,verwechselt,haben,zu verwechseln
erzielen,erziele,erzielst,erzielt,erzielte,erzielt,erzielte,erziele,erzielt,haben,zu erzielen
einbeziehen,beziehe ein,beziehst ein,bezieht ein,bezog ein,einbezogen,bezöge ein,beziehe ein,bezieht ein,haben,einzubeziehen
auslaugen,lauge aus,laugst aus,laugt aus,laugte aus,ausgelaugt,laugte aus,lauge aus,laugt aus,haben,auszulaugen
instituieren,instituiere,instituierst,instituiert,instituierte,instituiert,instituierte,instituiere,instituiert,haben,zu instituieren
tönen,töne,tönst,tönt,tönte,getönt,tönte,tön,tönt,haben,zu tönen
aufbahren,bahre auf,bahrst auf,bahrt auf,bahrte auf,aufgebahrt,bahrte auf,bahre auf,bahret auf,haben,aufzubahren
gelangen,gelange,gelangst,gelangt,gelangte,gelangt,gelangte,gelang,gelangt,sein,zu gelangen
überkommen,überkomme,überkommst,überkommt,überkam,überkommen,überkäme,überkomme,überkommt,haben,zu überkommen
umfassen,umfasse,umfasst,umfasst,umfasste,umfasst,umfasste,umfasse,umfasst,haben,zu umfassen
zurückmelden,melde zurück,meldest zurück,meldet zurück,meldete zurück,zurückgemeldet,meldete zurück,meld zurück,meldet zurück,haben,zuzurückmelden
aufklaren,klare auf,klarst auf,klart auf,klarte auf,aufgeklart,klarte auf,klare auf,klart auf,haben,aufzuklaren
vergießen,vergieße,vergießt,vergießt,vergoss,vergossen,vergösse,vergieße,vergießt,haben,zu vergießen
hospitieren,hospitiere,hospitierst,hospitiert,hospitierte,hospitiert,hospitierte,hospitier,hospitiert,haben,zu hospitieren
massieren,massiere,massierst,massiert,massierte,massiert,massierte,massiere,massiert,haben,zu massieren
legieren,legiere,legierst,legiert,legierte,legiert,legierte,legiere,legiert,haben,zu legieren
degradieren,degradiere,degradierst,degradiert,degradierte,degradiert,degradierte,degradier,degradiert,haben,zu degradieren
lokalisieren,lokalisiere,lokalisierst,lokalisiert,lokalisierte,lokalisiert,lokalisierte,lokalisiere,lokalisiert,haben,zu lokalisieren
nuancieren,nuanciere,nuancierst,nuanciert,nuancierte,nuanciert,nuancierte,nuanciere,nuanciert,haben,zu nuancieren
majorisieren,majorisiere,majorisierst,majorisiert,majorisierte,majorisiert,majorisierte,majorisiere,majorisiert,haben,zu majorisieren
mercerisieren,mercerisiere,mercerisierst,mercerisiert,mercerisierte,mercerisiert,mercerisierte,mercerisiere,mercerisiert,haben,zu mercerisieren
merzerisieren,merzerisiere,merzerisierst,merzerisiert,merzerisierte,merzerisiert,merzerisierte,merzerisiere,merzerisiert,haben,zu merzerisieren
konvenieren,konveniere,konvenierst,konveniert,konvenierte,konveniert,konvenierte,konveniere,konveniert,haben,zu konvenieren
kompensieren,kompensiere,kompensierst,kompensiert,kompensierte,kompensiert,kompensierte,kompensiere,kompensiert,haben,zu kompensieren
quantisieren,quantisiere,quantisierst,quantisiert,quantisierte,quantisiert,quantisierte,quantisiere,quantisiert,haben,zu quantisieren
zutragen,trage zu,trägst zu,trägt zu,trug zu,zugetragen,trüge zu,trag zu,tragt zu,haben,zuzutragen
quanteln,quantele,quantelst,quantelt,quantelte,gequantelt,quantelte,quantle,quantelt,haben,zu quanteln
problematisieren,problematisiere,problematisierst,problematisiert,problematisierte,problematisiert,problematisierte,problematisiere,problematisiert,haben,zu problematisieren
klaffen,klaffe,klaffst,klafft,klaffte,geklafft,klaffte,klaff,klafft,haben,zu klaffen
skandieren,skandiere,skandierst,skandiert,skandierte,skandiert,skandierte,skandiere,skandiert,haben,zu skandieren
seiern,seiere,seierst,seiert,seierte,geseiert,seierte,seiere,seiert,haben,zu seiern
rekurrieren,rekurriere,rekurrierst,rekurriert,rekurrierte,rekurriert,rekurrierte,rekurriere,rekurriert,haben,zu rekurrieren
umschließen,umschließe,umschließt,umschließt,umschloss,umschlossen,umschlösse,umschließe,umschließt,haben,zu umschließen
bummeln,bummle,bummelst,bummelt,bummelte,gebummelt,bummelte,bummle,bummelt,haben,zu bummeln
begnadigen,begnadige,begnadigst,begnadigt,begnadigte,begnadigt,begnadigte,begnadige,begnadigt,haben,zu begnadigen
umspannen,umspanne,umspannst,umspannt,umspannte,umspannt,umspannte,umspanne,umspannet,haben,zu umspannen
mitschwingen,schwinge mit,schwingst mit,schwingt mit,schwang mit,mitgeschwungen,schwänge mit,schwinge mit,schwingt mit,haben,mitzuschwingen
polarisieren,polarisiere,polarisierst,polarisiert,polarisierte,polarisiert,polarisierte,polarisiere,polarisiert,haben,zu polarisieren
vornehmen,nehme vor,nimmst vor,nimmt vor,nahm vor,vorgenommen,nähme vor,nimm vor,nehmt vor,haben,zu vornehmen
verzweigen,—,—,verzweigt,verzweigte,verzweigt,verzweigte,—,—,haben,zu verzweigen
verweisen,verweise,verweist,verweist,verwies,verwiesen,verwiese,verweise,verweist,haben,zu verweisen
verwehren,verwehre,verwehrst,verwehrt,verwehrte,verwehrt,verwehrte,verwehr,verwehrt,haben,zu verwehren
zerren,zerre,zerrst,zerrt,zerrte,gezerrt,zerrte,zerr,zerrt,haben,zu zerren
vorsehen,sehe vor,siehst vor,sieht vor,sah vor,vorgesehen,sähe vor,sieh vor,seht vor,haben,zu vorsehen
abwarten,warte ab,wartest ab,wartet ab,wartete ab,abgewartet,wartete ab,wart ab,wartet ab,haben,abzuwarten
abzielen,ziele ab,zielst ab,zielt ab,zielte ab,abgezielt,zielte ab,ziele ab,zielt ab,haben,abzuzielen
indexieren,indexiere,indexierst,indexiert,indexierte,indexiert,indexierte,indexiere,indexiert,haben,zu indexieren
refüsieren,refüsiere,refüsierst,refüsiert,refüsierte,refüsiert,refüsierte,refüsiere,refüsiert,haben,zu refüsieren
zumuten,mute zu,mutest zu,mutet zu,mutete zu,zugemutet,mutete zu,mut zu,mutet zu,haben,zuzumuten
ausdrücken,drücke aus,drückst aus,drückt aus,drückte aus,ausgedrückt,drückte aus,drücke aus,drückt aus,haben,auszudrücken
herabblicken,blicke herab,blickst herab,blickt herab,blickte herab,herabgeblickt,blickte herab,blick herab,blickt herab,haben,herzuabblicken
ölen,öle,ölst,ölt,ölte,geölt,ölte,öle,ölt,haben,zu ölen
beurteilen,beurteile,beurteilst,beurteilt,beurteilte,beurteilt,beurteilte,beurteile,beurteilt,haben,zu beurteilen
degenerieren,degeneriere,degenerierst,degeneriert,degenerierte,degeneriert,degenerierte,degenerier,degeneriert,sein,zu degenerieren
verhaspeln,verhasple,verhaspelst,verhaspelt,verhaspelte,verhaspelt,verhaspelte,verhasple,verhaspelt,haben,zu verhaspeln
eskomptieren,eskomptiere,eskomptierst,eskomptiert,eskomptierte,eskomptiert,eskomptierte,eskomptier,eskomptiert,haben,zu eskomptieren
ausmieten,miete aus,mietest aus,mietet aus,mietete aus,ausgemietet,mietete aus,miet aus,mietet aus,haben,auszumieten
verabscheuen,verabscheue,verabscheust,verabscheut,verabscheute,verabscheut,verabscheute,verabscheu,verabscheut,haben,zu verabscheuen
wulachen,wulache,wulachst,wulacht,wulachte,gewulacht,wulachte,wulach,wulacht,haben,zu wulachen
auskommen,komme aus,kommst aus,kommt aus,kam aus,ausgekommen,käme aus,komme aus,kommt aus,sein,auszukommen
landen,lande,landest,landet,landete,gelandet,landete,lande,landet,sein,zu landen
erwarten,erwarte,erwartest,erwartet,erwartete,erwartet,erwartete,erwarte,erwartet,haben,zu erwarten
äußern,äußere,äußerst,äußert,äußerte,geäußert,äußerte,äußere,äußert,haben,zu äußern
flankieren,flankiere,flankierst,flankiert,flankierte,flankiert,flankierte,flankiere,flankiert,haben,zu flankieren
verbrennen,verbrenne,verbrennst,verbrennt,verbrannte,verbrannt,verbrennte,verbrenn,verbrennt,haben,zu verbrennen
überantworten,überantworte,überantwortest,überantwortet,überantwortete,überantwortet,überantwortete,überantworte,überantwortet,haben,zu überantworten
verziehen,verziehe,verziehst,verzieht,verzog,verzogen,verzöge,verziehe,verzieht,haben,zu verziehen
überlassen,überlasse,überlässt,überlässt,überließ,überlassen,überließe,überlasse,überlasst,haben,zu überlassen
ablassen,lasse ab,lässt ab,lässt ab,ließ ab,abgelassen,ließe ab,lass ab,lasst ab,haben,abzulassen
bedrängen,bedränge,bedrängst,bedrängt,bedrängte,bedrängt,bedrängte,bedränge,bedrängt,haben,zu bedrängen
trachten,trachte,trachtest,trachtet,trachtete,getrachtet,trachtete,tracht,trachtet,haben,zu trachten
anlassen,lasse an,lässt an,lässt an,ließ an,angelassen,ließe an,lass an,lasst an,haben,anzulassen
überlappen,überlappe,überlappst,überlappt,überlappte,überlappt,überlappte,überlappe,überlappt,haben,zu überlappen
bodigen,bodige,bodigst,bodigt,bodigte,gebodigt,bodigte,bodige,bodigt,haben,zu bodigen
verquicken,verquicke,verquickst,verquickt,verquickte,verquickt,verquickte,verquicke,verquickt,haben,zu verquicken
ausgeben,gebe aus,gibst aus,gibt aus,gab aus,ausgegeben,gäbe aus,gib aus,gebt aus,haben,auszugeben
abmahnen,mahne ab,mahnst ab,mahnt ab,mahnte ab,abgemahnt,mahnte ab,mahn ab,mahnt ab,haben,abzumahnen
frischen,frische,frischst,frischt,frischte,gefrischt,frischte,frische,frischt,haben,zu frischen
beugen,beuge,beugst,beugt,beugte,gebeugt,beugte,beuge,beugt,haben,zu beugen
einmargerieren,margeriere ein,margerierst ein,margeriert ein,margerierte ein,einmargeriert,margerierte ein,margerier ein,margeriert ein,haben,einzumargerieren
bedrohen,bedrohe,bedrohst,bedroht,bedrohte,bedroht,bedrohte,bedrohe,bedroht,haben,zu bedrohen
manövrieren,manövriere,manövrierst,manövriert,manövrierte,manövriert,manövrierte,manövrier,manövriert,haben,zu manövrieren
bearbeiten,bearbeite,bearbeitest,bearbeitet,bearbeitete,bearbeitet,bearbeitete,bearbeite,bearbeitet,haben,zu bearbeiten
nachprüfen,prüfe nach,prüfst nach,prüft nach,prüfte nach,nachgeprüft,prüfte nach,prüf nach,prüft nach,haben,nachzuprüfen
rubrizieren,rubriziere,rubrizierst,rubriziert,rubrizierte,rubriziert,rubrizierte,rubriziere,rubriziert,haben,zu rubrizieren
auflassen,lasse auf,lässt auf,lässt auf,ließ auf,aufgelassen,ließe auf,lass auf,lasst auf,haben,aufzulassen
tanken,tanke,tankst,tankt,tankte,getankt,tankte,tank,tankt,haben,zu tanken
exhumieren,exhumiere,exhumierst,exhumiert,exhumierte,exhumiert,exhumierte,exhumiere,exhumiert,haben,zu exhumieren
offenbaren,offenbare,offenbarst,offenbart,offenbarte,offenbart,offenbarte,offenbare,offenbart,haben,zu offenbaren
obstruieren,obstruiere,obstruierst,obstruiert,obstruierte,obstruiert,obstruierte,obstruiere,obstruiert,haben,zu obstruieren
operationalisieren,operationalisiere,operationalisierst,operationalisiert,operationalisierte,operationalisiert,operationalisierte,operationalisiere,operationalisiert,haben,zu operationalisieren
opfern,opfere,opferst,opfert,opferte,geopfert,opferte,opfere,opfert,haben,zu opfern
obduzieren,obduziere,obduzierst,obduziert,obduzierte,obduziert,obduzierte,obduziere,obduziert,haben,zu obduzieren
schnuppern,schnuppere,schnupperst,schnuppert,schnupperte,geschnuppert,schnupperte,schnupper,schnuppert,haben,zu schnuppern
auslassen,lasse aus,lässt aus,lässt aus,ließ aus,ausgelassen,ließe aus,lass aus,lasst aus,haben,auszulassen
klamüsern,klamüsere,klamüserst,klamüsert,klamüserte,klamüsert,klamüserte,klamüser,klamüsert,haben,zu klamüsern
verfügen,verfüge,verfügst,verfügt,verfügte,verfügt,verfügte,verfüge,verfügt,haben,zu verfügen
vorladen,lade vor,lädst vor,lädt vor,lud vor,vorgeladen,lüde vor,lade vor,ladet vor,haben,zu vorladen
taufen,taufe,taufst,tauft,taufte,getauft,taufte,tauf,tauft,haben,zu taufen
verdingen,verdinge,verdingst,verdingt,verdingte,verdingt,verdingte,verdinge,verdingt,haben,zu verdingen
zechen,zeche,zechst,zecht,zechte,gezecht,zechte,zeche,zecht,haben,zu zechen
bechern,bechere,becherst,bechert,becherte,gebechert,becherte,bechere,bechert,haben,zu bechern
krängen,—,—,krängt,krängte,gekrängt,krängte,—,—,haben,zu krängen
krakeln,krakle,krakelst,krakelt,krakelte,gekrakelt,krakelte,krakle,krakelt,haben,zu krakeln
widmen,widme,widmest,widmet,widmete,gewidmet,widmete,widme,widmet,haben,zu widmen
anschnallen,schnalle an,schnallst an,schnallt an,schnallte an,angeschnallt,schnallte an,schnalle an,schnallt an,haben,anzuschnallen
bewahren,bewahre,bewahrst,bewahrt,bewahrte,bewahrt,bewahrte,bewahre,bewahrt,haben,zu bewahren
überfordern,überfordere,überforderst,überfordert,überforderte,überfordert,überforderte,überfordere,überfordert,haben,zu überfordern
verzichten,verzichte,verzichtest,verzichtet,verzichtete,verzichtet,verzichtete,verzichte,verzichtet,haben,zu verzichten
spazieren,spaziere,spazierst,spaziert,spazierte,spaziert,spazierte,spaziere,spaziert,sein,zu spazieren
umgehen,umgehe,umgehest,umgehet,umging,umgangen,umginge,umgehe,umgehet,haben,umzugehen
knittern,knittere,knitterst,knittert,knitterte,geknittert,knitterte,knittere,knittert,haben,zu knittern
durchlassen,lasse durch,lässt durch,lässt durch,ließ durch,durchgelassen,ließe durch,lasse durch,lasst durch,haben,zu durchlassen
mitschneiden,schneide mit,schneidest mit,schneidet mit,schnitt mit,mitgeschnitten,schnitte mit,schneide mit,schneidet mit,haben,mitzuschneiden
abfedern,federe ab,federst ab,federt ab,federte ab,abgefedert,federte ab,feder ab,federt ab,haben,abzufedern
einlassen,lasse ein,lässt ein,lässt ein,ließ ein,eingelassen,ließe ein,lass ein,lasst ein,haben,einzulassen
abfertigen,fertige ab,fertigst ab,fertigt ab,fertigte ab,abgefertigt,fertigte ab,fertige ab,fertigt ab,haben,abzufertigen
triefen,triefe,triefst,trieft,troff,getroffen,tröffe,trief,trieft,haben,zu triefen
vermitteln,vermittle,vermittelst,vermittelt,vermittelte,vermittelt,vermittelte,vermittle,vermittelt,haben,zu vermitteln
bedecken,bedecke,bedeckst,bedeckt,bedeckte,bedeckt,bedeckte,bedecke,bedeckt,haben,zu bedecken
einholen,hole ein,holst ein,holt ein,holte ein,eingeholt,holte ein,hol ein,holt ein,haben,einzuholen
expandieren,expandiere,expandierst,expandiert,expandierte,expandiert,expandierte,expandier,expandiert,haben,zu expandieren
herausarbeiten,arbeite heraus,arbeitest heraus,arbeitet heraus,arbeitete heraus,herausgearbeitet,arbeitete heraus,arbeite heraus,arbeitet heraus,haben,herzuausarbeiten
herausschmecken,schmecke heraus,schmeckst heraus,schmeckt heraus,schmeckte heraus,herausgeschmeckt,schmeckte heraus,schmeck heraus,schmeckt heraus,haben,herzuausschmecken
hadern,hadere,haderst,hadert,haderte,gehadert,haderte,hadere,hadert,haben,zu hadern
lackieren,lackiere,lackierst,lackiert,lackierte,lackiert,lackierte,lackiere,lackiert,haben,zu lackieren
authentifizieren,authentifiziere,authentifizierst,authentifiziert,authentifizierte,authentifiziert,authentifizierte,authentifiziere,authentifiziert,haben,zu authentifizieren
aussagen,sage aus,sagst aus,sagt aus,sagte aus,ausgesagt,sagte aus,sag aus,sagt aus,haben,auszusagen
glühen,glühe,glühst,glüht,glühte,geglüht,glühte,glühe,glüht,haben,zu glühen
auftragen,trage auf,trägst auf,trägt auf,trug auf,aufgetragen,trüge auf,trag auf,tragt auf,haben,aufzutragen
anrühren,rühre an,rührst an,rührt an,rührte an,angerührt,rührte an,rühre an,rührt an,haben,anzurühren
gehorchen,gehorche,gehorchst,gehorcht,gehorchte,gehorcht,gehorchte,gehorch,gehorcht,haben,zu gehorchen
ausüben,übe aus,übst aus,übt aus,übte aus,ausgeübt,übte aus,übe aus,übt aus,haben,auszuüben
belassen,belasse,belässt,belässt,beließ,belassen,beließe,belass,belasst,haben,zu belassen
unterschreiben,unterschreibe,unterschreibst,unterschreibt,unterschrieb,unterschrieben,unterschriebe,unterschreibe,unterschreibt,haben,zu unterschreiben
ausstrecken,strecke aus,streckst aus,streckt aus,streckte aus,ausgestreckt,streckte aus,streck aus,streckt aus,haben,auszustrecken
teeren,teere,teerst,teert,teerte,geteert,teerte,teer,teert,haben,zu teeren
fehlen,fehle,fehlst,fehlt,fehlte,gefehlt,fehlte,fehle,fehlt,haben,zu fehlen
bebauen,bebaue,bebaust,bebaut,bebaute,bebaut,bebaute,bebaue,bebaut,haben,zu bebauen
dichten,dichte,dichtest,dichtet,dichtete,gedichtet,dichtete,dichte,dichtet,haben,zu dichten
erlassen,erlasse,erlässt,erlässt,erließ,erlassen,erließe,erlass,erlasst,haben,zu erlassen
vozieren,voziere,vozierst,voziert,vozierte,voziert,vozierte,vozier,voziert,haben,zu vozieren
trampen,trampe,trampst,trampt,trampte,getrampt,trampte,tramp,trampt,sein,zu trampen
wuchern,wuchere,wucherst,wuchert,wucherte,gewuchert,wucherte,wuchere,wuchert,haben,zu wuchern
pokern,pokere,pokerst,pokert,pokerte,gepokert,pokerte,pokere,pokert,haben,zu pokern
frei lassen,lasse frei,lässt frei,lässt frei,ließ frei,frei gelassen,ließe frei,lasse frei,lässt frei,haben,zu frei lassen
zerstampfen,zerstampfe,zerstampfst,zerstampft,zerstampfte,zerstampft,zerstampfte,zerstampf,zerstampft,haben,zu zerstampfen
keuchen,keuche,keuchst,keucht,keuchte,gekeucht,keuchte,keuche,keucht,haben,zu keuchen
bemüßigen,bemüßige,bemüßigst,bemüßigt,bemüßigte,bemüßigt,bemüßigte,bemüßige,bemüßigt,haben,zu bemüßigen
applaudieren,applaudiere,applaudierst,applaudiert,applaudierte,applaudiert,applaudierte,applaudiere,applaudiert,haben,zu applaudieren
jonglieren,jongliere,jonglierst,jongliert,jonglierte,jongliert,jonglierte,jongliere,jongliert,haben,zu jonglieren
verriegeln,verriegle,verriegelst,verriegelt,verriegelte,verriegelt,verriegelte,verriegle,verriegelt,haben,zu verriegeln
ablöschen,lösche ab,löschst ab,löscht ab,löschte ab,abgelöscht,löschte ab,lösch ab,löscht ab,haben,abzulöschen
anschwitzen,schwitze an,schwitzt an,schwitzt an,schwitzte an,angeschwitzt,schwitzte an,schwitz an,schwitzt an,haben,anzuschwitzen
flambieren,flambiere,flambierst,flambiert,flambierte,flambiert,flambierte,flambier,flambiert,haben,zu flambieren
schlägern,schlägere,schlägerst,schlägert,schlägerte,geschlägert,schlägerte,schlägere,schlägert,haben,zu schlägern
pürieren,püriere,pürierst,püriert,pürierte,püriert,pürierte,püriere,püriert,haben,zu pürieren
herhören,höre her,hörst her,hört her,hörte her,hergehört,hörte her,hör her,hört her,haben,herzuhören
freilassen,lasse frei,lässt frei,lässt frei,ließ frei,freigelassen,ließe frei,lass frei,lasst frei,haben,freizulassen
verallgemeinern,verallgemeinere,verallgemeinerst,verallgemeinert,verallgemeinerte,verallgemeinert,verallgemeinerte,verallgemeinere,verallgemeinert,haben,zu verallgemeinern
zusammenhängen,hänge zusammen,hängst zusammen,hängt zusammen,hing zusammen,zusammengehangen,hinge zusammen,häng zusammen,hängt zusammen,haben,zuzusammenhängen
beteiligen,beteilige,beteiligst,beteiligt,beteiligte,beteiligt,beteiligte,beteilige,beteiligt,haben,zu beteiligen
adoptieren,adoptiere,adoptierst,adoptiert,adoptierte,adoptiert,adoptierte,adoptiere,adoptiert,haben,zu adoptieren
radotieren,radotiere,radotierst,radotiert,radotierte,radotiert,radotierte,radotiere,radotiert,haben,zu radotieren
pfeifen,pfeife,pfeifst,pfeift,pfiff,gepfiffen,pfiffe,pfeif,pfeift,haben,zu pfeifen
bräunen,bräune,bräunst,bräunt,bräunte,gebräunt,bräunte,bräune,bräunt,haben,zu bräunen
verpflegen,verpflege,verpflegst,verpflegt,verpflegte,verpflegt,verpflegte,verpflege,verpflegt,haben,zu verpflegen
voipen,voipe,voipst,voipt,voipte,gevoipt,voipte,voip,voipt,haben,zu voipen
attackieren,attackiere,attackierst,attackiert,attackierte,attackiert,attackierte,attackier,attackiert,haben,zu attackieren
suspendieren,suspendiere,suspendierst,suspendiert,suspendierte,suspendiert,suspendierte,suspendiere,suspendiert,haben,zu suspendieren
prätendieren,prätendiere,prätendierst,prätendiert,prätendierte,prätendiert,prätendierte,prätendier,prätendiert,haben,zu prätendieren
sabbern,sabbere,sabberst,sabbert,sabberte,gesabbert,sabberte,sabber,sabbert,haben,zu sabbern
ertrinken,ertrinke,ertrinkst,ertrinkt,ertrank,ertrunken,ertränke,ertrinke,ertrinkt,sein,zu ertrinken
immatrikulieren,immatrikuliere,immatrikulierst,immatrikuliert,immatrikulierte,immatrikuliert,immatrikulierte,immatrikuliere,immatrikuliert,haben,zu immatrikulieren
befreien,befreie,befreist,befreit,befreite,befreit,befreite,befreie,befreit,haben,zu befreien
bestatten,bestatte,bestattest,bestattet,bestattete,bestattet,bestattete,bestatt,bestattet,haben,zu bestatten
titulieren,tituliere,titulierst,tituliert,titulierte,tituliert,titulierte,titulier,tituliert,haben,zu titulieren
begraben,begrabe,begräbst,begräbt,begrub,begraben,begrübe,begrab,begrabt,haben,zu begraben
beerdigen,beerdige,beerdigst,beerdigt,beerdigte,beerdigt,beerdigte,beerdige,beerdigt,haben,zu beerdigen
verscharren,verscharre,verscharrst,verscharrt,verscharrte,verscharrt,verscharrte,verscharr,verscharrt,haben,zu verscharren
erlangen,erlange,erlangst,erlangt,erlangte,erlangt,erlangte,erlange,erlangt,haben,zu erlangen
langen,lange,langst,langt,langte,gelangt,langte,lange,langt,haben,zu langen
zubereiten,bereite zu,bereitest zu,bereitet zu,bereitete zu,zubereitet,bereitete zu,bereite zu,bereitet zu,haben,zuzubereiten
anerkennen,erkenne an,erkennst an,erkennt an,erkannte an,anerkannt,erkennte an,erkenne an,erkennt an,haben,anzuerkennen
bereiten,bereite,bereitest,bereitet,bereitete,bereitet,bereitete,bereite,bereitet,haben,zu bereiten
irren,irre,irrst,irrt,irrte,geirrt,irrte,irr,irrt,haben,zu irren
abstellen,stelle ab,stellst ab,stellt ab,stellte ab,abgestellt,stellte ab,stell ab,stellt ab,haben,abzustellen
umbringen,bringe um,bringst um,bringt um,brachte um,umgebracht,brächte um,bring um,bringt um,haben,umzubringen
meucheln,meuchele,meuchelst,meuchelt,meuchelte,gemeuchelt,meuchelte,meuchele,meuchelt,haben,zu meucheln
behindern,behindere,behinderst,behindert,behinderte,behindert,behinderte,behindere,behindert,haben,zu behindern
steuern,steuere,steuerst,steuert,steuerte,gesteuert,steuerte,steuere,steuert,haben,zu steuern
hocken,hocke,hockst,hockt,hockte,gehockt,hockte,hock,hockt,haben,zu hocken
entführen,entführe,entführst,entführt,entführte,entführt,entführte,entführe,entführt,haben,zu entführen
verringern,verringere,verringerst,verringert,verringerte,verringert,verringerte,verringere,verringert,haben,zu verringern
scheppen,scheppe,scheppst,scheppt,scheppte,gescheppt,scheppte,scheppe,scheppt,haben,zu scheppen
güllen,gülle,güllst,güllt,güllte,gegüllt,güllte,güll,güllt,haben,zu güllen
horchen,horche,horchst,horcht,horchte,gehorcht,horchte,horch,horcht,haben,zu horchen
übernehmen,übernehme,übernimmst,übernimmt,übernahm,übernommen,übernähme,übernimm,übernehmt,haben,zu übernehmen
abflauen,—,—,flaut ab,flaute ab,abgeflaut,flaute ab,—,—,sein,abzuflauen
verursachen,verursache,verursachst,verursacht,verursachte,verursacht,verursachte,verursach,verursacht,haben,zu verursachen
bestuhlen,bestuhle,bestuhlst,bestuhlt,bestuhlte,bestuhlt,bestuhlte,bestuhle,bestuhlt,haben,zu bestuhlen
unterbrechen,unterbreche,unterbrichst,unterbricht,unterbrach,unterbrochen,unterbräche,unterbrich,unterbrecht,haben,zu unterbrechen
motivieren,motiviere,motivierst,motiviert,motivierte,motiviert,motivierte,motiviere,motiviert,haben,zu motivieren
eitern,eitere,eiterst,eitert,eiterte,geeitert,eiterte,eitere,eitert,haben,zu eitern
besetzen,besetze,besetzt,besetzt,besetzte,besetzt,besetzte,besetze,besetzt,haben,zu besetzen
abreißen,reiße ab,reißt ab,reißt ab,riss ab,abgerissen,risse ab,reiß ab,reißt ab,haben,abzureißen
bewerten,bewerte,bewertest,bewertet,bewertete,bewertet,bewertete,bewerte,bewertet,haben,zu bewerten
ausmachen,mache aus,machst aus,macht aus,machte aus,ausgemacht,machte aus,mach aus,macht aus,haben,auszumachen
verweigern,verweigere,verweigerst,verweigert,verweigerte,verweigert,verweigerte,verweigere,verweigert,haben,zu verweigern
untergehen,gehe unter,gehst unter,geht unter,ging unter,untergegangen,ginge unter,geh unter,geht unter,sein,unterzugehen
glänzen,glänze,glänzt,glänzt,glänzte,geglänzt,glänzte,glänze,glänzt,haben,zu glänzen
exportieren,exportiere,exportierst,exportiert,exportierte,exportiert,exportierte,exportiere,exportiert,haben,zu exportieren
knatschen,knatsche,knatschst,knatscht,knatschte,geknatscht,knatschte,knatsche,knatscht,haben,zu knatschen
verleihen,verleihe,verleihst,verleiht,verlieh,verliehen,verliehe,verleih,verleiht,haben,zu verleihen
einrichten,richte ein,richtest ein,richtet ein,richtete ein,eingerichtet,richtete ein,richte ein,richtet ein,haben,einzurichten
achten,achte,achtest,achtet,achtete,geachtet,achtete,achte,achtet,haben,zu achten
festhalten,halte fest,hältst fest,hält fest,hielt fest,festgehalten,hielte fest,halte fest,haltet fest,haben,festzuhalten
rippen,rippe,rippst,rippt,rippte,gerippt,rippte,ripp,rippt,haben,zu rippen
absondern,sondere ab,sonderst ab,sondert ab,sonderte ab,abgesondert,sonderte ab,sondere ab,sondert ab,haben,abzusondern
verschieben,verschiebe,verschiebst,verschiebt,verschob,verschoben,verschöbe,verschiebe,verschiebt,haben,zu verschieben
installieren,installiere,installierst,installiert,installierte,installiert,installierte,installiere,installiert,haben,zu installieren
sensibilisieren,sensibilisiere,sensibilisierst,sensibilisiert,sensibilisierte,sensibilisiert,sensibilisierte,sensibilisier,sensibilisiert,haben,zu sensibilisieren
desensibilisieren,desensibilisiere,desensibilisierst,desensibilisiert,desensibilisierte,desensibilisiert,desensibilisierte,desensibilisier,desensibilisiert,haben,zu desensibilisieren
messern,messere,messerst,messert,messerte,gemessert,messerte,messer,messert,haben,zu messern
beilegen,lege bei,legst bei,legt bei,legte bei,beigelegt,legte bei,leg bei,legt bei,haben,zu beilegen
abweichen,weiche ab,weichst ab,weicht ab,wich ab,abgewichen,wiche ab,weich ab,weicht ab,sein,abzuweichen
abtauschen,tausche ab,tauschst ab,tauscht ab,tauschte ab,abgetauscht,tauschte ab,tausch ab,tauscht ab,haben,abzutauschen
herauskommen,komme heraus,kommst heraus,kommt heraus,kam heraus,herausgekommen,käme heraus,komm heraus,kommt heraus,sein,herzuauskommen
betreiben,betreibe,betreibst,betreibt,betrieb,betrieben,betriebe,betreibe,betreibt,haben,zu betreiben
dippen,dippe,dippst,dippt,dippte,gedippt,dippte,dippe,dippt,haben,zu dippen
läuten,läute,läutest,läutet,läutete,geläutet,läutete,läut,läutet,haben,zu läuten
durchhalten,halte durch,hältst durch,hält durch,hielt durch,durchgehalten,hielte durch,halte durch,haltet durch,haben,zu durchhalten
nominalisieren,nominalisiere,nominalisierst,nominalisiert,nominalisierte,nominalisiert,nominalisierte,nominalisiere,nominalisiert,haben,zu nominalisieren
downloaden,loade down,loadest down,loadet down,loadete down,downgeloadet,loadete down,loade down,loadet down,haben,zu downloaden
uploaden,uploade,uploadest,uploadet,uploadete,upgeloadet,uploadete,uploade,uploadet,haben,zu uploaden
hochladen,lade hoch,lädst hoch,lädt hoch,lud hoch,hochgeladen,lüde hoch,lad hoch,ladet hoch,haben,hochzuladen
einschließen,schließe ein,schließt ein,schließt ein,schloss ein,eingeschlossen,schlösse ein,schließ ein,schließt ein,haben,einzuschließen
hinnehmen,nehme hin,nimmst hin,nimmt hin,nahm hin,hingenommen,nähme hin,nimm hin,nehmt hin,haben,hinzunehmen
dulden,dulde,duldest,duldet,duldete,geduldet,duldete,dulde,duldet,haben,zu dulden
unterbinden,unterbinde,unterbindest,unterbindet,unterband,unterbunden,unterbände,unterbinde,unterbindet,haben,zu unterbinden
vermeiden,vermeide,vermeidest,vermeidet,vermied,vermieden,vermiede,vermeide,vermeidet,haben,zu vermeiden
verloben,verlobe,verlobst,verlobt,verlobte,verlobt,verlobte,verlobe,verlobt,haben,zu verloben
geboren werden,werde geboren,wirst geboren,wird geboren,wurde geboren,geboren worden,würde geboren,werde geboren,werdet geboren,sein,zu geboren werden
abhauen,haue ab,haust ab,haut ab,hieb ab,abgehauen,hiebe ab,hau ab,haut ab,haben,abzuhauen
airbrushen,airbrushe,airbrushst,airbrusht,airbrushte,geairbrusht,airbrushte,airbrush,airbrusht,haben,zu airbrushen
illustrieren,illustriere,illustrierst,illustriert,illustrierte,illustriert,illustrierte,illustrier,illustriert,haben,zu illustrieren
erstrecken,erstrecke,erstreckst,erstreckt,erstreckte,erstreckt,erstreckte,erstreck,erstreckt,haben,zu erstrecken
beantragen,beantrage,beantragst,beantragt,beantragte,beantragt,beantragte,beantrage,beantragt,haben,zu beantragen
erleichtern,erleichtere,erleichterst,erleichtert,erleichterte,erleichtert,erleichterte,erleichtere,erleichtert,haben,zu erleichtern
kreiden,kreide,kreidest,kreidet,kreidete,gekreidet,kreidete,kreide,kreidet,haben,zu kreiden
abschlagen,schlage ab,schlägst ab,schlägt ab,schlug ab,abgeschlagen,schlüge ab,schlag ab,schlagt ab,haben,abzuschlagen
schwurbeln,schwurble,schwurbelst,schwurbelt,schwurbelte,geschwurbelt,schwurbelte,schwurble,schwurbelt,haben,zu schwurbeln
weben,webe,webst,webt,webte,gewebt,webte,web,webt,haben,zu weben
lehnen,lehne,lehnst,lehnt,lehnte,gelehnt,lehnte,lehn,lehnt,haben,zu lehnen
lavieren,laviere,lavierst,laviert,lavierte,laviert,lavierte,laviere,laviert,haben,zu lavieren
ausarbeiten,arbeite aus,arbeitest aus,arbeitet aus,arbeitete aus,ausgearbeitet,arbeitete aus,arbeit aus,arbeitet aus,haben,auszuarbeiten
erschließen,erschließe,erschließt,erschließt,erschloss,erschlossen,erschlösse,erschließe,erschließt,haben,zu erschließen
säen,säe,säst,sät,säte,gesät,säte,sä,sät,haben,zu säen
canceln,cancele,cancelst,cancelt,cancelte,gecancelt,cancelte,cancel,cancelt,haben,zu canceln
plündern,plündere,plünderst,plündert,plünderte,geplündert,plünderte,plündre,plündert,haben,zu plündern
ausmustern,mustere aus,musterst aus,mustert aus,musterte aus,ausgemustert,musterte aus,mustere aus,mustert aus,haben,auszumustern
abstimmen,stimme ab,stimmst ab,stimmt ab,stimmte ab,abgestimmt,stimmte ab,stimm ab,stimmt ab,haben,abzustimmen
rotieren,rotiere,rotierst,rotiert,rotierte,rotiert,rotierte,rotier,rotiert,haben,zu rotieren
verzeihen,verzeihe,verzeihst,verzeiht,verzieh,verziehen,verziehe,verzeihe,verzeiht,haben,zu verzeihen
verfolgen,verfolge,verfolgst,verfolgt,verfolgte,verfolgt,verfolgte,verfolge,verfolgt,haben,zu verfolgen
senken,senke,senkst,senkt,senkte,gesenkt,senkte,senke,senkt,haben,zu senken
duschen,dusche,duschst,duscht,duschte,geduscht,duschte,dusch,duscht,haben,zu duschen
beruhigen,beruhige,beruhigst,beruhigt,beruhigte,beruhigt,beruhigte,beruhige,beruhigt,haben,zu beruhigen
lithographieren,lithographiere,lithographierst,lithographiert,lithographierte,lithographiert,lithographierte,lithographiere,lithographiert,haben,zu lithographieren
lithografieren,lithografiere,lithografierst,lithografiert,lithografierte,lithografiert,lithografierte,lithografiere,lithografiert,haben,zu lithografieren
kennzeichnen,kennzeichne,kennzeichnest,kennzeichnet,kennzeichnete,gekennzeichnet,kennzeichnete,kennzeichne,kennzeichnet,haben,zu kennzeichnen
wischen,wische,wischst,wischt,wischte,gewischt,wischte,wisch,wischt,haben,zu wischen
kritisieren,kritisiere,kritisierst,kritisiert,kritisierte,kritisiert,kritisierte,kritisiere,kritisiert,haben,zu kritisieren
teilnehmen,nehme teil,nimmst teil,nimmt teil,nahm teil,teilgenommen,nähme teil,nimm teil,nehmt teil,haben,zu teilnehmen
kaschen,kasche,kaschst,kascht,kaschte,gekascht,kaschte,kasch,kascht,haben,zu kaschen
anmelden,melde an,meldest an,meldet an,meldete an,angemeldet,meldete an,melde an,meldet an,haben,anzumelden
verschließen,verschließe,verschließt,verschließt,verschloss,verschlossen,verschlösse,verschließ,verschließt,haben,zu verschließen
summieren,summiere,summierst,summiert,summierte,summiert,summierte,summiere,summiert,haben,zu summieren
schubsen,schubse,schubst,schubst,schubste,geschubst,schubste,schubs,schubst,haben,zu schubsen
hervorrufen,rufe hervor,rufst hervor,ruft hervor,rief hervor,hervorgerufen,riefe hervor,ruf hervor,ruft hervor,haben,herzuvorrufen
pupsen,pupse,pupst,pupst,pupste,gepupst,pupste,pups,pupst,haben,zu pupsen
arrivieren,arriviere,arrivierst,arriviert,arrivierte,arriviert,arrivierte,arrivier,arriviert,sein,zu arrivieren
austauschen,tausche aus,tauschst aus,tauscht aus,tauschte aus,ausgetauscht,tauschte aus,tausch aus,tauscht aus,haben,auszutauschen
umsetzen,setze um,setzt um,setzt um,setzte um,umgesetzt,setzte um,setze um,setzt um,haben,umzusetzen
festsetzen,setze fest,setzt fest,setzt fest,setzte fest,festgesetzt,setzte fest,setz fest,setzt fest,haben,festzusetzen
verfallen,verfalle,verfällst,verfällt,verfiel,verfallen,verfiele,verfall,verfallt,sein,zu verfallen
gefährden,gefährde,gefährdest,gefährdet,gefährdete,gefährdet,gefährdete,gefährd,gefährdet,haben,zu gefährden
aufmachen,mache auf,machst auf,macht auf,machte auf,aufgemacht,machte auf,mach auf,macht auf,haben,aufzumachen
überzeugen,überzeuge,überzeugst,überzeugt,überzeugte,überzeugt,überzeugte,überzeuge,überzeugt,haben,zu überzeugen
klappern,klappere,klapperst,klappert,klapperte,geklappert,klapperte,klappere,klappert,haben,zu klappern
dünsten,dünste,dünstest,dünstet,dünstete,gedünstet,dünstete,dünst,dünstet,haben,zu dünsten
geifern,geifere,geiferst,geifert,geiferte,gegeifert,geiferte,geifer,geifert,haben,zu geifern
hineindenken,denke hinein,denkst hinein,denkt hinein,dachte hinein,hineingedacht,dächte hinein,denk hinein,denkt hinein,haben,hineinzudenken
verbarrikadieren,verbarrikadiere,verbarrikadierst,verbarrikadiert,verbarrikadierte,verbarrikadiert,verbarrikadierte,verbarrikadier,verbarrikadiert,haben,zu verbarrikadieren
porträtieren,porträtiere,porträtierst,porträtiert,porträtierte,porträtiert,porträtierte,porträtiere,porträtiert,haben,zu porträtieren
investieren,investiere,investierst,investiert,investierte,investiert,investierte,investiere,investiert,haben,zu investieren
kurbeln,kurble,kurbelst,kurbelt,kurbelte,gekurbelt,kurbelte,kurble,kurbelt,haben,zu kurbeln
reinziehen,ziehe rein,ziehst rein,zieht rein,zog rein,reingezogen,zöge rein,zieh rein,zieht rein,haben,reinzuziehen
plaudern,plaudre,plauderst,plaudert,plauderte,geplaudert,plauderte,plaudre,plaudert,haben,zu plaudern
auffallen,falle auf,fällst auf,fällt auf,fiel auf,aufgefallen,fiele auf,fall auf,fallt auf,sein,aufzufallen
salutieren,salutiere,salutierst,salutiert,salutierte,salutiert,salutierte,salutier,salutiert,haben,zu salutieren
ausrasten,raste aus,rastest aus,rastet aus,rastete aus,ausgerastet,rastete aus,rast aus,rastet aus,sein,auszurasten
feilschen,feilsche,feilschst,feilscht,feilschte,gefeilscht,feilschte,feilsche,feilschet,haben,zu feilschen
verbitten,verbitte,verbittest,verbittet,verbat,verbeten,verbäte,verbitte,verbittet,haben,zu verbitten
importieren,importiere,importierst,importiert,importierte,importiert,importierte,importiere,importiert,haben,zu importieren
rappen,rappe,rappst,rappt,rappte,gerappt,rappte,rapp,rappt,haben,zu rappen
erraten,errate,errätst,errät,erriet,erraten,erriete,errate,erratet,haben,zu erraten
nachsagen,sage nach,sagst nach,sagt nach,sagte nach,nachgesagt,sagte nach,sag nach,sagt nach,haben,nachzusagen
pulverisieren,pulverisiere,pulverisierst,pulverisiert,pulverisierte,pulverisiert,pulverisierte,pulverisier,pulverisiert,haben,zu pulverisieren
krabbeln,krabble,krabbelst,krabbelt,krabbelte,gekrabbelt,krabbelte,krabble,krabbelt,sein,zu krabbeln
übertreiben,übertreibe,übertreibst,übertreibt,übertrieb,übertrieben,übertriebe,übertreibe,übertreibt,haben,zu übertreiben
partizipieren,partizipiere,partizipierst,partizipiert,partizipierte,partizipiert,partizipierte,partizipiere,partizipiert,haben,zu partizipieren
grüßen,grüße,grüßt,grüßt,grüßte,gegrüßt,grüßte,grüße,grüßt,haben,zu grüßen
vorziehen,ziehe vor,ziehst vor,zieht vor,zog vor,vorgezogen,zöge vor,zieh vor,zieht vor,haben,zu vorziehen
beackern,beackere,beackerst,beackert,beackerte,beackert,beackerte,beackere,beackert,haben,zu beackern
ausschlafen,schlafe aus,schläfst aus,schläft aus,schlief aus,ausgeschlafen,schliefe aus,schlafe aus,schlaft aus,haben,auszuschlafen
radieren,radiere,radierst,radiert,radierte,radiert,radierte,radiere,radiert,haben,zu radieren
fusionieren,fusioniere,fusionierst,fusioniert,fusionierte,fusioniert,fusionierte,fusioniere,fusioniert,haben,zu fusionieren
ergattern,ergattere,ergatterst,ergattert,ergatterte,ergattert,ergatterte,ergattere,ergattert,haben,zu ergattern
speisen,speise,speist,speist,speiste,gespeist,speiste,speise,speiset,haben,zu speisen
mäandrieren,mäandriere,mäandrierst,mäandriert,mäandrierte,mäandriert,mäandrierte,mäandriere,mäandriert,haben,zu mäandrieren
erwähnen,erwähne,erwähnst,erwähnt,erwähnte,erwähnt,erwähnte,erwähne,erwähnt,haben,zu erwähnen
lemmatisieren,lemmatisiere,lemmatisierst,lemmatisiert,lemmatisierte,lemmatisiert,lemmatisierte,lemmatisiere,lemmatisiert,haben,zu lemmatisieren
bardieren,bardiere,bardierst,bardiert,bardierte,bardiert,bardierte,bardier,bardiert,haben,zu bardieren
kassibern,kassibere,kassiberst,kassibert,kassiberte,kassibert,kassiberte,kassibere,kassibert,haben,zu kassibern
ausbeinen,beine aus,beinst aus,beint aus,beinte aus,ausgebeint,beinte aus,beine aus,beint aus,haben,auszubeinen
anranzen,ranze an,ranzt an,ranzt an,ranzte an,angeranzt,ranzte an,ranze an,ranzt an,haben,anzuranzen
absahnen,sahne ab,sahnst ab,sahnt ab,sahnte ab,abgesahnt,sahnte ab,sahne ab,sahnt ab,haben,abzusahnen
einsehen,sehe ein,siehst ein,sieht ein,sah ein,eingesehen,sähe ein,sieh ein,seht ein,haben,einzusehen
nappieren,nappiere,nappierst,nappiert,nappierte,nappiert,nappierte,nappiere,nappiert,haben,zu nappieren
vermehren,vermehre,vermehrst,vermehrt,vermehrte,vermehrt,vermehrte,vermehre,vermehrt,haben,zu vermehren
umbenennen,benenne um,benennst um,benennt um,benannte um,umbenannt,benennte um,benenn um,benennt um,haben,umzubenennen
übersteigen,übersteige,übersteigst,übersteigt,überstieg,überstiegen,überstiege,übersteig,übersteigt,haben,zu übersteigen
einlaufen,laufe ein,läufst ein,läuft ein,lief ein,eingelaufen,liefe ein,lauf ein,lauft ein,sein,einzulaufen
flunkern,flunkere,flunkerst,flunkert,flunkerte,geflunkert,flunkerte,flunkere,flunkert,haben,zu flunkern
diluieren,diluiere,diluierst,diluiert,diluierte,diluiert,diluierte,diluiere,diluiert,haben,zu diluieren
frappieren,frappiere,frappierst,frappiert,frappierte,frappiert,frappierte,frappiere,frappiert,haben,zu frappieren
aufschweißen,schweiße auf,schweißt auf,schweißt auf,schweißte auf,aufgeschweißt,schweißte auf,schweiß auf,schweißt auf,haben,aufzuschweißen
herüberfahren,fahre herüber,fährst herüber,fährt herüber,fuhr herüber,herübergefahren,führe herüber,fahr herüber,fahrt herüber,sein,herzuüberfahren
dölmern,dölmere,dölmerst,dölmert,dölmerte,gedölmert,dölmerte,dölmer,dölmert,haben,zu dölmern
verdutzen,verdutze,verdutzt,verdutzt,verdutzte,verdutzt,verdutzte,verdutz,verdutzt,haben,zu verdutzen
zurückzucken,zucke zurück,zuckst zurück,zuckt zurück,zuckte zurück,zurückgezuckt,zuckte zurück,zuck zurück,zuckt zurück,sein,zuzurückzucken
aufstocken,stocke auf,stockst auf,stockt auf,stockte auf,aufgestockt,stockte auf,stock auf,stockt auf,haben,aufzustocken
tüddeln,tüddel,tüddelst,tüddelt,tüddelte,getüddelt,tüddelte,tüddel,tüddelt,haben,zu tüddeln
mahnen,mahne,mahnst,mahnt,mahnte,gemahnt,mahnte,mahne,mahnt,haben,zu mahnen
verknoten,verknote,verknotest,verknotet,verknotete,verknotet,verknotete,verknote,verknotet,haben,zu verknoten
ausschlachten,schlachte aus,schlachtest aus,schlachtet aus,schlachtete aus,ausgeschlachtet,schlachtete aus,schlacht aus,schlachtet aus,haben,auszuschlachten
fortloben,lobe fort,lobst fort,lobt fort,lobte fort,fortgelobt,lobte fort,lob fort,lobt  fort,haben,fortzuloben
herumlaufen,laufe herum,läufst herum,läuft herum,lief herum,herumgelaufen,liefe herum,lauf herum,lauft herum,sein,herzuumlaufen
aufdrängen,dränge auf,drängst auf,drängt auf,drängte auf,aufgedrängt,drängte auf,dränge auf,drängt auf,haben,aufzudrängen
zusammenleben,lebe zusammen,lebst zusammen,lebt zusammen,lebte zusammen,zusammengelebt,lebte zusammen,leb zusammen,lebt zusammen,haben,zuzusammenleben
emittieren,emittiere,emittierst,emittiert,emittierte,emittiert,emittierte,emittiere,emittiert,haben,zu emittieren
einlasten,laste ein,lastest ein,lastet ein,lastete ein,eingelastet,lastete ein,laste ein,lastet ein,haben,einzulasten
entschlagen,entschlage,entschlägst,entschlägt,entschlug,entschlagen,entschlüge,entschlag,entschlagt,haben,zu entschlagen
fakturieren,fakturiere,fakturierst,fakturiert,fakturierte,fakturiert,fakturierte,fakturiere,fakturiert,haben,zu fakturieren
beitragen,trage bei,trägst bei,trägt bei,trug bei,beigetragen,trüge bei,trag bei,tragt bei,haben,zu beitragen
flektieren,flektiere,flektierst,flektiert,flektierte,flektiert,flektierte,flektiere,flektiert,haben,zu flektieren
konjugieren,konjugiere,konjugierst,konjugiert,konjugierte,konjugiert,konjugierte,konjugiere,konjugiert,haben,zu konjugieren
formatieren,formatiere,formatierst,formatiert,formatierte,formatiert,formatierte,formatier,formatiert,haben,zu formatieren
starren,starre,starrst,starrt,starrte,gestarrt,starrte,starre,starrt,haben,zu starren
zürnen,zürne,zürnst,zürnt,zürnte,gezürnt,zürnte,zürne,zürnt,haben,zu zürnen
einprägen,präge ein,prägst ein,prägt ein,prägte ein,eingeprägt,prägte ein,präge ein,prägt ein,haben,einzuprägen
anlächeln,lächle an,lächelst an,lächelt an,lächelte an,angelächelt,lächelte an,lächle an,lächelt an,haben,anzulächeln
vermögen,vermag,vermagst,vermag,vermochte,vermocht,vermöchte,vermöge,vermöget,haben,zu vermögen
zerreißen,zerreiße,zerreißt,zerreißt,zerriss,zerrissen,zerrisse,zerreiß,zerreißt,haben,zu zerreißen
kleckern,kleckere,kleckerst,kleckert,kleckerte,gekleckert,kleckerte,kleckere,kleckert,haben,zu kleckern
einweihen,weihe ein,weihst ein,weiht ein,weihte ein,eingeweiht,weihte ein,weih ein,weiht ein,haben,einzuweihen
erproben,erprobe,erprobst,erprobt,erprobte,erprobt,erprobte,erprob,erprobt,haben,zu erproben
abrücken,rücke ab,rückst ab,rückt ab,rückte ab,abgerückt,rückte ab,rück ab,rückt ab,sein,abzurücken
triagieren,triagiere,triagierst,triagiert,triagierte,triagiert,triagierte,triagiere,triagiert,haben,triazugieren
lästern,lästere,lästerst,lästert,lästerte,gelästert,lästerte,lästere,lästert,haben,zu lästern
auftakeln,takele auf,takelst auf,takelt auf,takelte auf,aufgetakelt,takelte auf,takle auf,takelt auf,haben,aufzutakeln
trielen,triele,trielst,trielt,trielte,getrielt,trielte,triel,trielt,haben,zu trielen
zerlassen,zerlasse,zerlässt,zerlässt,zerließ,zerlassen,zerließe,zerlasse,zerlasst,haben,zu zerlassen
abwerfen,werfe ab,wirfst ab,wirft ab,warf ab,abgeworfen,würfe ab,wirf ab,werft ab,haben,abzuwerfen
verschleiern,verschleiere,verschleierst,verschleiert,verschleierte,verschleiert,verschleierte,verschleiere,verschleiert,haben,zu verschleiern
zugehen,gehe zu,gehst zu,geht zu,ging zu,zugegangen,ginge zu,geh zu,geht zu,sein,zuzugehen
herumzeigen,zeige herum,zeigst herum,zeigt herum,zeigte herum,herumgezeigt,zeigte herum,zeig herum,zeigt herum,haben,herzuumzeigen
eingreifen,greife ein,greifst ein,greift ein,griff ein,eingegriffen,griffe ein,greife ein,greift ein,haben,einzugreifen
sträuben,sträube,sträubst,sträubt,sträubte,gesträubt,sträubte,sträub,sträubt,haben,zu sträuben
anflehen,flehe an,flehst an,fleht an,flehte an,angefleht,flehte an,fleh an,fleht an,haben,anzuflehen
auslachen,lache aus,lachst aus,lacht aus,lachte aus,ausgelacht,lachte aus,lach aus,lacht aus,haben,auszulachen
geraten,gerate,gerätst,gerät,geriet,geraten,geriete,gerate,geratet,sein,zu geraten
verunsichern,verunsichere,verunsicherst,verunsichert,verunsicherte,verunsichert,verunsicherte,verunsichere,verunsichert,haben,zu verunsichern
stopfen,stopfe,stopfst,stopft,stopfte,gestopft,stopfte,stopfe,stopft,haben,zu stopfen
verstrahlen,verstrahle,verstrahlst,verstrahlt,verstrahlte,verstrahlt,verstrahlte,verstrahle,verstrahlt,haben,zu verstrahlen
pfropfen,pfropfe,pfropfst,pfropft,pfropfte,gepfropft,pfropfte,pfropf,pfropft,haben,zu pfropfen
abwägen,wäge ab,wägst ab,wägt ab,wog ab,abgewogen,wöge ab,wäge ab,wägt ab,haben,abzuwägen
versprengen,versprenge,versprengst,versprengt,versprengte,versprengt,versprengte,versprenge,versprengt,haben,zu versprengen
sondieren,sondiere,sondierst,sondiert,sondierte,sondiert,sondierte,sondiere,sondiert,haben,zu sondieren
nölen,nöle,nölst,nölt,nölte,genölt,nölte,nöl,nölt,haben,zu nölen
frittieren,frittiere,frittierst,frittiert,frittierte,frittiert,frittierte,frittiere,frittiert,haben,zu frittieren
zögern,zögere,zögerst,zögert,zögerte,gezögert,zögerte,zögere,zögert,haben,zu zögern
vibrieren,vibriere,vibrierst,vibriert,vibrierte,vibriert,vibrierte,vibriere,vibriert,haben,zu vibrieren
kämmen,kämme,kämmst,kämmt,kämmte,gekämmt,kämmte,kämme,kämmt,haben,zu kämmen
signieren,signiere,signierst,signiert,signierte,signiert,signierte,signiere,signiert,haben,zu signieren
rasieren,rasiere,rasierst,rasiert,rasierte,rasiert,rasierte,rasier,rasiert,haben,zu rasieren
pusten,puste,pustest,pustet,pustete,gepustet,pustete,puste,pustet,haben,zu pusten
inkriminieren,inkriminiere,inkriminierst,inkriminiert,inkriminierte,inkriminiert,inkriminierte,inkriminiere,inkriminiert,haben,zu inkriminieren
erleben,erlebe,erlebst,erlebt,erlebte,erlebt,erlebte,erlebe,erlebt,haben,zu erleben
locken,locke,lockst,lockt,lockte,gelockt,lockte,locke,lockt,haben,zu locken
schmücken,schmücke,schmückst,schmückt,schmückte,geschmückt,schmückte,schmücke,schmückt,haben,zu schmücken
dengeln,dengele,dengelst,dengelt,dengelte,gedengelt,dengelte,dengele,dengelt,haben,zu dengeln
signalisieren,signalisiere,signalisierst,signalisiert,signalisierte,signalisiert,signalisierte,signalisiere,signalisiert,haben,zu signalisieren
quarzen,quarze,quarzt,quarzt,quarzte,gequarzt,quarzte,quarz,quarzt,haben,zu quarzen
variieren,variiere,variierst,variiert,variierte,variiert,variierte,variiere,variiert,haben,zu variieren
härten,härte,härtest,härtet,härtete,gehärtet,härtete,härt,härtet,haben,zu härten
pressieren,pressiere,pressierst,pressiert,pressierte,pressiert,pressierte,pressiere,pressiert,haben,zu pressieren
pflanzen,pflanze,pflanzt,pflanzt,pflanzte,gepflanzt,pflanzte,pflanze,pflanzt,haben,zu pflanzen
aufkleben,klebe auf,klebst auf,klebt auf,klebte auf,aufgeklebt,klebte auf,kleb auf,klebt auf,haben,aufzukleben
stöbern,stöbere,stöberst,stöbert,stöberte,gestöbert,stöberte,stöber,stöbert,haben,zu stöbern
blockieren,blockiere,blockierst,blockiert,blockierte,blockiert,blockierte,blockier,blockiert,haben,zu blockieren
repräsentieren,repräsentiere,repräsentierst,repräsentiert,repräsentierte,repräsentiert,repräsentierte,repräsentiere,repräsentiert,haben,zu repräsentieren
durchhängen,hänge durch,hängst durch,hängt durch,hing durch,durchgehangen,hinge durch,hänge durch,hängt durch,haben,zu durchhängen
verpacken,verpacke,verpackst,verpackt,verpackte,verpackt,verpackte,verpacke,verpackt,haben,zu verpacken
trotzen,trotze,trotzt,trotzt,trotzte,getrotzt,trotzte,trotze,trotzt,haben,zu trotzen
anfahren,fahre an,fährst an,fährt an,fuhr an,angefahren,führe an,fahr an,fahrt an,haben,anzufahren
begehren,begehre,begehrst,begehrt,begehrte,begehrt,begehrte,begehre,begehret,haben,zu begehren
konsumieren,konsumiere,konsumierst,konsumiert,konsumierte,konsumiert,konsumierte,konsumiere,konsumiert,haben,zu konsumieren
ernähren,ernähre,ernährst,ernährt,ernährte,ernährt,ernährte,ernähr,ernährt,haben,zu ernähren
exmatrikulieren,exmatrikuliere,exmatrikulierst,exmatrikuliert,exmatrikulierte,exmatrikuliert,exmatrikulierte,exmatrikuliere,exmatrikuliert,haben,zu exmatrikulieren
dezidieren,dezidiere,dezidierst,dezidiert,dezidierte,dezidiert,dezidierte,dezidiere,dezidiert,haben,zu dezidieren
reduzieren,reduziere,reduzierst,reduziert,reduzierte,reduziert,reduzierte,reduziere,reduziert,haben,zu reduzieren
verfilzen,verfilze,verfilzt,verfilzt,verfilzte,verfilzt,verfilzte,verfilze,verfilzt,haben,zu verfilzen
verüben,verübe,verübst,verübt,verübte,verübt,verübte,verübe,verübt,haben,zu verüben
kreuzen,kreuze,kreuzt,kreuzt,kreuzte,gekreuzt,kreuzte,kreuze,kreuzt,haben,zu kreuzen
flechten,flechte,flichtst,flicht,flocht,geflochten,flöchte,flicht,flechtet,haben,zu flechten
meditieren,meditiere,meditierst,meditiert,meditierte,meditiert,meditierte,meditier,meditiert,haben,zu meditieren
kandieren,kandiere,kandierst,kandiert,kandierte,kandiert,kandierte,kandiere,kandiert,haben,zu kandieren
vereitern,vereitere,vereiterst,vereitert,vereiterte,vereitert,vereiterte,vereitere,vereitert,sein,zu vereitern
verkümmern,verkümmere,verkümmerst,verkümmert,verkümmerte,verkümmert,verkümmerte,verkümmere,verkümmert,sein,zu verkümmern
vorbereiten,bereite vor,bereitest vor,bereitet vor,bereitete vor,vorbereitet,bereitete vor,bereite vor,bereitet vor,haben,zu vorbereiten
bügeln,bügle,bügelst,bügelt,bügelte,gebügelt,bügelte,bügle,bügelt,haben,zu bügeln
glätten,glätte,glättest,glättet,glättete,geglättet,glättete,glätt,glättet,haben,zu glätten
borgen,borge,borgst,borgt,borgte,geborgt,borgte,borge,borgt,haben,zu borgen
dealen,deale,dealst,dealt,dealte,gedealt,dealte,deale,dealt,haben,zu dealen
klären,kläre,klärst,klärt,klärte,geklärt,klärte,klär,klärt,haben,zu klären
stoppen,stoppe,stoppst,stoppt,stoppte,gestoppt,stoppte,stopp,stoppt,haben,zu stoppen
zweifeln,zweifle,zweifelst,zweifelt,zweifelte,gezweifelt,zweifelte,zweifle,zweifelt,haben,zu zweifeln
vermissen,vermisse,vermisst,vermisst,vermisste,vermisst,vermisste,vermisse,vermisst,haben,zu vermissen
abschicken,schicke ab,schickst ab,schickt ab,schickte ab,abgeschickt,schickte ab,schick ab,schickt ab,haben,abzuschicken
liefern,liefere,lieferst,liefert,lieferte,geliefert,lieferte,liefere,liefert,haben,zu liefern
reimen,reime,reimst,reimt,reimte,gereimt,reimte,reime,reimt,haben,zu reimen
verschweigen,verschweige,verschweigst,verschweigt,verschwieg,verschwiegen,verschwiege,verschweige,verschweigt,haben,zu verschweigen
vorbeifahren,fahre vorbei,fährst vorbei,fährt vorbei,fuhr vorbei,vorbeigefahren,führe vorbei,fahr vorbei,fahrt vorbei,sein,vorbeizufahren
randalieren,randaliere,randalierst,randaliert,randalierte,randaliert,randalierte,randalier,randaliert,haben,zu randalieren
basieren,basiere,basierst,basiert,basierte,basiert,basierte,basier,basiert,haben,zu basieren
bemängeln,bemängle,bemängelst,bemängelt,bemängelte,bemängelt,bemängelte,bemängle,bemängelt,haben,zu bemängeln
kribbeln,kribble,kribbelst,kribbelt,kribbelte,gekribbelt,kribbelte,kribble,kribbelt,haben,zu kribbeln
absetzen,setze ab,setzt ab,setzt ab,setzte ab,abgesetzt,setzte ab,setz ab,setzt ab,haben,abzusetzen
fasten,faste,fastest,fastet,fastete,gefastet,fastete,fast,fastet,haben,zu fasten
züchten,züchte,züchtest,züchtet,züchtete,gezüchtet,züchtete,züchte,züchtet,haben,zu züchten
krachen,krache,krachst,kracht,krachte,gekracht,krachte,krache,kracht,haben,zu krachen
feststellen,stelle fest,stellst fest,stellt fest,stellte fest,festgestellt,stellte fest,stell fest,stellt fest,haben,festzustellen
festlegen,lege fest,legst fest,legt fest,legte fest,festgelegt,legte fest,lege fest,legt fest,haben,festzulegen
erstellen,erstelle,erstellst,erstellt,erstellte,erstellt,erstellte,erstelle,erstellt,haben,zu erstellen
verhören,verhöre,verhörst,verhört,verhörte,verhört,verhörte,verhöre,verhört,haben,zu verhören
untertreiben,untertreibe,untertreibst,untertreibt,untertrieb,untertrieben,untertriebe,untertreibe,untertreibt,haben,zu untertreiben
raven,rave,ravst,ravt,ravte,geravt,ravte,rave,ravt,haben,zu raven
polieren,poliere,polierst,poliert,polierte,poliert,polierte,poliere,poliert,haben,zu polieren
erhitzen,erhitze,erhitzt,erhitzt,erhitzte,erhitzt,erhitzte,erhitz,erhitzt,haben,zu erhitzen
shorten,shorte,shortest,shortet,shortete,geshortet,shortete,shorte,shortet,haben,zu shorten
perhorreszieren,perhorresziere,perhorreszierst,perhorresziert,perhorreszierte,perhorresziert,perhorreszierte,perhorresziere,perhorresziert,haben,perhorreszuzieren
abhalten,halte ab,hältst ab,hält ab,hielt ab,abgehalten,hielte ab,halte ab,haltet ab,haben,abzuhalten
schraffieren,schraffiere,schraffierst,schraffiert,schraffierte,schraffiert,schraffierte,schraffier,schraffiert,haben,zu schraffieren
gaumen,gaume,gaumst,gaumt,gaumte,gegaumt,gaumte,gaume,gaumt,haben,zu gaumen
abkühlen,kühle ab,kühlst ab,kühlt ab,kühlte ab,abgekühlt,kühlte ab,kühle ab,kühlt ab,haben,abzukühlen
organisieren,organisiere,organisierst,organisiert,organisierte,organisiert,organisierte,organisiere,organisiert,haben,zu organisieren
schauspielern,schauspielere,schauspielerst,schauspielert,schauspielerte,geschauspielert,schauspielerte,schauspieler,schauspielert,haben,zu schauspielern
einräumen,räume ein,räumst ein,räumt ein,räumte ein,eingeräumt,räumte ein,räum ein,räumt ein,haben,einzuräumen
vorrücken,rücke vor,rückst vor,rückt vor,rückte vor,vorgerückt,rückte vor,rück vor,rückt vor,sein,zu vorrücken
paginieren,paginiere,paginierst,paginiert,paginierte,paginiert,paginierte,paginiere,paginiert,haben,zu paginieren
preisen,preise,preist,preist,pries,gepriesen,priese,preise,preist,haben,zu preisen
anheben,hebe an,hebst an,hebt an,hob an,angehoben,höbe an,heb an,hebt an,haben,anzuheben
schütteln,schüttle,schüttelst,schüttelt,schüttelte,geschüttelt,schüttelte,schüttle,schüttelt,haben,zu schütteln
schnitzen,schnitze,schnitzt,schnitzt,schnitzte,geschnitzt,schnitzte,schnitz,schnitzt,haben,zu schnitzen
unterteufen,unterteufe,unterteufst,unterteuft,unterteufte,unterteuft,unterteufte,unterteufe,unterteuft,haben,zu unterteufen
rutschen,rutsche,rutschst,rutscht,rutschte,gerutscht,rutschte,rutsch,rutschet,sein,zu rutschen
einreichen,reiche ein,reichst ein,reicht ein,reichte ein,eingereicht,reichte ein,reich ein,reicht ein,haben,einzureichen
beschmutzen,beschmutze,beschmutzt,beschmutzt,beschmutzte,beschmutzt,beschmutzte,beschmutze,beschmutzt,haben,zu beschmutzen
mosern,mosere,moserst,mosert,moserte,gemosert,moserte,mosere,mosert,haben,zu mosern
verschwenden,verschwende,verschwendest,verschwendet,verschwendete,verschwendet,verschwendete,verschwende,verschwendet,haben,zu verschwenden
killen,kille,killst,killt,killte,gekillt,killte,kille,killt,haben,zu killen
verteidigen,verteidige,verteidigst,verteidigt,verteidigte,verteidigt,verteidigte,verteidige,verteidigt,haben,zu verteidigen
spannen,spanne,spannst,spannt,spannte,gespannt,spannte,spanne,spannt,haben,zu spannen
erstechen,ersteche,erstichst,ersticht,erstach,erstochen,erstäche,erstich,erstecht,haben,zu erstechen
warnen,warne,warnst,warnt,warnte,gewarnt,warnte,warne,warnt,haben,zu warnen
vermischen,vermische,vermischst,vermischt,vermischte,vermischt,vermischte,vermische,vermischt,haben,zu vermischen
ausstatten,statte aus,stattest aus,stattet aus,stattete aus,ausgestattet,stattete aus,statt aus,stattet aus,haben,auszustatten
abgrenzen,grenze ab,grenzt ab,grenzt ab,grenzte ab,abgegrenzt,grenzte ab,grenze ab,grenzt ab,haben,abzugrenzen
pochieren,pochiere,pochierst,pochiert,pochierte,pochiert,pochierte,pochiere,pochiert,haben,zu pochieren
abkündigen,kündige ab,kündigst ab,kündigt ab,kündigte ab,abgekündigt,kündigte ab,kündige ab,kündigt ab,haben,abzukündigen
subskribieren,subskribiere,subskribierst,subskribiert,subskribierte,subskribiert,subskribierte,subskribiere,subskribiert,haben,zu subskribieren
objektivieren,objektiviere,objektivierst,objektiviert,objektivierte,objektiviert,objektivierte,objektiviere,objektiviert,haben,zu objektivieren
gönnen,gönne,gönnst,gönnt,gönnte,gegönnt,gönnte,gönne,gönnt,haben,zu gönnen
ordnen,ordne,ordnest,ordnet,ordnete,geordnet,ordnete,ordne,ordnet,haben,zu ordnen
rösten,röste,röstest,röstet,röstete,geröstet,röstete,röst,röstet,haben,zu rösten
abseihen,seihe ab,seihst ab,seiht ab,seihte ab,abgeseiht,seihte ab,seih ab,seiht ab,haben,abzuseihen
explodieren,explodiere,explodierst,explodiert,explodierte,explodiert,explodierte,explodier,explodiert,sein,zu explodieren
verstreichen,verstreiche,verstreichst,verstreicht,verstrich,verstrichen,verstriche,verstreiche,verstreicht,haben,zu verstreichen
schwängern,schwängere,schwängerst,schwängert,schwängerte,geschwängert,schwängerte,schwängere,schwängert,haben,zu schwängern
formulieren,formuliere,formulierst,formuliert,formulierte,formuliert,formulierte,formuliere,formuliert,haben,zu formulieren
einweisen,weise ein,weist ein,weist ein,wies ein,eingewiesen,wiese ein,weise ein,weist ein,haben,einzuweisen
montieren,montiere,montierst,montiert,montierte,montiert,montierte,montiere,montiert,haben,zu montieren
zanken,zanke,zankst,zankt,zankte,gezankt,zankte,zank,zankt,haben,zu zanken
marinieren,mariniere,marinierst,mariniert,marinierte,mariniert,marinierte,marinier,mariniert,haben,zu marinieren
filetieren,filetiere,filetierst,filetiert,filetierte,filetiert,filetierte,filetiere,filetiert,haben,zu filetieren
verirren,verirre,verirrst,verirrt,verirrte,verirrt,verirrte,verirr,verirrt,haben,zu verirren
verspäten,verspäte,verspätest,verspätet,verspätete,verspätet,verspätete,verspät,verspätet,haben,zu verspäten
einmischen,mische ein,mischst ein,mischt ein,mischte ein,eingemischt,mischte ein,misch ein,mischt ein,haben,einzumischen
nominieren,nominiere,nominierst,nominiert,nominierte,nominiert,nominierte,nominiere,nominiert,haben,zu nominieren
verordnen,verordne,verordnest,verordnet,verordnete,verordnet,verordnete,verordne,verordnet,haben,zu verordnen
amputieren,amputiere,amputierst,amputiert,amputierte,amputiert,amputierte,amputiere,amputiert,haben,zu amputieren
rochieren,rochiere,rochierst,rochiert,rochierte,rochiert,rochierte,rochier,rochiert,haben,zu rochieren
wegräumen,räume weg,räumst weg,räumt weg,räumte weg,weggeräumt,räumte weg,räum weg,räumt weg,haben,wegzuräumen
vergeigen,vergeige,vergeigst,vergeigt,vergeigte,vergeigt,vergeigte,vergeig,vergeigt,haben,zu vergeigen
erschrecken,erschrecke,erschreckst,erschreckt,erschreckte,erschreckt,erschreckte,erschrecke,erschreckt,haben,zu erschrecken
aufsticken,sticke auf,stickst auf,stickt auf,stickte auf,aufgestickt,stickte auf,sticke auf,stickt auf,haben,aufzusticken
stapeln,staple,stapelst,stapelt,stapelte,gestapelt,stapelte,staple,stapelt,haben,zu stapeln
vereisen,vereise,vereist,vereist,vereiste,vereist,vereiste,vereis,vereist,sein,zu vereisen
herumkramen,krame herum,kramst herum,kramt herum,kramte herum,herumgekramt,kramte herum,kram herum,kramt herum,haben,herzuumkramen
zusammenarbeiten,arbeite zusammen,arbeitest zusammen,arbeitet zusammen,arbeitete zusammen,zusammengearbeitet,arbeitete zusammen,arbeite zusammen,arbeitet zusammen,haben,zuzusammenarbeiten
aufteen,tee auf,teest auf,teet auf,teete auf,aufgeteet,teete auf,tee auf,teet auf,haben,aufzuteen
spuken,spuke,spukst,spukt,spukte,gespukt,spukte,spuk,spukt,haben,zu spuken
zusammenkratzen,kratze zusammen,kratzt zusammen,kratzt zusammen,kratzte zusammen,zusammengekratzt,kratzte zusammen,kratze zusammen,kratzt zusammen,haben,zuzusammenkratzen
popeln,pople,popelst,popelt,popelte,gepopelt,popelte,pople,popelt,haben,zu popeln
entwalden,entwalde,entwaldest,entwaldet,entwaldete,entwaldet,entwaldete,entwalde,entwaldet,haben,zu entwalden
gleichtun,tue gleich,tust gleich,tut gleich,tat gleich,gleichgetan,täte gleich,tu gleich,tut gleich,haben,gleichzutun
herumplagen,plage herum,plagst herum,plagt herum,plagte herum,herumgeplagt,plagte herum,plag herum,plagt herum,haben,herzuumplagen
bedanken,bedanke,bedankst,bedankt,bedankte,bedankt,bedankte,bedank,bedankt,haben,zu bedanken
zusammenrechnen,rechne zusammen,rechnest zusammen,rechnet zusammen,rechnete zusammen,zusammengerechnet,rechnete zusammen,rechne zusammen,rechnet zusammen,haben,zuzusammenrechnen
kontaktieren,kontaktiere,kontaktierst,kontaktiert,kontaktierte,kontaktiert,kontaktierte,kontaktiere,kontaktiert,haben,zu kontaktieren
überfahren,überfahre,überfährst,überfährt,überfuhr,überfahren,überführe,überfahre,überfahrt,haben,zu überfahren
deuten,deute,deutest,deutet,deutete,gedeutet,deutete,deut,deutet,haben,zu deuten
umpolen,pole um,polst um,polt um,polte um,umgepolt,polte um,pole um,polt um,haben,umzupolen
verfressen,verfresse,verfrisst,verfrisst,verfraß,verfressen,verfräße,verfriss,verfresst,haben,zu verfressen
zusammensparen,spare zusammen,sparst zusammen,spart zusammen,sparte zusammen,zusammengespart,sparte zusammen,spare zusammen,spart zusammen,haben,zuzusammensparen
einiggehen,gehe einig,gehst einig,geht einig,ging einig,einiggegangen,ginge einig,geh einig,geht einig,sein,einzuiggehen
aufzwirbeln,zwirble auf,zwirbelst auf,zwirbelt auf,zwirbelte auf,aufgezwirbelt,zwirbelte auf,zwirble auf,zwirbelt auf,haben,aufzuzwirbeln
kondensieren,kondensiere,kondensierst,kondensiert,kondensierte,kondensiert,kondensierte,kondensier,kondensiert,haben,zu kondensieren
anstehen,stehe an,stehst an,steht an,stand an,angestanden,stünde an,steh an,steht an,haben,anzustehen
klingeln,klingele,klingelst,klingelt,klingelte,geklingelt,klingelte,klingle,klingelt,haben,zu klingeln
abstützen,stütze ab,stützt ab,stützt ab,stützte ab,abgestützt,stützte ab,stütze ab,stützt ab,haben,abzustützen
abschrecken,schrecke ab,schreckst ab,schreckt ab,schreckte ab,abgeschreckt,schreckte ab,schreck ab,schreckt ab,haben,abzuschrecken
angehen,gehe an,gehst an,geht an,ging an,angegangen,ginge an,geh an,geht an,sein,anzugehen
andauern,dauere an,dauerst an,dauert an,dauerte an,angedauert,dauerte an,dauer an,dauert an,haben,anzudauern
ausladen,lade aus,lädst aus,lädt aus,lud aus,ausgeladen,lüde aus,lad aus,ladet aus,haben,auszuladen
ausschließen,schließe aus,schließt aus,schließt aus,schloss aus,ausgeschlossen,schlösse aus,schließ aus,schließt aus,haben,auszuschließen
ausnutzen,nutze aus,nutzt aus,nutzt aus,nutzte aus,ausgenutzt,nutzte aus,nutz aus,nutzt aus,haben,auszunutzen
roboten,robote,robotest,robotet,robotete,gerobotet,robotete,robote,robotet,haben,zu roboten
regulieren,reguliere,regulierst,reguliert,regulierte,reguliert,regulierte,reguliere,reguliert,haben,zu regulieren
konterfeien,konterfeie,konterfeist,konterfeit,konterfeite,gekonterfeit,konterfeite,konterfeie,konterfeit,haben,zu konterfeien
becircen,becirce,becirct,becirct,becircte,becirct,becircte,becirce,becirct,haben,zu becircen
absagen,sage ab,sagst ab,sagt ab,sagte ab,abgesagt,sagte ab,sage ab,sagt ab,haben,abzusagen
abwiegen,wiege ab,wiegst ab,wiegt ab,wog ab,abgewogen,wöge ab,wieg ab,wiegt ab,haben,abzuwiegen
gegenlesen,lese gegen,liest gegen,liest gegen,las gegen,gegengelesen,läse gegen,lies gegen,lest gegen,haben,zu gegenlesen
salzen,salze,salzt,salzt,salzte,gesalzen,salzte,salze,salzt,haben,zu salzen
aufhängen,hänge auf,hängst auf,hängt auf,hängte auf,aufgehängt,hängte auf,häng auf,hängt auf,haben,aufzuhängen
prägen,präge,prägst,prägt,prägte,geprägt,prägte,präge,prägt,haben,zu prägen
beschönigen,beschönige,beschönigst,beschönigt,beschönigte,beschönigt,beschönigte,beschönige,beschönigt,haben,zu beschönigen
vergackeiern,vergackeiere,vergackeierst,vergackeiert,vergackeierte,vergackeiert,vergackeierte,vergackeiere,vergackeiert,haben,zu vergackeiern
vermaledeien,vermaledeie,vermaledeist,vermaledeit,vermaledeite,vermaledeit,vermaledeite,vermaledeie,vermaledeit,haben,zu vermaledeien
glücken,glücke,glückst,glückt,glückte,geglückt,glückte,glücke,glückt,sein,zu glücken
schwäbeln,schwäble,schwäbelst,schwäbelt,schwäbelte,geschwäbelt,schwäbelte,schwäble,schwäbelt,haben,zu schwäbeln
herunterfallen,falle herunter,fällst herunter,fällt herunter,fiel herunter,heruntergefallen,fiele herunter,fall herunter,fallt herunter,sein,herzuunterfallen
runterfallen,falle runter,fällst runter,fällt runter,fiel runter,runtergefallen,fiele runter,fall runter,fallt runter,sein,runterzufallen
dressieren,dressiere,dressierst,dressiert,dressierte,dressiert,dressierte,dressiere,dressiert,haben,zu dressieren
fotografieren,fotografiere,fotografierst,fotografiert,fotografierte,fotografiert,fotografierte,fotografiere,fotografiert,haben,zu fotografieren
maledeien,maledeie,maledeist,maledeit,maledeite,maledeit,maledeite,maledeie,maledeit,haben,zu maledeien
kreisen,kreise,kreist,kreist,kreiste,gekreist,kreiste,kreise,kreist,sein,zu kreisen
kooperieren,kooperiere,kooperierst,kooperiert,kooperierte,kooperiert,kooperierte,kooperier,kooperiert,haben,zu kooperieren
vergewissern,vergewissere,vergewisserst,vergewissert,vergewisserte,vergewissert,vergewisserte,vergewissere,vergewissert,haben,zu vergewissern
wehtun,tu weh,tust weh,tut weh,tat weh,wehgetan,täte weh,tu weh,tut weh,haben,wehzutun
rechtschreiben,—,—,—,—,rechtgeschrieben,—,—,—,—,rechtschzureiben
krähen,krähe,krähst,kräht,krähte,gekräht,krähte,kräh,kräht,haben,zu krähen
aktivieren,aktiviere,aktivierst,aktiviert,aktivierte,aktiviert,aktivierte,aktiviere,aktiviert,haben,zu aktivieren
spechteln,spechtle,spechtelst,spechtelt,spechtelte,gespechtelt,spechtelte,spechtle,spechtelt,haben,zu spechteln
aktualisieren,aktualisiere,aktualisierst,aktualisiert,aktualisierte,aktualisiert,aktualisierte,aktualisiere,aktualisiert,haben,zu aktualisieren
errichten,errichte,errichtest,errichtet,errichtete,errichtet,errichtete,errichte,errichtet,haben,zu errichten
bremsen,bremse,bremst,bremst,bremste,gebremst,bremste,brems,bremst,haben,zu bremsen
verschreien,verschreie,verschreist,verschreit,verschrie,verschrien,verschrie,verschrei,verschreit,haben,zu verschreien
miterleben,erlebe mit,erlebst mit,erlebt mit,erlebte mit,miterlebt,erlebte mit,erleb mit,erlebt mit,haben,mitzuerleben
raufen,raufe,raufst,rauft,raufte,gerauft,raufte,raufe,rauft,haben,zu raufen
entfalten,entfalte,entfaltest,entfaltet,entfaltete,entfaltet,entfaltete,entfalt,entfaltet,haben,zu entfalten
bähen,bähe,bähst,bäht,bähte,gebäht,bähte,bähe,bäht,haben,zu bähen
begnügen,begnüge,begnügst,begnügt,begnügte,begnügt,begnügte,begnüge,begnügt,haben,zu begnügen
anheimstellen,stelle anheim,stellst anheim,stellt anheim,stellte anheim,anheimgestellt,stellte anheim,stelle anheim,stellt anheim,haben,anzuheimstellen
blanchieren,blanchiere,blanchierst,blanchiert,blanchierte,blanchiert,blanchierte,blanchier,blanchiert,haben,zu blanchieren
verstatten,verstatte,verstattest,verstattet,verstattete,verstattet,verstattete,verstatte,verstattet,haben,zu verstatten
aufweisen,weise auf,weist auf,weist auf,wies auf,aufgewiesen,wiese auf,weise auf,weist auf,haben,aufzuweisen
aneignen,eigne an,eignest an,eignet an,eignete an,angeeignet,eignete an,eigne an,eignet an,haben,anzueignen
einwickeln,wickle ein,wickelst ein,wickelt ein,wickelte ein,eingewickelt,wickelte ein,wickle ein,wickelt ein,haben,einzuwickeln
anstreben,strebe an,strebst an,strebt an,strebte an,angestrebt,strebte an,strebe an,strebt an,haben,anzustreben
streben,strebe,strebst,strebt,strebte,gestrebt,strebte,strebe,strebt,haben,zu streben
anvertrauen,vertraue an,vertraust an,vertraut an,vertraute an,anvertraut,vertraute an,vertraue an,vertraut an,haben,anzuvertrauen
aufwenden,wende auf,wendest auf,wendet auf,wandte auf,aufgewandt,wandte auf,wende auf,wendet auf,haben,aufzuwenden
verdauen,verdaue,verdaust,verdaut,verdaute,verdaut,verdaute,verdaue,verdaut,haben,zu verdauen
ausrutschen,rutsche aus,rutschst aus,rutscht aus,rutschte aus,ausgerutscht,rutschte aus,rutsch aus,rutscht aus,sein,auszurutschen
aufkreuzen,kreuze auf,kreuzt auf,kreuzt auf,kreuzte auf,aufgekreuzt,kreuzte auf,kreuz auf,kreuzt auf,sein,aufzukreuzen
simplifizieren,simplifiziere,simplifizierst,simplifiziert,simplifizierte,simplifiziert,simplifizierte,simplifiziere,simplifiziert,haben,zu simplifizieren
versammeln,versammle,versammelst,versammelt,versammelte,versammelt,versammelte,versammle,versammelt,haben,zu versammeln
hegen,hege,hegst,hegt,hegte,gehegt,hegte,heg,hegt,haben,zu hegen
feixen,feixe,feixt,feixt,feixte,gefeixt,feixte,feixe,feixt,haben,zu feixen
quantifizieren,quantifiziere,quantifizierst,quantifiziert,quantifizierte,quantifiziert,quantifizierte,quantifiziere,quantifiziert,haben,zu quantifizieren
xerographieren,xerographiere,xerographierst,xerographiert,xerographierte,xerographiert,xerographierte,xerographiere,xerographiert,sein,zu xerographieren
relaxen,relaxe,relaxt,relaxt,relaxte,relaxt,relaxte,relax,relaxt,haben,zu relaxen
überwachen,überwache,überwachst,überwacht,überwachte,überwacht,überwachte,überwache,überwacht,haben,zu überwachen
golfen,golfe,golfst,golft,golfte,gegolft,golfte,golfe,golft,haben,zu golfen
trösten,tröste,tröstest,tröstet,tröstete,getröstet,tröstete,tröste,tröstet,haben,zu trösten
abschieben,schiebe ab,schiebst ab,schiebt ab,schob ab,abgeschoben,schöbe ab,schiebe ab,schiebt ab,haben,abzuschieben
blamieren,blamiere,blamierst,blamiert,blamierte,blamiert,blamierte,blamier,blamiert,haben,zu blamieren
vortragen,trage vor,trägst vor,trägt vor,trug vor,vorgetragen,trüge vor,trage vor,tragt vor,haben,zu vortragen
schwelen,schwele,schwelst,schwelt,schwelte,geschwelt,schwelte,schwele,schwelt,haben,zu schwelen
vergittern,vergittere,vergitterst,vergittert,vergitterte,vergittert,vergitterte,vergittere,vergittert,haben,zu vergittern
monogrammieren,monogrammiere,monogrammierst,monogrammiert,monogrammierte,monogrammiert,monogrammierte,monogrammiere,monogrammiert,haben,zu monogrammieren
ausbaden,bade aus,badest aus,badet aus,badete aus,ausgebadet,badete aus,bade aus,badet aus,haben,auszubaden
fuchteln,fuchtle,fuchtelst,fuchtelt,fuchtelte,gefuchtelt,fuchtelte,fuchtle,fuchtelt,haben,zu fuchteln
beulen,beule,beulst,beult,beulte,gebeult,beulte,beule,beult,haben,zu beulen
schnaufen,schnaufe,schnaufst,schnauft,schnaufte,geschnauft,schnaufte,schnaufe,schnauft,haben,zu schnaufen
blaffen,blaffe,blaffst,blafft,blaffte,geblafft,blaffte,blaff,blafft,haben,zu blaffen
aufbäumen,bäume auf,bäumst auf,bäumt auf,bäumte auf,aufgebäumt,bäumte auf,bäum auf,bäumt auf,haben,aufzubäumen
mixen,mixe,mixt,mixt,mixte,gemixt,mixte,mix,mixt,haben,zu mixen
aufprallen,pralle auf,prallst auf,prallt auf,prallte auf,aufgeprallt,prallte auf,prall auf,prallt auf,sein,aufzuprallen
sprinten,sprinte,sprintest,sprintet,sprintete,gesprintet,sprintete,sprint,sprintet,sein,zu sprinten
bewerben,bewerbe,bewirbst,bewirbt,bewarb,beworben,bewürbe,bewirb,bewerbt,haben,zu bewerben
schnalzen,schnalze,schnalzt,schnalzt,schnalzte,geschnalzt,schnalzte,schnalz,schnalzt,haben,zu schnalzen
dämmern,dämmere,dämmerst,dämmert,dämmerte,gedämmert,dämmerte,dämmere,dämmert,haben,zu dämmern
drohen,drohe,drohst,droht,drohte,gedroht,drohte,drohe,droht,haben,zu drohen
stottern,stottere,stotterst,stottert,stotterte,gestottert,stotterte,stotter,stottert,haben,zu stottern
alphabetisieren,alphabetisiere,alphabetisierst,alphabetisiert,alphabetisierte,alphabetisiert,alphabetisierte,alphabetisiere,alphabetisiert,haben,zu alphabetisieren
kollaborieren,kollaboriere,kollaborierst,kollaboriert,kollaborierte,kollaboriert,kollaborierte,kollaboriere,kollaboriert,haben,zu kollaborieren
vernarben,vernarbe,vernarbst,vernarbt,vernarbte,vernarbt,vernarbte,vernarbe,vernarbt,sein,zu vernarben
zeugen,zeuge,zeugst,zeugt,zeugte,gezeugt,zeugte,zeuge,zeugt,haben,zu zeugen
zischen,zische,zischst,zischt,zischte,gezischt,zischte,zische,zischt,haben,zu zischen
verwaisen,verwaise,verwaist,verwaist,verwaiste,verwaist,verwaiste,verwaise,verwaist,sein,zu verwaisen
komplimentieren,komplimentiere,komplimentierst,komplimentiert,komplimentierte,komplimentiert,komplimentierte,komplimentiere,komplimentiert,haben,zu komplimentieren
vergreisen,vergreise,vergreist,vergreist,vergreiste,vergreist,vergreiste,vergreis,vergreist,sein,zu vergreisen
einbläuen,bläue ein,bläust ein,bläut ein,bläute ein,eingebläut,bläute ein,bläu ein,bläut ein,haben,einzubläuen
abkrüppeln,krüppele ab,krüppelst ab,krüppelt ab,krüppelte ab,abgekrüppelt,krüppelte ab,krüppele ab,krüppelt ab,sein,abzukrüppeln
abgräbeln,gräbele ab,gräbelst ab,gräbelt ab,gräbelte ab,abgegräbelt,gräbelte ab,gräbele ab,gräbelt ab,sein,abzugräbeln
abern,abere,aberst,abert,aberte,geabert,aberte,abere,abert,haben,abzuern
marachen,marache,marachst,maracht,marachte,maracht,marachte,marache,maracht,haben,zu marachen
spiegeln,spiegle,spiegelst,spiegelt,spiegelte,gespiegelt,spiegelte,spiegle,spiegelt,haben,zu spiegeln
separieren,separiere,separierst,separiert,separierte,separiert,separierte,separiere,separiert,haben,zu separieren
exkommunizieren,exkommuniziere,exkommunizierst,exkommuniziert,exkommunizierte,exkommuniziert,exkommunizierte,exkommuniziere,exkommuniziert,haben,zu exkommunizieren
tölten,tölte,töltest,töltet,töltete,getöltet,töltete,tölte,töltet,haben,zu tölten
anbiedern,biedere an,biederst an,biedert an,biederte an,angebiedert,biederte an,biedere an,biedert an,haben,anzubiedern
verhohnepiepeln,verhohnepieple,verhohnepiepelst,verhohnepiepelt,verhohnepiepelte,verhohnepiepelt,verhohnepiepelte,verhohnepieple,verhohnepiepelt,haben,zu verhohnepiepeln
abgehen,gehe ab,gehst ab,geht ab,ging ab,abgegangen,ginge ab,geh ab,geht ab,sein,abzugehen
kontern,kontere,konterst,kontert,konterte,gekontert,konterte,kontere,kontert,haben,zu kontern
kaschieren,kaschiere,kaschierst,kaschiert,kaschierte,kaschiert,kaschierte,kaschiere,kaschiert,haben,zu kaschieren
grabschen,grabsche,grabschst,grabscht,grabschte,gegrabscht,grabschte,grabsch,grabscht,haben,zu grabschen
flöten gehen,gehe flöten,gehst flöten,geht flöten,ging flöten,flöten gegangen,ginge flöten,geh flöten,geht flöten,sein,zu flöten gehen
einspeisen,speise ein,speist ein,speist ein,speiste ein,eingespeist,speiste ein,speis ein,speist ein,haben,einzuspeisen
rammen,ramme,rammst,rammt,rammte,gerammt,rammte,ramme,rammt,haben,zu rammen
persiflieren,persifliere,persiflierst,persifliert,persiflierte,persifliert,persiflierte,persifliere,persifliert,haben,zu persiflieren
widerspiegeln,spiegle wider,spiegelst wider,spiegelt wider,spiegelte wider,widergespiegelt,spiegelte wider,spiegle wider,spiegelt wider,haben,zu widerspiegeln
äpfeln,äpfele,äpfelst,äpfelt,äpfelte,geäpfelt,äpfelte,äpfle,äpfelt,haben,zu äpfeln
hunzen,hunze,hunzt,hunzt,hunzte,gehunzt,hunzte,hunz,hunzt,haben,zu hunzen
initialisieren,initialisiere,initialisierst,initialisiert,initialisierte,initialisiert,initialisierte,initialisiere,initialisiert,haben,zu initialisieren
bröckeln,bröckele,bröckelst,bröckelt,bröckelte,gebröckelt,bröckelte,bröckele,bröckelt,sein,zu bröckeln
mogeln,mogle,mogelst,mogelt,mogelte,gemogelt,mogelte,mogle,mogelt,haben,zu mogeln
protrahieren,protrahiere,protrahierst,protrahiert,protrahierte,protrahiert,protrahierte,protrahiere,protrahiert,haben,zu protrahieren
aufpassen,passe auf,passt auf,passt auf,passte auf,aufgepasst,passte auf,pass auf,passt auf,haben,aufzupassen
hecheln,hechle,hechelst,hechelt,hechelte,gehechelt,hechelte,hechele,hechelt,haben,zu hecheln
verfechten,verfechte,verfichtst,verficht,verfocht,verfochten,verföchte,verficht,verfechtet,haben,zu verfechten
schänden,schände,schändest,schändet,schändete,geschändet,schändete,schände,schändet,haben,zu schänden
genieren,geniere,genierst,geniert,genierte,geniert,genierte,genier,geniert,haben,zu genieren
plissieren,plissiere,plissierst,plissiert,plissierte,plissiert,plissierte,plissiere,plissiert,haben,zu plissieren
mikroskopieren,mikroskopiere,mikroskopierst,mikroskopiert,mikroskopierte,mikroskopiert,mikroskopierte,mikroskopiere,mikroskopiert,haben,zu mikroskopieren
prognostizieren,prognostiziere,prognostizierst,prognostiziert,prognostizierte,prognostiziert,prognostizierte,prognostizier,prognostiziert,haben,prognostizuzieren
saldieren,saldiere,saldierst,saldiert,saldierte,saldiert,saldierte,saldier,saldiert,haben,zu saldieren
bewundern,bewundere,bewunderst,bewundert,bewunderte,bewundert,bewunderte,bewundere,bewundert,haben,zu bewundern
abtragen,trage ab,trägst ab,trägt ab,trug ab,abgetragen,trüge,trag ab,tragt ab,haben,abzutragen
straffen,straffe,straffst,strafft,straffte,gestrafft,straffte,straff,strafft,haben,zu straffen
fliesen,fliese,fliest,fliest,flieste,gefliest,flieste,flies,fliest,haben,zu fliesen
hervorgehen,gehe hervor,gehst hervor,geht hervor,ging hervor,hervorgegangen,ginge hervor,gehe hervor,geht hervor,sein,herzuvorgehen
zurückhalten,halte zurück,hältst zurück,hält zurück,hielt zurück,zurückgehalten,hielte zurück,halte zurück,haltet zurück,haben,zuzurückhalten
skizzieren,skizziere,skizzierst,skizziert,skizzierte,skizziert,skizzierte,skizziere,skizziert,haben,zu skizzieren
fortschicken,schicke fort,schickst fort,schickt fort,schickte fort,fortgeschickt,schickte fort,schick fort,schickt fort,haben,fortzuschicken
zaudern,zaudere,zauderst,zaudert,zauderte,gezaudert,zauderte,zaudere,zaudert,haben,zu zaudern
fußen,fuße,fußt,fußt,fußte,gefußt,fußte,fuße,fußt,haben,zu fußen
misslingen,misslinge,misslingst,misslingt,misslang,misslungen,misslänge,misslinge,misslingt,sein,zu misslingen
spendieren,spendiere,spendierst,spendiert,spendierte,spendiert,spendierte,spendiere,spendiert,haben,zu spendieren
bewerkstelligen,bewerkstellige,bewerkstelligst,bewerkstelligt,bewerkstelligte,bewerkstelligt,bewerkstelligte,bewerkstellig,bewerkstelligt,haben,zu bewerkstelligen
konsekrieren,konsekriere,konsekrierst,konsekriert,konsekrierte,konsekriert,konsekrierte,konsekriere,konsekriert,haben,zu konsekrieren
weigern,weigere,weigerst,weigert,weigerte,geweigert,weigerte,weiger,weigert,haben,zu weigern
umfangen,umfange,umfängst,umfängt,umfing,umfangen,umfinge,umfange,umfangt,haben,zu umfangen
brillieren,brilliere,brillierst,brilliert,brillierte,brilliert,brillierte,brillier,brilliert,haben,zu brillieren
austrinken,trinke aus,trinkst aus,trinkt aus,trank aus,ausgetrunken,tränke aus,trinke aus,trinkt aus,haben,auszutrinken
entweihen,entweihe,entweihst,entweiht,entweihte,entweiht,entweihte,entweihe,entweiht,haben,zu entweihen
trassieren,trassiere,trassierst,trassiert,trassierte,trassiert,trassierte,trassiere,trassiert,haben,zu trassieren
akkommodieren,akkommodiere,akkommodierst,akkommodiert,akkommodierte,akkommodiert,akkommodierte,akkommodiere,akkommodiert,haben,zu akkommodieren
einmahnen,mahne ein,mahnst ein,mahnt ein,mahnte ein,eingemahnt,mahnte ein,mahne ein,mahnt ein,haben,einzumahnen
nieseln,—,—,nieselt,nieselte,genieselt,nieselte,—,—,haben,zu nieseln
erbittern,erbittere,erbitterst,erbittert,erbitterte,erbittert,erbitterte,erbittere,erbittert,haben,zu erbittern
identifizieren,identifiziere,identifizierst,identifiziert,identifizierte,identifiziert,identifizierte,identifiziere,identifiziert,haben,zu identifizieren
dinieren,diniere,dinierst,diniert,dinierte,diniert,dinierte,diniere,diniert,haben,zu dinieren
schlenzen,schlenze,schlenzt,schlenzt,schlenzte,geschlenzt,schlenzte,schlenz,schlenzt,haben,zu schlenzen
entgräten,entgräte,entgrätest,entgrätet,entgrätete,entgrätet,entgrätete,entgrät,entgrätet,haben,zu entgräten
befleißen,befleiße,befleißt,befleißt,befliss,beflissen,beflisse,befleiß,befleißt,haben,zu befleißen
gestatten,gestatte,gestattest,gestattet,gestattete,gestattet,gestattete,gestatte,gestattet,haben,zu gestatten
befolgen,befolge,befolgst,befolgt,befolgte,befolgt,befolgte,befolg,befolgt,haben,zu befolgen
zusprechen,spreche zu,sprichst zu,spricht zu,sprach zu,zugesprochen,spräche zu,sprich zu,sprecht zu,haben,zuzusprechen
einimpfen,impfe ein,impfst ein,impft ein,impfte ein,eingeimpft,impfte ein,impf ein,impft ein,haben,einzuimpfen
erneuern,erneuere,erneuerst,erneuert,erneuerte,erneuert,erneuerte,erneuere,erneuert,haben,zu erneuern
socken,socke,sockst,sockt,sockte,gesockt,sockte,sock,sockt,sein,zu socken
drängen,dränge,drängst,drängt,drängte,gedrängt,drängte,dränge,drängt,haben,zu drängen
normieren,normiere,normierst,normiert,normierte,normiert,normierte,normiere,normiert,haben,zu normieren
kommentieren,kommentiere,kommentierst,kommentiert,kommentierte,kommentiert,kommentierte,kommentiere,kommentiert,haben,zu kommentieren
schwören,schwöre,schwörst,schwört,schwor,geschworen,schwüre,schwöre,schwört,haben,zu schwören
überwinden,überwinde,überwindest,überwindet,überwand,überwunden,überwände,überwinde,überwindet,haben,zu überwinden
verschaffen,verschaffe,verschaffst,verschafft,verschaffte,verschafft,verschaffte,verschaff,verschafft,haben,zu verschaffen
einatmen,atme ein,atmest ein,atmet ein,atmete ein,eingeatmet,atmete ein,atme ein,atmet ein,haben,einzuatmen
konfiszieren,konfisziere,konfiszierst,konfisziert,konfiszierte,konfisziert,konfiszierte,konfiszier,konfisziert,haben,zu konfiszieren
ausatmen,atme aus,atmest aus,atmet aus,atmete aus,ausgeatmet,atmete aus,atme aus,atmet aus,haben,auszuatmen
ausloben,lobe aus,lobst aus,lobt aus,lobte aus,ausgelobt,lobte aus,lob aus,lobt aus,haben,auszuloben
plädieren,plädiere,plädierst,plädiert,plädierte,plädiert,plädierte,plädiere,plädiert,haben,zu plädieren
baggern,baggere,baggerst,baggert,baggerte,gebaggert,baggerte,baggere,baggert,haben,zu baggern
verarbeiten,verarbeite,verarbeitest,verarbeitet,verarbeitete,verarbeitet,verarbeitete,verarbeite,verarbeitet,haben,zu verarbeiten
siechen,sieche,siechst,siecht,siechte,gesiecht,siechte,sieche,siecht,haben,zu siechen
schnucken,schnucke,schnuckst,schnuckt,schnuckte,geschnuckt,schnuckte,schnucke,schnuckt,haben,zu schnucken
einschmeicheln,schmeichle ein,schmeichelst ein,schmeichelt ein,schmeichelte ein,eingeschmeichelt,schmeichelte ein,schmeichle ein,schmeichelt ein,haben,einzuschmeicheln
einbringen,bringe ein,bringst ein,bringt ein,brachte ein,eingebracht,brächte ein,bringe ein,bringt ein,haben,einzubringen
erstehen,erstehe,erstehst,ersteht,erstand,erstanden,erstünde,erstehe,ersteht,haben,zu erstehen
antreiben,treibe an,treibst an,treibt an,trieb an,angetrieben,triebe an,treib an,treibt an,haben,anzutreiben
präsentieren,präsentiere,präsentierst,präsentiert,präsentierte,präsentiert,präsentierte,präsentiere,präsentiert,haben,zu präsentieren
misstrauen,misstraue,misstraust,misstraut,misstraute,misstraut,misstraute,misstraue,misstraut,haben,zu misstrauen
abfinden,finde ab,findest ab,findet ab,fand ab,abgefunden,fände ab,finde ab,findet ab,haben,abzufinden
lauten,laute,lautest,lautet,lautete,gelautet,lautete,laute,lautet,haben,zu lauten
innewohnen,wohne inne,wohnst inne,wohnt inne,wohnte inne,innegewohnt,wohnte inne,wohn inne,wohnt inne,haben,innezuwohnen
bewehren,bewehre,bewehrst,bewehrt,bewehrte,bewehrt,bewehrte,bewehr,bewehrt,haben,zu bewehren
kommunizieren,kommuniziere,kommunizierst,kommuniziert,kommunizierte,kommuniziert,kommunizierte,kommuniziere,kommuniziert,haben,zu kommunizieren
verrohren,verrohre,verrohrst,verrohrt,verrohrte,verrohrt,verrohrte,verrohre,verrohrt,haben,zu verrohren
aufdrehen,drehe auf,drehst auf,dreht auf,drehte auf,aufgedreht,drehte auf,dreh auf,dreht auf,haben,aufzudrehen
sächseln,sächsle,sächselst,sächselt,sächselte,gesächselt,sächselte,sächsle,sächselt,haben,zu sächseln
pendeln,pendle,pendelst,pendelt,pendelte,gependelt,pendelte,pendle,pendelt,haben,zu pendeln
umreißen,reiße um,reißt um,reißt um,riss um,umgerissen,risse um,reiß um,reißt um,haben,zu umreißen
einwirken,wirke ein,wirkst ein,wirkt ein,wirkte ein,eingewirkt,wirkte ein,wirk ein,wirkt ein,haben,einzuwirken
aufladen,lade auf,lädst auf,lädt auf,lud auf,aufgeladen,lüde auf,lade auf,ladet auf,haben,aufzuladen
wegdrücken,drücke weg,drückst weg,drückt weg,drückte weg,weggedrückt,drückte weg,drück weg,drückt weg,haben,wegzudrücken
internieren,interniere,internierst,interniert,internierte,interniert,internierte,interniere,interniert,haben,zu internieren
übergehen,gehe über,gehst über,geht über,ging über,übergegangen,ginge über,geh über,geht über,sein,überzugehen
einstimmen,stimme ein,stimmst ein,stimmt ein,stimmte ein,eingestimmt,stimmte ein,stimm ein,stimmt ein,haben,einzustimmen
schwanken,schwanke,schwankst,schwankt,schwankte,geschwankt,schwankte,schwank,schwankt,sein,zu schwanken
schwenken,schwenke,schwenkst,schwenkt,schwenkte,geschwenkt,schwenkte,schwenk,schwenkt,haben,zu schwenken
entschuldigen,entschuldige,entschuldigst,entschuldigt,entschuldigte,entschuldigt,entschuldigte,entschuldige,entschuldigt,haben,zu entschuldigen
verschriften,verschrifte,verschriftest,verschriftet,verschriftete,verschriftet,verschriftete,verschrift,verschriftet,haben,zu verschriften
giggeln,giggele,giggelst,giggelt,giggelte,gegiggelt,giggelte,giggel,giggelt,haben,zu giggeln
hinterfragen,hinterfrage,hinterfragst,hinterfragt,hinterfragte,hinterfragt,hinterfragte,hinterfrag,hinterfragt,haben,zu hinterfragen
hochheben,hebe hoch,hebst hoch,hebt hoch,hob hoch,hochgehoben,höbe hoch,heb hoch,hebt hoch,haben,hochzuheben
beziffern,beziffere,bezifferst,beziffert,bezifferte,beziffert,bezifferte,beziffere,beziffert,haben,zu beziffern
hinsetzen,setze hin,setzt hin,setzt hin,setzte hin,hingesetzt,setzte hin,setz hin,setzt hin,haben,hinzusetzen
herunternehmen,nehme herunter,nimmst herunter,nimmt herunter,nahm herunter,heruntergenommen,nähme herunter,nimm herunter,nehmt herunter,haben,herzuunternehmen
hinhalten,halte hin,hältst hin,hält hin,hielt hin,hingehalten,hielte hin,halt hin,haltet hin,haben,hinzuhalten
rekrutieren,rekrutiere,rekrutierst,rekrutiert,rekrutierte,rekrutiert,rekrutierte,rekrutiere,rekrutiert,haben,zu rekrutieren
bezwingen,bezwinge,bezwingst,bezwingt,bezwang,bezwungen,bezwänge,bezwinge,bezwingt,haben,zu bezwingen
beanspruchen,beanspruche,beanspruchst,beansprucht,beanspruchte,beansprucht,beanspruchte,beanspruche,beansprucht,haben,zu beanspruchen
neigen,neige,neigst,neigt,neigte,geneigt,neigte,neig,neigt,haben,zu neigen
benachrichtigen,benachrichtige,benachrichtigst,benachrichtigt,benachrichtigte,benachrichtigt,benachrichtigte,benachrichtige,benachrichtigt,haben,zu benachrichtigen
kennenlernen,lerne kennen,lernst kennen,lernt kennen,lernte kennen,kennengelernt,lernte kennen,lerne kennen,lernt kennen,haben,zu kennenlernen
grummeln,grummle,grummelst,grummelt,grummelte,gegrummelt,grummelte,grummle,grummelt,haben,zu grummeln
umgeben,gebe um,gibst um,gibt um,gab um,umgegeben,gäbe um,gib um,gebt um,haben,zu umgeben
betragen,betrage,beträgst,beträgt,betrug,betragen,betrüge,betrage,betragt,haben,zu betragen
abschreiben,schreibe ab,schreibst ab,schreibt ab,schrieb ab,abgeschrieben,schriebe ab,schreib ab,schreibt ab,haben,abzuschreiben
geloben,gelobe,gelobst,gelobt,gelobte,gelobt,gelobte,gelob,gelobt,haben,zu geloben
sinnen,sinne,sinnst,sinnt,sann,gesonnen,sänne,sinne,sinnt,haben,zu sinnen
vorherrschen,herrsche vor,herrschst vor,herrscht vor,herrschte vor,vorgeherrscht,herrschte vor,herrsch vor,herrscht vor,haben,vorzuherrschen
kulminieren,kulminiere,kulminierst,kulminiert,kulminierte,kulminiert,kulminierte,kulminiere,kulminiert,haben,zu kulminieren
dezimieren,dezimiere,dezimierst,dezimiert,dezimierte,dezimiert,dezimierte,dezimiere,dezimiert,sein,zu dezimieren
schlendern,schlendere,schlenderst,schlendert,schlenderte,geschlendert,schlenderte,schlender,schlendert,sein,zu schlendern
abkratzen,kratze ab,kratzt ab,kratzt ab,kratzte ab,abgekratzt,kratzte ab,kratz ab,kratzt ab,haben,abzukratzen
brüten,brüte,brütest,brütet,brütete,gebrütet,brütete,brüte,brütet,haben,zu brüten
zerbeulen,zerbeule,zerbeulst,zerbeult,zerbeulte,zerbeult,zerbeulte,zerbeule,zerbeult,haben,zu zerbeulen
scrollen,scrolle,scrollst,scrollt,scrollte,gescrollt,scrollte,scroll,scrollt,haben,zu scrollen
veräußern,veräußere,veräußerst,veräußert,veräußerte,veräußert,veräußerte,veräußere,veräußert,haben,zu veräußern
wittern,wittere,witterst,wittert,witterte,gewittert,witterte,wittere,wittert,haben,zu wittern
aufreiben,reibe auf,reibst auf,reibt auf,rieb auf,aufgerieben,riebe auf,reibe auf,reibt auf,haben,aufzureiben
behelfen,behelfe,behilfst,behilft,behalf,beholfen,behülfe,behilf,behelft,haben,zu behelfen
schrillen,schrille,schrillst,schrillt,schrillte,geschrillt,schrillte,schrille,schrillt,haben,zu schrillen
zappen,zappe,zappst,zappt,zappte,gezappt,zappte,zappe,zappt,haben,zu zappen
zurückbilden,bilde zurück,bildest zurück,bildet zurück,bildete zurück,zurückgebildet,bildete zurück,bilde zurück,bildet zurück,haben,zuzurückbilden
foltern,foltere,folterst,foltert,folterte,gefoltert,folterte,foltere,foltert,haben,zu foltern
parsen,parse,parst,parst,parste,geparst,parste,pars,parst,haben,zu parsen
erkälten,erkälte,erkältest,erkältet,erkältete,erkältet,erkältete,erkälte,erkältet,haben,zu erkälten
debridieren,debridiere,debridierst,debridiert,debridierte,debridiert,debridierte,debridier,debridiert,haben,zu debridieren
erklimmen,erklimme,erklimmst,erklimmt,erklomm,erklommen,erklömme,erklimme,erklimmt,haben,zu erklimmen
scheitern,scheitere,scheiterst,scheitert,scheiterte,gescheitert,scheiterte,scheitere,scheitert,sein,zu scheitern
schludern,schludere,schluderst,schludert,schluderte,geschludert,schluderte,schluder,schludert,haben,zu schludern
evaporisieren,evaporisiere,evaporisierst,evaporisiert,evaporisierte,evaporisiert,evaporisierte,evaporisier,evaporisiert,haben,zu evaporisieren
bezichtigen,bezichtige,bezichtigst,bezichtigt,bezichtigte,bezichtigt,bezichtigte,bezichtige,bezichtigt,haben,zu bezichtigen
blitzen,blitze,blitzt,blitzt,blitzte,geblitzt,blitzte,blitze,blitzt,haben,zu blitzen
verspielen,verspiele,verspielst,verspielt,verspielte,verspielt,verspielte,verspiel,verspielt,haben,zu verspielen
elizitieren,elizitiere,elizitierst,elizitiert,elizitierte,elizitiert,elizitierte,elizitiere,elizitiert,haben,zu elizitieren
jäten,jäte,jätest,jätet,jätete,gejätet,jätete,jäte,jätet,haben,zu jäten
abängstigen,ängstige ab,ängstigst ab,ängstigt ab,ängstigte ab,abgeängstigt,ängstigte ab,ängstige ab,ängstigt ab,haben,abzuängstigen
ängstigen,ängstige,ängstigst,ängstigt,ängstigte,geängstigt,ängstigte,ängstige,ängstigt,haben,zu ängstigen
abäsen,—,—,äst ab,äste ab,abgeäst,äste ab,—,—,haben,abzuäsen
traktandieren,traktandiere,traktandierst,traktandiert,traktandierte,traktandiert,traktandierte,traktandier,traktandiert,haben,zu traktandieren
abatmen,atme ab,atmest ab,atmet ab,atmete ab,abgeatmet,atmete ab,atme ab,atmet ab,haben,abzuatmen
verwirklichen,verwirkliche,verwirklichst,verwirklicht,verwirklichte,verwirklicht,verwirklichte,verwirklich,verwirklicht,haben,zu verwirklichen
ordern,ordere,orderst,ordert,orderte,geordert,orderte,ordere,ordert,haben,zu ordern
quadräteln,quadrätele,quadrätelst,quadrätelt,quadrätelte,quadrätelt,quadrätelte,quadrätle,quadrätelt,haben,zu quadräteln
karessieren,karessiere,karessierst,karessiert,karessierte,karessiert,karessierte,karessiere,karessiert,haben,zu karessieren
anlocken,locke an,lockst an,lockt an,lockte an,angelockt,lockte an,lock an,lockt an,haben,anzulocken
verhohnepipeln,verhohnepiple,verhohnepipelst,verhohnepipelt,verhohnepipelte,verhohnepipelt,verhohnepipelte,verhohnepiple,verhohnepipelt,haben,zu verhohnepipeln
abätzen,ätze ab,ätzt ab,ätzt ab,ätzte ab,abgeätzt,ätzte ab,ätz ab,ätzt ab,haben,abzuätzen
parkieren,parkiere,parkierst,parkiert,parkierte,parkiert,parkierte,parkiere,parkiert,haben,zu parkieren
rechten,rechte,rechtest,rechtet,rechtete,gerechtet,rechtete,recht,rechtet,haben,zu rechten
pilgern,pilgere,pilgerst,pilgert,pilgerte,gepilgert,pilgerte,pilgere,pilgert,sein,zu pilgern
gewährleisten,gewährleiste,gewährleistest,gewährleistet,gewährleistete,gewährleistet,gewährleistete,gewährleist,gewährleistet,haben,zu gewährleisten
changieren,changiere,changierst,changiert,changierte,changiert,changierte,changier,changiert,haben,zu changieren
nören,nöre,nörst,nört,nörte,genört,nörte,nör,nört,haben,zu nören
abbaggern,baggere ab,baggerst ab,baggert ab,baggerte ab,abgebaggert,baggerte ab,bagger ab,baggert ab,haben,abzubaggern
thronen,throne,thronst,thront,thronte,gethront,thronte,throne,thront,haben,zu thronen
wiederherstellen,stelle wieder her,stellst wieder her,stellt wieder her,stellte wieder her,wiederhergestellt,stellte wieder her,stelle wieder her,stellt wieder her,haben,wiederzuherstellen
versenden,versende,versendest,versendet,versandte,versandt,versendete,versende,versendet,haben,zu versenden
abbehalten,behalte ab,behältst ab,behält ab,behielt ab,abbehalten,behielte ab,behalte ab,behaltet ab,haben,abzubehalten
abbetteln,bettele ab,bettelst ab,bettelt ab,bettelte ab,abgebettelt,bettelte ab,bettele ab,bettelt ab,haben,abzubetteln
abbeuteln,beutele ab,beutelst ab,beutelt ab,beutelte ab,abgebeutelt,beutelte ab,beutele ab,beutelt ab,haben,abzubeuteln
abbimsen,bimse ab,bimst ab,bimst ab,bimste ab,abgebimst,bimste ab,bims ab,bimst ab,haben,abzubimsen
externalisieren,externalisiere,externalisierst,externalisiert,externalisierte,externalisiert,externalisierte,externalisiere,externalisiert,haben,zu externalisieren
spurten,spurte,spurtest,spurtet,spurtete,gespurtet,spurtete,spurt,spurtet,haben,zu spurten
determinieren,determiniere,determinierst,determiniert,determinierte,determiniert,determinierte,determinier,determiniert,haben,deterzuminieren
manifestieren,manifestiere,manifestierst,manifestiert,manifestierte,manifestiert,manifestierte,manifestiere,manifestiert,haben,zu manifestieren
definieren,definiere,definierst,definiert,definierte,definiert,definierte,definiere,definiert,haben,zu definieren
einschieben,schiebe ein,schiebst ein,schiebt ein,schob ein,eingeschoben,schöbe ein,schieb ein,schiebt ein,haben,einzuschieben
beeilen,beeile,beeilst,beeilt,beeilte,beeilt,beeilte,beeile,beeilt,haben,zu beeilen
auswerten,werte aus,wertest aus,wertet aus,wertete aus,ausgewertet,wertete aus,werte aus,wertet aus,haben,auszuwerten
entspringen,entspringe,entspringst,entspringt,entsprang,entsprungen,entspränge,entspringe,entspringt,sein,zu entspringen
durchfließen,durchfließe,durchfließt,durchfließt,durchfloss,durchflossen,durchflösse,durchfließe,durchfließt,haben,zu durchfließen
abheben,hebe ab,hebst ab,hebt ab,hob ab,abgehoben,höbe ab,heb ab,hebt ab,haben,abzuheben
pilotieren,pilotiere,pilotierst,pilotiert,pilotierte,pilotiert,pilotierte,pilotiere,pilotiert,haben,zu pilotieren
auswählen,wähle aus,wählst aus,wählt aus,wählte aus,ausgewählt,wählte aus,wähl aus,wählt aus,haben,auszuwählen
enden,ende,endest,endet,endete,geendet,endete,ende,endet,haben,zu enden
abtreten,trete ab,trittst ab,tritt ab,trat ab,abgetreten,träte ab,tritt ab,tretet ab,haben,abzutreten
beziehen,beziehe,beziehst,bezieht,bezog,bezogen,bezöge,beziehe,bezieht,haben,zu beziehen
erteilen,erteile,erteilst,erteilt,erteilte,erteilt,erteilte,erteil,erteilt,haben,zu erteilen
stattfinden,finde statt,findest statt,findet statt,fand statt,stattgefunden,fände statt,finde statt,findet statt,haben,zu stattfinden
gefallen,gefalle,gefällst,gefällt,gefiel,gefallen,gefiele,gefalle,gefallt,haben,zu gefallen
aufstellen,stelle auf,stellst auf,stellt auf,stellte auf,aufgestellt,stellte auf,stell auf,stellt auf,haben,aufzustellen
instruieren,instruiere,instruierst,instruiert,instruierte,instruiert,instruierte,instruiere,instruiert,haben,zu instruieren
anlangen,lange an,langst an,langt an,langte an,angelangt,langte an,lang an,langt an,sein,anzulangen
beraten,berate,berätst,berät,beriet,beraten,beriete,berate,beratet,haben,zu beraten
präferieren,präferiere,präferierst,präferiert,präferierte,präferiert,präferierte,präferiere,präferiert,haben,zu präferieren
befestigen,befestige,befestigst,befestigt,befestigte,befestigt,befestigte,befestige,befestigt,haben,zu befestigen
festigen,festige,festigst,festigt,festigte,gefestigt,festigte,festige,festigt,haben,zu festigen
zusammensetzen,setze zusammen,setzt zusammen,setzt zusammen,setzte zusammen,zusammengesetzt,setzte zusammen,setz zusammen,setzt zusammen,haben,zuzusammensetzen
suggerieren,suggeriere,suggerierst,suggeriert,suggerierte,suggeriert,suggerierte,suggeriere,suggeriert,haben,sugzugerieren
anordnen,ordne an,ordnest an,ordnet an,ordnete an,angeordnet,ordnete an,ordne an,ordnet an,haben,anzuordnen
beichten,beichte,beichtest,beichtet,beichtete,gebeichtet,beichtete,beichte,beichtet,haben,zu beichten
fälschen,fälsche,fälschst,fälscht,fälschte,gefälscht,fälschte,fälsche,fälscht,haben,zu fälschen
entlohnen,entlohne,entlohnst,entlohnt,entlohnte,entlohnt,entlohnte,entlohne,entlohnt,haben,zu entlohnen
schlucken,schlucke,schluckst,schluckt,schluckte,geschluckt,schluckte,schlucke,schluckt,haben,zu schlucken
einbauen,baue ein,baust ein,baut ein,baute ein,eingebaut,baute ein,bau ein,baut ein,haben,einzubauen
resultieren,resultiere,resultierst,resultiert,resultierte,resultiert,resultierte,resultiere,resultiert,haben,zu resultieren
strafen,strafe,strafst,straft,strafte,gestraft,strafte,strafe,straft,haben,zu strafen
desachalandieren,desachalandiere,desachalandierst,desachalandiert,desachalandierte,desachalandiert,desachalandierte,desachalandiere,desachalandiert,haben,zu desachalandieren
berichten,berichte,berichtest,berichtet,berichtete,berichtet,berichtete,berichte,berichtet,haben,zu berichten
gewähren,gewähre,gewährst,gewährt,gewährte,gewährt,gewährte,gewähre,gewährt,haben,zu gewähren
zurückgehen,gehe zurück,gehst zurück,geht zurück,ging zurück,zurückgegangen,ginge zurück,geh zurück,geht zurück,sein,zuzurückgehen
verborgen,verborge,verborgst,verborgt,verborgte,verborgt,verborgte,verborg,verborgt,haben,zu verborgen
ankündigen,kündige an,kündigst an,kündigt an,kündigte an,angekündigt,kündigte an,kündige an,kündigt an,haben,anzukündigen
anfertigen,fertige an,fertigst an,fertigt an,fertigte an,angefertigt,fertigte an,fertige an,fertigt an,haben,anzufertigen
fertigen,fertige,fertigst,fertigt,fertigte,gefertigt,fertigte,fertig,fertigt,haben,zu fertigen
vorlegen,lege vor,legst vor,legt vor,legte vor,vorgelegt,legte vor,leg vor,legt vor,haben,zu vorlegen
beeinflussen,beeinflusse,beeinflusst,beeinflusst,beeinflusste,beeinflusst,beeinflusste,beeinflusse,beeinflusst,haben,zu beeinflussen
wullacken,wullacke,wullackst,wullackt,wullackte,gewullackt,wullackte,wullacke,wullackt,haben,zu wullacken
böllern,böllere,böllerst,böllert,böllerte,geböllert,böllerte,böllere,böllert,haben,zu böllern
schuften,schufte,schuftest,schuftet,schuftete,geschuftet,schuftete,schufte,schuftet,haben,zu schuften
forschen,forsche,forschst,forscht,forschte,geforscht,forschte,forsche,forscht,haben,zu forschen
herrschen,herrsche,herrschst,herrscht,herrschte,geherrscht,herrschte,herrsche,herrscht,haben,herzurschen
ausbleiben,bleibe aus,bleibst aus,bleibt aus,blieb aus,ausgeblieben,bliebe aus,bleib aus,bleibt aus,sein,auszubleiben
wuracken,wuracke,wurackst,wurackt,wurackte,gewurackt,wurackte,wuracke,wurackt,haben,zu wuracken
beherrschen,beherrsche,beherrschst,beherrscht,beherrschte,beherrscht,beherrschte,beherrsche,beherrscht,haben,zu beherrschen
gründen,gründe,gründest,gründet,gründete,gegründet,gründete,gründ,gründet,haben,zu gründen
begründen,begründe,begründest,begründet,begründete,begründet,begründete,begründe,begründet,haben,zu begründen
zugeben,gebe zu,gibst zu,gibt zu,gab zu,zugegeben,gäbe zu,gib zu,gebt zu,haben,zuzugeben
aufbauen,baue auf,baust auf,baut auf,baute auf,aufgebaut,baute auf,baue auf,bauet auf,haben,aufzubauen
stagnieren,stagniere,stagnierst,stagniert,stagnierte,stagniert,stagnierte,stagniere,stagniert,haben,zu stagnieren
duplizieren,dupliziere,duplizierst,dupliziert,duplizierte,dupliziert,duplizierte,duplizier,dupliziert,haben,zu duplizieren
randomisieren,randomisiere,randomisierst,randomisiert,randomisierte,randomisiert,randomisierte,randomisiere,randomisiert,haben,zu randomisieren
differenzieren,differenziere,differenzierst,differenziert,differenzierte,differenziert,differenzierte,differenziere,differenziert,haben,zu differenzieren
dementieren,dementiere,dementierst,dementiert,dementierte,dementiert,dementierte,dementiere,dementiert,haben,zu dementieren
korrespondieren,korrespondiere,korrespondierst,korrespondiert,korrespondierte,korrespondiert,korrespondierte,korrespondiere,korrespondiert,haben,zu korrespondieren
ratifizieren,ratifiziere,ratifizierst,ratifiziert,ratifizierte,ratifiziert,ratifizierte,ratifiziere,ratifiziert,haben,zu ratifizieren
alarmieren,alarmiere,alarmierst,alarmiert,alarmierte,alarmiert,alarmierte,alarmier,alarmiert,haben,zu alarmieren
schmeicheln,schmeichle,schmeichelst,schmeichelt,schmeichelte,geschmeichelt,schmeichelte,schmeichle,schmeichelt,haben,zu schmeicheln
informieren,informiere,informierst,informiert,informierte,informiert,informierte,informiere,informiert,haben,zu informieren
agitieren,agitiere,agitierst,agitiert,agitierte,agitiert,agitierte,agitiere,agitiert,haben,zu agitieren
editieren,editiere,editierst,editiert,editierte,editiert,editierte,editiere,editiert,haben,zu editieren
etablieren,etabliere,etablierst,etabliert,etablierte,etabliert,etablierte,etablier,etabliert,haben,zu etablieren
wahren,wahre,wahrst,wahrt,wahrte,gewahrt,wahrte,wahre,wahrt,haben,zu wahren
edieren,ediere,edierst,ediert,edierte,ediert,edierte,ediere,ediert,haben,zu edieren
ramifizieren,ramifiziere,ramifizierst,ramifiziert,ramifizierte,ramifiziert,ramifizierte,ramifiziere,ramifiziert,haben,zu ramifizieren
extrahieren,extrahiere,extrahierst,extrahiert,extrahierte,extrahiert,extrahierte,extrahiere,extrahiert,haben,zu extrahieren
bibbern,bibbere,bibberst,bibbert,bibberte,gebibbert,bibberte,bibbere,bibbert,haben,zu bibbern
elidieren,elidiere,elidierst,elidiert,elidierte,elidiert,elidierte,elidier,elidiert,haben,zu elidieren
publizieren,publiziere,publizierst,publiziert,publizierte,publiziert,publizierte,publiziere,publiziert,haben,zu publizieren
verorten,verorte,verortest,verortet,verortete,verortet,verortete,verort,verortet,haben,zu verorten
versetzen,versetze,versetzt,versetzt,versetzte,versetzt,versetzte,versetze,versetzt,haben,zu versetzen
erwahren,erwahre,erwahrst,erwahrt,erwahrte,erwahrt,erwahrte,erwahr,erwahrt,haben,zu erwahren
deaktivieren,deaktiviere,deaktivierst,deaktiviert,deaktivierte,deaktiviert,deaktivierte,deaktiviere,deaktiviert,haben,zu deaktivieren
servieren,serviere,servierst,serviert,servierte,serviert,servierte,servier,serviert,haben,zu servieren
pauschalisieren,pauschalisiere,pauschalisierst,pauschalisiert,pauschalisierte,pauschalisiert,pauschalisierte,pauschalisiere,pauschalisiert,haben,zu pauschalisieren
zugrunde legen,lege zugrunde,legst zugrunde,legt zugrunde,legte zugrunde,zugrunde gelegt,legte zugrunde,leg zugrunde,legt zugrunde,haben,zuzugrunde legen
absolvieren,absolviere,absolvierst,absolviert,absolvierte,absolviert,absolvierte,absolviere,absolviert,haben,abzusolvieren
amortisieren,amortisiere,amortisierst,amortisiert,amortisierte,amortisiert,amortisierte,amortisiere,amortisiert,haben,zu amortisieren
engagieren,engagiere,engagierst,engagiert,engagierte,engagiert,engagierte,engagiere,engagiert,haben,engzuagieren
arrangieren,arrangiere,arrangierst,arrangiert,arrangierte,arrangiert,arrangierte,arrangiere,arrangiert,haben,zu arrangieren
vorgehen,gehe vor,gehst vor,geht vor,ging vor,vorgegangen,ginge vor,geh vor,geht vor,sein,vorzugehen
berechnen,berechne,berechnest,berechnet,berechnete,berechnet,berechnete,berechne,berechnet,haben,zu berechnen
opponieren,opponiere,opponierst,opponiert,opponierte,opponiert,opponierte,opponiere,opponiert,haben,zu opponieren
komponieren,komponiere,komponierst,komponiert,komponierte,komponiert,komponierte,komponiere,komponiert,haben,zu komponieren
reponieren,reponiere,reponierst,reponiert,reponierte,reponiert,reponierte,reponier,reponiert,haben,zu reponieren
supponieren,supponiere,supponierst,supponiert,supponierte,supponiert,supponierte,supponier,supponiert,haben,supzuponieren
anvisieren,visiere an,visierst an,visiert an,visierte an,anvisiert,visierte an,visiere an,visiert an,haben,anzuvisieren
ersetzen,ersetze,ersetzt,ersetzt,ersetzte,ersetzt,ersetzte,ersetze,ersetzt,haben,zu ersetzen
komprimieren,komprimiere,komprimierst,komprimiert,komprimierte,komprimiert,komprimierte,komprimiere,komprimiert,haben,zu komprimieren
begreifen,begreife,begreifst,begreift,begriff,begriffen,begriffe,begreife,begreift,haben,zu begreifen
aussetzen,setze aus,setzt aus,setzt aus,setzte aus,ausgesetzt,setzte aus,setz aus,setzt aus,haben,auszusetzen
sorgen,sorge,sorgst,sorgt,sorgte,gesorgt,sorgte,sorg,sorgt,haben,zu sorgen
umsorgen,umsorge,umsorgst,umsorgt,umsorgte,umsorgt,umsorgte,umsorge,umsorgt,haben,zu umsorgen
entsorgen,entsorge,entsorgst,entsorgt,entsorgte,entsorgt,entsorgte,entsorg,entsorgt,haben,zu entsorgen
besorgen,besorge,besorgst,besorgt,besorgte,besorgt,besorgte,besorge,besorgt,haben,zu besorgen
vorsorgen,sorge vor,sorgst vor,sorgt vor,sorgte vor,vorgesorgt,sorgte vor,sorg vor,sorgt vor,haben,zu vorsorgen
bewirken,bewirke,bewirkst,bewirkt,bewirkte,bewirkt,bewirkte,bewirk,bewirkt,haben,zu bewirken
mieten,miete,mietest,mietet,mietete,gemietet,mietete,miete,mietet,haben,zu mieten
begeistern,begeistere,begeisterst,begeistert,begeisterte,begeistert,begeisterte,begeistere,begeistert,haben,zu begeistern
eröffnen,eröffne,eröffnest,eröffnet,eröffnete,eröffnet,eröffnete,eröffne,eröffnet,haben,zu eröffnen
blödeln,blödele,blödelst,blödelt,blödelte,geblödelt,blödelte,blödele,blödelt,haben,zu blödeln
verhalten,verhalte,verhältst,verhält,verhielt,verhalten,verhielte,verhalte,verhaltet,haben,zu verhalten
entthronen,entthrone,entthronst,entthront,entthronte,entthront,entthronte,entthrone,entthront,haben,zu entthronen
scheuen,scheue,scheust,scheut,scheute,gescheut,scheute,scheue,scheut,haben,zu scheuen
zurückbleiben,bleibe zurück,bleibst zurück,bleibt zurück,blieb zurück,zurückgeblieben,bliebe zurück,bleib zurück,bleibt zurück,sein,zuzurückbleiben
vorschlagen,schlage vor,schlägst vor,schlägt vor,schlug vor,vorgeschlagen,schlüge vor,schlag vor,schlagt vor,haben,zu vorschlagen
abholen,hole ab,holst ab,holt ab,holte ab,abgeholt,holte ab,hole ab,holt ab,haben,abzuholen
kentern,kentere,kenterst,kentert,kenterte,gekentert,kenterte,kentere,kentert,sein,zu kentern
entern,entere,enterst,entert,enterte,geentert,enterte,entere,entert,haben,zu entern
wiedererlangen,erlange wieder,erlangst wieder,erlangt wieder,erlangte wieder,wiedererlangt,erlangte wieder,erlang wieder,erlangt wieder,haben,wiederzuerlangen
wegsehen,sehe weg,siehst weg,sieht weg,sah weg,weggesehen,sähe weg,sieh weg,seht weg,haben,wegzusehen
ausschreiben,schreibe aus,schreibst aus,schreibt aus,schrieb aus,ausgeschrieben,schriebe aus,schreib aus,schreibt aus,haben,auszuschreiben
ausreden,rede aus,redest aus,redet aus,redete aus,ausgeredet,redete aus,red aus,redet aus,haben,auszureden
verschreiben,verschreibe,verschreibst,verschreibt,verschrieb,verschrieben,verschriebe,verschreibe,verschreibt,haben,zu verschreiben
weglassen,lasse weg,lässt weg,lässt weg,ließ weg,weggelassen,ließe weg,lass weg,lasst weg,haben,wegzulassen
einordnen,ordne ein,ordnest ein,ordnet ein,ordnete ein,eingeordnet,ordnete ein,ordne ein,ordnet ein,haben,einzuordnen
zurücktreten,trete zurück,trittst zurück,tritt zurück,trat zurück,zurückgetreten,träte zurück,tritt zurück,tretet zurück,sein,zuzurücktreten
einschlagen,schlage ein,schlägst ein,schlägt ein,schlug ein,eingeschlagen,schlüge ein,schlag ein,schlagt ein,haben,einzuschlagen
einkreisen,kreise ein,kreist ein,kreist ein,kreiste ein,eingekreist,kreiste ein,kreis ein,kreist ein,sein,einzukreisen
weglegen,lege weg,legst weg,legt weg,legte weg,weggelegt,legte weg,leg weg,legt weg,haben,wegzulegen
fortlegen,lege fort,legst fort,legt fort,legte fort,fortgelegt,legte fort,leg fort,legt fort,haben,fortzulegen
beiseitelegen,lege beiseite,legst beiseite,legt beiseite,legte beiseite,beiseitegelegt,legte beiseite,leg beiseite,legt beiseite,haben,zu beiseitelegen
gedeihen,gedeihe,gedeihst,gedeiht,gedieh,gediehen,gediehe,gedeihe,gedeiht,sein,zu gedeihen
darlegen,lege dar,legst dar,legt dar,legte dar,dargelegt,legte dar,leg dar,legt dar,haben,darzulegen
zerschellen,zerschelle,zerschellst,zerschellt,zerschellte,zerschellt,zerschellte,zerschelle,zerschellt,sein,zu zerschellen
verlaufen,verlaufe,verläufst,verläuft,verlief,verlaufen,verliefe,verlaufe,verlauft,sein,zu verlaufen
belasten,belaste,belastest,belastet,belastete,belastet,belastete,belaste,belastet,haben,zu belasten
zusagen,sage zu,sagst zu,sagt zu,sagte zu,zugesagt,sagte zu,sag zu,sagt zu,haben,zuzusagen
ausdehnen,dehne aus,dehnst aus,dehnt aus,dehnte aus,ausgedehnt,dehnte aus,dehn aus,dehnt aus,haben,auszudehnen
wegziehen,ziehe weg,ziehst weg,zieht weg,zog weg,weggezogen,zöge weg,zieh weg,zieht weg,sein,wegzuziehen
erziehen,erziehe,erziehst,erzieht,erzog,erzogen,erzöge,erzieh,erzieht,haben,zu erziehen
aufoktroyieren,oktroyiere auf,oktroyierst auf,oktroyiert auf,oktroyierte auf,aufoktroyiert,oktroyierte auf,oktroyier auf,oktroyiert auf,haben,aufzuoktroyieren
fortgehen,gehe fort,gehst fort,geht fort,ging fort,fortgegangen,ginge fort,geh fort,geht fort,sein,fortzugehen
vernachlässigen,vernachlässige,vernachlässigst,vernachlässigt,vernachlässigte,vernachlässigt,vernachlässigte,vernachlässig,vernachlässigt,haben,zu vernachlässigen
taugen,tauge,taugst,taugt,taugte,getaugt,taugte,tauge,taugt,haben,zu taugen
weilen,weile,weilst,weilt,weilte,geweilt,weilte,weil,weilt,haben,zu weilen
entkommen,entkomme,entkommst,entkommt,entkam,entkommen,entkäme,entkomme,entkommt,sein,zu entkommen
durchsetzen,setze durch,setzt durch,setzt durch,setzte durch,durchgesetzt,setzte durch,setze durch,setzt durch,haben,durchzusetzen
zurückweisen,weise zurück,weist zurück,weist zurück,wies zurück,zurückgewiesen,wiese zurück,weise zurück,weist zurück,haben,zuzurückweisen
deklarieren,deklariere,deklarierst,deklariert,deklarierte,deklariert,deklarierte,deklariere,deklariert,haben,zu deklarieren
grölen,gröle,grölst,grölt,grölte,gegrölt,grölte,gröle,grölt,haben,zu grölen
mitkommen,komme mit,kommst mit,kommt mit,kam mit,mitgekommen,käme mit,komme mit,kommt mit,sein,mitzukommen
umkommen,komme um,kommst um,kommt um,kam um,umgekommen,käme um,komm um,kommt um,sein,umzukommen
verkommen,verkomme,verkommst,verkommt,verkam,verkommen,verkäme,verkomme,verkommt,sein,zu verkommen
klirren,klirre,klirrst,klirrt,klirrte,geklirrt,klirrte,klirre,klirrt,haben,zu klirren
auffassen,fasse auf,fasst auf,fasst auf,fasste auf,aufgefasst,fasste auf,fasse auf,fasst auf,haben,aufzufassen
nachsetzen,setze nach,setzt nach,setzt nach,setzte nach,nachgesetzt,setzte nach,setz nach,setzt nach,haben,nachzusetzen
ähneln,ähnele,ähnelst,ähnelt,ähnelte,geähnelt,ähnelte,ähnele,ähnelt,haben,zu ähneln
graben,grabe,gräbst,gräbt,grub,gegraben,grübe,grab,grabt,haben,zu graben
umdrehen,drehe um,drehst um,dreht um,drehte um,umgedreht,drehte um,dreh um,dreht um,haben,umzudrehen
vorwegnehmen,nehme vorweg,nimmst vorweg,nimmt vorweg,nahm vorweg,vorweggenommen,nähme vorweg,nimm vorweg,nehmt vorweg,haben,vorwegzunehmen
ausdenken,denke aus,denkst aus,denkt aus,dachte aus,ausgedacht,dächte aus,denke aus,denkt aus,haben,auszudenken
erdenken,erdenke,erdenkst,erdenkt,erdachte,erdacht,erdächte,erdenke,erdenkt,haben,zu erdenken
gedenken,gedenke,gedenkst,gedenkt,gedachte,gedacht,gedächte,gedenk,gedenkt,haben,zu gedenken
entheben,enthebe,enthebst,enthebt,enthob,enthoben,enthöbe,enthebe,enthebt,haben,zu entheben
durchdenken,durchdenke,durchdenkst,durchdenkt,durchdachte,durchdacht,durchdächte,durchdenke,durchdenkt,haben,zu durchdenken
weiterdenken,denke weiter,denkst weiter,denkt weiter,dachte weiter,weitergedacht,dächte weiter,denke weiter,denkt weiter,haben,weitzuerdenken
fortdenken,denke fort,denkst fort,denkt fort,dachte fort,fortgedacht,dächte fort,denke fort,denkt fort,haben,fortzudenken
wegdenken,denke weg,denkst weg,denkt weg,dachte weg,weggedacht,dächte weg,denke weg,denkt weg,haben,wegzudenken
hinausführen,führe hinaus,führst hinaus,führt hinaus,führte hinaus,hinausgeführt,führte hinaus,führ hinaus,führt hinaus,haben,hinzuausführen
mimen,mime,mimst,mimt,mimte,gemimt,mimte,mim,mimt,haben,zu mimen
wühlen,wühle,wühlst,wühlt,wühlte,gewühlt,wühlte,wühle,wühlt,haben,zu wühlen
piepsen,piepse,piepst,piepst,piepste,gepiepst,piepste,piepse,piepst,haben,zu piepsen
marschieren,marschiere,marschierst,marschiert,marschierte,marschiert,marschierte,marschiere,marschiert,sein,zu marschieren
kranken,kranke,krankst,krankt,krankte,gekrankt,krankte,kranke,krankt,haben,zu kranken
wiedergeben,gebe wieder,gibst wieder,gibt wieder,gab wieder,wiedergegeben,gäbe wieder,gib wieder,gebt wieder,haben,wiederzugeben
abfallen,falle ab,fällst ab,fällt ab,fiel ab,abgefallen,fiele ab,fall ab,fallt ab,sein,abzufallen
abhandeln,handele ab,handelst ab,handelt ab,handelte ab,abgehandelt,handelte ab,handel ab,handelt ab,haben,abzuhandeln
aushandeln,handele aus,handelst aus,handelt aus,handelte aus,ausgehandelt,handelte aus,handel aus,handelt aus,haben,auszuhandeln
verhandeln,verhandele,verhandelst,verhandelt,verhandelte,verhandelt,verhandelte,verhandele,verhandelt,haben,zu verhandeln
vorfallen,—,—,fällt vor,—,vorgefallen,—,—,—,sein,vorzufallen
herabfallen,falle herab,fällst herab,fällt herab,fiel herab,herabgefallen,fiele herab,fall herab,fallt herab,sein,herzuabfallen
absegeln,segle ab,segelst ab,segelt ab,segelte ab,abgesegelt,segelte ab,segle ab,segelt ab,haben,abzusegeln
ansegeln,segle an,segelst an,segelt an,segelte an,angesegelt,segelte an,segle an,segelt an,haben,anzusegeln
anschrauben,schraube an,schraubst an,schraubt an,schraubte an,angeschraubt,schraubte an,schraube an,schraubt an,haben,anzuschrauben
abtakeln,takle ab,takelst ab,takelt ab,takelte ab,abgetakelt,takelte ab,takel ab,takelt ab,haben,abzutakeln
stabilisieren,stabilisiere,stabilisierst,stabilisiert,stabilisierte,stabilisiert,stabilisierte,stabilisier,stabilisiert,haben,zu stabilisieren
deduzieren,deduziere,deduzierst,deduziert,deduzierte,deduziert,deduzierte,deduzier,deduziert,haben,zu deduzieren
mitnehmen,nehme mit,nimmst mit,nimmt mit,nahm mit,mitgenommen,nähme mit,nimm mit,nehmt mit,haben,mitzunehmen
takeln,takle,takelst,takelt,takelte,getakelt,takelte,takle,takelt,haben,zu takeln
wippen,wippe,wippst,wippt,wippte,gewippt,wippte,wippe,wippt,haben,zu wippen
einwecken,wecke ein,weckst ein,weckt ein,weckte ein,eingeweckt,weckte ein,weck ein,weckt ein,haben,einzuwecken
dedizieren,dediziere,dedizierst,dediziert,dedizierte,dediziert,dedizierte,dedizier,dediziert,haben,zu dedizieren
hüten,hüte,hütest,hütet,hütete,gehütet,hütete,hüte,hütet,haben,zu hüten
durchbrechen,breche durch,brichst durch,bricht durch,brach durch,durchgebrochen,bräche durch,breche durch,brecht durch,haben,zu durchbrechen
divergieren,divergiere,divergierst,divergiert,divergierte,divergiert,divergierte,divergiere,divergiert,haben,diverzugieren
ausbrüten,brüte aus,brütest aus,brütet aus,brütete aus,ausgebrütet,brütete aus,brüte aus,brütet aus,haben,auszubrüten
erquicken,erquicke,erquickst,erquickt,erquickte,erquickt,erquickte,erquicke,erquickt,haben,zu erquicken
abzeichnen,zeichne ab,zeichnest ab,zeichnet ab,zeichnete ab,abgezeichnet,zeichnete ab,zeichne ab,zeichnet ab,haben,abzuzeichnen
nützen,nütze,nützt,nützt,nützte,genützt,nützte,nütze,nützt,haben,zu nützen
erobern,erobere,eroberst,erobert,eroberte,erobert,eroberte,erobre,erobert,haben,zu erobern
konzipieren,konzipiere,konzipierst,konzipiert,konzipierte,konzipiert,konzipierte,konzipier,konzipiert,haben,zu konzipieren
referieren,referiere,referierst,referiert,referierte,referiert,referierte,referiere,referiert,haben,zu referieren
agieren,agiere,agierst,agiert,agierte,agiert,agierte,agiere,agiert,haben,zu agieren
interpretieren,interpretiere,interpretierst,interpretiert,interpretierte,interpretiert,interpretierte,interpretiere,interpretiert,haben,zu interpretieren
kreißen,kreiße,kreißt,kreißt,kreißte,gekreißt,kreißte,kreiß,kreißt,haben,zu kreißen
begleiten,begleite,begleitest,begleitet,begleitete,begleitet,begleitete,begleite,begleitet,haben,zu begleiten
verdichten,verdichte,verdichtest,verdichtet,verdichtete,verdichtet,verdichtete,verdicht,verdichtet,haben,zu verdichten
fügen,füge,fügst,fügt,fügte,gefügt,fügte,füge,fügt,haben,zu fügen
heraufkommen,komme herauf,kommst herauf,kommt herauf,kam herauf,heraufgekommen,käme herauf,komm herauf,kommt herauf,sein,herzuaufkommen
herausstellen,stelle heraus,stellst heraus,stellt heraus,stellte heraus,herausgestellt,stellte heraus,stell heraus,stellt heraus,haben,herzuausstellen
gegenüberstehen,stehe gegenüber,stehst gegenüber,steht gegenüber,stand gegenüber,gegenübergestanden,stünde gegenüber,steh gegenüber,steht gegenüber,haben,zu gegenüberstehen
zusammenstoßen,stoße zusammen,stößt zusammen,stößt zusammen,stieß zusammen,zusammengestoßen,stieße zusammen,stoße zusammen,stoßt zusammen,sein,zuzusammenstoßen
zerkauen,zerkaue,zerkaust,zerkaut,zerkaute,zerkaut,zerkaute,zerkaue,zerkaut,haben,zu zerkauen
fleuchen,fleuche,fleuchst,fleucht,fleuchte,gefleucht,fleuchte,fleuche,fleucht,sein,zu fleuchen
überleben,überlebe,überlebst,überlebt,überlebte,überlebt,überlebte,überlebe,überlebt,haben,zu überleben
andrehen,drehe an,drehst an,dreht an,drehte an,angedreht,drehte an,dreh an,dreht an,haben,anzudrehen
füßeln,füßle,füßelst,füßelt,füßelte,gefüßelt,füßelte,füßle,füßelt,haben,zu füßeln
schmatzen,schmatze,schmatzt,schmatzt,schmatzte,geschmatzt,schmatzte,schmatz,schmatzt,haben,zu schmatzen
betreuen,betreue,betreust,betreut,betreute,betreut,betreute,betreue,betreut,haben,zu betreuen
lohnen,lohne,lohnst,lohnt,lohnte,gelohnt,lohnte,lohne,lohnt,haben,zu lohnen
weiterverleihen,verleihe weiter,verleihst weiter,verleiht weiter,verlieh weiter,weiterverliehen,verliehe weiter,verleih weiter,verleiht weiter,haben,weiterzuverleihen
kategorisieren,kategorisiere,kategorisierst,kategorisiert,kategorisierte,kategorisiert,kategorisierte,kategorisiere,kategorisiert,haben,zu kategorisieren
einkaufen,kaufe ein,kaufst ein,kauft ein,kaufte ein,eingekauft,kaufte ein,kauf ein,kauft ein,haben,einzukaufen
puffen,puffe,puffst,pufft,puffte,gepufft,puffte,puff,pufft,haben,zu puffen
fürchten,fürchte,fürchtest,fürchtet,fürchtete,gefürchtet,fürchtete,fürchte,fürchtet,haben,zu fürchten
verdrängen,verdränge,verdrängst,verdrängt,verdrängte,verdrängt,verdrängte,verdränge,verdrängt,haben,zu verdrängen
kriseln,krisele,kriselst,kriselt,kriselte,gekriselt,kriselte,—,—,haben,zu kriseln
resignieren,resigniere,resignierst,resigniert,resignierte,resigniert,resignierte,resigniere,resigniert,haben,zu resignieren
beklatschen,beklatsche,beklatschst,beklatscht,beklatschte,beklatscht,beklatschte,beklatsche,beklatscht,haben,zu beklatschen
meiden,meide,meidest,meidet,mied,gemieden,miede,meide,meidet,haben,zu meiden
verschlagen,verschlage,verschlägst,verschlägt,verschlug,verschlagen,verschlüge,verschlage,verschlagt,haben,zu verschlagen
umbinden,binde um,bindest um,bindet um,band um,umgebunden,bände um,binde um,bindet um,haben,umzubinden
einlenken,lenke ein,lenkst ein,lenkt ein,lenkte ein,eingelenkt,lenkte ein,lenk ein,lenkt ein,haben,einzulenken
entrauschen,entrausche,entrauschst,entrauscht,entrauschte,entrauscht,entrauschte,entrausch,entrauscht,haben,zu entrauschen
wagen,wage,wagst,wagt,wagte,gewagt,wagte,wage,wagt,haben,zu wagen
trauen,traue,traust,traut,traute,getraut,traute,trau,traut,haben,zu trauen
abspritzen,spritze ab,spritzt ab,spritzt ab,spritzte ab,abgespritzt,spritzte ab,spritz ab,spritzt ab,haben,abzuspritzen
bugsieren,bugsiere,bugsierst,bugsiert,bugsierte,bugsiert,bugsierte,bugsiere,bugsiert,haben,zu bugsieren
erwachsen,erwachse,erwächst,erwächst,erwuchs,erwachsen,erwüchse,erwachse,erwachst,sein,zu erwachsen
freisetzen,setze frei,setzt frei,setzt frei,setzte frei,freigesetzt,setzte frei,setz frei,setzt frei,haben,freizusetzen
trauern,trauere,trauerst,trauert,trauerte,getrauert,trauerte,trauere,trauert,haben,zu trauern
unterstellen,unterstelle,unterstellst,unterstellt,unterstellte,unterstellt,unterstellte,unterstelle,unterstellt,haben,zu unterstellen
frönen,fröne,frönst,frönt,frönte,gefrönt,frönte,fröne,frönt,haben,zu frönen
unterlassen,unterlasse,unterlässt,unterlässt,unterließ,unterlassen,unterließe,unterlass,unterlasst,haben,zu unterlassen
versieren,versiere,versierst,versiert,versierte,versiert,versierte,versiere,versiert,haben,zu versieren
relativieren,relativiere,relativierst,relativiert,relativierte,relativiert,relativierte,relativiere,relativiert,haben,zu relativieren
relegieren,relegiere,relegierst,relegiert,relegierte,relegiert,relegierte,relegiere,relegiert,haben,zu relegieren
zerfen,zerfe,zerfst,zerft,zerfte,gezerft,zerfte,zerfe,zerft,haben,zu zerfen
verankern,verankere,verankerst,verankert,verankerte,verankert,verankerte,verankere,verankert,haben,zu verankern
verabreichen,verabreiche,verabreichst,verabreicht,verabreichte,verabreicht,verabreichte,verabreiche,verabreicht,haben,zu verabreichen
vermelden,vermelde,vermeldest,vermeldet,vermeldete,vermeldet,vermeldete,vermeld,vermeldet,haben,zu vermelden
projektieren,projektiere,projektierst,projektiert,projektierte,projektiert,projektierte,projektiere,projektiert,haben,zu projektieren
speien,speie,speist,speit,spie,gespien,spie,speie,speit,haben,zu speien
konvertieren,konvertiere,konvertierst,konvertiert,konvertierte,konvertiert,konvertierte,konvertiere,konvertiert,haben,zu konvertieren
abbusseln,bussle ab,busselst ab,busselt ab,busselte ab,abgebusselt,busselte ab,bussel ab,busselt ab,haben,abzubusseln
dekuvrieren,dekuvriere,dekuvrierst,dekuvriert,dekuvrierte,dekuvriert,dekuvrierte,dekuvrier,dekuvriert,haben,zu dekuvrieren
nerven,nerve,nervst,nervt,nervte,genervt,nervte,nerve,nervt,haben,zu nerven
verdrücken,verdrücke,verdrückst,verdrückt,verdrückte,verdrückt,verdrückte,verdrück,verdrückt,haben,zu verdrücken
reagieren,reagiere,reagierst,reagiert,reagierte,reagiert,reagierte,reagiere,reagiert,haben,zu reagieren
bastardieren,bastardiere,bastardierst,bastardiert,bastardierte,bastardiert,bastardierte,bastardiere,bastardiert,haben,zu bastardieren
beschweren,beschwere,beschwerst,beschwert,beschwerte,beschwert,beschwerte,beschwere,beschwert,haben,zu beschweren
derangieren,derangiere,derangierst,derangiert,derangierte,derangiert,derangierte,derangiere,derangiert,haben,deranzugieren
plagen,plage,plagst,plagt,plagte,geplagt,plagte,plag,plagt,haben,zu plagen
bevorzugen,bevorzuge,bevorzugst,bevorzugt,bevorzugte,bevorzugt,bevorzugte,bevorzuge,bevorzugt,haben,zu bevorzugen
gerieren,geriere,gerierst,geriert,gerierte,geriert,gerierte,gerier,geriert,haben,zu gerieren
saunieren,sauniere,saunierst,sauniert,saunierte,sauniert,saunierte,saunier,sauniert,haben,zu saunieren
murksen,murkse,murkst,murkst,murkste,gemurkst,murkste,murkse,murkst,haben,zu murksen
abgeraten,gerate ab,gerätst ab,gerät ab,geriet ab,abgeraten,geriete ab,gerate ab,geratet ab,sein,abzugeraten
wecken,wecke,weckst,weckt,weckte,geweckt,weckte,wecke,weckt,haben,zu wecken
obliegen,obliege,obliegst,obliegt,oblag,oblegen,obläge,oblieg,obliegt,sein,zu obliegen
schmausen,schmause,schmaust,schmaust,schmauste,geschmaust,schmauste,schmaus,schmaust,haben,zu schmausen
mokieren,mokiere,mokierst,mokiert,mokierte,mokiert,mokierte,mokiere,mokiert,haben,zu mokieren
knutschen,knutsche,knutschst,knutscht,knutschte,geknutscht,knutschte,knutsche,knutscht,haben,zu knutschen
tropfen,tropfe,tropfst,tropft,tropfte,getropft,tropfte,tropfe,tropft,haben,zu tropfen
überfliegen,überfliege,überfliegst,überfliegt,überflog,überflogen,überflöge,überflieg,überfliegt,haben,zu überfliegen
entpacken,entpacke,entpackst,entpackt,entpackte,entpackt,entpackte,entpack,entpackt,haben,zu entpacken
verklappen,verklappe,verklappst,verklappt,verklappte,verklappt,verklappte,verklapp,verklappt,haben,zu verklappen
anhaben,habe an,hast an,hat an,hatte an,angehabt,hätte an,hab an,habt an,haben,anzuhaben
spüren,spüre,spürst,spürt,spürte,gespürt,spürte,spüre,spürt,haben,zu spüren
spuren,spure,spurst,spurt,spurte,gespurt,spurte,spure,spurt,haben,zu spuren
akzentuieren,akzentuiere,akzentuierst,akzentuiert,akzentuierte,akzentuiert,akzentuierte,akzentuiere,akzentuiert,haben,zu akzentuieren
einziehen,ziehe ein,ziehst ein,zieht ein,zog ein,eingezogen,zöge ein,zieh ein,zieht ein,haben,einzuziehen
stärken,stärke,stärkst,stärkt,stärkte,gestärkt,stärkte,stärke,stärkt,haben,zu stärken
kühlen,kühle,kühlst,kühlt,kühlte,gekühlt,kühlte,kühl,kühlt,haben,zu kühlen
vermindern,vermindere,verminderst,vermindert,verminderte,vermindert,verminderte,verminder,vermindert,haben,zu vermindern
schultern,schultere,schulterst,schultert,schulterte,geschultert,schulterte,schultere,schultert,haben,zu schultern
heischen,heische,heischst,heischt,heischte,geheischt,heischte,heisch,heischt,haben,zu heischen
streuen,streue,streust,streut,streute,gestreut,streute,streue,streut,haben,zu streuen
jubeln,juble,jubelst,jubelt,jubelte,gejubelt,jubelte,juble,jubelt,haben,zu jubeln
naturalisieren,naturalisiere,naturalisierst,naturalisiert,naturalisierte,naturalisiert,naturalisierte,naturalisier,naturalisiert,haben,zu naturalisieren
botanisieren,botanisiere,botanisierst,botanisiert,botanisierte,botanisiert,botanisierte,botanisiere,botanisiert,haben,zu botanisieren
extemporieren,extemporiere,extemporierst,extemporiert,extemporierte,extemporiert,extemporierte,extemporiere,extemporiert,haben,zu extemporieren
beschaffen,beschaffe,beschaffst,beschafft,beschaffte,beschafft,beschaffte,beschaffe,beschafft,haben,zu beschaffen
hamstern,hamstere,hamsterst,hamstert,hamsterte,gehamstert,hamsterte,hamstere,hamstert,haben,zu hamstern
provozieren,provoziere,provozierst,provoziert,provozierte,provoziert,provozierte,provoziere,provoziert,haben,zu provozieren
tendieren,tendiere,tendierst,tendiert,tendierte,tendiert,tendierte,tendiere,tendiert,haben,zu tendieren
mitdenken,denke mit,denkst mit,denkt mit,dachte mit,mitgedacht,dächte mit,denke mit,denkt mit,haben,mitzudenken
bewohnen,bewohne,bewohnst,bewohnt,bewohnte,bewohnt,bewohnte,bewohne,bewohnt,haben,zu bewohnen
resümieren,resümiere,resümierst,resümiert,resümierte,resümiert,resümierte,resümiere,resümiert,haben,zu resümieren
destruieren,destruiere,destruierst,destruiert,destruierte,destruiert,destruierte,destruiere,destruiert,haben,zu destruieren
konstruieren,konstruiere,konstruierst,konstruiert,konstruierte,konstruiert,konstruierte,konstruiere,konstruiert,haben,zu konstruieren
tummeln,tummle,tummelst,tummelt,tummelte,getummelt,tummelte,tummle,tummelt,haben,zu tummeln
taumeln,taumle,taumelst,taumelt,taumelte,getaumelt,taumelte,taumle,taumelt,haben,zu taumeln
wanken,wanke,wankst,wankt,wankte,gewankt,wankte,wanke,wankt,haben,zu wanken
steinigen,steinige,steinigst,steinigt,steinigte,gesteinigt,steinigte,steinig,steinigt,haben,zu steinigen
kippen,kippe,kippst,kippt,kippte,gekippt,kippte,kippe,kippt,haben,zu kippen
überweisen,überweise,überweist,überweist,überwies,überwiesen,überwiese,überweise,überweist,haben,zu überweisen
barabern,barabre,baraberst,barabert,baraberte,barabert,baraberte,barabre,barabert,haben,barzuabern
luschern,luschere,luscherst,luschert,luscherte,geluschert,luscherte,luschere,luschert,haben,zu luschern
aushärten,härte aus,härtest aus,härtet aus,härtete aus,ausgehärtet,härtete aus,härte aus,härtet aus,haben,auszuhärten
verschlagworten,verschlagworte,verschlagwortest,verschlagwortet,verschlagwortete,verschlagwortet,verschlagwortete,verschlagwort,verschlagwortet,haben,zu verschlagworten
hübsch machen,mache hübsch,machst hübsch,macht hübsch,machte hübsch,hübsch gemacht,machte hübsch,mach hübsch,macht hübsch,haben,zu hübsch machen
girren,girre,girrst,girrt,girrte,gegirrt,girrte,girre,girrt,haben,zu girren
schönen,schöne,schönst,schönt,schönte,geschönt,schönte,schöne,schönt,haben,zu schönen
knipsen,knipse,knipst,knipst,knipste,geknipst,knipste,knips,knipst,haben,zu knipsen
balancieren,balanciere,balancierst,balanciert,balancierte,balanciert,balancierte,balanciere,balanciert,haben,zu balancieren
umschreiben,umschreibe,umschreibst,umschreibt,umschrieb,umschrieben,umschriebe,umschreibe,umschreibt,haben,zu umschreiben
verproviantieren,verproviantiere,verproviantierst,verproviantiert,verproviantierte,verproviantiert,verproviantierte,verproviantiere,verproviantiert,haben,zu verproviantieren
gürten,gürte,gürtest,gürtet,gürtete,gegürtet,gürtete,gürte,gürtet,haben,zu gürten
verschulden,verschulde,verschuldest,verschuldet,verschuldete,verschuldet,verschuldete,verschuld,verschuldet,haben,zu verschulden
dissen,disse,disst,disst,disste,gedisst,disste,disse,disst,haben,zu dissen
beschützen,beschütze,beschützt,beschützt,beschützte,beschützt,beschützte,beschütze,beschützt,haben,zu beschützen
tilgen,tilge,tilgst,tilgt,tilgte,getilgt,tilgte,tilg,tilgt,haben,zu tilgen
welschen,welsche,welschst,welscht,welschte,gewelscht,welschte,welsche,welscht,haben,zu welschen
niederschlagen,schlage nieder,schlägst nieder,schlägt nieder,schlug nieder,niedergeschlagen,schlüge nieder,schlag nieder,schlagt nieder,haben,niederzuschlagen
piesacken,piesacke,piesackst,piesackt,piesackte,gepiesackt,piesackte,piesacke,piesackt,haben,zu piesacken
innehalten,halte inne,hältst inne,hält inne,hielt inne,innegehalten,hielte inne,halt inne,haltet inne,haben,innezuhalten
vulkanisieren,vulkanisiere,vulkanisierst,vulkanisiert,vulkanisierte,vulkanisiert,vulkanisierte,vulkanisier,vulkanisiert,haben,zu vulkanisieren
schinden,schinde,schindest,schindet,schindete,geschunden,schindete,schinde,schindet,haben,zu schinden
herausfinden,finde heraus,findest heraus,findet heraus,fand heraus,herausgefunden,fände heraus,finde heraus,findet heraus,haben,herzuausfinden
rasten,raste,rastest,rastet,rastete,gerastet,rastete,rast,rastet,haben,zu rasten
murren,murre,murrst,murrt,murrte,gemurrt,murrte,murre,murrt,haben,zu murren
wettmachen,mache wett,machst wett,macht wett,machte wett,wettgemacht,machte wett,mach wett,macht wett,haben,zu wettmachen
brandschatzen,brandschatze,brandschatzt,brandschatzt,brandschatzte,gebrandschatzt,brandschatzte,brandschatz,brandschatzt,haben,brandschzuatzen
konfektionieren,konfektioniere,konfektionierst,konfektioniert,konfektionierte,konfektioniert,konfektionierte,konfektioniere,konfektioniert,haben,zu konfektionieren
indignieren,indigniere,indignierst,indigniert,indignierte,indigniert,indignierte,indignier,indigniert,haben,zu indignieren
zuknöpfen,knöpfe zu,knöpfst zu,knöpft zu,knöpfte zu,zugeknöpft,knöpfte zu,knöpf zu,knöpft zu,haben,zuzuknöpfen
neiden,neide,neidest,neidet,neidete,geneidet,neidete,neide,neidet,haben,zu neiden
murmeln,murmle,murmelst,murmelt,murmelte,gemurmelt,murmelte,murmle,murmelt,haben,zu murmeln
lähmen,lähme,lähmst,lähmt,lähmte,gelähmt,lähmte,lähme,lähmt,haben,zu lähmen
leimen,leime,leimst,leimt,leimte,geleimt,leimte,leim,leimt,haben,zu leimen
kränken,kränke,kränkst,kränkt,kränkte,gekränkt,kränkte,kränk,kränkt,haben,zu kränken
interviewen,interviewe,interviewst,interviewt,interviewte,interviewt,interviewte,interview,interviewt,haben,zu interviewen
irrigieren,irrigiere,irrigierst,irrigiert,irrigierte,irrigiert,irrigierte,irrigier,irrigiert,haben,zu irrigieren
beaten,beate,beatest,beatet,beatete,gebeatet,beatete,beate,beatet,haben,zu beaten
abkindern,kindere ab,kinderst ab,kindert ab,kinderte ab,abgekindert,kinderte ab,kindere ab,kindert ab,haben,abzukindern
illuminieren,illuminiere,illuminierst,illuminiert,illuminierte,illuminiert,illuminierte,illuminiere,illuminiert,haben,zu illuminieren
löchern,löchere,löcherst,löchert,löcherte,gelöchert,löcherte,löchere,löchert,haben,zu löchern
löhnen,löhne,löhnst,löhnt,löhnte,gelöhnt,löhnte,löhne,löhnt,haben,zu löhnen
löten,löte,lötest,lötet,lötete,gelötet,lötete,löte,lötet,haben,zu löten
konsternieren,konsterniere,konsternierst,konsterniert,konsternierte,konsterniert,konsternierte,konsterniere,konsterniert,haben,zu konsternieren
konzentrieren,konzentriere,konzentrierst,konzentriert,konzentrierte,konzentriert,konzentrierte,konzentriere,konzentriert,haben,zu konzentrieren
verkürzen,verkürze,verkürzt,verkürzt,verkürzte,verkürzt,verkürzte,verkürz,verkürzt,haben,zu verkürzen
ausspeichern,speichere aus,speicherst aus,speichert aus,speicherte aus,ausgespeichert,speicherte aus,speichere aus,speichert aus,haben,auszuspeichern
rapportieren,rapportiere,rapportierst,rapportiert,rapportierte,rapportiert,rapportierte,rapportiere,rapportiert,haben,zu rapportieren
heroisieren,heroisiere,heroisierst,heroisiert,heroisierte,heroisiert,heroisierte,heroisier,heroisiert,haben,herzuoisieren
linken,linke,linkst,linkt,linkte,gelinkt,linkte,linke,linkt,haben,zu linken
zurückrufen,rufe zurück,rufst zurück,ruft zurück,rief zurück,zurückgerufen,riefe zurück,ruf zurück,ruft zurück,haben,zuzurückrufen
hinrichten,richte hin,richtest hin,richtet hin,richtete hin,hingerichtet,richtete hin,richte hin,richtet hin,haben,hinzurichten
auserkiesen,erkiese aus,erkiest aus,erkiest aus,erkor aus,auserkoren,erköre aus,erkiese aus,erkiest aus,haben,auszuerkiesen
strangulieren,stranguliere,strangulierst,stranguliert,strangulierte,stranguliert,strangulierte,stranguliere,stranguliert,haben,zu strangulieren
verschüren,verschüre,verschürst,verschürt,verschürte,verschürt,verschürte,verschür,verschürt,haben,zu verschüren
ratschen,ratsche,ratschst,ratscht,ratschte,geratscht,ratschte,ratsche,ratscht,haben,zu ratschen
hausieren,hausiere,hausierst,hausiert,hausierte,hausiert,hausierte,hausier,hausiert,haben,zu hausieren
stängeln,stängel,stängelst,stängelt,stängelte,gestängelt,stängelte,stängel,stängelt,haben,zu stängeln
fremdeln,fremdle,fremdelst,fremdelt,fremdelte,gefremdelt,fremdelte,fremdel,fremdelt,haben,zu fremdeln
würzen,würze,würzt,würzt,würzte,gewürzt,würzte,würze,würzt,haben,zu würzen
pfeffern,pfeffere,pfefferst,pfeffert,pfefferte,gepfeffert,pfefferte,pfeffere,pfeffert,haben,zu pfeffern
regeln,regle,regelst,regelt,regelte,geregelt,regelte,regle,regelt,haben,zu regeln
beschulen,beschule,beschulst,beschult,beschulte,beschult,beschulte,beschul,beschult,haben,zu beschulen
schulen,schule,schulst,schult,schulte,geschult,schulte,schule,schult,haben,zu schulen
degoutieren,degoutiere,degoutierst,degoutiert,degoutierte,degoutiert,degoutierte,degoutiere,degoutiert,haben,zu degoutieren
gastieren,gastiere,gastierst,gastiert,gastierte,gastiert,gastierte,gastier,gastiert,haben,zu gastieren
pachten,pachte,pachtest,pachtet,pachtete,gepachtet,pachtete,pachte,pachtet,haben,zu pachten
passivieren,passiviere,passivierst,passiviert,passivierte,passiviert,passivierte,passiviere,passiviert,haben,zu passivieren
pferchen,pferche,pferchst,pfercht,pferchte,gepfercht,pferchte,pferch,pfercht,haben,zu pferchen
schrecken,schrecke,schreckst,schreckt,schreckte,geschreckt,schreckte,schrecke,schreckt,haben,zu schrecken
prozessieren,prozessiere,prozessierst,prozessiert,prozessierte,prozessiert,prozessierte,prozessiere,prozessiert,haben,zu prozessieren
rütteln,rüttle,rüttelst,rüttelt,rüttelte,gerüttelt,rüttelte,rüttle,rüttelt,haben,zu rütteln
kreieren,kreiere,kreierst,kreiert,kreierte,kreiert,kreierte,kreiere,kreiert,haben,zu kreieren
inhalieren,inhaliere,inhalierst,inhaliert,inhalierte,inhaliert,inhalierte,inhalier,inhaliert,haben,zu inhalieren
regenerieren,regeneriere,regenerierst,regeneriert,regenerierte,regeneriert,regenerierte,regeneriere,regeneriert,haben,zu regenerieren
zähmen,zähme,zähmst,zähmt,zähmte,gezähmt,zähmte,zähme,zähmt,haben,zu zähmen
zerreiben,zerreibe,zerreibst,zerreibt,zerrieb,zerrieben,zerriebe,zerreibe,zerreibt,haben,zu zerreiben
blinzeln,blinzle,blinzelst,blinzelt,blinzelte,geblinzelt,blinzelte,blinzle,blinzelt,haben,zu blinzeln
verpassen,verpasse,verpasst,verpasst,verpasste,verpasst,verpasste,verpass,verpasst,haben,zu verpassen
umgestalten,gestalte um,gestaltest um,gestaltet um,gestaltete um,umgestaltet,gestaltete um,gestalt um,gestaltet um,haben,umzugestalten
heimzahlen,zahle heim,zahlst heim,zahlt heim,zahlte heim,heimgezahlt,zahlte heim,zahl heim,zahlt heim,haben,zu heimzahlen
infiltrieren,infiltriere,infiltrierst,infiltriert,infiltrierte,infiltriert,infiltrierte,infiltriere,infiltriert,haben,zu infiltrieren
booten,boote,bootest,bootet,bootete,gebootet,bootete,boot,bootet,haben,zu booten
scheuchen,scheuche,scheuchst,scheucht,scheuchte,gescheucht,scheuchte,scheuch,scheucht,haben,zu scheuchen
betrüben,betrübe,betrübst,betrübt,betrübte,betrübt,betrübte,betrübe,betrübt,haben,zu betrüben
herbsten,herbste,herbstest,herbstet,herbstete,geherbstet,herbstete,herbste,herbstet,haben,herzubsten
rauschen,rausche,rauschst,rauscht,rauschte,gerauscht,rauschte,rausche,rauscht,haben,zu rauschen
herbsteln,—,—,herbstelt,herbstelte,geherbstelt,herbstelte,—,—,haben,herzubsteln
obwalten,walte ob,waltest ob,waltet ob,waltete ob,obgewaltet,waltete ob,walte ob,waltet ob,haben,zu obwalten
vermessen,vermesse,vermisst,vermisst,vermaß,vermessen,vermäße,vermiss,vermesst,haben,zu vermessen
hochfahren,fahre hoch,fährst hoch,fährt hoch,fuhr hoch,hochgefahren,führe hoch,fahr hoch,fahrt hoch,haben,hochzufahren
glossieren,glossiere,glossierst,glossiert,glossierte,glossiert,glossierte,glossier,glossiert,haben,zu glossieren
kastrieren,kastriere,kastrierst,kastriert,kastrierte,kastriert,kastrierte,kastrier,kastriert,haben,zu kastrieren
aufwerten,werte auf,wertest auf,wertet auf,wertete auf,aufgewertet,wertete auf,werte auf,wertet auf,haben,aufzuwerten
abwerten,werte ab,wertest ab,wertet ab,wertete ab,abgewertet,wertete ab,wert ab,wertet ab,haben,abzuwerten
koten,kote,kotest,kotet,kotete,gekotet,kotete,kote,kotet,haben,zu koten
vermöbeln,vermöble,vermöbelst,vermöbelt,vermöbelte,vermöbelt,vermöbelte,vermöble,vermöbelt,haben,zu vermöbeln
mästen,mäste,mästest,mästet,mästete,gemästet,mästete,mäste,mästet,haben,zu mästen
barmen,barme,barmst,barmt,barmte,gebarmt,barmte,barm,barmt,haben,zu barmen
kopieren,kopiere,kopierst,kopiert,kopierte,kopiert,kopierte,kopier,kopiert,haben,zu kopieren
werten,werte,wertest,wertet,wertete,gewertet,wertete,werte,wertet,haben,zu werten
prangen,prange,prangst,prangt,prangte,geprangt,prangte,prang,prangt,haben,zu prangen
berichtigen,berichtige,berichtigst,berichtigt,berichtigte,berichtigt,berichtigte,berichtige,berichtigt,haben,zu berichtigen
bessern,bessere,besserst,bessert,besserte,gebessert,besserte,bessere,bessert,haben,zu bessern
fleddern,fleddere,fledderst,fleddert,fledderte,gefleddert,fledderte,fleddere,fleddert,haben,zu fleddern
verknusen,verknuse,verknust,verknust,verknuste,verknust,verknuste,verknuse,verknust,haben,zu verknusen
knebeln,knebele,knebelst,knebelt,knebelte,geknebelt,knebelte,knebele,knebelt,haben,zu knebeln
verlachen,verlache,verlachst,verlacht,verlachte,verlacht,verlachte,verlach,verlacht,haben,zu verlachen
zippen,zippe,zippst,zippt,zippte,gezippt,zippte,zipp,zippt,haben,zu zippen
anprangern,prangere an,prangerst an,prangert an,prangerte an,angeprangert,prangerte an,pranger an,prangert an,haben,anzuprangern
scharwenzeln,scharwenzele,scharwenzelst,scharwenzelt,scharwenzelte,scharwenzelt,scharwenzelte,scharwenzele,scharwenzelt,haben,zu scharwenzeln
grollen,grolle,grollst,grollt,grollte,gegrollt,grollte,groll,grollt,haben,zu grollen
reihern,reihere,reiherst,reihert,reiherte,gereihert,reiherte,reiher,reihert,haben,zu reihern
verspeisen,verspeise,verspeist,verspeist,verspeiste,verspeist,verspeiste,verspeis,verspeist,haben,zu verspeisen
rumoren,rumore,rumorst,rumort,rumorte,rumort,rumorte,rumore,rumort,haben,zu rumoren
umfliegen,umfliege,umfliegst,umfliegt,umflog,umflogen,umflöge,umfliege,umfliegt,haben,zu umfliegen
abpausen,pause ab,paust ab,paust ab,pauste ab,abgepaust,pauste ab,pause ab,paust ab,haben,abzupausen
ausflippen,flippe aus,flippst aus,flippt aus,flippte aus,ausgeflippt,flippte aus,flippe aus,flippt aus,sein,auszuflippen
erstatten,erstatte,erstattest,erstattet,erstattete,erstattet,erstattete,erstatt,erstattet,haben,zu erstatten
veranlagen,veranlage,veranlagst,veranlagt,veranlagte,veranlagt,veranlagte,veranlag,veranlagt,haben,zu veranlagen
einstallen,stalle ein,stallst ein,stallt ein,stallte ein,eingestallt,stallte ein,stall ein,stallt ein,haben,einzustallen
sezieren,seziere,sezierst,seziert,sezierte,seziert,sezierte,seziere,seziert,haben,zu sezieren
schleimen,schleime,schleimst,schleimt,schleimte,geschleimt,schleimte,schleim,schleimt,haben,zu schleimen
röntgen,röntge,röntgst,röntgt,röntgte,geröntgt,röntgte,röntge,röntgt,haben,zu röntgen
wiehern,wiehere,wieherst,wiehert,wieherte,gewiehert,wieherte,wiehere,wiehert,haben,zu wiehern
entgehen,entgehe,entgehst,entgeht,entging,entgangen,entginge,entgehe,entgeht,sein,zu entgehen
stempeln,stemple,stempelst,stempelt,stempelte,gestempelt,stempelte,stemple,stempelt,haben,zu stempeln
verunfallen,verunfalle,verunfallst,verunfallt,verunfallte,verunfallt,verunfallte,verunfalle,verunfallt,sein,zu verunfallen
abfeiern,feiere ab,feierst ab,feiert ab,feierte ab,abgefeiert,feierte ab,feier ab,feiert ab,haben,abzufeiern
zischeln,zischele,zischelst,zischelt,zischelte,gezischelt,zischelte,zischele,zischelt,haben,zu zischeln
übersehen,übersehe,übersiehst,übersieht,übersah,übersehen,übersähe,übersieh,überseht,haben,zu übersehen
barbieren,barbiere,barbierst,barbiert,barbierte,barbiert,barbierte,barbier,barbiert,haben,zu barbieren
verschlechtern,verschlechtere,verschlechterst,verschlechtert,verschlechterte,verschlechtert,verschlechterte,verschlechter,verschlechtert,haben,zu verschlechtern
vereinbaren,vereinbare,vereinbarst,vereinbart,vereinbarte,vereinbart,vereinbarte,vereinbar,vereinbart,haben,zu vereinbaren
konfigurieren,konfiguriere,konfigurierst,konfiguriert,konfigurierte,konfiguriert,konfigurierte,konfiguriere,konfiguriert,haben,zu konfigurieren
nachvollziehen,vollziehe nach,vollziehst nach,vollzieht nach,vollzog nach,nachvollzogen,vollzöge nach,vollziehe nach,vollzieht nach,haben,nachzuvollziehen
buhlen,buhle,buhlst,buhlt,buhlte,gebuhlt,buhlte,buhle,buhlt,haben,zu buhlen
fertigmachen,mache fertig,machst fertig,macht fertig,machte fertig,fertiggemacht,machte fertig,mach fertig,macht fertig,haben,fertigzumachen
plätschern,plätschere,plätscherst,plätschert,plätscherte,geplätschert,plätscherte,plätschere,plätschert,sein,zu plätschern
höhnen,höhne,höhnst,höhnt,höhnte,gehöhnt,höhnte,höhne,höhnt,haben,zu höhnen
knistern,knistere,knisterst,knistert,knisterte,geknistert,knisterte,knistere,knistert,haben,zu knistern
applizieren,appliziere,applizierst,appliziert,applizierte,appliziert,applizierte,applizier,appliziert,haben,zu applizieren
verlesen,verlese,verliest,verliest,verlas,verlesen,verläse,verlies,verlest,haben,zu verlesen
hasten,haste,hastest,hastet,hastete,gehastet,hastete,haste,hastet,sein,zu hasten
rosten,roste,rostest,rostet,rostete,gerostet,rostete,rost,rostet,haben,zu rosten
lorgnettieren,lorgnettiere,lorgnettierst,lorgnettiert,lorgnettierte,lorgnettiert,lorgnettierte,lorgnettiere,lorgnettiert,haben,zu lorgnettieren
perforieren,perforiere,perforierst,perforiert,perforierte,perforiert,perforierte,perforiere,perforiert,haben,zu perforieren
eliminieren,eliminiere,eliminierst,eliminiert,eliminierte,eliminiert,eliminierte,eliminiere,eliminiert,haben,zu eliminieren
verteufeln,verteufele,verteufelst,verteufelt,verteufelte,verteufelt,verteufelte,verteufele,verteufelt,haben,zu verteufeln
zertifizieren,zertifiziere,zertifizierst,zertifiziert,zertifizierte,zertifiziert,zertifizierte,zertifizier,zertifiziert,haben,zu zertifizieren
kollaterieren,kollateriere,kollaterierst,kollateriert,kollaterierte,kollateriert,kollaterierte,kollateriere,kollateriert,haben,zu kollaterieren
appellieren,appelliere,appellierst,appelliert,appellierte,appelliert,appellierte,appelliere,appelliert,haben,zu appellieren
inspirieren,inspiriere,inspirierst,inspiriert,inspirierte,inspiriert,inspirierte,inspiriere,inspiriert,haben,zu inspirieren
emendieren,emendiere,emendierst,emendiert,emendierte,emendiert,emendierte,emendier,emendiert,haben,zu emendieren
abdunkeln,dunkle ab,dunkelst ab,dunkelt ab,dunkelte ab,abgedunkelt,dunkelte ab,dunkle ab,dunkelt ab,haben,abzudunkeln
mustern,mustere,musterst,mustert,musterte,gemustert,musterte,mustere,mustert,haben,zu mustern
aufregen,rege auf,regst auf,regt auf,regte auf,aufgeregt,regte auf,reg auf,regt auf,haben,aufzuregen
kehren,kehre,kehrst,kehrt,kehrte,gekehrt,kehrte,kehre,kehrt,haben,zu kehren
gratulieren,gratuliere,gratulierst,gratuliert,gratulierte,gratuliert,gratulierte,gratulier,gratuliert,haben,zu gratulieren
protzen,protze,protzt,protzt,protzte,geprotzt,protzte,protze,protzt,haben,zu protzen
klotzen,klotze,klotzt,klotzt,klotzte,geklotzt,klotzte,klotze,klotzt,haben,zu klotzen
rotzen,rotze,rotzt,rotzt,rotzte,gerotzt,rotzte,rotze,rotzt,haben,zu rotzen
migrieren,migriere,migrierst,migriert,migrierte,migriert,migrierte,migriere,migriert,haben,zu migrieren
zelebrieren,zelebriere,zelebrierst,zelebriert,zelebrierte,zelebriert,zelebrierte,zelebriere,zelebriert,haben,zu zelebrieren
scheren,schere,scherst,schert,schor,geschoren,schöre,schere,schert,haben,zu scheren
mitbringen,bringe mit,bringst mit,bringt mit,brachte mit,mitgebracht,brächte mit,bringe mit,bringt mit,haben,mitzubringen
wegbegeben,begebe weg,begibst weg,begibt weg,begab weg,wegbegeben,begäbe weg,begib weg,begebt weg,haben,wegzubegeben
aufwecken,wecke auf,weckst auf,weckt auf,weckte auf,aufgeweckt,weckte auf,weck auf,weckt auf,haben,aufzuwecken
kidnappen,kidnappe,kidnappst,kidnappt,kidnappte,gekidnappt,kidnappte,kidnapp,kidnappt,haben,zu kidnappen
schlingen,schlinge,schlingst,schlingt,schlang,geschlungen,schlänge,schlinge,schlingt,haben,zu schlingen
zuordnen,ordne zu,ordnest zu,ordnet zu,ordnete zu,zugeordnet,ordnete zu,ordne zu,ordnet zu,haben,zuzuordnen
konkludieren,konkludiere,konkludierst,konkludiert,konkludierte,konkludiert,konkludierte,konkludiere,konkludiert,haben,zu konkludieren
amtieren,amtiere,amtierst,amtiert,amtierte,amtiert,amtierte,amtiere,amtiert,haben,zu amtieren
recken,recke,reckst,reckt,reckte,gereckt,reckte,reck,reckt,haben,zu recken
demotivieren,demotiviere,demotivierst,demotiviert,demotivierte,demotiviert,demotivierte,demotiviere,demotiviert,haben,zu demotivieren
erkranken,erkranke,erkrankst,erkrankt,erkrankte,erkrankt,erkrankte,erkrank,erkrankt,sein,zu erkranken
lechzen,lechze,lechzt,lechzt,lechzte,gelechzt,lechzte,lechze,lechzt,haben,zu lechzen
beschickern,beschickere,beschickerst,beschickert,beschickerte,beschickert,beschickerte,beschickere,beschickert,haben,zu beschickern
ausgrenzen,grenze aus,grenzt aus,grenzt aus,grenzte aus,ausgegrenzt,grenzte aus,grenze aus,grenzt aus,haben,auszugrenzen
ermutigen,ermutige,ermutigst,ermutigt,ermutigte,ermutigt,ermutigte,ermutig,ermutigt,haben,zu ermutigen
optimieren,optimiere,optimierst,optimiert,optimierte,optimiert,optimierte,optimiere,optimiert,haben,zu optimieren
herunterkommen,komme herunter,kommst herunter,kommt herunter,kam herunter,heruntergekommen,käme herunter,komm herunter,kommt herunter,sein,herzuunterkommen
verkehren,verkehre,verkehrst,verkehrt,verkehrte,verkehrt,verkehrte,verkehre,verkehrt,haben,zu verkehren
pflücken,pflücke,pflückst,pflückt,pflückte,gepflückt,pflückte,pflücke,pflückt,haben,zu pflücken
satteln,sattle,sattelst,sattelt,sattelte,gesattelt,sattelte,sattle,sattelt,haben,zu satteln
entleihen,entleihe,entleihst,entleiht,entlieh,entliehen,entliehe,entleih,entleiht,haben,zu entleihen
toasten,toaste,toastest,toastet,toastete,getoastet,toastete,toast,toastet,haben,zu toasten
jucken,jucke,juckst,juckt,juckte,gejuckt,juckte,juck,juckt,haben,zu jucken
knoten,knote,knotest,knotet,knotete,geknotet,knotete,knote,knotet,haben,zu knoten
stammeln,stammle,stammelst,stammelt,stammelte,gestammelt,stammelte,stammle,stammelt,haben,zu stammeln
abladen,lade ab,lädst ab,lädt ab,lud ab,abgeladen,lüde ab,lade ab,ladet ab,haben,abzuladen
subventionieren,subventioniere,subventionierst,subventioniert,subventionierte,subventioniert,subventionierte,subventioniere,subventioniert,haben,zu subventionieren
anzweifeln,zweifle an,zweifelst an,zweifelt an,zweifelte an,angezweifelt,zweifelte an,zweifle an,zweifelt an,haben,anzuzweifeln
zelten,zelte,zeltest,zeltet,zeltete,gezeltet,zeltete,zelte,zeltet,haben,zu zelten
zementieren,zementiere,zementierst,zementiert,zementierte,zementiert,zementierte,zementier,zementiert,haben,zu zementieren
habilitieren,habilitiere,habilitierst,habilitiert,habilitierte,habilitiert,habilitierte,habilitiere,habilitiert,haben,zu habilitieren
bekennen,bekenne,bekennst,bekennt,bekannte,bekannt,bekennte,bekenne,bekennt,haben,zu bekennen
beabsichtigen,beabsichtige,beabsichtigst,beabsichtigt,beabsichtigte,beabsichtigt,beabsichtigte,beabsichtige,beabsichtigt,haben,zu beabsichtigen
zusehen,sehe zu,siehst zu,sieht zu,sah zu,zugesehen,sähe zu,sieh zu,seht zu,haben,zuzusehen
verschwimmen,verschwimme,verschwimmst,verschwimmt,verschwamm,verschwommen,verschwömme,verschwimme,verschwimmt,sein,zu verschwimmen
ächzen,ächze,ächzt,ächzt,ächzte,geächzt,ächzte,ächze,ächzt,haben,zu ächzen
schwindeln,schwindele,schwindelst,schwindelt,schwindelte,geschwindelt,schwindelte,schwindele,schwindelt,haben,zu schwindeln
einschüchtern,schüchtere ein,schüchterst ein,schüchtert ein,schüchterte ein,eingeschüchtert,schüchterte ein,schüchter ein,schüchtert ein,haben,einzuschüchtern
mutmaßen,mutmaße,mutmaßt,mutmaßt,mutmaßte,gemutmaßt,mutmaßte,mutmaße,mutmaßt,haben,zu mutmaßen
einblasen,blase ein,bläst ein,bläst ein,blies ein,eingeblasen,bliese ein,blas ein,blast ein,haben,einzublasen
aufbewahren,bewahre auf,bewahrst auf,bewahrt auf,bewahrte auf,aufbewahrt,bewahrte auf,bewahre auf,bewahrt auf,haben,aufzubewahren
nachgeben,gebe nach,gibst nach,gibt nach,gab nach,nachgegeben,gäbe nach,gib nach,gebt nach,haben,nachzugeben
pullern,pullere,pullerst,pullert,pullerte,gepullert,pullerte,puller,pullert,haben,zu pullern
einzahlen,zahle ein,zahlst ein,zahlt ein,zahlte ein,eingezahlt,zahlte ein,zahl ein,zahlt ein,haben,einzuzahlen
einbezahlen,bezahle ein,bezahlst ein,bezahlt ein,bezahlte ein,einbezahlt,bezahlte ein,bezahl ein,bezahlt ein,haben,einzubezahlen
wegmachen,mache weg,machst weg,macht weg,machte weg,weggemacht,machte weg,mach weg,macht weg,haben,wegzumachen
fällen,fälle,fällst,fällt,fällte,gefällt,fällte,fälle,fällt,haben,zu fällen
liebkosen,liebkose,liebkost,liebkost,liebkoste,geliebkost,liebkoste,liebkose,liebkost,haben,zu liebkosen
predigen,predige,predigst,predigt,predigte,gepredigt,predigte,predig,predigt,haben,zu predigen
beschämen,beschäme,beschämst,beschämt,beschämte,beschämt,beschämte,beschäme,beschämt,haben,zu beschämen
liebhaben,habe lieb,hast lieb,hat lieb,hatte lieb,liebgehabt,hätte lieb,hab lieb,habt lieb,haben,zu liebhaben
blinken,blinke,blinkst,blinkt,blinkte,geblinkt,blinkte,blink,blinkt,haben,zu blinken
betonen,betone,betonst,betont,betonte,betont,betonte,betone,betont,haben,zu betonen
exhalieren,exhaliere,exhalierst,exhaliert,exhalierte,exhaliert,exhalierte,exhalier,exhaliert,haben,zu exhalieren
geziemen,—,—,geziemt,geziemte,geziemt,geziemte,—,—,haben,zu geziemen
verstärken,verstärke,verstärkst,verstärkt,verstärkte,verstärkt,verstärkte,verstärk,verstärkt,haben,zu verstärken
feien,feie,feist,feit,feite,gefeit,feite,fei,feit,haben,zu feien
verlautbaren,verlautbare,verlautbarst,verlautbart,verlautbarte,verlautbart,verlautbarte,verlautbare,verlautbart,haben,zu verlautbaren
feilen,feile,feilst,feilt,feilte,gefeilt,feilte,feile,feilt,haben,zu feilen
abschminken,schminke ab,schminkst ab,schminkt ab,schminkte ab,abgeschminkt,schminkte ab,schminke ab,schminkt ab,haben,abzuschminken
berlinern,berlinere,berlinerst,berlinert,berlinerte,berlinert,berlinerte,berlinere,berlinert,haben,zu berlinern
angrenzen,-,-,grenzt an,grenzte an,angegrenzt,grenzte an,-,-,haben,anzugrenzen
auffahren,fahre auf,fährst auf,fährt auf,fuhr auf,aufgefahren,führe auf,fahr auf,fahrt auf,sein,aufzufahren
spotten,spotte,spottest,spottet,spottete,gespottet,spottete,spotte,spottet,haben,zu spotten
spreizen,spreize,spreizt,spreizt,spreizte,gespreizt,spreizte,spreize,spreizt,haben,zu spreizen
hintanstellen,stelle hintan,stellst hintan,stellt hintan,stellte hintan,hintangestellt,stellte hintan,stell hintan,stellt hintan,haben,hintanzustellen
einfügen,füge ein,fügst ein,fügt ein,fügte ein,eingefügt,fügte ein,füg ein,fügt ein,haben,einzufügen
empören,empöre,empörst,empört,empörte,empört,empörte,empöre,empört,haben,zu empören
entrüsten,entrüste,entrüstest,entrüstet,entrüstete,entrüstet,entrüstete,entrüst,entrüstet,haben,zu entrüsten
färben,färbe,färbst,färbt,färbte,gefärbt,färbte,färbe,färbt,haben,zu färben
wildern,wildere,wilderst,wildert,wilderte,gewildert,wilderte,wildere,wildert,haben,zu wildern
firmieren,firmiere,firmierst,firmiert,firmierte,firmiert,firmierte,firmier,firmiert,haben,zu firmieren
einheften,hefte ein,heftest ein,heftet ein,heftete ein,eingeheftet,heftete ein,hefte ein,heftet ein,haben,einzuheften
fremdschämen,fremdschäme,fremdschämst,fremdschämt,fremdschämte,fremdgeschämt,fremdschämte,fremdschäme,fremdschämt,haben,fremdzuschämen
schaden,schade,schadest,schadet,schadete,geschadet,schadete,schade,schadet,haben,zu schaden
amüsieren,amüsiere,amüsierst,amüsiert,amüsierte,amüsiert,amüsierte,amüsiere,amüsiert,haben,zu amüsieren
klimpern,klimpere,klimperst,klimpert,klimperte,geklimpert,klimperte,klimpere,klimpert,haben,zu klimpern
hallen,—,—,hallt,hallte,gehallt,hallte,—,—,haben,zu hallen
aufmandeln,mandle auf,mandelst auf,mandelt auf,mandelte auf,aufgemandelt,mandelte auf,mandele auf,mandelt auf,haben,aufzumandeln
donnern,donnere,donnerst,donnert,donnerte,gedonnert,donnerte,donnere,donnert,haben,zu donnern
experimentieren,experimentiere,experimentierst,experimentiert,experimentierte,experimentiert,experimentierte,experimentier,experimentiert,haben,zu experimentieren
extrudieren,extrudiere,extrudierst,extrudiert,extrudierte,extrudiert,extrudierte,extrudiere,extrudiert,haben,zu extrudieren
kürzen,kürze,kürzt,kürzt,kürzte,gekürzt,kürzte,kürze,kürzt,haben,zu kürzen
duzen,duze,duzt,duzt,duzte,geduzt,duzte,duze,duzt,haben,zu duzen
ankern,ankere,ankerst,ankert,ankerte,geankert,ankerte,ankere,ankert,haben,anzukern
bandagieren,bandagiere,bandagierst,bandagiert,bandagierte,bandagiert,bandagierte,bandagiere,bandagiert,haben,zu bandagieren
zerschrammen,zerschramme,zerschrammst,zerschrammt,zerschrammte,zerschrammt,zerschrammte,zerschramme,zerschrammt,haben,zu zerschrammen
entleeren,entleere,entleerst,entleert,entleerte,entleert,entleerte,entleere,entleert,haben,zu entleeren
tuscheln,tuschle,tuschelst,tuschelt,tuschelte,getuschelt,tuschelte,tuschle,tuschelt,haben,zu tuscheln
absägen,säge ab,sägst ab,sägt ab,sägte ab,abgesägt,sägte ab,säg ab,sägt ab,haben,abzusägen
häkeln,häkle,häkelst,häkelt,häkelte,gehäkelt,häkelte,häkle,häkelt,haben,zu häkeln
dursten,durste,durstest,durstet,durstete,gedurstet,durstete,durst,durstet,haben,zu dursten
pinseln,pinsle,pinselst,pinselt,pinselte,gepinselt,pinselte,pinsle,pinselt,haben,zu pinseln
zündeln,zündle,zündelst,zündelt,zündelte,gezündelt,zündelte,zündle,zündelt,haben,zu zündeln
schmieden,schmiede,schmiedest,schmiedet,schmiedete,geschmiedet,schmiedete,schmiede,schmiedet,haben,zu schmieden
trödeln,trödle,trödelst,trödelt,trödelte,getrödelt,trödelte,trödle,trödelt,haben,zu trödeln
duften,dufte,duftest,duftet,duftete,geduftet,duftete,duft,duftet,haben,zu duften
hochkommen,komme hoch,kommst hoch,kommt hoch,kam hoch,hochgekommen,käme hoch,komm hoch,kommt hoch,sein,hochzukommen
grenzen,grenze,grenzt,grenzt,grenzte,gegrenzt,grenzte,grenze,grenzt,haben,zu grenzen
belügen,belüge,belügst,belügt,belog,belogen,belöge,belüge,belügt,haben,zu belügen
abfälschen,fälsche ab,fälschst ab,fälscht ab,fälschte ab,abgefälscht,fälschte ab,fälsche ab,fälscht ab,haben,abzufälschen
präkludieren,präkludiere,präkludierst,präkludiert,präkludierte,präkludiert,präkludierte,präkludiere,präkludiert,haben,zu präkludieren
abhandenkommen,komme abhanden,kommst abhanden,kommt abhanden,kam abhanden,abhandengekommen,käme abhanden,komme abhanden,kommt abhanden,sein,abzuhandenkommen
abkarten,karte ab,kartest ab,kartet ab,kartete ab,abgekartet,kartete ab,kart ab,kartet ab,haben,abzukarten
abhetzen,hetze ab,hetzt ab,hetzt ab,hetzte ab,abgehetzt,hetzte ab,hetze ab,hetzt ab,haben,abzuhetzen
ausklammern,klammere aus,klammerst aus,klammert aus,klammerte aus,ausgeklammert,klammerte aus,klammere aus,klammert aus,haben,auszuklammern
folgern,folgere,folgerst,folgert,folgerte,gefolgert,folgerte,folgere,folgert,haben,zu folgern
rekeln,rekele,rekelst,rekelt,rekelte,gerekelt,rekelte,rekle,rekelt,haben,zu rekeln
räkeln,räkele,räkelst,räkelt,räkelte,geräkelt,räkelte,räkle,räkelt,haben,zu räkeln
abmalen,male ab,malst ab,malt ab,malte ab,abgemalt,malte ab,mal ab,malt ab,haben,abzumalen
vergammeln,vergammle,vergammelst,vergammelt,vergammelte,vergammelt,vergammelte,vergammle,vergammelt,haben,zu vergammeln
untersagen,untersage,untersagst,untersagt,untersagte,untersagt,untersagte,untersag,untersagt,haben,zu untersagen
verknappen,verknappe,verknappst,verknappt,verknappte,verknappt,verknappte,verknapp,verknappt,haben,zu verknappen
deponieren,deponiere,deponierst,deponiert,deponierte,deponiert,deponierte,deponiere,deponiert,haben,zu deponieren
klicken,klicke,klickst,klickt,klickte,geklickt,klickte,klick,klickt,haben,zu klicken
stapfen,stapfe,stapfst,stapft,stapfte,gestapft,stapfte,stapfe,stapft,sein,zu stapfen
nippen,nippe,nippst,nippt,nippte,genippt,nippte,nipp,nippt,haben,zu nippen
entziehen,entziehe,entziehst,entzieht,entzog,entzogen,entzöge,entziehe,entzieht,haben,zu entziehen
dauern,dauere,dauerst,dauert,dauerte,gedauert,dauerte,dauere,dauert,haben,zu dauern
jaulen,jaule,jaulst,jault,jaulte,gejault,jaulte,jaule,jault,haben,zu jaulen
gurgeln,gurgle,gurgelst,gurgelt,gurgelte,gegurgelt,gurgelte,gurgle,gurgelt,haben,zu gurgeln
bereuen,bereue,bereust,bereut,bereute,bereut,bereute,bereu,bereut,haben,zu bereuen
dribbeln,dribble,dribbelst,dribbelt,dribbelte,gedribbelt,dribbelte,dribble,dribbelt,haben,zu dribbeln
züngeln,züngle,züngelst,züngelt,züngelte,gezüngelt,züngelte,züngele,züngelt,haben,zu züngeln
zuckern,zuckre,zuckerst,zuckert,zuckerte,gezuckert,zuckerte,zuckre,zuckert,haben,zuzuckern
diagnostizieren,diagnostiziere,diagnostizierst,diagnostiziert,diagnostizierte,diagnostiziert,diagnostizierte,diagnostiziere,diagnostiziert,haben,diagnostizuzieren
erodieren,erodiere,erodierst,erodiert,erodierte,erodiert,erodierte,erodiere,erodiert,haben,zu erodieren
entgleisen,entgleise,entgleist,entgleist,entgleiste,entgleist,entgleiste,entgleise,entgleist,sein,zu entgleisen
strawanzen,strawanze,strawanzt,strawanzt,strawanzte,strawanzt,strawanzte,strawanz,strawanzt,haben,zu strawanzen
pampern,pampere,pamperst,pampert,pamperte,gepampert,pamperte,pampere,pampert,haben,zu pampern
ducken,ducke,duckst,duckt,duckte,geduckt,duckte,duck,duckt,haben,zu ducken
turnen,turne,turnst,turnt,turnte,geturnt,turnte,turne,turnt,sein,zu turnen
ächten,ächte,ächtest,ächtet,ächtete,geächtet,ächtete,ächte,ächtet,haben,zu ächten
beteuern,beteuere,beteuerst,beteuert,beteuerte,beteuert,beteuerte,beteuere,beteuert,haben,zu beteuern
haselieren,haseliere,haselierst,haseliert,haselierte,haseliert,haselierte,haselier,haseliert,haben,zu haselieren
fixieren,fixiere,fixierst,fixiert,fixierte,fixiert,fixierte,fixiere,fixiert,haben,zu fixieren
schnorren,schnorre,schnorrst,schnorrt,schnorrte,geschnorrt,schnorrte,schnorre,schnorrt,haben,zu schnorren
balsamieren,balsamiere,balsamierst,balsamiert,balsamierte,balsamiert,balsamierte,balsamiere,balsamiert,haben,zu balsamieren
latschen,latsche,latschst,latscht,latschte,gelatscht,latschte,latsche,latscht,sein,zu latschen
auslatschen,latsche aus,latschst aus,latscht aus,latschte aus,ausgelatscht,latschte aus,latsche aus,latscht aus,haben,auszulatschen
spalten,spalte,spaltest,spaltet,spaltete,gespalten,spaltete,spalte,spaltet,haben,zu spalten
knüpfen,knüpfe,knüpfst,knüpft,knüpfte,geknüpft,knüpfte,knüpfe,knüpft,haben,zu knüpfen
verabreden,verabrede,verabredest,verabredet,verabredete,verabredet,verabredete,verabrede,verabredet,haben,zu verabreden
favorisieren,favorisiere,favorisierst,favorisiert,favorisierte,favorisiert,favorisierte,favorisiere,favorisiert,haben,zu favorisieren
impfen,impfe,impfst,impft,impfte,geimpft,impfte,impfe,impft,haben,zu impfen
brummen,brumme,brummst,brummt,brummte,gebrummt,brummte,brumme,brummt,haben,zu brummen
unterdrücken,unterdrücke,unterdrückst,unterdrückt,unterdrückte,unterdrückt,unterdrückte,unterdrücke,unterdrückt,haben,zu unterdrücken
knirschen,knirsche,knirschst,knirscht,knirschte,geknirscht,knirschte,knirsche,knirscht,haben,zu knirschen
ausbauen,baue aus,baust aus,baut aus,baute aus,ausgebaut,baute aus,bau aus,baut aus,haben,auszubauen
hinreißen,reiße hin,reißt hin,reißt hin,riss hin,hingerissen,risse hin,reiß hin,reißt hin,haben,hinzureißen
intensivieren,intensiviere,intensivierst,intensiviert,intensivierte,intensiviert,intensivierte,intensivier,intensiviert,haben,zu intensivieren
frakturieren,frakturiere,frakturierst,frakturiert,frakturierte,frakturiert,frakturierte,frakturier,frakturiert,haben,zu frakturieren
anbauen,baue an,baust an,baut an,baute an,angebaut,baute an,baue an,baut an,haben,anzubauen
vergrößern,vergrößere,vergrößerst,vergrößert,vergrößerte,vergrößert,vergrößerte,vergrößere,vergrößert,haben,zu vergrößern
dämpfen,dämpfe,dämpfst,dämpft,dämpfte,gedämpft,dämpfte,dämpf,dämpft,haben,zu dämpfen
andeuten,deute an,deutest an,deutet an,deutete an,angedeutet,deutete an,deute an,deutet an,haben,anzudeuten
verkünden,verkünde,verkündest,verkündet,verkündete,verkündet,verkündete,verkünde,verkündet,haben,zu verkünden
distanzieren,distanziere,distanzierst,distanziert,distanzierte,distanziert,distanzierte,distanzier,distanziert,haben,distanzuzieren
einschätzen,schätze ein,schätzt ein,schätzt ein,schätzte ein,eingeschätzt,schätzte ein,schätz ein,schätzt ein,haben,einzuschätzen
säubern,säubere,säuberst,säubert,säuberte,gesäubert,säuberte,säubere,säubert,haben,zu säubern
verwandeln,verwandle,verwandelst,verwandelt,verwandelte,verwandelt,verwandelte,verwandle,verwandelt,haben,zu verwandeln
auszeichnen,zeichne aus,zeichnest aus,zeichnet aus,zeichnete aus,ausgezeichnet,zeichnete aus,zeichne aus,zeichnet aus,haben,auszuzeichnen
darben,darbe,darbst,darbt,darbte,gedarbt,darbte,darb,darbt,haben,zu darben
anschaffen,schaffe an,schaffst an,schafft an,schaffte an,angeschafft,schaffte an,schaff an,schafft an,haben,anzuschaffen
vernehmen,vernehme,vernimmst,vernimmt,vernahm,vernommen,vernähme,vernimm,vernehmt,haben,zu vernehmen
abfragen,frage ab,fragst ab,fragt ab,fragte ab,abgefragt,fragte ab,frage ab,fragt ab,haben,abzufragen
ersuchen,ersuche,ersuchst,ersucht,ersuchte,ersucht,ersuchte,ersuch,ersucht,haben,zu ersuchen
enthüllen,enthülle,enthüllst,enthüllt,enthüllte,enthüllt,enthüllte,enthülle,enthüllt,haben,zu enthüllen
verwüsten,verwüste,verwüstest,verwüstet,verwüstete,verwüstet,verwüstete,verwüste,verwüstet,haben,zu verwüsten
ausweichen,weiche aus,weichst aus,weicht aus,wich aus,ausgewichen,wiche aus,weiche aus,weicht aus,sein,auszuweichen
beliefern,beliefere,belieferst,beliefert,belieferte,beliefert,belieferte,beliefere,beliefert,haben,zu beliefern
knurren,knurre,knurrst,knurrt,knurrte,geknurrt,knurrte,knurre,knurrt,haben,zu knurren
flackern,flackere,flackerst,flackert,flackerte,geflackert,flackerte,flackere,flackert,haben,zu flackern
trügen,trüge,trügst,trügt,trog,getrogen,tröge,trüg,trügt,haben,zu trügen
bewachen,bewache,bewachst,bewacht,bewachte,bewacht,bewachte,bewach,bewacht,haben,zu bewachen
ringen,ringe,ringst,ringt,rang,gerungen,ränge,ring,ringt,haben,zu ringen
qualifizieren,qualifiziere,qualifizierst,qualifiziert,qualifizierte,qualifiziert,qualifizierte,qualifizier,qualifiziert,haben,zu qualifizieren
verdünnen,verdünne,verdünnst,verdünnt,verdünnte,verdünnt,verdünnte,verdünn,verdünnt,haben,zu verdünnen
sichern,sichere,sicherst,sichert,sicherte,gesichert,sicherte,sichere,sichert,haben,zu sichern
dissentieren,dissentiere,dissentierst,dissentiert,dissentierte,dissentiert,dissentierte,dissentiere,dissentiert,haben,zu dissentieren
kontaminieren,kontaminiere,kontaminierst,kontaminiert,kontaminierte,kontaminiert,kontaminierte,kontaminiere,kontaminiert,haben,zu kontaminieren
umsteigen,steige um,steigst um,steigt um,stieg um,umgestiegen,stiege um,steig um,steigt um,sein,umzusteigen
enteisen,enteise,enteist,enteist,enteiste,enteist,enteiste,enteis,enteist,haben,zu enteisen
enteisenen,enteisene,enteisenst,enteisent,enteisente,enteisent,enteisente,enteisene,enteisent,haben,zu enteisenen
dibbern,dibbere,dibberst,dibbert,dibberte,gedibbert,dibberte,dibbere,dibbert,haben,zu dibbern
segmentieren,segmentiere,segmentierst,segmentiert,segmentierte,segmentiert,segmentierte,segmentiere,segmentiert,haben,zu segmentieren
buchstabieren,buchstabiere,buchstabierst,buchstabiert,buchstabierte,buchstabiert,buchstabierte,buchstabiere,buchstabiert,haben,zu buchstabieren
unterzeichnen,unterzeichne,unterzeichnest,unterzeichnet,unterzeichnete,unterzeichnet,unterzeichnete,unterzeichne,unterzeichnet,haben,zu unterzeichnen
verwalten,verwalte,verwaltest,verwaltet,verwaltete,verwaltet,verwaltete,verwalte,verwaltet,haben,zu verwalten
tabuisieren,tabuisiere,tabuisierst,tabuisiert,tabuisierte,tabuisiert,tabuisierte,tabuisier,tabuisiert,haben,zu tabuisieren
fädeln,fädle,fädelst,fädelt,fädelte,gefädelt,fädelte,fädle,fädelt,haben,zu fädeln
ritualisieren,ritualisiere,ritualisierst,ritualisiert,ritualisierte,ritualisiert,ritualisierte,ritualisiere,ritualisiert,haben,zu ritualisieren
philosophieren,philosophiere,philosophierst,philosophiert,philosophierte,philosophiert,philosophierte,philosophiere,philosophiert,haben,zu philosophieren
kassieren,kassiere,kassierst,kassiert,kassierte,kassiert,kassierte,kassiere,kassiert,haben,zu kassieren
verschachern,verschachere,verschacherst,verschachert,verschacherte,verschachert,verschacherte,verschachere,verschachert,haben,zu verschachern
plenken,plenke,plenkst,plenkt,plenkte,geplenkt,plenkte,plenke,plenkt,haben,zu plenken
ausrechnen,rechne aus,rechnest aus,rechnet aus,rechnete aus,ausgerechnet,rechnete aus,rechne aus,rechnet aus,haben,auszurechnen
besagen,—,—,besagt,besagte,besagt,besagte,—,—,haben,zu besagen
striezen,strieze,striezt,striezt,striezte,gestriezt,striezte,striez,striezt,haben,zu striezen
nachhelfen,helfe nach,hilfst nach,hilft nach,half nach,nachgeholfen,hülfe nach,hilf nach,helft nach,haben,nachzuhelfen
durchdrehen,drehe durch,drehst durch,dreht durch,drehte durch,durchgedreht,drehte durch,dreh durch,dreht durch,sein,zu durchdrehen
sägen,säge,sägst,sägt,sägte,gesägt,sägte,säge,sägt,haben,zu sägen
renovieren,renoviere,renovierst,renoviert,renovierte,renoviert,renovierte,renoviere,renoviert,haben,zu renovieren
koordinieren,koordiniere,koordinierst,koordiniert,koordinierte,koordiniert,koordinierte,koordiniere,koordiniert,haben,zu koordinieren
rechtfertigen,rechtfertige,rechtfertigst,rechtfertigt,rechtfertigte,gerechtfertigt,rechtfertigte,rechtfertig,rechtfertigt,haben,zu rechtfertigen
aufbauschen,bausche auf,bauschst auf,bauscht auf,bauschte auf,aufgebauscht,bauschte auf,bausch auf,bauscht auf,haben,aufzubauschen
verspotten,verspotte,verspottest,verspottet,verspottete,verspottet,verspottete,verspotte,verspottet,haben,zu verspotten
schmälern,schmälere,schmälerst,schmälert,schmälerte,geschmälert,schmälerte,schmälere,schmälert,haben,zu schmälern
einigen,einige,einigst,einigt,einigte,geeinigt,einigte,einig,einigt,haben,einzuigen
nachkarten,karte nach,kartest nach,kartet nach,kartete nach,nachgekartet,kartete nach,kart nach,kartet nach,haben,nachzukarten
trüffeln,trüffele,trüffelst,trüffelt,trüffelte,getrüffelt,trüffelte,trüffle,trüffelt,haben,zu trüffeln
verpflichten,verpflichte,verpflichtest,verpflichtet,verpflichtete,verpflichtet,verpflichtete,verpflichte,verpflichtet,haben,zu verpflichten
mannen,manne,mannst,mannt,mannte,gemannt,mannte,mann,mannt,haben,zu mannen
schächten,schächte,schächtest,schächtet,schächtete,geschächtet,schächtete,schächt,schächtet,haben,zu schächten
schachten,schachte,schachtest,schachtet,schachtete,geschachtet,schachtete,schacht,schachtet,haben,zu schachten
tschechern,tschechere,tschecherst,tschechert,tschecherte,getschechert,tschecherte,tschechere,tschechert,haben,zu tschechern
erschachern,erschachere,erschacherst,erschachert,erschacherte,erschachert,erschacherte,erschachere,erschachert,haben,zu erschachern
abschachern,schachere ab,schacherst ab,schachert ab,schacherte ab,abgeschachert,schacherte ab,schachere ab,schachert ab,haben,abzuschachern
schlittern,schlittere,schlitterst,schlittert,schlitterte,geschlittert,schlitterte,schlittere,schlittert,sein,zu schlittern
erhausen,erhause,erhaust,erhaust,erhauste,erhaust,erhauste,erhause,erhaust,haben,zu erhausen
ersorgen,ersorge,ersorgst,ersorgt,ersorgte,ersorgt,ersorgte,ersorge,ersorgt,haben,zu ersorgen
tschalpen,tschalpe,tschalpst,tschalpt,tschalpte,getschalpt,tschalpte,tschalp,tschalpt,sein,zu tschalpen
malochen,maloche,malochst,malocht,malochte,malocht,malochte,maloche,malocht,haben,zu malochen
prononcieren,prononciere,prononcierst,prononciert,prononcierte,prononciert,prononcierte,prononciere,prononciert,haben,zu prononcieren
portieren,portiere,portierst,portiert,portierte,portiert,portierte,portiere,portiert,haben,zu portieren
läutern,läutere,läuterst,läutert,läuterte,geläutert,läuterte,läutere,läutert,haben,zu läutern
katalogisieren,katalogisiere,katalogisierst,katalogisiert,katalogisierte,katalogisiert,katalogisierte,katalogisiere,katalogisiert,haben,zu katalogisieren
aquarellieren,aquarelliere,aquarellierst,aquarelliert,aquarellierte,aquarelliert,aquarellierte,aquarellier,aquarelliert,haben,zu aquarellieren
ergetzen,ergetze,ergetzt,ergetzt,ergetzte,ergetzt,ergetzte,ergetz,ergetzt,haben,zu ergetzen
ergötzen,ergötze,ergötzt,ergötzt,ergötzte,ergötzt,ergötzte,ergötze,ergötzt,haben,zu ergötzen
deeskalieren,deeskaliere,deeskalierst,deeskaliert,deeskalierte,deeskaliert,deeskalierte,deeskaliere,deeskaliert,haben,zu deeskalieren
verzocken,verzocke,verzockst,verzockt,verzockte,verzockt,verzockte,verzocke,verzockt,haben,zu verzocken
abzocken,zocke ab,zockst ab,zockt ab,zockte ab,abgezockt,zockte ab,zocke ab,zockt ab,haben,abzuzocken
ködern,ködere,köderst,ködert,köderte,geködert,köderte,ködere,ködert,haben,zu ködern
abbleiben,bleibe ab,bleibst ab,bleibt ab,blieb ab,abgeblieben,bliebe ab,bleibe ab,bleibt ab,sein,abzubleiben
abbleichen,bleiche ab,bleichst ab,bleicht ab,bleichte ab,abgebleicht,bleichte ab,bleiche ab,bleicht ab,sein,abzubleichen
abblühen,blühe ab,blühst ab,blüht ab,blühte ab,abgeblüht,blühte ab,blühe ab,blüht ab,haben,abzublühen
abböschen,bösche ab,böschst ab,böscht ab,böschte ab,abgeböscht,böschte ab,bösche ab,böscht ab,haben,abzuböschen
inskribieren,inskribiere,inskribierst,inskribiert,inskribierte,inskribiert,inskribierte,inskribiere,inskribiert,haben,zu inskribieren
nachlassen,lasse nach,lässt nach,lässt nach,ließ nach,nachgelassen,ließe nach,lasse nach,lasst nach,haben,nachzulassen
befürchten,befürchte,befürchtest,befürchtet,befürchtete,befürchtet,befürchtete,befürchte,befürchtet,haben,zu befürchten
verlängern,verlängere,verlängerst,verlängert,verlängerte,verlängert,verlängerte,verlängere,verlängert,haben,zu verlängern
zurückziehen,ziehe zurück,ziehst zurück,zieht zurück,zog zurück,zurückgezogen,zöge zurück,ziehe zurück,zieht zurück,haben,zuzurückziehen
imkern,imkere,imkerst,imkert,imkerte,geimkert,imkerte,imkere,imkert,haben,zu imkern
abbummeln,bummle ab,bummelst ab,bummelt ab,bummelte ab,abgebummelt,bummelte ab,bummele ab,bummelt ab,haben,abzubummeln
ertappen,ertappe,ertappst,ertappt,ertappte,ertappt,ertappte,ertapp,ertappt,haben,zu ertappen
sortieren,sortiere,sortierst,sortiert,sortierte,sortiert,sortierte,sortiere,sortiert,haben,zu sortieren
grienen,griene,grienst,grient,griente,gegrient,griente,grien,grient,haben,zu grienen
frisieren,frisiere,frisierst,frisiert,frisierte,frisiert,frisierte,frisiere,frisiert,haben,zu frisieren
rangieren,rangiere,rangierst,rangiert,rangierte,rangiert,rangierte,rangiere,rangiert,haben,ranzugieren
massakrieren,massakriere,massakrierst,massakriert,massakrierte,massakriert,massakrierte,massakriere,massakriert,haben,zu massakrieren
exerzieren,exerziere,exerzierst,exerziert,exerzierte,exerziert,exerzierte,exerziere,exerziert,haben,zu exerzieren
aussteigen,steige aus,steigst aus,steigt aus,stieg aus,ausgestiegen,stiege aus,steig aus,steigt aus,sein,auszusteigen
vorbehalten,behalte vor,behältst vor,behält vor,behielt vor,vorbehalten,behielte vor,behalte vor,behaltet vor,haben,zu vorbehalten
elaborieren,elaboriere,elaborierst,elaboriert,elaborierte,elaboriert,elaborierte,elaborier,elaboriert,haben,zu elaborieren
exemplifizieren,exemplifiziere,exemplifizierst,exemplifiziert,exemplifizierte,exemplifiziert,exemplifizierte,exemplifiziere,exemplifiziert,haben,exemplifizuzieren
einsteigen,steige ein,steigst ein,steigt ein,stieg ein,eingestiegen,stiege ein,steig ein,steigt ein,sein,einzusteigen
zusteigen,steige zu,steigst zu,steigt zu,stieg zu,zugestiegen,stiege zu,steig zu,steigt zu,sein,zuzusteigen
ansteigen,steige an,steigst an,steigt an,stieg an,angestiegen,stiege an,steig an,steigt an,sein,anzusteigen
absteigen,steige ab,steigst ab,steigt ab,stieg ab,abgestiegen,stiege ab,steig ab,steigt ab,sein,abzusteigen
bündeln,bündle,bündelst,bündelt,bündelte,gebündelt,bündelte,bündle,bündelt,haben,zu bündeln
einleuchten,—,—,leuchtet ein,leuchtete ein,eingeleuchtet,leuchtete ein,—,—,haben,einzuleuchten
erbleichen,erbleiche,erbleichst,erbleicht,erbleichte,erbleicht,erbleichte,erbleich,erbleicht,sein,zu erbleichen
vergewaltigen,vergewaltige,vergewaltigst,vergewaltigt,vergewaltigte,vergewaltigt,vergewaltigte,vergewaltige,vergewaltigt,haben,zu vergewaltigen
debütieren,debütiere,debütierst,debütiert,debütierte,debütiert,debütierte,debütier,debütiert,haben,zu debütieren
aufsteigen,steige auf,steigst auf,steigt auf,stieg auf,aufgestiegen,stiege auf,steig auf,steigt auf,sein,aufzusteigen
zoffen,zoffe,zoffst,zofft,zoffte,gezofft,zoffte,zoff,zofft,haben,zu zoffen
ersteigen,ersteige,ersteigst,ersteigt,erstieg,erstiegen,erstiege,ersteige,ersteigt,sein,zu ersteigen
wohlfühlen,fühle wohl,fühlst wohl,fühlt wohl,fühlte wohl,wohlgefühlt,fühlte wohl,fühl wohl,fühlt wohl,haben,wohlzufühlen
einkoppeln,koppele ein,koppelst ein,koppelt ein,koppelte ein,eingekoppelt,koppelte ein,koppel ein,koppelt ein,haben,einzukoppeln
sprengen,sprenge,sprengst,sprengt,sprengte,gesprengt,sprengte,sprenge,sprengt,haben,zu sprengen
hintertreiben,hintertreibe,hintertreibst,hintertreibt,hintertrieb,hintertrieben,hintertriebe,hintertreib,hintertreibt,haben,zu hintertreiben
rehabilitieren,rehabilitiere,rehabilitierst,rehabilitiert,rehabilitierte,rehabilitiert,rehabilitierte,rehabilitiere,rehabilitiert,haben,zu rehabilitieren
straucheln,strauchele,strauchelst,strauchelt,strauchelte,gestrauchelt,strauchelte,strauchle,strauchelt,sein,zu straucheln
abnützen,nütze ab,nützt ab,nützt ab,nützte ab,abgenützt,nützte ab,nütze ab,nützt ab,haben,abzunützen
schädigen,schädige,schädigst,schädigt,schädigte,geschädigt,schädigte,schädige,schädigt,haben,zu schädigen
kraxeln,kraxle,kraxelst,kraxelt,kraxelte,gekraxelt,kraxelte,kraxle,kraxelt,sein,zu kraxeln
bolzen,bolze,bolzt,bolzt,bolzte,gebolzt,bolzte,bolz,bolzt,haben,zu bolzen
japsen,japse,japst,japst,japste,gejapst,japste,japs,japst,haben,zu japsen
pesen,pese,pest,pest,peste,gepest,peste,pes,pest,sein,zu pesen
zutschen,zutsche,zutschst,zutscht,zutschte,gezutscht,zutschte,zutsche,zutscht,haben,zuzutschen
entmutigen,entmutige,entmutigst,entmutigt,entmutigte,entmutigt,entmutigte,entmutig,entmutigt,haben,zu entmutigen
beschneiden,beschneide,beschneidest,beschneidet,beschnitt,beschnitten,beschnitte,beschneide,beschneidet,haben,zu beschneiden
laborieren,laboriere,laborierst,laboriert,laborierte,laboriert,laborierte,laboriere,laboriert,haben,zu laborieren
haaren,haare,haarst,haart,haarte,gehaart,haarte,haare,haart,haben,zu haaren
huschen,husche,huschst,huscht,huschte,gehuscht,huschte,husche,huscht,sein,zu huschen
ohrfeigen,ohrfeige,ohrfeigst,ohrfeigt,ohrfeigte,geohrfeigt,ohrfeigte,ohrfeige,ohrfeigt,haben,zu ohrfeigen
prophezeien,prophezeie,prophezeist,prophezeit,prophezeite,prophezeit,prophezeite,prophezeie,prophezeit,haben,zu prophezeien
zehren,zehre,zehrst,zehrt,zehrte,gezehrt,zehrte,zehre,zehrt,haben,zu zehren
hupen,hupe,hupst,hupt,hupte,gehupt,hupte,hupe,hupt,haben,zu hupen
drillen,drille,drillst,drillt,drillte,gedrillt,drillte,drille,drillt,haben,zu drillen
wundern,wundere,wunderst,wundert,wunderte,gewundert,wunderte,wunder,wundert,haben,zu wundern
demütigen,demütige,demütigst,demütigt,demütigte,gedemütigt,demütigte,demütige,demütigt,haben,zu demütigen
vorüberfahren,fahre vorüber,fährst vorüber,fährt vorüber,fuhr vorüber,vorübergefahren,führe vorüber,fahr vorüber,fahrt vorüber,sein,vorüberzufahren
stählen,stähle,stählst,stählt,stählte,gestählt,stählte,stähle,stählt,haben,zu stählen
blicken,blicke,blickst,blickt,blickte,geblickt,blickte,blicke,blickt,haben,zu blicken
weichen,weiche,weichst,weicht,wich,gewichen,wiche,weiche,weicht,sein,zu weichen
renommieren,renommiere,renommierst,renommiert,renommierte,renommiert,renommierte,renommiere,renommiert,haben,zu renommieren
genehmigen,genehmige,genehmigst,genehmigt,genehmigte,genehmigt,genehmigte,genehmige,genehmigt,haben,zu genehmigen
quengeln,quengle,quengelst,quengelt,quengelte,gequengelt,quengelte,quengle,quengelt,haben,zu quengeln
strapazieren,strapaziere,strapazierst,strapaziert,strapazierte,strapaziert,strapazierte,strapaziere,strapaziert,haben,zu strapazieren
leugnen,leugne,leugnest,leugnet,leugnete,geleugnet,leugnete,leugne,leugnet,haben,zu leugnen
infrage stellen,stelle infrage,stellst infrage,stellt infrage,stellte infrage,infrage gestellt,stellte infrage,stell infrage,stellt infrage,haben,zu infrage stellen
aufschlagen,schlage auf,schlägst auf,schlägt auf,schlug auf,aufgeschlagen,schlüge auf,schlag auf,schlagt auf,haben,aufzuschlagen
dösen,döse,döst,döst,döste,gedöst,döste,dös,döst,haben,zu dösen
versiegeln,versiegle,versiegelst,versiegelt,versiegelte,versiegelt,versiegelte,versiegle,versiegelt,haben,zu versiegeln
redhibieren,redhibiere,redhibierst,redhibiert,redhibierte,redhibiert,redhibierte,redhibier,redhibiert,haben,zu redhibieren
wachen,wache,wachst,wacht,wachte,gewacht,wachte,wache,wacht,haben,zu wachen
schrotten,schrotte,schrottest,schrottet,schrottete,geschrottet,schrottete,schrotte,schrottet,haben,zu schrotten
rebellieren,rebelliere,rebellierst,rebelliert,rebellierte,rebelliert,rebellierte,rebelliere,rebelliert,haben,zu rebellieren
erben,erbe,erbst,erbt,erbte,geerbt,erbte,erbe,erbt,haben,zu erben
erschaffen,erschaffe,erschaffst,erschafft,erschuf,erschaffen,erschüfe,erschaff,erschafft,haben,zu erschaffen
festnageln,nagele fest,nagelst fest,nagelt fest,nagelte fest,festgenagelt,nagelte fest,nagele fest,nagelt fest,haben,festzunageln
abschmücken,schmücke ab,schmückst ab,schmückt ab,schmückte ab,abgeschmückt,schmückte ab,schmück ab,schmückt ab,haben,abzuschmücken
ausschmücken,schmücke aus,schmückst aus,schmückt aus,schmückte aus,ausgeschmückt,schmückte aus,schmück aus,schmückt aus,haben,auszuschmücken
spezifizieren,spezifiziere,spezifizierst,spezifiziert,spezifizierte,spezifiziert,spezifizierte,spezifiziere,spezifiziert,haben,zu spezifizieren
abwiegeln,wiegele ab,wiegelst ab,wiegelt ab,wiegelte ab,abgewiegelt,wiegelte ab,wiegle ab,wiegelt ab,haben,abzuwiegeln
zäumen,zäume,zäumst,zäumt,zäumte,gezäumt,zäumte,zäume,zäumt,haben,zu zäumen
zittern,zittere,zitterst,zittert,zitterte,gezittert,zitterte,zittere,zittert,haben,zu zittern
pichen,piche,pichst,picht,pichte,gepicht,pichte,pich,picht,haben,zu pichen
schlieren,schliere,schlierst,schliert,schlierte,geschliert,schlierte,schliere,schliert,haben,zu schlieren
unternehmen,unternehme,unternimmst,unternimmt,unternahm,unternommen,unternähme,unternimm,unternehmt,haben,zu unternehmen
besebeln,besebele,besebelst,besebelt,besebelte,besebelt,besebelte,besebele,besebelt,haben,zu besebeln
einseifen,seife ein,seifst ein,seift ein,seifte ein,eingeseift,seifte ein,seif ein,seift ein,haben,einzuseifen
schlauchen,schlauche,schlauchst,schlaucht,schlauchte,geschlaucht,schlauchte,schlauche,schlaucht,haben,zu schlauchen
befürworten,befürworte,befürwortest,befürwortet,befürwortete,befürwortet,befürwortete,befürwort,befürwortet,haben,zu befürworten
wetten,wette,wettest,wettet,wettete,gewettet,wettete,wette,wettet,haben,zu wetten
emigrieren,emigriere,emigrierst,emigriert,emigrierte,emigriert,emigrierte,emigriere,emigriert,sein,zu emigrieren
vertragen,vertrage,verträgst,verträgt,vertrug,vertragen,vertrüge,vertrag,vertragt,haben,zu vertragen
ablaufen,laufe ab,läufst ab,läuft ab,lief ab,abgelaufen,liefe ab,laufe ab,lauft ab,haben,abzulaufen
hinken,hinke,hinkst,hinkt,hinkte,gehinkt,hinkte,hink,hinkt,haben,zu hinken
innehaben,habe inne,hast inne,hat inne,hatte inne,innegehabt,hätte inne,hab inne,habt inne,haben,innezuhaben
iahen,iahe,iahst,iaht,iahte,geiaht,iahte,iahe,iaht,haben,zu iahen
hüpfen,hüpfe,hüpfst,hüpft,hüpfte,gehüpft,hüpfte,hüpfe,hüpft,sein,zu hüpfen
streifen,streife,streifst,streift,streifte,gestreift,streifte,streif,streift,haben,zu streifen
verschlafen,verschlafe,verschläfst,verschläft,verschlief,verschlafen,verschliefe,verschlafe,verschlaft,haben,zu verschlafen
anklopfen,klopfe an,klopfst an,klopft an,klopfte an,angeklopft,klopfte an,klopf an,klopft an,haben,anzuklopfen
detonieren,detoniere,detonierst,detoniert,detonierte,detoniert,detonierte,detoniere,detoniert,sein,zu detonieren
trocknen,trockne,trocknest,trocknet,trocknete,getrocknet,trocknete,trockne,trocknet,haben,zu trocknen
ergrimmen,ergrimme,ergrimmst,ergrimmt,ergrimmte,ergrimmt,ergrimmte,ergrimm,ergrimmt,sein,zu ergrimmen
osten,oste,ostest,ostet,ostete,geostet,ostete,ost,ostet,haben,zu osten
timen,time,timst,timt,timte,getimt,timte,tim,timt,haben,zu timen
fensterln,fensterle,fensterlst,fensterlt,fensterlte,gefensterlt,fensterlte,fensterle,fensterlt,haben,zu fensterln
umbestellen,bestelle um,bestellst um,bestellt um,bestellte um,umbestellt,bestellte um,bestell um,bestellt um,haben,umzubestellen
begatten,begatte,begattest,begattet,begattete,begattet,begattete,begatte,begattet,haben,zu begatten
ausschlagen,schlage aus,schlägst aus,schlägt aus,schlug aus,ausgeschlagen,schlüge aus,schlag aus,schlagt aus,haben,auszuschlagen
hinlegen,lege hin,legst hin,legt hin,legte hin,hingelegt,legte hin,lege hin,legt hin,haben,hinzulegen
umkippen,kippe um,kippst um,kippt um,kippte um,umgekippt,kippte um,kipp um,kippt um,sein,umzukippen
Rad fahren,fahre Rad,fährst Rad,fährt Rad,fuhr Rad,Rad gefahren,führe Rad,fahr Rad,fahrt Rad,sein,zu Rad fahren
herausgeben,gebe heraus,gibst heraus,gibt heraus,gab heraus,herausgegeben,gäbe heraus,gib heraus,gebt heraus,haben,herzuausgeben
verschlingen,verschlinge,verschlingst,verschlingt,verschlang,verschlungen,verschlänge,verschlinge,verschlingt,haben,zu verschlingen
fotzen,fotze,fotzt,fotzt,fotzte,gefotzt,fotzte,fotz,fotzt,haben,zu fotzen
vergeuden,vergeude,vergeudest,vergeudet,vergeudete,vergeudet,vergeudete,vergeude,vergeudet,haben,zu vergeuden
dekantieren,dekantiere,dekantierst,dekantiert,dekantierte,dekantiert,dekantierte,dekantiere,dekantiert,haben,zu dekantieren
widerstehen,widerstehe,widerstehst,widersteht,widerstand,widerstanden,widerstände,widerstehe,widersteht,haben,widerzustehen
hätscheln,hätschle,hätschelst,hätschelt,hätschelte,gehätschelt,hätschelte,hätschle,hätschelt,haben,zu hätscheln
selchen,selche,selchst,selcht,selchte,geselcht,selchte,selch,selcht,haben,zu selchen
vorhaben,habe vor,hast vor,hat vor,hatte vor,vorgehabt,hätte vor,hab vor,habt vor,haben,zu vorhaben
ablenken,lenke ab,lenkst ab,lenkt ab,lenkte ab,abgelenkt,lenkte ab,lenk ab,lenkt ab,haben,abzulenken
gefangen nehmen,nehme gefangen,nimmst gefangen,nimmt gefangen,nahm gefangen,gefangen genommen,nähme gefangen,nimm gefangen,nehmt gefangen,haben,zu gefangen nehmen
versäumen,versäume,versäumst,versäumt,versäumte,versäumt,versäumte,versäume,versäumt,haben,zu versäumen
bücken,bücke,bückst,bückt,bückte,gebückt,bückte,bücke,bückt,haben,zu bücken
anschicken,schicke an,schickst an,schickt an,schickte an,angeschickt,schickte an,schick an,schickt an,haben,anzuschicken
schmachten,schmachte,schmachtest,schmachtet,schmachtete,geschmachtet,schmachtete,schmacht,schmachtet,haben,zu schmachten
geißeln,geißle,geißelst,geißelt,geißelte,gegeißelt,geißelte,geißle,geißelt,haben,zu geißeln
vidieren,vidiere,vidierst,vidiert,vidierte,vidiert,vidierte,vidiere,vidiert,haben,zu vidieren
schwellen,schwelle,schwillst,schwillt,schwoll,geschwollen,schwölle,schwill,schwellt,sein,zu schwellen
verschmachten,verschmachte,verschmachtest,verschmachtet,verschmachtete,verschmachtet,verschmachtete,verschmacht,verschmachtet,sein,zu verschmachten
verzieren,verziere,verzierst,verziert,verzierte,verziert,verzierte,verzier,verziert,haben,zu verzieren
benennen,benenne,benennst,benennt,benannte,benannt,benennte,benenne,benennt,haben,zu benennen
entzünden,entzünde,entzündest,entzündet,entzündete,entzündet,entzündete,entzünd,entzündet,haben,zu entzünden
dotieren,dotiere,dotierst,dotiert,dotierte,dotiert,dotierte,dotiere,dotiert,haben,zu dotieren
traktieren,traktiere,traktierst,traktiert,traktierte,traktiert,traktierte,traktiere,traktiert,haben,zu traktieren
umrechnen,rechne um,rechnest um,rechnet um,rechnete um,umgerechnet,rechnete um,rechne um,rechnet um,haben,umzurechnen
ausbessern,bessere aus,besserst aus,bessert aus,besserte aus,ausgebessert,besserte aus,bessere aus,bessert aus,haben,auszubessern
versifizieren,versifiziere,versifizierst,versifiziert,versifizierte,versifiziert,versifizierte,versifiziere,versifiziert,haben,zu versifizieren
erheischen,erheische,erheischst,erheischt,erheischte,erheischt,erheischte,erheisch,erheischt,haben,zu erheischen
zeihen,zeihe,zeihst,zeiht,zieh,geziehen,ziehe,zeihe,zeiht,haben,zu zeihen
entfallen,entfalle,entfällst,entfällt,entfiel,entfallen,entfiele,entfalle,entfallt,sein,zu entfallen
erhören,erhöre,erhörst,erhört,erhörte,erhört,erhörte,erhöre,erhört,haben,zu erhören
hinterlegen,hinterlege,hinterlegst,hinterlegt,hinterlegte,hinterlegt,hinterlegte,hinterlege,hinterlegt,haben,zu hinterlegen
aufnötigen,nötige auf,nötigst auf,nötigt auf,nötigte auf,aufgenötigt,nötigte auf,nötige auf,nötigt auf,haben,aufzunötigen
töpfern,töpfere,töpferst,töpfert,töpferte,getöpfert,töpferte,töpfere,töpfert,haben,zu töpfern
niedermetzeln,metzele nieder,metzelst nieder,metzelt nieder,metzelte nieder,niedergemetzelt,metzelte nieder,metzele nieder,metzelt nieder,haben,niederzumetzeln
kruschteln,kruschtle,kruschtelst,kruschtelt,kruschtelte,gekruschtelt,kruschtelte,kruschtle,kruschtelt,haben,zu kruschteln
herauskristallisieren,kristallisiere heraus,kristallisierst heraus,kristallisiert heraus,kristallisierte heraus,herauskristallisiert,kristallisierte heraus,kristallisier heraus,kristallisiert heraus,haben,herzuauskristallisieren
übersiedeln,siedele über,siedelst über,siedelt über,siedelte über,übergesiedelt,siedelte über,siedele über,siedelt über,sein,zu übersiedeln
aufsperren,sperre auf,sperrst auf,sperrt auf,sperrte auf,aufgesperrt,sperrte auf,sperr auf,sperrt auf,haben,aufzusperren
überfallen,überfalle,überfällst,überfällt,überfiel,überfallen,überfiele,überfall,überfallt,haben,zu überfallen
befriedigen,befriedige,befriedigst,befriedigt,befriedigte,befriedigt,befriedigte,befriedige,befriedigt,haben,zu befriedigen
verwahrlosen,verwahrlose,verwahrlost,verwahrlost,verwahrloste,verwahrlost,verwahrloste,verwahrlose,verwahrlost,sein,zu verwahrlosen
veranstalten,veranstalte,veranstaltest,veranstaltet,veranstaltete,veranstaltet,veranstaltete,veranstalt,veranstaltet,haben,zu veranstalten
versichern,versichere,versicherst,versichert,versicherte,versichert,versicherte,versichere,versichert,haben,zu versichern
sanieren,saniere,sanierst,saniert,sanierte,saniert,sanierte,sanier,saniert,haben,zu sanieren
tingeln,tingel,tingelst,tingelt,tingelte,getingelt,tingelte,tingle,tingelt,haben,zu tingeln
bimmeln,bimmle,bimmelst,bimmelt,bimmelte,gebimmelt,bimmelte,bimmle,bimmelt,haben,zu bimmeln
bürgen,bürge,bürgst,bürgt,bürgte,gebürgt,bürgte,bürge,bürgt,haben,zu bürgen
anstarren,starre an,starrst an,starrt an,starrte an,angestarrt,starrte an,starre an,starrt an,haben,anzustarren
anreden,rede an,redest an,redet an,redete an,angeredet,redete an,red an,redet an,haben,anzureden
kauern,kauere,kauerst,kauert,kauerte,gekauert,kauerte,kauere,kauert,haben,zu kauern
sperren,sperre,sperrst,sperrt,sperrte,gesperrt,sperrte,sperre,sperrt,haben,zu sperren
losketten,kette los,kettest los,kettet los,kettete los,losgekettet,kettete los,kette los,kettet los,haben,zu losketten
welken,welke,welkst,welkt,welkte,gewelkt,welkte,welke,welket,haben,zu welken
fortstoßen,stoße fort,stößt fort,stößt fort,stieß fort,fortgestoßen,stieße fort,stoße fort,stoßt fort,haben,fortzustoßen
vormachen,mache vor,machst vor,macht vor,machte vor,vorgemacht,machte vor,mach vor,macht vor,haben,zu vormachen
einsperren,sperre ein,sperrst ein,sperrt ein,sperrte ein,eingesperrt,sperrte ein,sperr ein,sperrt ein,haben,einzusperren
naschen,nasche,naschst,nascht,naschte,genascht,naschte,nasche,nascht,haben,zu naschen
beschränken,beschränke,beschränkst,beschränkt,beschränkte,beschränkt,beschränkte,beschränk,beschränkt,haben,zu beschränken
würfeln,würfle,würfelst,würfelt,würfelte,gewürfelt,würfelte,würfle,würfelt,haben,zu würfeln
beanstanden,beanstande,beanstandest,beanstandet,beanstandete,beanstandet,beanstandete,beanstande,beanstandet,haben,zu beanstanden
atzen,atze,atzt,atzt,atzte,geatzt,atzte,atz,atzt,haben,zu atzen
perfektionieren,perfektioniere,perfektionierst,perfektioniert,perfektionierte,perfektioniert,perfektionierte,perfektioniere,perfektioniert,haben,zu perfektionieren
abholzen,holze ab,holzt ab,holzt ab,holzte ab,abgeholzt,holzte ab,holze ab,holzt ab,haben,abzuholzen
fetzen,fetze,fetzt,fetzt,fetzte,gefetzt,fetzte,fetz,fetzt,haben,zu fetzen
liieren,liiere,liierst,liiert,liierte,liiert,liierte,liiere,liiert,haben,zu liieren
schurigeln,schurigele,schurigelst,schurigelt,schurigelte,geschurigelt,schurigelte,schurigele,schurigelt,haben,zu schurigeln
hervorheben,hebe hervor,hebst hervor,hebt hervor,hob hervor,hervorgehoben,höbe hervor,heb hervor,hebt hervor,haben,herzuvorheben
preschen,presche,preschst,prescht,preschte,geprescht,preschte,presch,prescht,sein,zu preschen
rappeln,rapple,rappelst,rappelt,rappelte,gerappelt,rappelte,rapple,rappelt,haben,zu rappeln
aushebeln,hebele aus,hebelst aus,hebelt aus,hebelte aus,ausgehebelt,hebelte aus,hebel aus,hebelt aus,haben,auszuhebeln
hebeln,hebele,hebelst,hebelt,hebelte,gehebelt,hebelte,hebele,hebelt,haben,zu hebeln
radeln,radele,radelst,radelt,radelte,geradelt,radelte,radele,radelt,sein,zu radeln
schnorcheln,schnorchle,schnorchelst,schnorchelt,schnorchelte,geschnorchelt,schnorchelte,schnorchel,schnorchelt,haben,zu schnorcheln
absprechen,spreche ab,sprichst ab,spricht ab,sprach ab,abgesprochen,spräche ab,sprich ab,sprecht ab,haben,abzusprechen
verlangsamen,verlangsame,verlangsamst,verlangsamt,verlangsamte,verlangsamt,verlangsamte,verlangsame,verlangsamt,haben,zu verlangsamen
maikäfern,maikäfere,maikäferst,maikäfert,maikäferte,gemaikäfert,maikäferte,maikäfere,maikäfert,haben,zu maikäfern
mählen,mähle,mählst,mählt,mählte,gemählt,mählte,mähle,mählt,haben,zu mählen
absegnen,segne ab,segnest ab,segnet ab,segnete ab,abgesegnet,segnete ab,segne ab,segnet ab,haben,abzusegnen
schonen,schone,schonst,schont,schonte,geschont,schonte,schone,schont,haben,zu schonen
verprügeln,verprügel,verprügelst,verprügelt,verprügelte,verprügelt,verprügelte,verprügel,verprügelt,haben,zu verprügeln
abfeuern,feuere ab,feuerst ab,feuert ab,feuerte ab,abgefeuert,feuerte ab,feuere ab,feuert ab,haben,abzufeuern
schwärmen,schwärme,schwärmst,schwärmt,schwärmte,geschwärmt,schwärmte,schwärme,schwärmt,haben,zu schwärmen
abwickeln,wickele ab,wickelst ab,wickelt ab,wickelte ab,abgewickelt,wickelte ab,wickle ab,wickelt ab,haben,abzuwickeln
enttarnen,enttarne,enttarnst,enttarnt,enttarnte,enttarnt,enttarnte,enttarne,enttarnt,haben,zu enttarnen
gipfeln,gipfele,gipfelst,gipfelt,gipfelte,gegipfelt,gipfelte,gipfele,gipfelt,haben,zu gipfeln
ansiedeln,siedele an,siedelst an,siedelt an,siedelte an,angesiedelt,siedelte an,siedele an,siedelt an,haben,anzusiedeln
debattieren,debattiere,debattierst,debattiert,debattierte,debattiert,debattierte,debattiere,debattiert,haben,zu debattieren
stemmen,stemme,stemmst,stemmt,stemmte,gestemmt,stemmte,stemm,stemmt,haben,zu stemmen
vorschießen,schieße vor,schießt vor,schießt vor,schoss vor,vorgeschossen,schösse vor,schieß vor,schießt vor,haben,zu vorschießen
abschöpfen,schöpfe ab,schöpfst ab,schöpft ab,schöpfte ab,abgeschöpft,schöpfte ab,schöpf ab,schöpft ab,haben,abzuschöpfen
stunden,stunde,stundest,stundet,stundete,gestundet,stundete,stunde,stundet,haben,zu stunden
verstimmen,verstimme,verstimmst,verstimmt,verstimmte,verstimmt,verstimmte,verstimme,verstimmt,haben,zu verstimmen
verhätscheln,verhätschele,verhätschelst,verhätschelt,verhätschelte,verhätschelt,verhätschelte,verhätschel,verhätschelt,haben,zu verhätscheln
nebeln,neble,nebelst,nebelt,nebelte,genebelt,nebelte,neble,nebelt,haben,zu nebeln
anschmiegen,schmiege an,schmiegst an,schmiegt an,schmiegte an,angeschmiegt,schmiegte an,schmiege an,schmiegt an,haben,anzuschmiegen
finanzieren,finanziere,finanzierst,finanziert,finanzierte,finanziert,finanzierte,finanziere,finanziert,haben,zu finanzieren
durchschauen,durchschaue,durchschaust,durchschaut,durchschaute,durchschaut,durchschaute,durchschau,durchschaut,haben,zu durchschauen
beantworten,beantworte,beantwortest,beantwortet,beantwortete,beantwortet,beantwortete,beantworte,beantwortet,haben,zu beantworten
besingen,besinge,besingst,besingt,besang,besungen,besänge,besing,besingt,haben,zu besingen
abriegeln,riegele ab,riegelst ab,riegelt ab,riegelte ab,abgeriegelt,riegelte ab,riegele ab,riegelt ab,haben,abzuriegeln
anpirschen,pirsche an,pirschst an,pirscht an,pirschte an,angepirscht,pirschte an,pirsch an,pirscht an,haben,anzupirschen
einwenden,wende ein,wendest ein,wendet ein,wandte ein,eingewandt,wandte ein,wend ein,wendet ein,haben,einzuwenden
einnisten,niste ein,nistest ein,nistet ein,nistete ein,eingenistet,nistete ein,nist ein,nistet ein,haben,einzunisten
pflügen,pflüge,pflügst,pflügt,pflügte,gepflügt,pflügte,pflüg,pflügt,haben,zu pflügen
camouflieren,camoufliere,camouflierst,camoufliert,camouflierte,camoufliert,camouflierte,camoufliere,camoufliert,haben,zu camouflieren
parallelisieren,parallelisiere,parallelisierst,parallelisiert,parallelisierte,parallelisiert,parallelisierte,parallelisier,parallelisiert,haben,zu parallelisieren
betütern,betütere,betüterst,betütert,betüterte,betütert,betüterte,betütere,betütert,haben,zu betütern
betören,betöre,betörst,betört,betörte,betört,betörte,betöre,betört,haben,zu betören
kapern,kapere,kaperst,kapert,kaperte,gekapert,kaperte,kapere,kapert,haben,zu kapern
fraternisieren,fraternisiere,fraternisierst,fraternisiert,fraternisierte,fraternisiert,fraternisierte,fraternisiere,fraternisiert,haben,zu fraternisieren
verhökern,verhökere,verhökerst,verhökert,verhökerte,verhökert,verhökerte,verhökere,verhökert,haben,zu verhökern
versteigern,versteigere,versteigerst,versteigert,versteigerte,versteigert,versteigerte,versteigere,versteigert,haben,zu versteigern
werkeln,werkle,werkelst,werkelt,werkelte,gewerkelt,werkelte,werkle,werkelt,haben,zu werkeln
anfechten,fechte an,fichtst an,ficht an,focht an,angefochten,föchte an,ficht an,fechtet an,haben,anzufechten
deckeln,deckle,deckelst,deckelt,deckelte,gedeckelt,deckelte,deckele,deckelt,haben,zu deckeln
gurren,gurre,gurrst,gurrt,gurrte,gegurrt,gurrte,gurre,gurrt,haben,zu gurren
auswandern,wandere aus,wanderst aus,wandert aus,wanderte aus,ausgewandert,wanderte aus,wander aus,wandert aus,sein,auszuwandern
rotten,rotte,rottest,rottet,rottete,gerottet,rottete,rotte,rottet,haben,zu rotten
stützen,stütze,stützt,stützt,stützte,gestützt,stützte,stütze,stützt,haben,zu stützen
erlesen,erlese,erliest,erliest,erlas,erlesen,erläse,erlies,erlest,haben,zu erlesen
krächzen,krächze,krächzt,krächzt,krächzte,gekrächzt,krächzte,krächze,krächzt,haben,zu krächzen
flicken,flicke,flickst,flickt,flickte,geflickt,flickte,flicke,flickt,haben,zu flicken
aufmucken,mucke auf,muckst auf,muckt auf,muckte auf,aufgemuckt,muckte auf,muck auf,muckt auf,haben,aufzumucken
rubbeln,rubble,rubbelst,rubbelt,rubbelte,gerubbelt,rubbelte,rubble,rubbelt,haben,zu rubbeln
vertagen,vertage,vertagst,vertagt,vertagte,vertagt,vertagte,vertag,vertagt,haben,zu vertagen
vergraulen,vergraule,vergraulst,vergrault,vergraulte,vergrault,vergraulte,vergraule,vergrault,haben,zu vergraulen
geizen,geize,geizt,geizt,geizte,gegeizt,geizte,geize,geizt,haben,zu geizen
bescheren,beschere,bescherst,beschert,bescherte,beschert,bescherte,beschere,beschert,haben,zu bescheren
blubbern,blubbere,blubberst,blubbert,blubberte,geblubbert,blubberte,blubbere,blubbert,haben,zu blubbern
verschanzen,verschanze,verschanzt,verschanzt,verschanzte,verschanzt,verschanzte,verschanz,verschanzt,haben,zu verschanzen
purzeln,purzele,purzelst,purzelt,purzelte,gepurzelt,purzelte,purzele,purzelt,sein,zu purzeln
sinnieren,sinniere,sinnierst,sinniert,sinnierte,sinniert,sinnierte,sinnier,sinniert,haben,zu sinnieren
kollabieren,kollabiere,kollabierst,kollabiert,kollabierte,kollabiert,kollabierte,kollabier,kollabiert,sein,zu kollabieren
aufsitzen,sitze auf,sitzt auf,sitzt auf,saß auf,aufgesessen,säße auf,sitz auf,sitzt auf,haben,aufzusitzen
beschicken,beschicke,beschickst,beschickt,beschickte,beschickt,beschickte,beschick,beschickt,haben,zu beschicken
ditschen,ditsche,ditschst,ditscht,ditschte,geditscht,ditschte,ditsch,ditscht,haben,zu ditschen
rackern,rackere,rackerst,rackert,rackerte,gerackert,rackerte,rackere,rackert,haben,zu rackern
ackern,ackere,ackerst,ackert,ackerte,geackert,ackerte,ackere,ackert,haben,zu ackern
sirren,sirre,sirrst,sirrt,sirrte,gesirrt,sirrte,sirre,sirrt,haben,zu sirren
konnotieren,konnotiere,konnotierst,konnotiert,konnotierte,konnotiert,konnotierte,konnotiere,konnotiert,haben,zu konnotieren
trenzen,trenze,trenzt,trenzt,trenzte,getrenzt,trenzte,trenz,trenzt,haben,zu trenzen
quäken,quäke,quäkst,quäkt,quäkte,gequäkt,quäkte,quäke,quäkt,haben,zu quäken
sezernieren,sezerniere,sezernierst,sezerniert,sezernierte,sezerniert,sezernierte,sezernier,sezerniert,haben,zu sezernieren
herunterspielen,spiele herunter,spielst herunter,spielt herunter,spielte herunter,heruntergespielt,spielte herunter,spiel herunter,spielt herunter,haben,herzuunterspielen
auskoffern,koffere aus,kofferst aus,koffert aus,kofferte aus,ausgekoffert,kofferte aus,koffere aus,koffert aus,haben,auszukoffern
erleiden,erleide,erleidest,erleidet,erlitt,erlitten,erlitte,erleide,erleidet,haben,zu erleiden
durchficken,ficke durch,fickst durch,fickt durch,fickte durch,durchgefickt,fickte durch,fick durch,fickt durch,haben,zu durchficken
schmollen,schmolle,schmollst,schmollt,schmollte,geschmollt,schmollte,schmolle,schmollt,haben,zu schmollen
krippen,krippe,krippst,krippt,krippte,gekrippt,krippte,krippe,krippt,haben,zu krippen
abformen,forme ab,formst ab,formt ab,formte ab,abgeformt,formte ab,form ab,formt ab,haben,abzuformen
radizieren,radiziere,radizierst,radiziert,radizierte,radiziert,radizierte,radizier,radiziert,haben,zu radizieren
fieren,fiere,fierst,fiert,fierte,gefiert,fierte,fiere,fiert,haben,zu fieren
kuppeln,kupple,kuppelst,kuppelt,kuppelte,gekuppelt,kuppelte,kupple,kuppelt,haben,zu kuppeln
verfumfeien,verfumfeie,verfumfeist,verfumfeit,verfumfeite,verfumfeit,verfumfeite,verfumfeie,verfumfeit,haben,zu verfumfeien
ihrzen,ihrze,ihrzt,ihrzt,ihrzte,geihrzt,ihrzte,ihrze,ihrzt,haben,zu ihrzen
giften,gifte,giftest,giftet,giftete,gegiftet,giftete,gifte,giftet,haben,zu giften
erzen,erze,erzt,erzt,erzte,geerzt,erzte,erze,erzt,haben,zu erzen
mitsegeln,segle mit,segelst mit,segelt mit,segelte mit,mitgesegelt,segelte mit,segle mit,segelt mit,sein,mitzusegeln
zupfen,zupfe,zupfst,zupft,zupfte,gezupft,zupfte,zupfe,zupft,haben,zuzupfen
beschimpfen,beschimpfe,beschimpfst,beschimpft,beschimpfte,beschimpft,beschimpfte,beschimpfe,beschimpft,haben,zu beschimpfen
bauchpinseln,bauchpinsle,bauchpinselst,bauchpinselt,bauchpinselte,gebauchpinselt,bauchpinselte,bauchpinsle,bauchpinselt,haben,zu bauchpinseln
ersinnen,ersinne,ersinnst,ersinnt,ersann,ersonnen,ersänne,ersinne,ersinnt,haben,zu ersinnen
schellen,schelle,schellst,schellt,schellte,geschellt,schellte,schell,schellt,haben,zu schellen
feilhalten,halte feil,hältst feil,hält feil,hielt feil,feilgehalten,hielte feil,halte feil,haltet feil,haben,zu feilhalten
transzendieren,transzendiere,transzendierst,transzendiert,transzendierte,transzendiert,transzendierte,transzendiere,transzendiert,haben,zu transzendieren
zappeln,zappele,zappelst,zappelt,zappelte,gezappelt,zappelte,zappele,zappelt,haben,zu zappeln
überwiegen,überwiege,überwiegst,überwiegt,überwog,überwogen,überwöge,überwieg,überwiegt,haben,zu überwiegen
kneten,knete,knetest,knetet,knetete,geknetet,knetete,knete,knetet,haben,zu kneten
einwerben,werbe ein,wirbst ein,wirbt ein,warb ein,eingeworben,würbe ein,wirb ein,werbt ein,haben,einzuwerben
verwählen,verwähle,verwählst,verwählt,verwählte,verwählt,verwählte,verwähl,verwählt,haben,zu verwählen
ausmalen,male aus,malst aus,malt aus,malte aus,ausgemalt,malte aus,mal aus,malt aus,haben,auszumalen
aufführen,führe auf,führst auf,führt auf,führte auf,aufgeführt,führte auf,führ auf,führt auf,haben,aufzuführen
vaporisieren,vaporisiere,vaporisierst,vaporisiert,vaporisierte,vaporisiert,vaporisierte,vaporisiere,vaporisiert,haben,zu vaporisieren
rumkriegen,kriege rum,kriegst rum,kriegt rum,kriegte rum,rumgekriegt,kriegte rum,kriege rum,kriegt rum,haben,rumzukriegen
abschleppen,schleppe ab,schleppst ab,schleppt ab,schleppte ab,abgeschleppt,schleppte ab,schleppe ab,schleppt ab,haben,abzuschleppen
wegtreten,trete weg,trittst weg,tritt weg,trat weg,weggetreten,träte weg,tritt weg,tretet weg,sein,wegzutreten
einwilligen,willige ein,willigst ein,willigt ein,willigte ein,eingewilligt,willigte ein,willige ein,willigt ein,haben,einzuwilligen
jubilieren,jubiliere,jubilierst,jubiliert,jubilierte,jubiliert,jubilierte,jubiliere,jubiliert,haben,zu jubilieren
bekämpfen,bekämpfe,bekämpfst,bekämpft,bekämpfte,bekämpft,bekämpfte,bekämpf,bekämpft,haben,zu bekämpfen
raspeln,rasple,raspelst,raspelt,raspelte,geraspelt,raspelte,rasple,raspelt,haben,zu raspeln
dekompilieren,dekompiliere,dekompilierst,dekompiliert,dekompilierte,dekompiliert,dekompilierte,dekompilier,dekompiliert,haben,zu dekompilieren
verführen,verführe,verführst,verführt,verführte,verführt,verführte,verführe,verführt,haben,zu verführen
beschmieren,beschmiere,beschmierst,beschmiert,beschmierte,beschmiert,beschmierte,beschmier,beschmiert,haben,zu beschmieren
kalben,kalbe,kalbst,kalbt,kalbte,gekalbt,kalbte,kalbe,kalbt,haben,zu kalben
versterben,versterbe,verstirbst,verstirbt,verstarb,verstorben,verstürbe,verstirb,versterbt,sein,zu versterben
verrichten,verrichte,verrichtest,verrichtet,verrichtete,verrichtet,verrichtete,verrichte,verrichtet,haben,zu verrichten
abrufen,rufe ab,rufst ab,ruft ab,rief ab,abgerufen,riefe ab,ruf ab,ruft ab,haben,abzurufen
stranden,strande,strandest,strandet,strandete,gestrandet,strandete,strande,strandet,sein,zu stranden
anlabern,labere an,laberst an,labert an,laberte an,angelabert,laberte an,labere an,labert an,haben,anzulabern
beschatten,beschatte,beschattest,beschattet,beschattete,beschattet,beschattete,beschatte,beschattet,haben,zu beschatten
beflocken,beflocke,beflockst,beflockt,beflockte,beflockt,beflockte,beflock,beflockt,haben,zu beflocken
konkretisieren,konkretisiere,konkretisierst,konkretisiert,konkretisierte,konkretisiert,konkretisierte,konkretisier,konkretisiert,haben,zu konkretisieren
durchfahren,durchfahre,durchfährst,durchfährt,durchfuhr,durchfahren,durchführe,durchfahr,durchfahrt,haben,durchzufahren
ätzen,ätze,ätzt,ätzt,ätzte,geätzt,ätzte,ätze,ätzt,haben,zu ätzen
versklaven,versklave,versklavst,versklavt,versklavte,versklavt,versklavte,versklave,versklavt,haben,zu versklaven
anfeuern,feuere an,feuerst an,feuert an,feuerte an,angefeuert,feuerte an,feuere an,feuert an,haben,anzufeuern
besudeln,besudle,besudelst,besudelt,besudelte,besudelt,besudelte,besudle,besudelt,haben,zu besudeln
bereifen,bereife,bereifst,bereift,bereifte,bereift,bereifte,bereif,bereift,haben,zu bereifen
beschleichen,beschleiche,beschleichst,beschleicht,beschlich,beschlichen,beschliche,beschleich,beschleicht,haben,zu beschleichen
ballen,balle,ballst,ballt,ballte,geballt,ballte,balle,ballt,haben,zu ballen
durchbrennen,brenne durch,brennst durch,brennt durch,brannte durch,durchgebrannt,brennte durch,brenn durch,brennt durch,sein,zu durchbrennen
unken,unke,unkst,unkt,unkte,geunkt,unkte,unk,unkt,haben,zu unken
bevormunden,bevormunde,bevormundest,bevormundet,bevormundete,bevormundet,bevormundete,bevormunde,bevormundet,haben,zu bevormunden
inquirieren,inquiriere,inquirierst,inquiriert,inquirierte,inquiriert,inquirierte,inquirier,inquiriert,haben,zu inquirieren
durchixen,ixe durch,ixt durch,ixt durch,ixte durch,durchgeixt,ixte durch,ixe durch,ixt durch,haben,zu durchixen
erdrosseln,erdrossele,erdrosselst,erdrosselt,erdrosselte,erdrosselt,erdrosselte,erdrossle,erdrosselt,haben,zu erdrosseln
eintreffen,treffe ein,triffst ein,trifft ein,traf ein,eingetroffen,träfe ein,triff ein,trefft ein,sein,einzutreffen
herankommen,komme heran,kommst heran,kommt heran,kam heran,herangekommen,käme heran,komm heran,kommt heran,sein,herzuankommen
wabern,wabere,waberst,wabert,waberte,gewabert,waberte,wabere,wabert,haben,zu wabern
gebühren,gebühre,gebührst,gebührt,gebührte,gebührt,gebührte,gebühre,gebührt,haben,zu gebühren
waten,wate,watest,watet,watete,gewatet,watete,wat,watet,sein,zu waten
kleinkriegen,kriege klein,kriegst klein,kriegt klein,kriegte klein,kleingekriegt,kriegte klein,krieg klein,kriegt klein,haben,kleinzukriegen
perzipieren,perzipiere,perzipierst,perzipiert,perzipierte,perzipiert,perzipierte,perzipiere,perzipiert,haben,zu perzipieren
aufbegehren,begehre auf,begehrst auf,begehrt auf,begehrte auf,aufbegehrt,begehrte auf,begehr auf,begehrt auf,haben,aufzubegehren
entrinnen,entrinne,entrinnst,entrinnt,entrann,entronnen,entränne,entrinn,entrinnt,sein,zu entrinnen
abstrafen,strafe ab,strafst ab,straft ab,strafte ab,abgestraft,strafte ab,straf ab,straft ab,haben,abzustrafen
exterminieren,exterminiere,exterminierst,exterminiert,exterminierte,exterminiert,exterminierte,exterminiere,exterminiert,haben,zu exterminieren
juchen,juche,juchst,jucht,juchte,gejucht,juchte,juch,jucht,haben,zu juchen
schären,schäre,schärst,schärt,schärte,geschärt,schärte,schäre,schärt,haben,zu schären
erwidern,erwidere,erwiderst,erwidert,erwiderte,erwidert,erwiderte,erwidere,erwidert,haben,zu erwidern
erkalten,erkalte,erkaltest,erkaltet,erkaltete,erkaltet,erkaltete,erkalte,erkaltet,sein,zu erkalten
abpimmeln,pimmel ab,pimmelst ab,pimmelt ab,pimmelte ab,abgepimmelt,pimmelte ab,pimmel ab,pimmelt ab,haben,abzupimmeln
auslitern,litere aus,literst aus,litert aus,literte aus,ausgelitert,literte aus,litere aus,litert aus,haben,auszulitern
stiften,stifte,stiftest,stiftet,stiftete,gestiftet,stiftete,stifte,stiftet,haben,zu stiften
mitreißen,reiße mit,reißt mit,reißt mit,riss mit,mitgerissen,risse mit,reiß mit,reißt mit,haben,mitzureißen
auftauchen,tauche auf,tauchst auf,taucht auf,tauchte auf,aufgetaucht,tauchte auf,tauche auf,taucht auf,sein,aufzutauchen
mitgeben,gebe mit,gibst mit,gibt mit,gab mit,mitgegeben,gäbe mit,gib mit,gebt mit,haben,mitzugeben
bewältigen,bewältige,bewältigst,bewältigt,bewältigte,bewältigt,bewältigte,bewältige,bewältigt,haben,zu bewältigen
verkippen,verkippe,verkippst,verkippt,verkippte,verkippt,verkippte,verkippe,verkippt,sein,zu verkippen
zufügen,füge zu,fügst zu,fügt zu,fügte zu,zugefügt,fügte zu,füg zu,fügt zu,haben,zuzufügen
ersitzen,ersitze,ersitzt,ersitzt,ersaß,ersessen,ersäße,ersitz,ersitzt,haben,zu ersitzen
bereedern,bereedere,bereederst,bereedert,bereederte,bereedert,bereederte,bereedere,bereedert,haben,zu bereedern
fremdgehen,gehe fremd,gehst fremd,geht fremd,ging fremd,fremdgegangen,ginge fremd,gehe fremd,geht fremd,sein,zu fremdgehen
zaubern,zaubere,zauberst,zaubert,zauberte,gezaubert,zauberte,zauber,zaubert,haben,zu zaubern
zunähen,nähe zu,nähst zu,näht zu,nähte zu,zugenäht,nähte zu,nähe zu,näht zu,haben,zuzunähen
wähnen,wähne,wähnst,wähnt,wähnte,gewähnt,wähnte,wähne,wähnt,haben,zu wähnen
beweihräuchern,beweihräuchere,beweihräucherst,beweihräuchert,beweihräucherte,beweihräuchert,beweihräucherte,beweihräuchere,beweihräuchert,haben,zu beweihräuchern
zäunen,zäune,zäunst,zäunt,zäunte,gezäunt,zäunte,zäune,zäunt,haben,zu zäunen
widerrufen,widerrufe,widerrufst,widerruft,widerrief,widerrufen,widerriefe,widerrufe,widerruft,haben,zu widerrufen
abseilen,seile ab,seilst ab,seilt ab,seilte ab,abgeseilt,seilte ab,seil ab,seilt ab,haben,abzuseilen
konzeptualisieren,konzeptualisiere,konzeptualisierst,konzeptualisiert,konzeptualisierte,konzeptualisiert,konzeptualisierte,konzeptualisiere,konzeptualisiert,haben,zu konzeptualisieren
erstreben,erstrebe,erstrebst,erstrebt,erstrebte,erstrebt,erstrebte,erstrebe,erstrebt,haben,zu erstreben
dehydrieren,dehydriere,dehydrierst,dehydriert,dehydrierte,dehydriert,dehydrierte,dehydriere,dehydriert,haben,zu dehydrieren
büßen,büße,büßt,büßt,büßte,gebüßt,büßte,büße,büßt,haben,zu büßen
hypen,hype,hypst,hypt,hypte,gehypt,hypte,hyp,hypt,haben,zu hypen
kabbeln,kabbele,kabbelst,kabbelt,kabbelte,gekabbelt,kabbelte,kabble,kabbelt,haben,zu kabbeln
glasieren,glasiere,glasierst,glasiert,glasierte,glasiert,glasierte,glasiere,glasiert,haben,zu glasieren
firnissen,firnisse,firnisst,firnisst,firnisste,gefirnisst,firnisste,firnisse,firnisst,haben,zu firnissen
umlaufen,laufe um,läufst um,läuft um,lief um,umgelaufen,liefe um,lauf um,lauft um,sein,zu umlaufen
abmurksen,murkse ab,murkst ab,murkst ab,murkste ab,abgemurkst,murkste ab,murkse ab,murkst ab,haben,abzumurksen
versüßen,versüße,versüßt,versüßt,versüßte,versüßt,versüßte,versüß,versüßt,haben,zu versüßen
anklagen,klage an,klagst an,klagt an,klagte an,angeklagt,klagte an,klage an,klagt an,haben,anzuklagen
versteigen,versteige,versteigst,versteigt,verstieg,verstiegen,verstiege,versteig,versteigt,haben,zu versteigen
bescheißen,bescheiße,bescheißt,bescheißt,beschiss,beschissen,beschisse,bescheiße,bescheißt,haben,zu bescheißen
restrukturieren,restrukturiere,restrukturierst,restrukturiert,restrukturierte,restrukturiert,restrukturierte,restrukturiere,restrukturiert,haben,zu restrukturieren
explizieren,expliziere,explizierst,expliziert,explizierte,expliziert,explizierte,expliziere,expliziert,haben,zu explizieren
schmarotzen,schmarotze,schmarotzt,schmarotzt,schmarotzte,schmarotzt,schmarotzte,schmarotze,schmarotzt,haben,zu schmarotzen
kritzeln,kritzele,kritzelst,kritzelt,kritzelte,gekritzelt,kritzelte,kritzele,kritzelt,haben,zu kritzeln
schnauben,schnaube,schnaubst,schnaubt,schnaubte,geschnaubt,schnaubte,schnaub,schnaubt,haben,zu schnauben
hochkrempeln,kremple hoch,krempelst hoch,krempelt hoch,krempelte hoch,hochgekrempelt,krempelte hoch,kremple hoch,krempelt hoch,haben,hochzukrempeln
dirimieren,dirimiere,dirimierst,dirimiert,dirimierte,dirimiert,dirimierte,dirimiere,dirimiert,haben,zu dirimieren
oxidieren,oxidiere,oxidierst,oxidiert,oxidierte,oxidiert,oxidierte,oxidier,oxidiert,haben,zu oxidieren
weh tun,tu weh,tust weh,tut weh,tat weh,weh getan,täte weh,tu weh,tut weh,haben,zu weh tun
knausern,knausere,knauserst,knausert,knauserte,geknausert,knauserte,knausere,knausert,haben,zu knausern
abhaken,hake ab,hakst ab,hakt ab,hakte ab,abgehakt,hakte ab,hak ab,hakt ab,haben,abzuhaken
abhacken,hacke ab,hackst ab,hackt ab,hackte ab,abgehackt,hackte ab,hacke ab,hackt ab,haben,abzuhacken
scharrieren,scharriere,scharrierst,scharriert,scharrierte,scharriert,scharrierte,scharrier,scharriert,haben,zu scharrieren
nahen,nahe,nahst,naht,nahte,genaht,nahte,nahe,naht,haben,zu nahen
diffundieren,diffundiere,diffundierst,diffundiert,diffundierte,diffundiert,diffundierte,diffundiere,diffundiert,haben,zu diffundieren
vergällen,vergälle,vergällst,vergällt,vergällte,vergällt,vergällte,vergäll,vergällt,haben,zu vergällen
dirigieren,dirigiere,dirigierst,dirigiert,dirigierte,dirigiert,dirigierte,dirigier,dirigiert,haben,zu dirigieren
triezen,trieze,triezt,triezt,triezte,getriezt,triezte,trieze,triezt,haben,zu triezen
zudrängen,dränge zu,drängst zu,drängt zu,drängte zu,zugedrängt,drängte zu,dränge zu,drängt zu,haben,zuzudrängen
erschüttern,erschüttere,erschütterst,erschüttert,erschütterte,erschüttert,erschütterte,erschüttere,erschüttert,haben,zu erschüttern
nähern,nähere,näherst,nähert,näherte,genähert,näherte,nähere,nähert,haben,zu nähern
ranlassen,lasse ran,lässt ran,lässt ran,ließ ran,rangelassen,ließe ran,lasse ran,lasst ran,haben,zu ranlassen
betätigen,betätige,betätigst,betätigt,betätigte,betätigt,betätigte,betätig,betätigt,haben,zu betätigen
verzeigen,verzeige,verzeigst,verzeigt,verzeigte,verzeigt,verzeigte,verzeig,verzeigt,haben,zu verzeigen
verausgaben,verausgabe,verausgabst,verausgabt,verausgabte,verausgabt,verausgabte,verausgabe,verausgabt,haben,zu verausgaben
vereinnahmen,vereinnahme,vereinnahmst,vereinnahmt,vereinnahmte,vereinnahmt,vereinnahmte,vereinnahm,vereinnahmt,haben,zu vereinnahmen
herabsetzen,setze herab,setzt herab,setzt herab,setzte herab,herabgesetzt,setzte herab,setze herab,setzt herab,haben,herzuabsetzen
auflehnen,lehne auf,lehnst auf,lehnt auf,lehnte auf,aufgelehnt,lehnte auf,lehn auf,lehnt auf,haben,aufzulehnen
vertun,vertue,vertust,vertut,vertat,vertan,vertäte,vertue,vertut,haben,zu vertun
umwittern,umwittere,umwitterst,umwittert,umwitterte,umwittert,umwitterte,umwittere,umwittert,haben,zu umwittern
zerstieben,zerstiebe,zerstiebst,zerstiebt,zerstob,zerstoben,zerstöbe,zerstiebe,zerstiebt,sein,zu zerstieben
ertönen,ertöne,ertönst,ertönt,ertönte,ertönt,ertönte,ertöne,ertönt,sein,zu ertönen
recht haben,habe recht,hast recht,hat recht,hatte recht,recht gehabt,hätte recht,habe recht,habt recht,haben,zu recht haben
Recht haben,habe Recht,hast Recht,hat Recht,hatte Recht,Recht gehabt,hätte Recht,habe Recht,habt Recht,haben,zu Recht haben
hersollen,soll her,sollst her,soll her,sollte her,hergesollt,sollte her,—,—,haben,herzusollen
dahaben,habe da,hast da,hat da,hatte da,dagehabt,hätte da,habe da,habt da,haben,dazuhaben
anbeten,bete an,betest an,betet an,betete an,angebetet,betete an,bete an,betet an,haben,anzubeten
ausspionieren,spioniere aus,spionierst aus,spioniert aus,spionierte aus,ausspioniert,spionierte aus,spionier aus,spioniert aus,haben,auszuspionieren
abblocken,blocke ab,blockst ab,blockt ab,blockte ab,abgeblockt,blockte ab,block ab,blockt ab,haben,abzublocken
abbüßen,büße ab,büßt ab,büßt ab,büßte ab,abgebüßt,büßte ab,büße ab,büßt ab,haben,abzubüßen
erfreuen,erfreue,erfreust,erfreut,erfreute,erfreut,erfreute,erfreu,erfreut,haben,zu erfreuen
entwöhnen,entwöhne,entwöhnst,entwöhnt,entwöhnte,entwöhnt,entwöhnte,entwöhne,entwöhnt,haben,zu entwöhnen
lispeln,lispel,lispelst,lispelt,lispelte,gelispelt,lispelte,lispele,lispelt,haben,zu lispeln
abfotografieren,fotografiere ab,fotografierst ab,fotografiert ab,fotografierte ab,abfotografiert,fotografierte ab,fotografiere ab,fotografiert ab,haben,abzufotografieren
ebnen,ebne,ebnest,ebnet,ebnete,geebnet,ebnete,ebne,ebnet,haben,zu ebnen
quietschen,quietsche,quietschst,quietscht,quietschte,gequietscht,quietschte,quietsch,quietscht,haben,zu quietschen
vergreifen,vergreife,vergreifst,vergreift,vergriff,vergriffen,vergriffe,vergreif,vergreift,haben,zu vergreifen
weihen,weihe,weihst,weiht,weihte,geweiht,weihte,weihe,weiht,haben,zu weihen
einteilen,teile ein,teilst ein,teilt ein,teilte ein,eingeteilt,teilte ein,teil ein,teilt ein,haben,einzuteilen
ausrotten,rotte aus,rottest aus,rottet aus,rottete aus,ausgerottet,rottete aus,rotte aus,rottet aus,haben,auszurotten
verbeamten,verbeamte,verbeamtest,verbeamtet,verbeamtete,verbeamtet,verbeamtete,verbeamte,verbeamtet,haben,zu verbeamten
verhageln,verhagle,verhagelst,verhagelt,verhagelte,verhagelt,verhagelte,verhagel,verhagelt,sein,zu verhageln
entsaften,entsafte,entsaftest,entsaftet,entsaftete,entsaftet,entsaftete,entsaft,entsaftet,haben,zu entsaften
steigern,steigere,steigerst,steigert,steigerte,gesteigert,steigerte,steiger,steigert,haben,zu steigern
komparieren,kompariere,komparierst,kompariert,komparierte,kompariert,komparierte,komparier,kompariert,haben,zu komparieren
levitieren,levitiere,levitierst,levitiert,levitierte,levitiert,levitierte,levitier,levitiert,sein,zu levitieren
zuschütten,schütte zu,schüttest zu,schüttet zu,schüttete zu,zugeschüttet,schüttete zu,schütt zu,schüttet zu,haben,zuzuschütten
behagen,behage,behagst,behagt,behagte,behagt,behagte,behag,behagt,haben,zu behagen
durchsuchen,durchsuche,durchsuchst,durchsucht,durchsuchte,durchsucht,durchsuchte,durchsuche,durchsucht,haben,zu durchsuchen
leichtern,leichtere,leichterst,leichtert,leichterte,geleichtert,leichterte,leichtere,leichtert,haben,zu leichtern
vertäuen,vertäue,vertäust,vertäut,vertäute,vertäut,vertäute,vertäue,vertäut,haben,zu vertäuen
ergrauen,ergraue,ergraust,ergraut,ergraute,ergraut,ergraute,ergrau,ergraut,sein,zu ergrauen
zweckentfremden,zweckentfremde,zweckentfremdest,zweckentfremdet,zweckentfremdete,zweckentfremdet,zweckentfremdete,zweckentfremde,zweckentfremdet,haben,zu zweckentfremden
drahten,drahte,drahtest,drahtet,drahtete,gedrahtet,drahtete,drahte,drahtet,haben,zu drahten
ausrüsten,rüste aus,rüstest aus,rüstet aus,rüstete aus,ausgerüstet,rüstete aus,rüste aus,rüstet aus,haben,auszurüsten
eichen,eiche,eichst,eicht,eichte,geeicht,eichte,eiche,eicht,haben,zu eichen
tuchen,tuche,tuchst,tucht,tuchte,getucht,tuchte,tuche,tucht,haben,zu tuchen
einkerkern,kerkere ein,kerkerst ein,kerkert ein,kerkerte ein,eingekerkert,kerkerte ein,kerker ein,kerkert ein,haben,einzukerkern
vorlesen,lese vor,liest vor,liest vor,las vor,vorgelesen,läse vor,lies vor,lest vor,haben,zu vorlesen
bräteln,brätle,brätelst,brätelt,brätelte,gebrätelt,brätelte,brätle,brätelt,haben,zu bräteln
ledern,ledere,lederst,ledert,lederte,geledert,lederte,ledere,ledert,haben,zu ledern
zinken,zinke,zinkst,zinkt,zinkte,gezinkt,zinkte,zinke,zinkt,haben,zu zinken
streunen,streune,streunst,streunt,streunte,gestreunt,streunte,streun,streunt,haben,zu streunen
schmökern,schmökere,schmökerst,schmökert,schmökerte,geschmökert,schmökerte,schmöker,schmökert,haben,zu schmökern
zerkleinern,zerkleinere,zerkleinerst,zerkleinert,zerkleinerte,zerkleinert,zerkleinerte,zerkleinere,zerkleinert,haben,zu zerkleinern
reformieren,reformiere,reformierst,reformiert,reformierte,reformiert,reformierte,reformier,reformiert,haben,zu reformieren
zerpflücken,zerpflücke,zerpflückst,zerpflückt,zerpflückte,zerpflückt,zerpflückte,zerpflücke,zerpflückt,haben,zu zerpflücken
abspinnen,spinne ab,spinnst ab,spinnt ab,spann ab,abgesponnen,spänne ab,spinn ab,spinnt ab,haben,abzuspinnen
freistellen,stelle frei,stellst frei,stellt frei,stellte frei,freigestellt,stellte frei,stell frei,stellt frei,haben,freizustellen
karamellisieren,karamellisiere,karamellisierst,karamellisiert,karamellisierte,karamellisiert,karamellisierte,karamellisiere,karamellisiert,haben,zu karamellisieren
wegbringen,bringe weg,bringst weg,bringt weg,brachte weg,weggebracht,brächte weg,bring weg,bringt weg,haben,wegzubringen
hudern,hudere,huderst,hudert,huderte,gehudert,huderte,hudere,hudert,haben,zu hudern
nicken,nicke,nickst,nickt,nickte,genickt,nickte,nicke,nickt,haben,zu nicken
übereinstimmen,stimme überein,stimmst überein,stimmt überein,stimmte überein,übereingestimmt,stimmte überein,stimm überein,stimmt überein,haben,übereinzustimmen
graupeln,—,—,graupelt,graupelte,gegraupelt,graupelte,—,—,haben,zu graupeln
einzeichnen,zeichne ein,zeichnest ein,zeichnet ein,zeichnete ein,eingezeichnet,zeichnete ein,zeichne ein,zeichnet ein,haben,einzuzeichnen
interpellieren,interpelliere,interpellierst,interpelliert,interpellierte,interpelliert,interpellierte,interpelliere,interpelliert,haben,zu interpellieren
verbrauchen,verbrauche,verbrauchst,verbraucht,verbrauchte,verbraucht,verbrauchte,verbrauche,verbraucht,haben,zu verbrauchen
kniffen,kniffe,kniffst,knifft,kniffte,geknifft,kniffte,kniff,knifft,haben,zu kniffen
verbünden,verbünde,verbündest,verbündet,verbündete,verbündet,verbündete,verbünd,verbündet,haben,zu verbünden
vergolden,vergolde,vergoldest,vergoldet,vergoldete,vergoldet,vergoldete,vergolde,vergoldet,haben,zu vergolden
gernhaben,habe gern,hast gern,hat gern,hatte gern,gerngehabt,hätte gern,hab gern,habt gern,haben,zu gernhaben
ergründen,ergründe,ergründest,ergründet,ergründete,ergründet,ergründete,ergründe,ergründet,haben,zu ergründen
patrouillieren,patrouilliere,patrouillierst,patrouilliert,patrouillierte,patrouilliert,patrouillierte,patrouilliere,patrouilliert,haben,zu patrouillieren
deputieren,deputiere,deputierst,deputiert,deputierte,deputiert,deputierte,deputiere,deputiert,haben,zu deputieren
vorbeugen,beuge vor,beugst vor,beugt vor,beugte vor,vorgebeugt,beugte vor,beug vor,beugt vor,haben,vorzubeugen
schwofen,schwofe,schwofst,schwoft,schwofte,geschwoft,schwofte,schwofe,schwoft,haben,zu schwofen
investigieren,investigiere,investigierst,investigiert,investigierte,investigiert,investigierte,investigier,investigiert,haben,investizugieren
verzehren,verzehre,verzehrst,verzehrt,verzehrte,verzehrt,verzehrte,verzehre,verzehrt,haben,zu verzehren
trotten,trotte,trottest,trottet,trottete,getrottet,trottete,trott,trottet,sein,zu trotten
missbilligen,missbillige,missbilligst,missbilligt,missbilligte,missbilligt,missbilligte,missbillig,missbilligt,haben,zu missbilligen
entkeimen,entkeime,entkeimst,entkeimt,entkeimte,entkeimt,entkeimte,entkeime,entkeimt,haben,zu entkeimen
entkräften,entkräfte,entkräftest,entkräftet,entkräftete,entkräftet,entkräftete,entkräft,entkräftet,haben,zu entkräften
herumhuren,hure herum,hurst herum,hurt herum,hurte herum,herumgehurt,hurte herum,hure herum,hurt herum,haben,herzuumhuren
schmoren,schmore,schmorst,schmort,schmorte,geschmort,schmorte,schmore,schmort,haben,zu schmoren
exkulpieren,exkulpiere,exkulpierst,exkulpiert,exkulpierte,exkulpiert,exkulpierte,exkulpiere,exkulpiert,haben,zu exkulpieren
beben,bebe,bebst,bebt,bebte,gebebt,bebte,bebe,bebt,haben,zu beben
drechseln,drechsle,drechselst,drechselt,drechselte,gedrechselt,drechselte,drechsle,drechselt,haben,zu drechseln
stylen,style,stylst,stylt,stylte,gestylt,stylte,styl,stylt,haben,zu stylen
ablösen,löse ab,löst ab,löst ab,löste ab,abgelöst,löste ab,löse ab,löst ab,haben,abzulösen
tätowieren,tätowiere,tätowierst,tätowiert,tätowierte,tätowiert,tätowierte,tätowiere,tätowiert,haben,zu tätowieren
zusammenpressen,presse zusammen,presst zusammen,presst zusammen,presste zusammen,zusammengepresst,presste zusammen,press zusammen,presst zusammen,haben,zuzusammenpressen
schickern,schickere,schickerst,schickert,schickerte,geschickert,schickerte,schickere,schickert,haben,zu schickern
justieren,justiere,justierst,justiert,justierte,justiert,justierte,justier,justiert,haben,zu justieren
harangieren,harangiere,harangierst,harangiert,harangierte,harangiert,harangierte,harangier,harangiert,haben,zu harangieren
schleusen,schleuse,schleust,schleust,schleuste,geschleust,schleuste,schleus,schleust,haben,zu schleusen
auflegen,lege auf,legst auf,legt auf,legte auf,aufgelegt,legte auf,leg auf,legt auf,haben,aufzulegen
abmagern,magere ab,magerst ab,magert ab,magerte ab,abgemagert,magerte ab,magere ab,magert ab,haben,abzumagern
aufwärmen,wärme auf,wärmst auf,wärmt auf,wärmte auf,aufgewärmt,wärmte auf,wärme auf,wärmt auf,haben,aufzuwärmen
schwafeln,schwafele,schwafelst,schwafelt,schwafelte,geschwafelt,schwafelte,schwafle,schwafelt,haben,zu schwafeln
kommandieren,kommandiere,kommandierst,kommandiert,kommandierte,kommandiert,kommandierte,kommandiere,kommandiert,haben,zu kommandieren
erarbeiten,erarbeite,erarbeitest,erarbeitet,erarbeitete,erarbeitet,erarbeitete,erarbeit,erarbeitet,haben,zu erarbeiten
skartieren,skartiere,skartierst,skartiert,skartierte,skartiert,skartierte,skartier,skartiert,haben,zu skartieren
einloggen,logge ein,loggst ein,loggt ein,loggte ein,eingeloggt,loggte ein,logg ein,loggt ein,haben,einzuloggen
gabeln,gable,gabelst,gabelt,gabelte,gegabelt,gabelte,gable,gabelt,haben,zu gabeln
etiolieren,etioliere,etiolierst,etioliert,etiolierte,etioliert,etiolierte,etioliere,etioliert,haben,zu etiolieren
präparieren,präpariere,präparierst,präpariert,präparierte,präpariert,präparierte,präparier,präpariert,haben,zu präparieren
gebieten,gebiete,gebietest,gebietet,gebot,geboten,geböte,gebiet,gebietet,haben,zu gebieten
zusammenfließen,fließe zusammen,fließt zusammen,fließt zusammen,floss zusammen,zusammengeflossen,flösse zusammen,fließ zusammen,fließt zusammen,sein,zuzusammenfließen
nachrechnen,rechne nach,rechnest nach,rechnet nach,rechnete nach,nachgerechnet,rechnete nach,rechne nach,rechnet nach,haben,nachzurechnen
abhobeln,hobele ab,hobelst ab,hobelt ab,hobelte ab,abgehobelt,hobelte ab,hobele ab,hobelt ab,haben,abzuhobeln
umlegen,lege um,legst um,legt um,legte um,umgelegt,legte um,leg um,legt um,haben,umzulegen
umerziehen,erziehe um,erziehst um,erzieht um,erzog um,umerzogen,erzöge um,erzieh um,erzieht um,haben,umzuerziehen
tratschen,tratsche,tratschst,tratscht,tratschte,getratscht,tratschte,tratsche,tratscht,haben,zu tratschen
verputzen,verputze,verputzt,verputzt,verputzte,verputzt,verputzte,verputz,verputzt,haben,zu verputzen
spratzeln,spratzle,spratzelst,spratzelt,spratzelte,gespratzelt,spratzelte,spratzle,spratzelt,haben,zu spratzeln
grapschen,grapsche,grapschst,grapscht,grapschte,gegrapscht,grapschte,grapsch,grapscht,haben,zu grapschen
pfuzgen,pfuzge,pfuzgest,pfuzget,pfuzgte,pfuzget,pfuzgte,pfuzge,pfuzget,haben,zu pfuzgen
disambiguieren,disambiguiere,disambiguierst,disambiguiert,disambiguierte,disambiguiert,disambiguierte,disambiguiere,disambiguiert,haben,zu disambiguieren
stupsen,stupse,stupst,stupst,stupste,gestupst,stupste,stupse,stupst,haben,zu stupsen
worfeln,worfle,worfelst,worfelt,worfelte,geworfelt,worfelte,worfele,worfelt,haben,zu worfeln
kläffen,kläffe,kläffst,kläfft,kläffte,gekläfft,kläffte,kläff,kläfft,haben,zu kläffen
enttabuisieren,enttabuisiere,enttabuisierst,enttabuisiert,enttabuisierte,enttabuisiert,enttabuisierte,enttabuisiere,enttabuisiert,haben,zu enttabuisieren
plombieren,plombiere,plombierst,plombiert,plombierte,plombiert,plombierte,plombiere,plombiert,haben,zu plombieren
veranschlagen,veranschlage,veranschlagst,veranschlagt,veranschlagte,veranschlagt,veranschlagte,veranschlag,veranschlagt,haben,zu veranschlagen
kränkeln,kränkle,kränkelst,kränkelt,kränkelte,gekränkelt,kränkelte,kränkle,kränkelt,haben,zu kränkeln
personalisieren,personalisiere,personalisierst,personalisiert,personalisierte,personalisiert,personalisierte,personalisiere,personalisiert,haben,zu personalisieren
präjudizieren,präjudiziere,präjudizierst,präjudiziert,präjudizierte,präjudiziert,präjudizierte,präjudiziere,präjudiziert,haben,präjudizuzieren
lallen,lalle,lallst,lallt,lallte,gelallt,lallte,lall,lallt,haben,zu lallen
erlösen,erlöse,erlöst,erlöst,erlöste,erlöst,erlöste,erlös,erlöst,haben,zu erlösen
nummerieren,nummeriere,nummerierst,nummeriert,nummerierte,nummeriert,nummerierte,nummeriere,nummeriert,haben,zu nummerieren
kombinieren,kombiniere,kombinierst,kombiniert,kombinierte,kombiniert,kombinierte,kombinier,kombiniert,haben,zu kombinieren
parfümieren,parfümiere,parfümierst,parfümiert,parfümierte,parfümiert,parfümierte,parfümier,parfümiert,haben,zu parfümieren
deportieren,deportiere,deportierst,deportiert,deportierte,deportiert,deportierte,deportiere,deportiert,haben,zu deportieren
koalieren,koaliere,koalierst,koaliert,koalierte,koaliert,koalierte,koaliere,koaliert,haben,zu koalieren
pulsieren,pulsiere,pulsierst,pulsiert,pulsierte,pulsiert,pulsierte,pulsiere,pulsiert,haben,zu pulsieren
grassieren,grassiere,grassierst,grassiert,grassierte,grassiert,grassierte,grassiere,grassiert,haben,zu grassieren
chauffieren,chauffiere,chauffierst,chauffiert,chauffierte,chauffiert,chauffierte,chauffiere,chauffiert,haben,zu chauffieren
karteln,kartel,kartelst,kartelt,kartelte,gekartelt,kartelte,kartle,kartelt,haben,zu karteln
potenzieren,potenziere,potenzierst,potenziert,potenzierte,potenziert,potenzierte,potenziere,potenziert,haben,zu potenzieren
geren,gere,gerst,gert,gerte,gegert,gerte,gere,geret,haben,zu geren
schminken,schminke,schminkst,schminkt,schminkte,geschminkt,schminkte,schmink,schminkt,haben,zu schminken
piksen,pikse,pikst,pikst,pikste,gepikst,pikste,piks,pikst,haben,zu piksen
schmerzen,schmerze,schmerzt,schmerzt,schmerzte,geschmerzt,schmerzte,schmerz,schmerzt,haben,schmzuerzen
tupfen,tupfe,tupfst,tupft,tupfte,getupft,tupfte,tupfe,tupft,haben,zu tupfen
abstecken,stecke ab,steckst ab,steckt ab,steckte ab,abgesteckt,steckte ab,stecke ab,steckt ab,haben,abzustecken
abgewöhnen,gewöhne ab,gewöhnst ab,gewöhnt ab,gewöhnte ab,abgewöhnt,gewöhnte ab,gewöhn ab,gewöhnt ab,haben,abzugewöhnen
mensendiecken,mensendiecke,mensendieckst,mensendieckt,mensendieckte,gemensendieckt,mensendieckte,mensendiecke,mensendieckt,haben,zu mensendiecken
budgetieren,budgetiere,budgetierst,budgetiert,budgetierte,budgetiert,budgetierte,budgetiere,budgetiert,haben,zu budgetieren
zurechtkommen,komme zurecht,kommst zurecht,kommt zurecht,kam zurecht,zurechtgekommen,käme zurecht,komme zurecht,kommt zurecht,sein,zuzurechtkommen
herziehen,ziehe her,ziehst her,zieht her,zog her,hergezogen,zöge her,ziehe her,zieht her,sein,herzuziehen
einspringen,springe ein,springst ein,springt ein,sprang ein,eingesprungen,spränge ein,spring ein,springt ein,sein,einzuspringen
johlen,johle,johlst,johlt,johlte,gejohlt,johlte,johl,johlt,haben,zu johlen
versemmeln,versemmle,versemmelst,versemmelt,versemmelte,versemmelt,versemmelte,versemmle,versemmelt,haben,zu versemmeln
entgegenarbeiten,arbeite entgegen,arbeitest entgegen,arbeitet entgegen,arbeitete entgegen,entgegengearbeitet,arbeitete entgegen,arbeit entgegen,arbeitet entgegen,haben,zu entgegenarbeiten
erbringen,erbringe,erbringst,erbringt,erbrachte,erbracht,erbrächte,erbring,erbringt,haben,zu erbringen
austreten,trete aus,trittst aus,tritt aus,trat aus,ausgetreten,träte aus,tritt aus,tretet aus,sein,auszutreten
unterschreiten,unterschreite,unterschreitest,unterschreitet,unterschritt,unterschritten,unterschritte,unterschreit,unterschreitet,haben,zu unterschreiten
ausfragen,frage aus,fragst aus,fragt aus,fragte aus,ausgefragt,fragte aus,frag aus,fragt aus,haben,auszufragen
schnäuzen,schnäuze,schnäuzt,schnäuzt,schnäuzte,geschnäuzt,schnäuzte,schnäuze,schnäuzt,haben,zu schnäuzen
skoptisieren,skoptisiere,skoptisierst,skoptisiert,skoptisierte,skoptisiert,skoptisierte,skoptisiere,skoptisiert,haben,zu skoptisieren
beschlafen,beschlafe,beschläfst,beschläft,beschlief,beschlafen,beschliefe,beschlafe,beschlaft,haben,zu beschlafen
erschlaffen,erschlaffe,erschlaffst,erschlafft,erschlaffte,erschlafft,erschlaffte,erschlaff,erschlafft,haben,zu erschlaffen
invadieren,invadiere,invadierst,invadiert,invadierte,invadiert,invadierte,invadier,invadiert,haben,zu invadieren
schlotzen,schlotze,schlotzt,schlotzt,schlotzte,geschlotzt,schlotzte,schlotze,schlotzt,haben,zu schlotzen
zerstreiten,zerstreite,zerstreitest,zerstreitet,zerstritt,zerstritten,zerstritte,zerstreite,zerstreitet,haben,zu zerstreiten
bekräftigen,bekräftige,bekräftigst,bekräftigt,bekräftigte,bekräftigt,bekräftigte,bekräftige,bekräftigt,haben,zu bekräftigen
forkeln,forkele,forkelst,forkelt,forkelte,geforkelt,forkelte,forkele,forkelt,haben,zu forkeln
orgeln,orgele,orgelst,orgelt,orgelte,georgelt,orgelte,orgele,orgelt,haben,zu orgeln
misshandeln,misshandle,misshandelst,misshandelt,misshandelte,misshandelt,misshandelte,misshandle,misshandelt,haben,zu misshandeln
nachgrübeln,grüble nach,grübelst nach,grübelt nach,grübelte nach,nachgegrübelt,grübelte nach,grüble nach,grübelt nach,haben,nachzugrübeln
ansalben,salbe an,salbst an,salbt an,salbte an,angesalbt,salbte an,salbe an,salbt an,haben,anzusalben
abisolieren,isoliere ab,isolierst ab,isoliert ab,isolierte ab,abisoliert,isolierte ab,isolier ab,isoliert ab,haben,abzuisolieren
überreden,überrede,überredest,überredet,überredete,überredet,überredete,überrede,überredet,haben,zu überreden
quizzen,quizze,quizzt,quizzt,quizzte,gequizzt,quizzte,quizz,quizzt,haben,zu quizzen
ernennen,ernenne,ernennst,ernennt,ernannte,ernannt,ernennte,ernenn,ernennt,haben,zu ernennen
hapern,—,—,hapert,haperte,gehapert,haperte,—,—,haben,zu hapern
pappen,pappe,pappst,pappt,pappte,gepappt,pappte,papp,pappt,haben,zu pappen
einfangen,fange ein,fängst ein,fängt ein,fing ein,eingefangen,finge ein,fang ein,fangt ein,haben,einzufangen
zuzeln,zuzele,zuzelst,zuzelt,zuzelte,gezuzelt,zuzelte,zuzele,zuzelt,haben,zuzuzeln
wringen,wringe,wringst,wringt,wrang,gewrungen,wränge,wringe,wringt,haben,zu wringen
röcheln,röchle,röchelst,röchelt,röchelte,geröchelt,röchelte,röchle,röchelt,haben,zu röcheln
abfieseln,fiesle ab,fieselst ab,fieselt ab,fieselte ab,abgefieselt,fieselte ab,fiesle ab,fieselt ab,haben,abzufieseln
scherzen,scherze,scherzt,scherzt,scherzte,gescherzt,scherzte,scherze,scherzt,haben,zu scherzen
gautschen,gautsche,gautschst,gautscht,gautschte,gegautscht,gautschte,gautsch,gautscht,haben,zu gautschen
argumentieren,argumentiere,argumentierst,argumentiert,argumentierte,argumentiert,argumentierte,argumentiere,argumentiert,haben,zu argumentieren
adjungieren,adjungiere,adjungierst,adjungiert,adjungierte,adjungiert,adjungierte,adjungiere,adjungiert,haben,adjunzugieren
sickern,sickere,sickerst,sickert,sickerte,gesickert,sickerte,sickere,sickert,sein,zu sickern
spaßen,spaße,spaßt,spaßt,spaßte,gespaßt,spaßte,spaße,spaßet,haben,zu spaßen
splittern,splittere,splitterst,splittert,splitterte,gesplittert,splitterte,splittere,splittert,haben,zu splittern
spähen,spähe,spähst,späht,spähte,gespäht,spähte,spähe,späht,haben,zu spähen
stauben,staube,staubst,staubt,staubte,gestaubt,staubte,staube,staubt,haben,zu stauben
stutzen,stutze,stutzt,stutzt,stutzte,gestutzt,stutzte,stutze,stutzt,haben,zu stutzen
prellen,prelle,prellst,prellt,prellte,geprellt,prellte,prelle,prellt,haben,zu prellen
suhlen,suhle,suhlst,suhlt,suhlte,gesuhlt,suhlte,suhl,suhlt,haben,zu suhlen
tätscheln,tätschle,tätschelst,tätschelt,tätschelte,getätschelt,tätschelte,tätschle,tätschelt,haben,zu tätscheln
ticken,ticke,tickst,tickt,tickte,getickt,tickte,tick,tickt,haben,zu ticken
absichern,sichere ab,sicherst ab,sichert ab,sicherte ab,abgesichert,sicherte ab,sichere ab,sichert ab,haben,abzusichern
raunen,raune,raunst,raunt,raunte,geraunt,raunte,raun,raunt,haben,zu raunen
schieflaufen,—,—,läuft schief,lief schief,schiefgelaufen,liefe schief,—,—,sein,schiefzulaufen
wirbeln,wirble,wirbelst,wirbelt,wirbelte,gewirbelt,wirbelte,wirble,wirbelt,haben,zu wirbeln
exkludieren,exkludiere,exkludierst,exkludiert,exkludierte,exkludiert,exkludierte,exkludiere,exkludiert,haben,zu exkludieren
koalisieren,koalisiere,koalisierst,koalisiert,koalisierte,koalisiert,koalisierte,koalisiere,koalisiert,haben,zu koalisieren
liebäugeln,liebäugle,liebäugelst,liebäugelt,liebäugelte,geliebäugelt,liebäugelte,liebäugle,liebäugelt,haben,liebzuäugeln
krankschreiben,schreibe krank,schreibst krank,schreibt krank,schrieb krank,krankgeschrieben,schriebe krank,schreib krank,schreibt krank,haben,krankzuschreiben
demoralisieren,demoralisiere,demoralisierst,demoralisiert,demoralisierte,demoralisiert,demoralisierte,demoralisiere,demoralisiert,haben,zu demoralisieren
demolieren,demoliere,demolierst,demoliert,demolierte,demoliert,demolierte,demolier,demoliert,haben,zu demolieren
deformieren,deformiere,deformierst,deformiert,deformierte,deformiert,deformierte,deformier,deformiert,haben,zu deformieren
verhüten,verhüte,verhütest,verhütet,verhütete,verhütet,verhütete,verhüte,verhütet,haben,zu verhüten
überführen,überführe,überführst,überführt,überführte,überführt,überführte,überführ,überführt,haben,zu überführen
funzeln,funzele,funzelst,funzelt,funzelte,gefunzelt,funzelte,funzele,funzelt,haben,zu funzeln
abeisen,eise ab,eist ab,eist ab,eiste ab,abgeeist,eiste ab,eis ab,eist ab,haben,abzueisen
abteufen,teufe ab,teufst ab,teuft ab,teufte ab,abgeteuft,teufte ab,teuf ab,teuft ab,haben,abzuteufen
teufen,teufe,teufst,teuft,teufte,geteuft,teufte,teuf,teuft,haben,zu teufen
ankennen,kenne an,kennst an,kennt an,kannte an,angekannt,kennte an,kenne an,kennt an,haben,anzukennen
seigern,seigere,seigerst,seigert,seigerte,geseigert,seigerte,seigere,seigert,haben,zu seigern
logarithmieren,logarithmiere,logarithmierst,logarithmiert,logarithmierte,logarithmiert,logarithmierte,logarithmiere,logarithmiert,haben,zu logarithmieren
verbannen,verbanne,verbannst,verbannt,verbannte,verbannt,verbannte,verbann,verbannt,haben,zu verbannen
resetten,resette,resettest,resettet,resettete,resettet,resettete,resette,resettet,haben,zu resetten
vollscheißen,scheiße voll,scheißt voll,scheißt voll,schiss voll,vollgeschissen,schisse voll,scheiß voll,scheißt voll,haben,vollzuscheißen
zerfallen,zerfalle,zerfällst,zerfällt,zerfiel,zerfallen,zerfiele,zerfalle,zerfallt,sein,zu zerfallen
abstottern,stottere ab,stotterst ab,stottert ab,stotterte ab,abgestottert,stotterte ab,stotter ab,stottert ab,haben,abzustottern
nuten,nute,nutest,nutet,nutete,genutet,nutete,nut,nutet,haben,zu nuten
abernten,ernte ab,erntest ab,erntet ab,erntete ab,abgeerntet,erntete ab,ernt ab,erntet ab,haben,abzuernten
abfackeln,fackele ab,fackelst ab,fackelt ab,fackelte ab,abgefackelt,fackelte ab,fackele ab,fackelt ab,haben,abzufackeln
abfegen,fege ab,fegst ab,fegt ab,fegte ab,abgefegt,fegte ab,fege ab,fegt ab,haben,abzufegen
abflachen,flache ab,flachst ab,flacht ab,flachte ab,abgeflacht,flachte ab,flache ab,flacht ab,haben,abzuflachen
abfliegen,fliege ab,fliegst ab,fliegt ab,flog ab,abgeflogen,flöge ab,fliege ab,fliegt ab,sein,abzufliegen
abfließen,fließe ab,fließt ab,fließt ab,floss ab,abgeflossen,flösse ab,fließe ab,fließt ab,sein,abzufließen
pauken,pauke,paukst,paukt,paukte,gepaukt,paukte,pauk,paukt,haben,zu pauken
druseln,drusele,druselst,druselt,druselte,gedruselt,druselte,drusele,druselt,haben,zu druseln
lugen,luge,lugst,lugt,lugte,gelugt,lugte,lug,lugt,haben,zu lugen
zuteilwerden,werde zuteil,wirst zuteil,wird zuteil,wurde zuteil,zuteilgeworden,würde zuteil,werde zuteil,werdet zuteil,sein,zuzuteilwerden
köpfeln,köpfle,köpfelst,köpfelt,köpfelte,geköpfelt,köpfelte,köpfle,köpfelt,haben,zu köpfeln
demontieren,demontiere,demontierst,demontiert,demontierte,demontiert,demontierte,demontiere,demontiert,haben,zu demontieren
deklassieren,deklassiere,deklassierst,deklassiert,deklassierte,deklassiert,deklassierte,deklassiere,deklassiert,haben,zu deklassieren
selegieren,selegiere,selegierst,selegiert,selegierte,selegiert,selegierte,selegiere,selegiert,haben,zu selegieren
wedeln,wedele,wedelst,wedelt,wedelte,gewedelt,wedelte,wedele,wedelt,haben,zu wedeln
lynchen,lynche,lynchst,lyncht,lynchte,gelyncht,lynchte,lynche,lyncht,haben,zu lynchen
abtun,tue ab,tust ab,tut ab,tat ab,abgetan,täte ab,tu ab,tut ab,haben,abzutun
ausarten,arte aus,artest aus,artet aus,artete aus,ausgeartet,artete aus,arte aus,artet aus,sein,auszuarten
verposematuckeln,verposematuckel,verposematuckelst,verposematuckelt,verposematuckelte,verposematuckelt,verposematuckelte,verposematuckel,verposematuckelt,haben,zu verposematuckeln
obligieren,obligiere,obligierst,obligiert,obligierte,obligiert,obligierte,obligier,obligiert,haben,zu obligieren
aufessen,esse auf,isst auf,isst auf,aß auf,aufgegessen,äße auf,iss auf,esst auf,haben,aufzuessen
balkanisieren,balkanisiere,balkanisierst,balkanisiert,balkanisierte,balkanisiert,balkanisierte,balkanisiere,balkanisiert,haben,zu balkanisieren
verdoppeln,verdopple,verdoppelst,verdoppelt,verdoppelte,verdoppelt,verdoppelte,verdoppele,verdoppelt,haben,zu verdoppeln
wallfahren,wallfahre,wallfahrst,wallfahrt,wallfahrte,gewallfahrt,wallfahrte,wallfahre,wallfahrt,sein,zu wallfahren
posten,poste,postest,postet,postete,gepostet,postete,poste,postet,haben,zu posten
zimmern,zimmere,zimmerst,zimmert,zimmerte,gezimmert,zimmerte,zimmere,zimmert,haben,zu zimmern
animieren,animiere,animierst,animiert,animierte,animiert,animierte,animiere,animiert,haben,anzuimieren
beweinen,beweine,beweinst,beweint,beweinte,beweint,beweinte,beweine,beweint,haben,zu beweinen
unterstreichen,unterstreiche,unterstreichst,unterstreicht,unterstrich,unterstrichen,unterstriche,unterstreich,unterstreicht,haben,zu unterstreichen
abfangen,fange ab,fängst ab,fängt ab,fing ab,abgefangen,finge ab,fange ab,fangt ab,haben,abzufangen
aufkochen,koche auf,kochst auf,kocht auf,kochte auf,aufgekocht,kochte auf,koch auf,kocht auf,haben,aufzukochen
abstillen,stille ab,stillst ab,stillt ab,stillte ab,abgestillt,stillte ab,stille ab,stillt ab,haben,abzustillen
umtakeln,takle um,takelst um,takelt um,takelte um,umgetakelt,takelte um,takel um,takelt um,haben,zu umtakeln
einsalben,salbe ein,salbst ein,salbt ein,salbte ein,eingesalbt,salbte ein,salbe ein,salbt ein,haben,einzusalben
beunruhigen,beunruhige,beunruhigst,beunruhigt,beunruhigte,beunruhigt,beunruhigte,beunruhige,beunruhigt,haben,zu beunruhigen
anlügen,lüge an,lügst an,lügt an,log an,angelogen,löge an,lüg an,lügt an,haben,anzulügen
tschilpen,tschilpe,tschilpst,tschilpt,tschilpte,getschilpt,tschilpte,tschilp,tschilpt,haben,zu tschilpen
abballern,ballere ab,ballerst ab,ballert ab,ballerte ab,abgeballert,ballerte ab,ballere ab,ballert ab,haben,abzuballern
weißeln,weißele,weißelst,weißelt,weißelte,geweißelt,weißelte,weißel,weißelt,haben,zu weißeln
vindizieren,vindiziere,vindizierst,vindiziert,vindizierte,vindiziert,vindizierte,vindizier,vindiziert,haben,zu vindizieren
reinchecken,checke rein,checkst rein,checkt rein,checkte rein,reingecheckt,checkte rein,check rein,checkt rein,haben,reinzuchecken
sicken,sicke,sickst,sickt,sickte,gesickt,sickte,sick,sickt,haben,zu sicken
abbrauchen,brauche ab,brauchst ab,braucht ab,brauchte ab,abgebraucht,brauchte ab,brauch ab,braucht ab,haben,abzubrauchen
überarbeiten,überarbeite,überarbeitest,überarbeitet,überarbeitete,überarbeitet,überarbeitete,überarbeite,überarbeitet,haben,zu überarbeiten
kartografieren,kartografiere,kartografierst,kartografiert,kartografierte,kartografiert,kartografierte,kartografiere,kartografiert,haben,zu kartografieren
sonnen,sonne,sonnst,sonnt,sonnte,gesonnt,sonnte,sonn,sonnt,haben,zu sonnen
abfärben,färbe ab,färbst ab,färbt ab,färbte ab,abgefärbt,färbte ab,färbe ab,färbt ab,haben,abzufärben
verschneiden,verschneide,verschneidest,verschneidet,verschnitt,verschnitten,verschnitte,verschneid,verschneidet,haben,zu verschneiden
pharyngalisieren,pharyngalisiere,pharyngalisierst,pharyngalisiert,pharyngalisierte,pharyngalisiert,pharyngalisierte,pharyngalisiere,pharyngalisiert,haben,zu pharyngalisieren
outrieren,outriere,outrierst,outriert,outrierte,outriert,outrierte,outriere,outriert,haben,zu outrieren
flitschen,flitsche,flitschst,flitscht,flitschte,geflitscht,flitschte,flitsche,flitscht,haben,zu flitschen
wintern,—,—,wintert,winterte,gewintert,winterte,—,—,haben,zu wintern
effektuieren,effektuiere,effektuierst,effektuiert,effektuierte,effektuiert,effektuierte,effektuiere,effektuiert,haben,zu effektuieren
entkokainisieren,entkokainisiere,entkokainisierst,entkokainisiert,entkokainisierte,entkokainisiert,entkokainisierte,entkokainisier,entkokainisiert,haben,zu entkokainisieren
zerkreuzen,zerkreuze,zerkreuzt,zerkreuzt,zerkreuzte,zerkreuzt,zerkreuzte,zerkreuze,zerkreuzt,haben,zu zerkreuzen
tackern,tackere,tackerst,tackert,tackerte,getackert,tackerte,tackere,tackert,haben,zu tackern
pranzen,pranze,pranzt,pranzt,pranzte,gepranzt,pranzte,pranz,pranzt,haben,zu pranzen
verwesen,verwese,verwest,verwest,verweste,verwest,verweste,verwes,verwest,sein,zu verwesen
umfunktionieren,funktioniere um,funktionierst um,funktioniert um,funktionierte um,umfunktioniert,funktionierte um,funktionier um,funktioniert um,haben,umzufunktionieren
deinstallieren,deinstalliere,deinstallierst,deinstalliert,deinstallierte,deinstalliert,deinstallierte,deinstallier,deinstalliert,haben,zu deinstallieren
beklemmen,beklemme,beklemmst,beklemmt,beklemmte,beklemmt,beklemmte,beklemme,beklemmt,haben,zu beklemmen
schmoken,schmoke,schmokst,schmokt,schmokte,geschmokt,schmokte,schmoke,schmokt,haben,zu schmoken
klammern,klammere,klammerst,klammert,klammerte,geklammert,klammerte,klammere,klammert,haben,zu klammern
vazieren,vaziere,vazierst,vaziert,vazierte,vaziert,vazierte,vaziere,vaziert,sein,zu vazieren
wetterleuchten,—,—,wetterleuchtet,wetterleuchtete,gewetterleuchtet,wetterleuchtete,—,—,haben,wettzuerleuchten
wimmern,wimmere,wimmerst,wimmert,wimmerte,gewimmert,wimmerte,wimmere,wimmert,haben,zu wimmern
aufpäppeln,päpple auf,päppelst auf,päppelt auf,päppelte auf,aufgepäppelt,päppelte auf,päpple auf,päppelt auf,haben,aufzupäppeln
brandmarken,brandmarke,brandmarkst,brandmarkt,brandmarkte,gebrandmarkt,brandmarkte,brandmarke,brandmarkt,haben,zu brandmarken
knöpfen,knöpfe,knöpfst,knöpft,knöpfte,geknöpft,knöpfte,knöpf,knöpft,haben,zu knöpfen
chargieren,chargiere,chargierst,chargiert,chargierte,chargiert,chargierte,chargier,chargiert,haben,zu chargieren
verfranzen,verfranze,verfranzt,verfranzt,verfranzte,verfranzt,verfranzte,verfranz,verfranzt,haben,zu verfranzen
geigen,geige,geigst,geigt,geigte,gegeigt,geigte,geig,geigt,haben,zu geigen
weißen,weiße,weißt,weißt,weißte,geweißt,weißte,weiß,weißt,haben,zu weißen
desistieren,desistiere,desistierst,desistiert,desistierte,desistiert,desistierte,desistiere,desistiert,haben,zu desistieren
ausfüllen,fülle aus,füllst aus,füllt aus,füllte aus,ausgefüllt,füllte aus,fülle aus,füllt aus,haben,auszufüllen
driften,drifte,driftest,driftet,driftete,gedriftet,driftete,drifte,driftet,sein,zu driften
Rad schlagen,schlage Rad,schlägst Rad,schlägt Rad,schlug Rad,Rad geschlagen,schlüge Rad,schlage Rad,schlagt Rad,haben,zu Rad schlagen
mastizieren,mastiziere,mastizierst,mastiziert,mastizierte,mastiziert,mastizierte,mastizier,mastiziert,haben,mastizuzieren
sollizitieren,sollizitiere,sollizitierst,sollizitiert,sollizitierte,sollizitiert,sollizitierte,sollizitiere,sollizitiert,haben,zu sollizitieren
nachbilden,bilde nach,bildest nach,bildet nach,bildete nach,nachgebildet,bildete nach,bild nach,bildet nach,haben,nachzubilden
inventieren,inventiere,inventierst,inventiert,inventierte,inventiert,inventierte,inventier,inventiert,haben,zu inventieren
reprimieren,reprimiere,reprimierst,reprimiert,reprimierte,reprimiert,reprimierte,reprimiere,reprimiert,haben,zu reprimieren
aufpflanzen,pflanze auf,pflanzt auf,pflanzt auf,pflanzte auf,aufgepflanzt,pflanzte auf,pflanz auf,pflanzt auf,haben,aufzupflanzen
plumpsen,plumpse,plumpst,plumpst,plumpste,geplumpst,plumpste,plumpse,plumpst,sein,zu plumpsen
verpixeln,verpixle,verpixelst,verpixelt,verpixelte,verpixelt,verpixelte,verpixle,verpixelt,haben,zu verpixeln
gneißen,gneiße,gneißt,gneißt,gneißte,gegneißt,gneißte,gneiß,gneißt,haben,zu gneißen
dimmen,dimme,dimmst,dimmt,dimmte,gedimmt,dimmte,dimm,dimmt,haben,zu dimmen
abtransportieren,transportiere ab,transportierst ab,transportiert ab,transportierte ab,abtransportiert,transportierte ab,transportiere ab,transportiert ab,haben,abzutransportieren
verwünschen,verwünsche,verwünschst,verwünscht,verwünschte,verwünscht,verwünschte,verwünsch,verwünscht,haben,zu verwünschen
herleiten,leite her,leitest her,leitet her,leitete her,hergeleitet,leitete her,leit her,leitet her,haben,herzuleiten
krallen,kralle,krallst,krallt,krallte,gekrallt,krallte,krall,krallt,haben,zu krallen
ausschaffen,schaffe aus,schaffst aus,schafft aus,schaffte aus,ausgeschafft,schaffte aus,schaffe aus,schafft aus,haben,auszuschaffen
kampeln,kample,kampelst,kampelt,kampelte,gekampelt,kampelte,kample,kampelt,haben,zu kampeln
entreißen,entreiße,entreißt,entreißt,entriss,entrissen,entrisse,entreiß,entreißt,haben,zu entreißen
kramen,krame,kramst,kramt,kramte,gekramt,kramte,krame,kramt,haben,zu kramen
stibitzen,stibitze,stibitzt,stibitzt,stibitzte,stibitzt,stibitzte,stibitz,stibitzt,haben,zu stibitzen
windeln,windle,windelst,windelt,windelte,gewindelt,windelte,windle,windelt,haben,zu windeln
mangeln,mangle,mangelst,mangelt,mangelte,gemangelt,mangelte,mangle,mangelt,haben,zu mangeln
vagabundieren,vagabundiere,vagabundierst,vagabundiert,vagabundierte,vagabundiert,vagabundierte,vagabundiere,vagabundiert,haben,zu vagabundieren
verenden,verende,verendest,verendet,verendete,verendet,verendete,verende,verendet,sein,zu verenden
hoagaschten,hoagaschte,hoagaschtes,hoagaschtet,hoagaschtete,gehoagaschtet,hoagaschtete,hoagaschte,hoagaschtet,haben,zu hoagaschten
ausreißen,reiße aus,reißt aus,reißt aus,riss aus,ausgerissen,risse aus,reiß aus,reißt aus,haben,auszureißen
verschenken,verschenke,verschenkst,verschenkt,verschenkte,verschenkt,verschenkte,verschenk,verschenkt,haben,zu verschenken
umreiten,umreite,umreitest,umreitet,umritt,umritten,umritte,umreit,umreitet,haben,zu umreiten
finassieren,finassiere,finassierst,finassiert,finassierte,finassiert,finassierte,finassier,finassiert,haben,zu finassieren
muten,mute,mutest,mutet,mutete,gemutet,mutete,mut,mutet,haben,zu muten
anmuten,mute an,mutest an,mutet an,mutete an,angemutet,mutete an,mute an,mutet an,haben,anzumuten
eskortieren,eskortiere,eskortierst,eskortiert,eskortierte,eskortiert,eskortierte,eskortiere,eskortiert,haben,zu eskortieren
twittern,twittere,twitterst,twittert,twitterte,getwittert,twitterte,twitter,twittert,haben,zu twittern
protegieren,protegiere,protegierst,protegiert,protegierte,protegiert,protegierte,protegiere,protegiert,haben,zu protegieren
jobben,jobbe,jobbst,jobbt,jobbte,gejobbt,jobbte,jobb,jobbt,haben,zu jobben
pressen,presse,presst,presst,presste,gepresst,presste,press,presst,haben,zu pressen
verständigen,verständige,verständigst,verständigt,verständigte,verständigt,verständigte,verständig,verständigt,haben,zu verständigen
behändigen,behändige,behändigst,behändigt,behändigte,behändigt,behändigte,behändig,behändigt,haben,zu behändigen
attentieren,attentiere,attentierst,attentiert,attentierte,attentiert,attentierte,attentiere,attentiert,haben,zu attentieren
rangeln,rangle,rangelst,rangelt,rangelte,gerangelt,rangelte,rangele,rangelt,haben,zu rangeln
beauftragen,beauftrage,beauftragst,beauftragt,beauftragte,beauftragt,beauftragte,beauftrag,beauftragt,haben,zu beauftragen
würgen,würge,würgst,würgt,würgte,gewürgt,würgte,würge,würgt,haben,zu würgen
observieren,observiere,observierst,observiert,observierte,observiert,observierte,observiere,observiert,haben,zu observieren
anmalen,male an,malst an,malt an,malte an,angemalt,malte an,mal an,malt an,haben,anzumalen
abdämmen,dämme ab,dämmst ab,dämmt ab,dämmte ab,abgedämmt,dämmte ab,dämm ab,dämmt ab,haben,abzudämmen
dämmen,dämme,dämmst,dämmt,dämmte,gedämmt,dämmte,dämm,dämmt,haben,zu dämmen
abknicken,knicke ab,knickst ab,knickt ab,knickte ab,abgeknickt,knickte ab,knick ab,knickt ab,haben,abzuknicken
abmessen,messe ab,misst ab,misst ab,maß ab,abgemessen,mäße ab,miss ab,messt ab,haben,abzumessen
verknüpfen,verknüpfe,verknüpfst,verknüpft,verknüpfte,verknüpft,verknüpfte,verknüpfe,verknüpft,haben,zu verknüpfen
zerfleddern,zerfleddere,zerfledderst,zerfleddert,zerfledderte,zerfleddert,zerfledderte,zerfleddere,zerfleddert,haben,zu zerfleddern
lausen,lause,laust,laust,lauste,gelaust,lauste,laus,laust,haben,zu lausen
hinstellen,stelle hin,stellst hin,stellt hin,stellte hin,hingestellt,stellte hin,stell hin,stellt hin,haben,hinzustellen
ankleben,klebe an,klebst an,klebt an,klebte an,angeklebt,klebte an,kleb an,klebt an,haben,anzukleben
proben,probe,probst,probt,probte,geprobt,probte,probe,probt,haben,zu proben
bändigen,bändige,bändigst,bändigt,bändigte,gebändigt,bändigte,bändige,bändigt,haben,zu bändigen
rieseln,–,–,rieselt,rieselte,gerieselt,rieselte,riesel,rieselt,haben,zu rieseln
flattern,flattere,flatterst,flattert,flatterte,geflattert,flatterte,flattere,flattert,haben,zu flattern
unterteilen,unterteile,unterteilst,unterteilt,unterteilte,unterteilt,unterteilte,unterteile,unterteilt,haben,zu unterteilen
schleudern,schleudere,schleuderst,schleudert,schleuderte,geschleudert,schleuderte,schleuder,schleudert,haben,zu schleudern
galoppieren,galoppiere,galoppierst,galoppiert,galoppierte,galoppiert,galoppierte,galoppiere,galoppiert,sein,zu galoppieren
flöhen,flöhe,flöhst,flöht,flöhte,geflöht,flöhte,flöh,flöht,haben,zu flöhen
inhibieren,inhibiere,inhibierst,inhibiert,inhibierte,inhibiert,inhibierte,inhibier,inhibiert,haben,zu inhibieren
verfangen,verfange,verfängst,verfängt,verfing,verfangen,verfinge,verfang,verfangt,haben,zu verfangen
schnurren,schnurre,schnurrst,schnurrt,schnurrte,geschnurrt,schnurrte,schnurre,schnurrt,haben,zu schnurren
verzetteln,verzettele,verzettelst,verzettelt,verzettelte,verzettelt,verzettelte,verzettel,verzettelt,haben,zu verzetteln
scheppern,scheppere,schepperst,scheppert,schepperte,gescheppert,schepperte,schepper,scheppert,haben,zu scheppern
texten,texte,textest,textet,textete,getextet,textete,text,textet,haben,zu texten
krümmen,krümme,krümmst,krümmt,krümmte,gekrümmt,krümmte,krümm,krümmt,haben,zu krümmen
anfreunden,freunde an,freundest an,freundet an,freundete an,angefreundet,freundete an,freunde an,freundet an,haben,anzufreunden
freigeben,gebe frei,gibst frei,gibt frei,gab frei,freigegeben,gäbe frei,gib frei,gebt frei,haben,freizugeben
maximieren,maximiere,maximierst,maximiert,maximierte,maximiert,maximierte,maximier,maximiert,haben,zu maximieren
bewaffnen,bewaffne,bewaffnest,bewaffnet,bewaffnete,bewaffnet,bewaffnete,bewaffne,bewaffnet,haben,zu bewaffnen
missfallen,missfalle,missfällst,missfällt,missfiel,missfallen,missfiele,missfall,missfallt,haben,zu missfallen
entwaffnen,entwaffne,entwaffnest,entwaffnet,entwaffnete,entwaffnet,entwaffnete,entwaffne,entwaffnet,haben,zu entwaffnen
nuckeln,nuckele,nuckelst,nuckelt,nuckelte,genuckelt,nuckelte,nuckele,nuckelt,haben,zu nuckeln
ausspucken,spucke aus,spuckst aus,spuckt aus,spuckte aus,ausgespuckt,spuckte aus,spucke aus,spuckt aus,haben,auszuspucken
orten,orte,ortest,ortet,ortete,geortet,ortete,orte,ortet,haben,zu orten
panzern,panzere,panzerst,panzert,panzerte,gepanzert,panzerte,panzere,panzert,haben,zu panzern
pflastern,pflastere,pflasterst,pflastert,pflasterte,gepflastert,pflasterte,pflastere,pflastert,haben,zu pflastern
einpreisen,preise ein,preist ein,preist ein,preiste ein,eingepreist,preiste ein,preise ein,preist ein,haben,einzupreisen
aufdonnern,donnere auf,donnerst auf,donnert auf,donnerte auf,aufgedonnert,donnerte auf,donner auf,donnert auf,haben,aufzudonnern
konzertieren,konzertiere,konzertierst,konzertiert,konzertierte,konzertiert,konzertierte,konzertiere,konzertiert,haben,zu konzertieren
verschlimmern,verschlimmere,verschlimmerst,verschlimmert,verschlimmerte,verschlimmert,verschlimmerte,verschlimmere,verschlimmert,haben,zu verschlimmern
hissen,hisse,hisst,hisst,hisste,gehisst,hisste,hisse,hisst,haben,zu hissen
betiteln,betitele,betitelst,betitelt,betitelte,betitelt,betitelte,betitele,betitelt,haben,zu betiteln
vernetzen,vernetze,vernetzt,vernetzt,vernetzte,vernetzt,vernetzte,vernetze,vernetzt,haben,zu vernetzen
stelzen,stelze,stelzt,stelzt,stelzte,gestelzt,stelzte,stelze,stelzt,sein,zu stelzen
verschlüsseln,verschlüssle,verschlüsselst,verschlüsselt,verschlüsselte,verschlüsselt,verschlüsselte,verschlüssle,verschlüsselt,haben,zu verschlüsseln
entschlüsseln,entschlüssle,entschlüsselst,entschlüsselt,entschlüsselte,entschlüsselt,entschlüsselte,entschlüssle,entschlüsselt,haben,zu entschlüsseln
betten,bette,bettest,bettet,bettete,gebettet,bettete,bette,bettet,haben,zu betten
stattgeben,gebe statt,gibst statt,gibt statt,gab statt,stattgegeben,gäbe statt,gib statt,gebt statt,haben,zu stattgeben
zernieren,zerniere,zernierst,zerniert,zernierte,zerniert,zernierte,zernier,zerniert,haben,zu zernieren
spicken,spicke,spickst,spickt,spickte,gespickt,spickte,spicke,spickt,haben,zu spicken
boxen,boxe,boxt,boxt,boxte,geboxt,boxte,boxe,boxt,haben,zu boxen
anrichten,richte an,richtest an,richtet an,richtete an,angerichtet,richtete an,richte an,richtet an,haben,anzurichten
faulen,faule,faulst,fault,faulte,gefault,faulte,faule,fault,sein,zu faulen
filmen,filme,filmst,filmt,filmte,gefilmt,filmte,film,filmt,haben,zu filmen
spritzen,spritze,spritzt,spritzt,spritzte,gespritzt,spritzte,spritz,spritzt,haben,zu spritzen
ausbilden,bilde aus,bildest aus,bildet aus,bildete aus,ausgebildet,bildete aus,bild aus,bildet aus,haben,auszubilden
beflügeln,beflügle,beflügelst,beflügelt,beflügelte,beflügelt,beflügelte,beflügle,beflügelt,haben,zu beflügeln
beschwindeln,beschwindle,beschwindelst,beschwindelt,beschwindelte,beschwindelt,beschwindelte,beschwindle,beschwindelt,haben,zu beschwindeln
reklamieren,reklamiere,reklamierst,reklamiert,reklamierte,reklamiert,reklamierte,reklamiere,reklamiert,haben,zu reklamieren
vorschreiben,schreibe vor,schreibst vor,schreibt vor,schrieb vor,vorgeschrieben,schriebe vor,schreib vor,schreibt vor,haben,vorschzureiben
abnabeln,nable ab,nabelst ab,nabelt ab,nabelte ab,abgenabelt,nabelte ab,nable ab,nabelt ab,haben,abzunabeln
entehren,entehre,entehrst,entehrt,entehrte,entehrt,entehrte,entehr,entehrtet,haben,zu entehren
umwandeln,wandle um,wandelst um,wandelt um,wandelte um,umgewandelt,wandelte um,wandle um,wandelt um,haben,umzuwandeln
verschrecken,verschrecke,verschreckst,verschreckt,verschreckte,verschreckt,verschreckte,verschreck,verschreckt,haben,zu verschrecken
pökeln,pökle,pökelst,pökelt,pökelte,gepökelt,pökelte,pökle,pökelt,haben,zu pökeln
befristen,befriste,befristest,befristet,befristete,befristet,befristete,befriste,befristet,haben,zu befristen
beistellen,stelle bei,stellst bei,stellt bei,stellte bei,beigestellt,stellte bei,stelle bei,stellt bei,haben,zu beistellen
entfachen,entfache,entfachst,entfacht,entfachte,entfacht,entfachte,entfache,entfacht,haben,zu entfachen
aufklären,kläre auf,klärst auf,klärt auf,klärte auf,aufgeklärt,klärte auf,klär auf,klärt auf,haben,aufzuklären
nachweisen,weise nach,weist nach,weist nach,wies nach,nachgewiesen,wiese nach,weise nach,weist nach,haben,nachzuweisen
gegenzeichnen,zeichne gegen,zeichnest gegen,zeichnet gegen,zeichnete gegen,gegengezeichnet,zeichnete gegen,zeichne gegen,zeichnet gegen,haben,zu gegenzeichnen
dokumentieren,dokumentiere,dokumentierst,dokumentiert,dokumentierte,dokumentiert,dokumentierte,dokumentier,dokumentiert,haben,zu dokumentieren
niederschreiben,schreibe nieder,schreibst nieder,schreibt nieder,schrieb nieder,niedergeschrieben,schriebe nieder,schreib nieder,schreibt nieder,haben,niederzuschreiben
hinkommen,komme hin,kommst hin,kommt hin,kam hin,hingekommen,käme hin,komm hin,kommt hin,sein,hinzukommen
kungeln,kungle,kungelst,kungelt,kungelte,gekungelt,kungelte,kungle,kungelt,haben,zu kungeln
grammatikalisieren,grammatikalisiere,grammatikalisierst,grammatikalisiert,grammatikalisierte,grammatikalisiert,grammatikalisierte,grammatikalisier,grammatikalisiert,haben,zu grammatikalisieren
verbuddeln,verbuddele,verbuddelst,verbuddelt,verbuddelte,verbuddelt,verbuddelte,verbuddle,verbuddelt,haben,zu verbuddeln
verschmutzen,verschmutze,verschmutzt,verschmutzt,verschmutzte,verschmutzt,verschmutzte,verschmutze,verschmutzt,haben,zu verschmutzen
buddeln,buddele,buddelst,buddelt,buddelte,gebuddelt,buddelte,buddele,buddelt,haben,zu buddeln
dehydratisieren,dehydratisiere,dehydratisierst,dehydratisiert,dehydratisierte,dehydratisiert,dehydratisierte,dehydratisier,dehydratisiert,haben,zu dehydratisieren
herzukommen,komme herzu,kommst herzu,kommt herzu,kam herzu,herzugekommen,käme herzu,komm herzu,kommt herzu,sein,herzuzukommen
vorzeigen,zeige vor,zeigst vor,zeigt vor,zeigte vor,vorgezeigt,zeigte vor,zeig vor,zeigt vor,haben,vorzuzeigen
zuschreiben,schreibe zu,schreibst zu,schreibt zu,schrieb zu,zugeschrieben,schriebe zu,schreibe zu,schreibt zu,haben,zuzuschreiben
dragieren,dragiere,dragierst,dragiert,dragierte,dragiert,dragierte,dragier,dragiert,haben,zu dragieren
einnässen,nässe ein,nässt ein,nässt ein,nässte ein,eingenässt,nässte ein,nässe ein,nässt ein,haben,einzunässen
quittieren,quittiere,quittierst,quittiert,quittierte,quittiert,quittierte,quittiere,quittiert,haben,zu quittieren
aufbetten,bette auf,bettest auf,bettet auf,bettete auf,aufgebettet,bettete auf,bette auf,bettet auf,haben,aufzubetten
näseln,näsle,näselst,näselt,näselte,genäselt,näselte,näsle,näselt,haben,zu näseln
uzen,uze,uzt,uzt,uzte,geuzt,uzte,uze,uzt,haben,zu uzen
diktieren,diktiere,diktierst,diktiert,diktierte,diktiert,diktierte,diktiere,diktiert,haben,zu diktieren
zurückbekommen,bekomme zurück,bekommst zurück,bekommt zurück,bekam zurück,zurückbekommen,bekäme zurück,bekomm zurück,bekommt zurück,haben,zuzurückbekommen
umsehen,sehe um,siehst um,sieht um,sah um,umgesehen,sähe um,sieh um,seht um,haben,umzusehen
verleben,verlebe,verlebst,verlebt,verlebte,verlebt,verlebte,verleb,verlebt,haben,zu verleben
anblinzeln,blinzle an,blinzelst an,blinzelt an,blinzelte an,angeblinzelt,blinzelte an,blinzle an,blinzelt an,haben,anzublinzeln
allozieren,alloziere,allozierst,alloziert,allozierte,alloziert,allozierte,allozier,alloziert,haben,zu allozieren
vollführen,vollführe,vollführst,vollführt,vollführte,vollführt,vollführte,vollführe,vollführt,haben,vollzuführen
vorübergehen,gehe vorüber,gehst vorüber,geht vorüber,ging vorüber,vorübergegangen,ginge vorüber,geh vorüber,geht vorüber,sein,vorüberzugehen
herannahen,nahe heran,nahst heran,naht heran,nahte heran,herangenaht,nahte heran,nahe heran,naht heran,sein,herzuannahen
schrammeln,schrammle,schrammelst,schrammelt,schrammelte,geschrammelt,schrammelte,schrammel,schrammelt,haben,zu schrammeln
glitzern,glitzere,glitzerst,glitzert,glitzerte,geglitzert,glitzerte,glitzere,glitzert,haben,zu glitzern
hinziehen,ziehe hin,ziehst hin,zieht hin,zog hin,hingezogen,zöge hin,ziehe hin,zieht hin,sein,hinzuziehen
eingrenzen,grenze ein,grenzt ein,grenzt ein,grenzte ein,eingegrenzt,grenzte ein,grenz ein,grenzt ein,haben,einzugrenzen
wehklagen,wehklage,wehklagst,wehklagt,wehklagte,gewehklagt,wehklagte,wehklag,wehklagt,haben,wehzuklagen
mutieren,mutiere,mutierst,mutiert,mutierte,mutiert,mutierte,mutier,mutiert,haben,zu mutieren
flimmern,flimmere,flimmerst,flimmert,flimmerte,geflimmert,flimmerte,flimmere,flimmert,haben,zu flimmern
gebärden,gebärde,gebärdest,gebärdet,gebärdete,gebärdet,gebärdete,gebärd,gebärdet,haben,zu gebärden
disziplinieren,diszipliniere,disziplinierst,diszipliniert,disziplinierte,diszipliniert,disziplinierte,disziplinier,diszipliniert,haben,zu disziplinieren
staken,stake,stakst,stakt,stakte,gestakt,stakte,stak,stakt,haben,zu staken
transkribieren,transkribiere,transkribierst,transkribiert,transkribierte,transkribiert,transkribierte,transkribiere,transkribiert,haben,zu transkribieren
vorfühlen,fühle vor,fühlst vor,fühlt vor,fühlte vor,vorgefühlt,fühlte vor,fühl vor,fühlt vor,haben,zu vorfühlen
nachfühlen,fühle nach,fühlst nach,fühlt nach,fühlte nach,nachgefühlt,fühlte nach,fühl nach,fühlt nach,haben,nachzufühlen
befühlen,befühle,befühlst,befühlt,befühlte,befühlt,befühlte,befühle,befühlt,haben,zu befühlen
mitfühlen,fühle mit,fühlst mit,fühlt mit,fühlte mit,mitgefühlt,fühlte mit,fühl mit,fühlt mit,haben,mitzufühlen
anfühlen,fühle an,fühlst an,fühlt an,fühlte an,angefühlt,fühlte an,fühl an,fühlt an,haben,anzufühlen
erfühlen,erfühle,erfühlst,erfühlt,erfühlte,erfühlt,erfühlte,erfühl,erfühlt,haben,zu erfühlen
einsagen,sage ein,sagst ein,sagt ein,sagte ein,eingesagt,sagte ein,sag ein,sagt ein,haben,einzusagen
einenglischen,englische ein,englischst ein,englischt ein,englischte ein,eingeenglischt,englischte ein,englische ein,englischt ein,haben,einzuenglischen
feilbieten,biete feil,bietest feil,bietet feil,bot feil,feilgeboten,böte feil,biet feil,bietet feil,haben,zu feilbieten
leidtun,tu leid,tust leid,tut leid,tat leid,leidgetan,täte leid,tu leid,tut leid,haben,leidzutun
aufrufen,rufe auf,rufst auf,ruft auf,rief auf,aufgerufen,riefe auf,ruf auf,ruft auf,haben,aufzurufen
nachforschen,forsche nach,forschst nach,forscht nach,forschte nach,nachgeforscht,forschte nach,forsche nach,forscht nach,haben,nachzuforschen
abräumen,räume ab,räumst ab,räumt ab,räumte ab,abgeräumt,räumte ab,räume ab,räumt ab,haben,abzuräumen
räumen,räume,räumst,räumt,räumte,geräumt,räumte,räume,räumt,haben,zu räumen
weglaufen,laufe weg,läufst weg,läuft weg,lief weg,weggelaufen,liefe weg,lauf weg,lauft weg,sein,wegzulaufen
mitessen,esse mit,isst mit,isst mit,aß mit,mitgegessen,äße mit,iss mit,esst mit,haben,mitzuessen
infizieren,infiziere,infizierst,infiziert,infizierte,infiziert,infizierte,infiziere,infiziert,haben,infizuzieren
anstecken,stecke an,steckst an,steckt an,steckte an,angesteckt,steckte an,stecke an,steckt an,haben,anzustecken
schillern,schillere,schillerst,schillert,schillerte,geschillert,schillerte,schillere,schillert,haben,zu schillern
loslassen,lasse los,lässt los,lässt los,ließ los,losgelassen,ließe los,lass los,lasst los,haben,zu loslassen
leasen,lease,least,least,leaste,geleast,leaste,lease,least,haben,zu leasen
schlachten,schlachte,schlachtest,schlachtet,schlachtete,geschlachtet,schlachtete,schlachte,schlachtet,haben,zu schlachten
gruppieren,gruppiere,gruppierst,gruppiert,gruppierte,gruppiert,gruppierte,gruppier,gruppiert,haben,zu gruppieren
anfinden,finde an,findest an,findet an,fand an,angefunden,fände an,finde an,findet an,haben,anzufinden
abhäuten,häute ab,häutest ab,häutet ab,häutete ab,abgehäutet,häutete ab,häute ab,häutet ab,haben,abzuhäuten
anbeißen,beiße an,beißt an,beißt an,biss an,angebissen,bisse an,beiß an,beißt an,haben,anzubeißen
aufblasen,blase auf,bläst auf,bläst auf,blies auf,aufgeblasen,bliese auf,blase auf,blast auf,haben,aufzublasen
aufbleiben,bleibe auf,bleibst auf,bleibt auf,blieb auf,aufgeblieben,bliebe auf,bleibe auf,bleibt auf,sein,aufzubleiben
erschießen,erschieße,erschießt,erschießt,erschoss,erschossen,erschösse,erschieß,erschießt,haben,zu erschießen
nachgehen,gehe nach,gehst nach,geht nach,ging nach,nachgegangen,ginge nach,geh nach,geht nach,sein,nachzugehen
herausnehmen,nehme heraus,nimmst heraus,nimmt heraus,nahm heraus,herausgenommen,nähme heraus,nimm heraus,nehmt heraus,haben,herzuausnehmen
garnieren,garniere,garnierst,garniert,garnierte,garniert,garnierte,garniere,garniert,haben,zu garnieren
haften,hafte,haftest,haftet,haftete,gehaftet,haftete,haft,haftet,haben,zu haften
schnappen,schnappe,schnappst,schnappt,schnappte,geschnappt,schnappte,schnapp,schnappt,sein,zu schnappen
abgenzern,genzere ab,genzerst ab,genzert ab,genzerte ab,abgegenzert,genzerte ab,genzer ab,genzert ab,haben,abzugenzern
zurückverfolgen,verfolge zurück,verfolgst zurück,verfolgt zurück,verfolgte zurück,zurückverfolgt,verfolgte zurück,verfolge zurück,verfolgt zurück,haben,zuzurückverfolgen
verstellen,verstelle,verstellst,verstellt,verstellte,verstellt,verstellte,verstell,verstellt,haben,zu verstellen
aufrunden,runde auf,rundest auf,rundet auf,rundete auf,aufgerundet,rundete auf,runde auf,rundet auf,haben,aufzurunden
ausbacken,backe aus,backst aus,backt aus,backte aus,ausgebacken,backte aus,backe aus,backt aus,haben,auszubacken
einreiben,reibe ein,reibst ein,reibt ein,rieb ein,eingerieben,riebe ein,reib ein,reibt ein,haben,einzureiben
beruhen,—,—,beruht,beruhte,beruht,beruhte,—,—,haben,zu beruhen
hämmern,hämmere,hämmerst,hämmert,hämmerte,gehämmert,hämmerte,hämmere,hämmert,haben,zu hämmern
prollen,prolle,prollst,prollt,prollte,geprollt,prollte,proll,prollt,haben,zu prollen
lobpreisen,lobpreise,lobpreist,lobpreist,lobpries,lobgepriesen,lobpriese,lobpreis,lobpreist,haben,zu lobpreisen
sticken,sticke,stickst,stickt,stickte,gestickt,stickte,sticke,stickt,haben,zu sticken
obsignieren,obsigniere,obsignierst,obsigniert,obsignierte,obsigniert,obsignierte,obsignier,obsigniert,haben,zu obsignieren
ausliefern,liefere aus,lieferst aus,liefert aus,lieferte aus,ausgeliefert,lieferte aus,liefere aus,liefert aus,haben,auszuliefern
aussterben,sterbe aus,stirbst aus,stirbt aus,starb aus,ausgestorben,stürbe aus,stirb aus,sterbt aus,sein,auszusterben
laben,labe,labst,labt,labte,gelabt,labte,lab,labt,haben,zu laben
kursieren,kursiere,kursierst,kursiert,kursierte,kursiert,kursierte,kursiere,kursiert,haben,zu kursieren
entkorken,entkorke,entkorkst,entkorkt,entkorkte,entkorkt,entkorkte,entkork,entkorkt,haben,zu entkorken
radikalisieren,radikalisiere,radikalisierst,radikalisiert,radikalisierte,radikalisiert,radikalisierte,radikalisiere,radikalisiert,haben,zu radikalisieren
festschreiben,schreibe fest,schreibst fest,schreibt fest,schrieb fest,festgeschrieben,schriebe fest,schreib fest,schreibt fest,haben,festzuschreiben
rempeln,remple,rempelst,rempelt,rempelte,gerempelt,rempelte,remple,rempelt,haben,zu rempeln
rekognoszieren,rekognosziere,rekognoszierst,rekognosziert,rekognoszierte,rekognosziert,rekognoszierte,rekognosziere,rekognosziert,haben,zu rekognoszieren
überlaufen,laufe über,läufst über,läuft über,lief über,übergelaufen,liefe über,lauf über,lauft über,sein,überzulaufen
übertrumpfen,übertrumpfe,übertrumpfst,übertrumpft,übertrumpfte,übertrumpft,übertrumpfte,übertrumpfe,übertrumpft,haben,zu übertrumpfen
beklagen,beklage,beklagst,beklagt,beklagte,beklagt,beklagte,beklag,beklagt,haben,zu beklagen
hinpflanzen,pflanze hin,pflanzt hin,pflanzt hin,pflanzte hin,hingepflanzt,pflanzte hin,pflanz hin,pflanzt hin,haben,hinzupflanzen
konfrontieren,konfrontiere,konfrontierst,konfrontiert,konfrontierte,konfrontiert,konfrontierte,konfrontiere,konfrontiert,haben,zu konfrontieren
heraufbeschwören,beschwöre herauf,beschwörst herauf,beschwört herauf,beschwor herauf,heraufbeschworen,beschwöre herauf,beschwöre herauf,beschwört herauf,haben,herzuaufbeschwören
erwägen,erwäge,erwägst,erwägt,erwog,erwogen,erwöge,erwäg,erwägt,haben,zu erwägen
beschwören,beschwöre,beschwörst,beschwört,beschwor,beschworen,beschwöre,beschwöre,beschwört,haben,zu beschwören
brocken,brocke,brockst,brockt,brockte,gebrockt,brockte,brocke,brockt,haben,zu brocken
abbrocken,brocke ab,brockst ab,brockt ab,brockte ab,abgebrockt,brockte ab,brocke ab,brockt ab,haben,abzubrocken
abrocken,rocke ab,rockst ab,rockt ab,rockte ab,abgerockt,rockte ab,rocke ab,rockt ab,haben,abzurocken
einschreiben,schreibe ein,schreibst ein,schreibt ein,schrieb ein,eingeschrieben,schriebe ein,schreib ein,schreibt ein,haben,einzuschreiben
krönen,kröne,krönst,krönt,krönte,gekrönt,krönte,kröne,krönt,haben,zu krönen
zerbröseln,zerbrösele,zerbröselst,zerbröselt,zerbröselte,zerbröselt,zerbröselte,zerbrösele,zerbröselt,sein,zu zerbröseln
bröseln,brösle,bröselst,bröselt,bröselte,bröselt,bröselte,brösle,bröselt,sein,zu bröseln
krauchen,krauche,krauchst,kraucht,krauchte,gekraucht,krauchte,krauch,kraucht,sein,zu krauchen
langweilen,langweile,langweilst,langweilt,langweilte,gelangweilt,langweilte,langweil,langweilt,haben,langzuweilen
futtern,futtere,futterst,futtert,futterte,gefuttert,futterte,futtere,futtert,haben,zu futtern
verwackeln,verwackele,verwackelst,verwackelt,verwackelte,verwackelt,verwackelte,verwackle,verwackelt,haben,zu verwackeln
abspülen,spüle ab,spülst ab,spült ab,spülte ab,abgespült,spülte ab,spüle ab,spült ab,haben,abzuspülen
nachäffen,äffe nach,äffst nach,äfft nach,äffte nach,nachgeäfft,äffte nach,äffe nach,äfft nach,haben,nachzuäffen
prokrastinieren,prokrastiniere,prokrastinierst,prokrastiniert,prokrastinierte,prokrastiniert,prokrastinierte,prokrastinier,prokrastiniert,haben,zu prokrastinieren
maiumen,—,—,maiumt,maiumte,maiumt,maiumte,—,—,haben,zu maiumen
maimeln,—,—,maimelt,maimelte,gemaimelt,maimelte,—,—,haben,zu maimeln
meimeln,—,—,meimelt,meimelte,gemeimelt,meimelte,—,—,haben,zu meimeln
verwehen,verwehe,verwehst,verweht,verwehte,verweht,verwehte,verwehe,verweht,sein,zu verwehen
blöken,blöke,blökst,blökt,blökte,geblökt,blökte,blöke,blökt,haben,zu blöken
schrumpfen,schrumpfe,schrumpfst,schrumpft,schrumpfte,geschrumpft,schrumpfte,schrumpf,schrumpft,sein,zu schrumpfen
sündigen,sündige,sündigst,sündigt,sündigte,gesündigt,sündigte,sündig,sündigt,haben,zu sündigen
schnattern,schnattere,schnatterst,schnattert,schnatterte,geschnattert,schnatterte,schnatter,schnattert,haben,zu schnattern
bekochen,bekoche,bekochst,bekocht,bekochte,bekocht,bekochte,bekoch,bekocht,haben,zu bekochen
aufteilen,teile auf,teilst auf,teilt auf,teilte auf,aufgeteilt,teilte auf,teil auf,teilt auf,haben,aufzuteilen
belustigen,belustige,belustigst,belustigt,belustigte,belustigt,belustigte,belustige,belustigt,haben,zu belustigen
muddeln,muddele,muddelst,muddelt,muddelte,gemuddelt,muddelte,muddele,muddelt,haben,zu muddeln
bespaßen,bespaße,bespaßt,bespaßt,bespaßte,bespaßt,bespaßte,bespaße,bespaßt,haben,zu bespaßen
überblicken,überblicke,überblickst,überblickt,überblickte,überblickt,überblickte,überblicke,überblickt,haben,zu überblicken
runden,runde,rundest,rundet,rundete,gerundet,rundete,runde,rundet,haben,zu runden
arrestieren,arrestiere,arrestierst,arrestiert,arrestierte,arrestiert,arrestierte,arrestiere,arrestiert,haben,zu arrestieren
erfordern,erfordere,erforderst,erfordert,erforderte,erfordert,erforderte,erforder,erfordert,haben,zu erfordern
haushalten,haushalte,haushaltest,haushaltet,haushaltete,gehaushaltet,haushaltete,haushalt,haushaltet,haben,zu haushalten
konterminieren,konterminiere,konterminierst,konterminiert,konterminierte,konterminiert,konterminierte,konterminier,konterminiert,haben,konterzuminieren
verminen,vermine,verminst,vermint,verminte,vermint,verminte,vermine,vermint,haben,zu verminen
outsourcen,outsource,outsourct,outsourct,outsourcte,outgesourct,outsourcte,outsource,outsourct,haben,zu outsourcen
unterpflügen,pflüge unter,pflügst unter,pflügt unter,pflügte unter,untergepflügt,pflügte unter,pflüg unter,pflügt unter,haben,unterzupflügen
entflammen,entflamme,entflammst,entflammt,entflammte,entflammt,entflammte,entflamm,entflammt,haben,zu entflammen
verwahren,verwahre,verwahrst,verwahrt,verwahrte,verwahrt,verwahrte,verwahr,verwahrt,haben,zu verwahren
tarnen,tarne,tarnst,tarnt,tarnte,getarnt,tarnte,tarne,tarnt,haben,zu tarnen
stochen,stoche,stochst,stocht,stochte,gestocht,stochte,stoch,stocht,haben,zu stochen
beherzigen,beherzige,beherzigst,beherzigt,beherzigte,beherzigt,beherzigte,beherzig,beherzigt,haben,zu beherzigen
revolvieren,revolviere,revolvierst,revolviert,revolvierte,revolviert,revolvierte,revolvier,revolviert,haben,zu revolvieren
abecedieren,abecediere,abecedierst,abecediert,abecedierte,abecediert,abecedierte,abecediere,abecediert,haben,abzuecedieren
riestern,riestere,riesterst,riestert,riesterte,geriestert,riesterte,riestre,riestert,haben,zu riestern
picken,picke,pickst,pickt,pickte,gepickt,pickte,picke,pickt,haben,zu picken
verhunzen,verhunze,verhunzt,verhunzt,verhunzte,verhunzt,verhunzte,verhunz,verhunzt,haben,zu verhunzen
verunstalten,verunstalte,verunstaltest,verunstaltet,verunstaltete,verunstaltet,verunstaltete,verunstalt,verunstaltet,haben,zu verunstalten
absterben,sterbe ab,stirbst ab,stirbt ab,starb ab,abgestorben,stürbe ab,stirb ab,sterbt ab,sein,abzusterben
feuern,feuere,feuerst,feuert,feuerte,gefeuert,feuerte,feuer,feuert,haben,zu feuern
munizipalisieren,munizipalisiere,munizipalisierst,munizipalisiert,munizipalisierte,munizipalisiert,munizipalisierte,munizipalisier,munizipalisiert,haben,zu munizipalisieren
kleinreden,rede klein,redest klein,redet klein,redete klein,kleingeredet,redete klein,rede klein,redet klein,haben,kleinzureden
kandidieren,kandidiere,kandidierst,kandidiert,kandidierte,kandidiert,kandidierte,kandidiere,kandidiert,haben,zu kandidieren
aufspielen,spiele auf,spielst auf,spielt auf,spielte auf,aufgespielt,spielte auf,spiele auf,spielt auf,haben,aufzuspielen
brausen,brause,braust,braust,brauste,gebraust,brauste,brause,braust,sein,zu brausen
schmettern,schmettere,schmetterst,schmettert,schmetterte,geschmettert,schmetterte,schmetter,schmettert,haben,zu schmettern
aufschließen,schließe auf,schließt auf,schließt auf,schloss auf,aufgeschlossen,schlösse auf,schließ auf,schließt auf,haben,aufzuschließen
zuschließen,schließe zu,schließt zu,schließt zu,schloss zu,zugeschlossen,schlösse zu,schließ zu,schließt zu,haben,zuzuschließen
großziehen,ziehe groß,ziehst groß,zieht groß,zog groß,großgezogen,zöge groß,zieh groß,zieht groß,haben,großzuziehen
mulatieren,mulatiere,mulatierst,mulatiert,mulatierte,mulatiert,mulatierte,mulatiere,mulatiert,haben,zu mulatieren
kegeln,kegele,kegelst,kegelt,kegelte,gekegelt,kegelte,kegele,kegelt,haben,zu kegeln
knietschen,knietsche,knietschst,knietscht,knietschte,geknietscht,knietschte,knietsch,knietscht,haben,zu knietschen
verschlampen,verschlampe,verschlampst,verschlampt,verschlampte,verschlampt,verschlampte,verschlampe,verschlampt,haben,zu verschlampen
schlampen,schlampe,schlampst,schlampt,schlampte,geschlampt,schlampte,schlampe,schlampt,haben,zu schlampen
einkochen,koche ein,kochst ein,kocht ein,kochte ein,eingekocht,kochte ein,koche ein,kocht ein,haben,einzukochen
einmachen,mache ein,machst ein,macht ein,machte ein,eingemacht,machte ein,mache ein,macht ein,haben,einzumachen
betuppen,betuppe,betuppst,betuppt,betuppte,betuppt,betuppte,betupp,betuppt,haben,zu betuppen
einbrennen,brenne ein,brennst ein,brennt ein,brannte ein,eingebrannt,brennte ein,brenne ein,brennt ein,haben,einzubrennen
entriegeln,entriegle,entriegelst,entriegelt,entriegelte,entriegelt,entriegelte,entriegle,entriegelt,haben,zu entriegeln
rekuperieren,rekuperiere,rekuperierst,rekuperiert,rekuperierte,rekuperiert,rekuperierte,rekuperiere,rekuperiert,haben,zu rekuperieren
ausgrauen,graue aus,graust aus,graut aus,graute aus,ausgegraut,graute aus,grau aus,graut aus,haben,auszugrauen
läppern,läppere,läpperst,läppert,läpperte,geläppert,läpperte,läppere,läppert,haben,zu läppern
kaputtmachen,mache kaputt,machst kaputt,macht kaputt,machte kaputt,kaputtgemacht,machte kaputt,mach kaputt,macht kaputt,haben,kaputtzumachen
geheien,geheie,geheist,geheit,geheite,geheit,geheite,geheie,geheit,haben,zu geheien
piepen,piepe,piepst,piept,piepte,gepiept,piepte,piep,piept,haben,zu piepen
dastehen,stehe da,stehst da,steht da,stand da,dagestanden,stünde da,steh da,steht da,haben,dazustehen
hofieren,hofiere,hofierst,hofiert,hofierte,hofiert,hofierte,hofiere,hofiert,haben,zu hofieren
herrühren,rühre her,rührst her,rührt her,rührte her,hergerührt,rührte her,rühr her,rührt her,haben,herzurühren
alteln,altel,altelst,altelt,altelte,gealtelt,altelte,altel,altelt,sein,zu alteln
herumhacken,hacke herum,hackst herum,hackt herum,hackte herum,herumgehackt,hackte herum,hack herum,hackt herum,haben,herzuumhacken
umhinkönnen,kann umhin,kannst umhin,kann umhin,konnte umhin,umhingekonnt,könnte umhin,—,—,haben,umzuhinkönnen
vorliebnehmen,nehme vorlieb,nimmst vorlieb,nimmt vorlieb,nahm vorlieb,vorliebgenommen,nähme vorlieb,nimm vorlieb,nehmt vorlieb,haben,zu vorliebnehmen
zunichtemachen,mache zunichte,machst zunichte,macht zunichte,machte zunichte,zunichtegemacht,machte zunichte,mache zunichte,macht zunichte,haben,zuzunichtemachen
zernichten,zernichte,zernichtest,zernichtet,zernichtete,zernichtet,zernichtete,zernichte,zernichtet,haben,zu zernichten
tracheotomieren,tracheotomiere,tracheotomierst,tracheotomiert,tracheotomierte,tracheotomiert,tracheotomierte,tracheotomiere,tracheotomiert,haben,zu tracheotomieren
nitrieren,nitriere,nitrierst,nitriert,nitrierte,nitriert,nitrierte,nitriere,nitriert,haben,zu nitrieren
überanstrengen,überanstrenge,überanstrengst,überanstrengt,überanstrengte,überanstrengt,überanstrengte,überanstreng,überanstrengt,haben,zu überanstrengen
ertränken,ertränke,ertränkst,ertränkt,ertränkte,ertränkt,ertränkte,ertränke,ertränkt,haben,zu ertränken
übervorteilen,übervorteile,übervorteilst,übervorteilt,übervorteilte,übervorteilt,übervorteilte,übervorteil,übervorteilt,haben,zu übervorteilen
maßregeln,maßregle,maßregelst,maßregelt,maßregelte,gemaßregelt,maßregelte,maßregle,maßregelt,haben,zu maßregeln
dartun,tue dar,tust dar,tut dar,tat dar,dargetan,täte dar,tue dar,tut dar,haben,darzutun
degraissieren,degraissiere,degraissierst,degraissiert,degraissierte,degraissiert,degraissierte,degraissiere,degraissiert,haben,zu degraissieren
conchieren,conchiere,conchierst,conchiert,conchierte,conchiert,conchierte,conchiere,conchiert,haben,zu conchieren
transferieren,transferiere,transferierst,transferiert,transferierte,transferiert,transferierte,transferiere,transferiert,haben,zu transferieren
dabei sein,bin dabei,bist dabei,ist dabei,war dabei,dabei gewesen,wäre dabei,sei dabei,seit dabei,sein,zu dabei sein
stricken,stricke,strickst,strickt,strickte,gestrickt,strickte,stricke,strickt,haben,zu stricken
herumdrucksen,druckse herum,druckst herum,druckst herum,druckste herum,herumgedruckst,druckste herum,drucks herum,druckst herum,haben,herzuumdrucksen
bewenden,bewende,bewendest,bewendet,bewendete,bewendet,bewendete,bewend,bewendet,haben,zu bewenden
auskommentieren,kommentiere aus,kommentierst aus,kommentiert aus,kommentierte aus,auskommentiert,kommentierte aus,kommentier aus,kommentiert aus,haben,auszukommentieren
ersticken,ersticke,erstickst,erstickt,erstickte,erstickt,erstickte,ersticke,erstickt,sein,zu ersticken
enthaupten,enthaupte,enthauptest,enthauptet,enthauptete,enthauptet,enthauptete,enthaupte,enthauptet,haben,zu enthaupten
erhängen,erhänge,erhängst,erhängt,erhängte,erhängt,erhängte,erhäng,erhängt,haben,zu erhängen
erschlagen,erschlage,erschlägst,erschlägt,erschlug,erschlagen,erschlüge,erschlag,erschlagt,haben,zu erschlagen
häuten,häute,häutest,häutet,häutete,gehäutet,häutete,häut,häutet,haben,zu häuten
vergasen,vergase,vergast,vergast,vergaste,vergast,vergaste,vergase,vergast,haben,zu vergasen
skalpieren,skalpiere,skalpierst,skalpiert,skalpierte,skalpiert,skalpierte,skalpiere,skalpiert,haben,zu skalpieren
schlecken,schlecke,schleckst,schleckt,schleckte,geschleckt,schleckte,schleck,schleckt,haben,zu schlecken
wurmen,—,—,wurmt,wurmte,gewurmt,wurmte,—,—,haben,zu wurmen
anellieren,anelliere,anellierst,anelliert,anellierte,anelliert,anellierte,anellier,anelliert,haben,anzuellieren
nasführen,nasführe,nasführst,nasführt,nasführte,genasführt,nasführte,nasführe,nasführt,haben,zu nasführen
sprudeln,sprudele,sprudelst,sprudelt,sprudelte,gesprudelt,sprudelte,sprudele,sprudelt,sein,zu sprudeln
verbleichen,verbleiche,verbleichst,verbleicht,verblich,verblichen,verbliche,verbleich,verbleicht,sein,zu verbleichen
kodieren,kodiere,kodierst,kodiert,kodierte,kodiert,kodierte,kodiere,kodiert,haben,zu kodieren
durchwinken,winke durch,winkst durch,winkt durch,winkte durch,durchgewinkt,winkte durch,winke durch,winkt durch,haben,zu durchwinken
kapitulieren,kapituliere,kapitulierst,kapituliert,kapitulierte,kapituliert,kapitulierte,kapitulier,kapituliert,haben,zu kapitulieren
besänftigen,besänftige,besänftigst,besänftigt,besänftigte,besänftigt,besänftigte,besänftige,besänftigt,haben,zu besänftigen
zuraten,rate zu,rätst zu,rät zu,riet zu,zugeraten,riete zu,rate zu,ratet zu,haben,zuzuraten
toben,tobe,tobst,tobt,tobte,getobt,tobte,tob,tobt,haben,zu toben
aufplustern,plustere auf,plusterst auf,plustert auf,plusterte auf,aufgeplustert,plusterte auf,plustere auf,plustert auf,haben,aufzuplustern
verdünnisieren,verdünnisiere,verdünnisierst,verdünnisiert,verdünnisierte,verdünnisiert,verdünnisierte,verdünnisier,verdünnisiert,haben,zu verdünnisieren
containerisieren,containerisiere,containerisierst,containerisiert,containerisierte,containerisiert,containerisierte,containerisiere,containerisiert,haben,zu containerisieren
wölben,wölbe,wölbst,wölbt,wölbte,gewölbt,wölbte,wölb,wölbt,haben,zu wölben
müffeln,müffle,müffelst,müffelt,müffelte,gemüffelt,müffelte,müffle,müffelt,haben,zu müffeln
abaasen,aase ab,aast ab,aast ab,aaste ab,abgeaast,aaste ab,aase ab,aast ab,haben,abzuaasen
morden,morde,mordest,mordet,mordete,gemordet,mordete,morde,mordet,haben,zu morden
deflorieren,defloriere,deflorierst,defloriert,deflorierte,defloriert,deflorierte,deflorier,defloriert,haben,zu deflorieren
löcken,löcke,löckst,löckt,löckte,gelöckt,löckte,löck,löckt,haben,zu löcken
timbrieren,timbriere,timbrierst,timbriert,timbrierte,timbriert,timbrierte,timbriere,timbriert,haben,zu timbrieren
honen,hone,honst,hont,honte,gehont,honte,hon,hont,haben,zu honen
läppen,läppe,läppst,läppt,läppte,geläppt,läppte,läpp,läppt,haben,zu läppen
schlichten,schlichte,schlichtest,schlichtet,schlichtete,geschlichtet,schlichtete,schlichte,schlichtet,haben,zu schlichten
verreißen,verreiße,verreißt,verreißt,verriss,verrissen,verrisse,verreiß,verreißt,haben,zu verreißen
verbalisieren,verbalisiere,verbalisierst,verbalisiert,verbalisierte,verbalisiert,verbalisierte,verbalisiere,verbalisiert,haben,zu verbalisieren
blechen,bleche,blechst,blecht,blechte,geblecht,blechte,blech,blecht,haben,zu blechen
koppen,koppe,koppst,koppt,koppte,gekoppt,koppte,kopp,koppt,haben,zu koppen
aufstoßen,stoße auf,stößt auf,stößt auf,stieß auf,aufgestoßen,stieße auf,stoße auf,stoßt auf,haben,aufzustoßen
meißeln,meißle,meißelst,meißelt,meißelte,gemeißelt,meißelte,meißle,meißelt,haben,zu meißeln
eintüten,tüte ein,tütest ein,tütet ein,tütete ein,eingetütet,tütete ein,tüte ein,tütet ein,haben,einzutüten
verlustieren,verlustiere,verlustierst,verlustiert,verlustierte,verlustiert,verlustierte,verlustier,verlustiert,haben,zu verlustieren
nachahmen,ahme nach,ahmst nach,ahmt nach,ahmte nach,nachgeahmt,ahmte nach,ahme nach,ahmt nach,haben,nachzuahmen
beigen,beige,beigst,beigt,beigte,gebeigt,beigte,beig,beigt,haben,zu beigen
auslegen,lege aus,legst aus,legt aus,legte aus,ausgelegt,legte aus,leg aus,legt aus,haben,auszulegen
strecken,strecke,streckst,streckt,streckte,gestreckt,streckte,streck,streckt,haben,zu strecken
rentieren,rentiere,rentierst,rentiert,rentierte,rentiert,rentierte,rentiere,rentiert,haben,zu rentieren
verwässern,verwässere,verwässerst,verwässert,verwässerte,verwässert,verwässerte,verwässere,verwässert,haben,zu verwässern
scharren,scharre,scharrst,scharrt,scharrte,gescharrt,scharrte,scharre,scharrt,haben,zu scharren
freimachen,mache frei,machst frei,macht frei,machte frei,freigemacht,machte frei,mach frei,macht frei,haben,freizumachen
frankieren,frankiere,frankierst,frankiert,frankierte,frankiert,frankierte,frankier,frankiert,haben,zu frankieren
zwangsbeglücken,zwangsbeglücke,zwangsbeglückst,zwangsbeglückt,zwangsbeglückte,zwangsbeglückt,zwangsbeglückte,zwangsbeglücke,zwangsbeglückt,haben,zu zwangsbeglücken
schnupfen,schnupfe,schnupfst,schnupft,schnupfte,geschnupft,schnupfte,schnupf,schnupft,haben,zu schnupfen
colorieren,coloriere,colorierst,coloriert,colorierte,coloriert,colorierte,coloriere,coloriert,haben,zu colorieren
kolorieren,koloriere,kolorierst,koloriert,kolorierte,koloriert,kolorierte,koloriere,koloriert,haben,zu kolorieren
fuckeln,fuckele,fuckelst,fuckelt,fuckelte,gefuckelt,fuckelte,fuckele,fuckelt,haben,zu fuckeln
vorbeizwängen,zwänge vorbei,zwängst vorbei,zwängt vorbei,zwängte vorbei,vorbeigezwängt,zwängte vorbei,zwänge vorbei,zwängt vorbei,haben,vorbeizuzwängen
nachsehen,sehe nach,siehst nach,sieht nach,sah nach,nachgesehen,sähe nach,sieh nach,seht nach,haben,nachzusehen
glotzen,glotze,glotzt,glotzt,glotzte,geglotzt,glotzte,glotz,glotzt,haben,zu glotzen
großschreiben,schreibe groß,schreibst groß,schreibt groß,schrieb groß,großgeschrieben,schriebe groß,schreib groß,schreibt groß,haben,großzuschreiben
beringen,beringe,beringst,beringt,beringte,beringt,beringte,bering,beringt,haben,zu beringen
begeben,begebe,begibst,begibt,begab,begeben,begäbe,begib,begebt,haben,zu begeben
entrappen,entrappe,entrappst,entrappt,entrappte,entrappt,entrappte,entrapp,entrappt,haben,zu entrappen
aufsehen,sehe auf,siehst auf,sieht auf,sah auf,aufgesehen,sähe auf,sieh auf,seht auf,haben,aufzusehen
piken,pike,pikst,pikt,pikte,gepikt,pikte,pik,pikt,haben,zu piken
einnorden,norde ein,nordest ein,nordet ein,nordete ein,eingenordet,nordete ein,nord ein,nordet ein,haben,einzunorden
situieren,situiere,situierst,situiert,situierte,situiert,situierte,situier,situiert,haben,zu situieren
rekonstruieren,rekonstruiere,rekonstruierst,rekonstruiert,rekonstruierte,rekonstruiert,rekonstruierte,rekonstruiere,rekonstruiert,haben,zu rekonstruieren
bosseln,bossle,bosselst,bosselt,bosselte,gebosselt,bosselte,bossle,bosselt,haben,zu bosseln
leiben,leibe,leibst,leibt,leibte,—,leibte,—,—,haben,zu leiben
einkleiden,kleide ein,kleidest ein,kleidet ein,kleidete ein,eingekleidet,kleidete ein,kleid ein,kleidet ein,haben,einzukleiden
beäugen,beäuge,beäugst,beäugt,beäugte,beäugt,beäugte,beäuge,beäugt,haben,zu beäugen
volltanken,tanke voll,tankst voll,tankt voll,tankte voll,vollgetankt,tankte voll,tank voll,tankt voll,haben,vollzutanken
brunchen,brunche,brunchst,bruncht,brunchte,gebruncht,brunchte,brunch,bruncht,haben,zu brunchen
kalkulieren,kalkuliere,kalkulierst,kalkuliert,kalkulierte,kalkuliert,kalkulierte,kalkulier,kalkuliert,haben,zu kalkulieren
liebbehalten,behalte lieb,behältst lieb,behält lieb,behielt lieb,liebbehalten,behielte lieb,behalte lieb,behaltet lieb,haben,liebzubehalten
lieb behalten,behalte lieb,behältst lieb,behält lieb,behielt lieb,lieb behalten,behielte lieb,behalte lieb,behaltet lieb,haben,zu lieb behalten
auftischen,tische auf,tischst auf,tischt auf,tischte auf,aufgetischt,tischte auf,tisch auf,tischt auf,haben,aufzutischen
antun,tue an,tust an,tut an,tat an,angetan,täte an,tu an,tut an,haben,anzutun
klassifizieren,klassifiziere,klassifizierst,klassifiziert,klassifizierte,klassifiziert,klassifizierte,klassifiziere,klassifiziert,haben,zu klassifizieren
eindosen,dose ein,dost ein,dost ein,doste ein,eingedost,doste ein,dos ein,dost ein,haben,einzudosen
aufschneiden,schneide auf,schneidest auf,schneidet auf,schnitt auf,aufgeschnitten,schnitte auf,schneide auf,schneidet auf,haben,aufzuschneiden
wankeln,wankele,wankelst,wankelt,wankelte,gewankelt,wankelte,wankele,wankelt,haben,zu wankeln
überziehen,ziehe über,ziehst über,zieht über,zog über,übergezogen,zöge über,zieh über,zieht über,haben,zu überziehen
heimleuchten,leuchte heim,leuchtest heim,leuchtet heim,leuchtete heim,heimgeleuchtet,leuchtete heim,leucht heim,leuchtet heim,haben,zu heimleuchten
filibustern,filibustere,filibusterst,filibustert,filibusterte,filibustert,filibusterte,filibustere,filibustert,haben,zu filibustern
anschalten,schalte an,schaltest an,schaltet an,schaltete an,angeschaltet,schaltete an,schalt an,schaltet an,haben,anzuschalten
überragen,überrage,überragst,überragt,überragte,überragt,überragte,überrag,überragt,haben,zu überragen
überbacken,überbacke,überbackst,überbackt,überbackte,überbacken,überbackte,überback,überbackt,haben,zu überbacken
schluchzen,schluchze,schluchzt,schluchzt,schluchzte,geschluchzt,schluchzte,schluchz,schluchzt,haben,zu schluchzen
begrenzen,begrenze,begrenzt,begrenzt,begrenzte,begrenzt,begrenzte,begrenze,begrenzt,haben,zu begrenzen
begleichen,begleiche,begleichst,begleicht,beglich,beglichen,begliche,begleiche,begleicht,haben,zu begleichen
belangen,belange,belangst,belangt,belangte,belangt,belangte,belange,belangt,haben,zu belangen
nachhaken,hake nach,hakst nach,hakt nach,hakte nach,nachgehakt,hakte nach,hak nach,hakt nach,haben,nachzuhaken
entrichten,entrichte,entrichtest,entrichtet,entrichtete,entrichtet,entrichtete,entricht,entrichtet,haben,zu entrichten
balgen,balge,balgst,balgt,balgte,gebalgt,balgte,balg,balgt,haben,zu balgen
umgarnen,umgarne,umgarnst,umgarnt,umgarnte,umgarnt,umgarnte,umgarn,umgarnt,haben,zu umgarnen
überrunden,überrunde,überrundest,überrundet,überrundete,überrundet,überrundete,überrunde,überrundet,haben,zu überrunden
vorturnen,turne vor,turnst vor,turnt vor,turnte vor,vorgeturnt,turnte vor,turn vor,turnt vor,haben,zu vorturnen
ratzen,ratze,ratzt,ratzt,ratzte,geratzt,ratzte,ratz,ratzt,haben,zu ratzen
verdreschen,verdresche,verdrischst,verdrischt,verdrosch,verdroschen,verdrösche,verdrisch,verdrescht,haben,zu verdreschen
wappnen,wappne,wappnest,wappnet,wappnete,gewappnet,wappnete,wappne,wappnet,haben,zu wappnen
bibliografieren,bibliografiere,bibliografierst,bibliografiert,bibliografierte,bibliografiert,bibliografierte,bibliografiere,bibliografiert,haben,zu bibliografieren
appropriieren,appropriiere,appropriierst,appropriiert,appropriierte,appropriiert,appropriierte,appropriier,appropriiert,haben,zu appropriieren
vorlassen,lasse vor,lässt vor,lässt vor,ließ vor,vorgelassen,ließe vor,lass vor,lasst vor,haben,zu vorlassen
erbauen,erbaue,erbaust,erbaut,erbaute,erbaut,erbaute,erbaue,erbaut,haben,zu erbauen
bewirten,bewirte,bewirtest,bewirtet,bewirtete,bewirtet,bewirtete,bewirte,bewirtet,haben,zu bewirten
ähnlichsehen,—,—,sieht ähnlich,sah ähnlich,ähnlichgesehen,sähe ähnlich,—,—,haben,ähnlichzusehen
degustieren,degustiere,degustierst,degustiert,degustierte,degustiert,degustierte,degustier,degustiert,haben,zu degustieren
gustieren,gustiere,gustierst,gustiert,gustierte,gustiert,gustierte,gustier,gustiert,haben,zu gustieren
abwürgen,würge ab,würgst ab,würgt ab,würgte ab,abgewürgt,würgte ab,würge ab,würgt ab,haben,abzuwürgen
chippen,chippe,chippst,chippt,chippte,gechippt,chippte,chippe,chippt,haben,zu chippen
preisgeben,gebe preis,gibst preis,gibt preis,gab preis,preisgegeben,gäbe preis,gib preis,gebt preis,haben,zu preisgeben
entzweibrechen,breche entzwei,brichst entzwei,bricht entzwei,brach entzwei,entzweigebrochen,bräche entzwei,brich entzwei,brecht entzwei,haben,zu entzweibrechen
verzupfen,verzupfe,verzupfst,verzupft,verzupfte,verzupft,verzupfte,verzupf,verzupft,haben,zu verzupfen
verlupfen,verlupfe,verlupfst,verlupft,verlupfte,verlupft,verlupfte,verlupf,verlupft,haben,zu verlupfen
verheben,verhebe,verhebst,verhebt,verhob,verhoben,verhöbe,verheb,verhebt,haben,zu verheben
verleiden,verleide,verleidest,verleidet,verleidete,verleidet,verleidete,verleide,verleidet,haben,zu verleiden
verduften,verdufte,verduftest,verduftet,verduftete,verduftet,verduftete,verduft,verduftet,haben,zu verduften
einigeln,igle ein,igelst ein,igelt ein,igelte ein,eingeigelt,igelte ein,igle ein,igelt ein,haben,einzuigeln
verblenden,verblende,verblendest,verblendet,verblendete,verblendet,verblendete,verblend,verblendet,haben,zu verblenden
verkorksen,verkorkse,verkorkst,verkorkst,verkorkste,verkorkst,verkorkste,verkorks,verkorkst,haben,zu verkorksen
verjüngen,verjünge,verjüngst,verjüngt,verjüngte,verjüngt,verjüngte,verjünge,verjüngt,haben,zu verjüngen
widersetzen,widersetze,widersetzt,widersetzt,widersetzte,widersetzt,widersetzte,widersetze,widersetzt,haben,zu widersetzen
ausantworten,antworte aus,antwortest aus,antwortet aus,antwortete aus,ausgeantwortet,antwortete aus,antworte aus,antwortet aus,haben,auszuantworten
beiwohnen,wohne bei,wohnst bei,wohnt bei,wohnte bei,beigewohnt,wohnte bei,wohn bei,wohnt bei,haben,zu beiwohnen
verkorken,verkorke,verkorkst,verkorkt,verkorkte,verkorkt,verkorkte,verkork,verkorkt,"haben
<!-- |Hilfsverb*=sein -->",zu verkorken
ausstopfen,stopfe aus,stopfst aus,stopft aus,stopfte aus,ausgestopft,stopfte aus,stopf aus,stopft aus,haben,auszustopfen
muffeln,muffle,muffelst,muffelt,muffelte,gemuffelt,muffelte,muffle,muffelt,haben,zu muffeln
verschimmeln,verschimmele,verschimmelst,verschimmelt,verschimmelte,verschimmelt,verschimmelte,verschimmele,verschimmelt,haben,zu verschimmeln
schimmeln,schimmele,schimmelst,schimmelt,schimmelte,geschimmelt,schimmelte,schimmele,schimmelt,haben,zu schimmeln
vergraben,vergrabe,vergräbst,vergräbt,vergrub,vergraben,vergrübe,vergrabe,vergrabt,haben,zu vergraben
abklatschen,klatsche ab,klatschst ab,klatscht ab,klatschte ab,abgeklatscht,klatschte ab,klatsch ab,klatscht ab,haben,abzuklatschen
konspektieren,konspektiere,konspektierst,konspektiert,konspektierte,konspektiert,konspektierte,konspektier,konspektiert,haben,zu konspektieren
ehebrechen,ehebreche,ehebrichst,ehebricht,—,ehegebrochen,—,—,—,haben,zu ehebrechen
hüllen,hülle,hüllst,hüllt,hüllte,gehüllt,hüllte,hülle,hüllt,haben,zu hüllen
aufschreiben,schreibe auf,schreibst auf,schreibt auf,schrieb auf,aufgeschrieben,schriebe auf,schreib auf,schreibt auf,haben,aufzuschreiben
pusseln,pussle,pusselst,pusselt,pusselte,gepusselt,pusselte,pussel,pusselt,haben,zu pusseln
tremolieren,tremoliere,tremolierst,tremoliert,tremolierte,tremoliert,tremolierte,tremoliere,tremoliert,haben,zu tremolieren
suggeln,suggel,suggelst,suggelt,suggelte,gesuggelt,suggelte,suggel,suggelt,haben,zu suggeln
voranbringen,bringe voran,bringst voran,bringt voran,brachte voran,vorangebracht,brächte voran,bring voran,bringt voran,haben,voranzubringen
verlottern,verlottere,verlotterst,verlottert,verlotterte,verlottert,verlotterte,verlotter,verlottert,sein,zu verlottern
darniederliegen,liege darnieder,liegst darnieder,liegt darnieder,lag darnieder,darniedergelegen,läge darnieder,lieg darnieder,liegt darnieder,haben,darniederzuliegen
grämen,gräme,grämst,grämt,grämte,gegrämt,grämte,gräme,grämt,haben,zu grämen
abprotzen,protze ab,protzt ab,protzt ab,protzte ab,abgeprotzt,protzte ab,protz ab,protzt ab,haben,abzuprotzen
stiefeln,stiefle,stiefelst,stiefelt,stiefelte,gestiefelt,stiefelte,stiefle,stiefelt,sein,zu stiefeln
flashen,flashe,flashst,flasht,flashte,geflasht,flashte,flash,flasht,haben,zu flashen
flehmen,flehme,flehmst,flehmt,flehmte,geflehmt,flehmte,flehm,flehmt,haben,zu flehmen
kalmieren,kalmiere,kalmierst,kalmiert,kalmierte,kalmiert,kalmierte,kalmiere,kalmiert,haben,zu kalmieren
verkopfen,verkopfe,verkopfst,verkopft,verkopfte,verkopft,verkopfte,verkopf,verkopft,haben,zu verkopfen
abtauchen,tauche ab,tauchst ab,taucht ab,tauchte ab,abgetaucht,tauchte  ab,tauch ab,taucht ab,sein,abzutauchen
bowlen,bowle,bowlst,bowlt,bowlte,gebowlt,bowlte,bowl,bowlt,haben,zu bowlen
daheimbleiben,bleibe daheim,bleibst daheim,bleibt daheim,blieb daheim,daheimgeblieben,bliebe daheim,bleib daheim,bleibt daheim,sein,daheimzubleiben
demonstrieren,demonstriere,demonstrierst,demonstriert,demonstrierte,demonstriert,demonstrierte,demonstrier,demonstriert,haben,zu demonstrieren
doppelklicken,doppelklicke,doppelklickst,doppelklickt,doppelklickte,doppelgeklickt,doppelklickte,doppelklicke,doppelklickt,haben,zu doppelklicken
durchregieren,regiere durch,regierst durch,regiert durch,regierte durch,durchregiert,regierte durch,regier durch,regiert durch,haben,zu durchregieren
verstümmeln,verstümmele,verstümmelst,verstümmelt,verstümmelte,verstümmelt,verstümmelte,verstümmele,verstümmelt,haben,zu verstümmeln
andicken,dicke an,dickst an,dickt an,dickte an,angedickt,dickte an,dicke an,dickt an,haben,anzudicken
habitualisieren,habitualisiere,habitualisierst,habitualisiert,habitualisierte,habitualisiert,habitualisierte,habitualisier,habitualisiert,haben,zu habitualisieren
substanziieren,substanziiere,substanziierst,substanziiert,substanziierte,substanziiert,substanziierte,substanziier,substanziiert,haben,zu substanziieren
parzellieren,parzelliere,parzellierst,parzelliert,parzellierte,parzelliert,parzellierte,parzelliere,parzelliert,haben,zu parzellieren
inhaftieren,inhaftiere,inhaftierst,inhaftiert,inhaftierte,inhaftiert,inhaftierte,inhaftiere,inhaftiert,haben,zu inhaftieren
aufarbeiten,arbeite auf,arbeitest auf,arbeitet auf,arbeitete auf,aufgearbeitet,arbeitete auf,arbeite auf,arbeitet auf,haben,aufzuarbeiten
ersaufen,ersaufe,ersäufst,ersäuft,ersoff,ersoffen,ersöffe,ersaufe,ersauft,sein,zu ersaufen
ellbögeln,ellbögle,ellbögelst,ellbögelt,ellbögelte,geellbögelt,ellbögelte,ellbögle,ellbögelt,haben,zu ellbögeln
muffen,muffe,muffst,mufft,muffte,gemufft,muffte,muff,mufft,haben,zu muffen
grünen,grüne,grünst,grünt,grünte,gegrünt,grünte,grüne,grünt,haben,zu grünen
totschweigen,schweige tot,schweigst tot,schweigt tot,schwieg tot,totgeschwiegen,schwiege tot,schweig tot,schweigt tot,haben,totzuschweigen
teleportieren,teleportiere,teleportierst,teleportiert,teleportierte,teleportiert,teleportierte,teleportiere,teleportiert,haben,zu teleportieren
netzwerken,netzwerke,netzwerkst,netzwerkt,netzwerkte,genetzwerkt,netzwerkte,netzwerke,netzwerkt,haben,zu netzwerken
mediatisieren,mediatisiere,mediatisierst,mediatisiert,mediatisierte,mediatisiert,mediatisierte,mediatisiere,mediatisiert,haben,zu mediatisieren
stillstehen,stehe still,stehst still,steht still,stand still,stillgestanden,stände still,steh still,steht still,haben,stillzustehen
uraufführen,uraufführe,uraufführst,uraufführt,uraufführte,uraufgeführt,uraufführte,uraufführ,uraufführt,haben,uraufzuführen
abknutschen,knutsche ab,knutschst ab,knutscht ab,knutschte ab,abgeknutscht,knutschte ab,knutsche ab,knutscht ab,haben,abzuknutschen
busseln,bussle,busselst,busselt,busselte,gebusselt,busselte,bussle,busselt,haben,zu busseln
abküssen,küsse ab,küsst ab,küsst ab,küsste ab,abgeküsst,küsste ab,küss ab,küsst ab,haben,abzuküssen
eincremen,creme ein,cremst ein,cremt ein,cremte ein,eingecremt,cremte ein,crem ein,cremt ein,haben,einzucremen
verlautern,verlautere,verlauterst,verlautert,verlauterte,verlautert,verlauterte,verlautere,verlautert,haben,zu verlautern
verleisern,verleisere,verleiserst,verleisert,verleiserte,verleisert,verleiserte,verleisere,verleisert,haben,zu verleisern
verfliegen,verfliege,verfliegst,verfliegt,verflog,verflogen,verflöge,verflieg,verfliegt,haben,zu verfliegen
treideln,treidele,treidelst,treidelt,treidelte,getreidelt,treidelte,treidle,treidelt,haben,zu treideln
einbrocken,brocke ein,brockst ein,brockt ein,brockte ein,eingebrockt,brockte ein,brock ein,brockt ein,haben,einzubrocken
durchmachen,mache durch,machst durch,macht durch,machte durch,durchgemacht,machte durch,mach durch,macht durch,haben,zu durchmachen
schocken,schocke,schockst,schockt,schockte,geschockt,schockte,schocke,schockt,haben,zu schocken
durchgehen,gehe durch,gehst durch,geht durch,ging durch,durchgegangen,ginge durch,geh durch,geht durch,sein,durchzugehen
intermittieren,intermittiere,intermittierst,intermittiert,intermittierte,intermittiert,intermittierte,intermittier,intermittiert,haben,zu intermittieren
staubsaugen,staubsauge,staubsaugst,staubsaugt,staubsaugte,gestaubsaugt,staubsaugte,staubsauge,staubsaugt,haben,zu staubsaugen
interponieren,interponiere,interponierst,interponiert,interponierte,interponiert,interponierte,interponier,interponiert,haben,interzuponieren
interpungieren,interpungiere,interpungierst,interpungiert,interpungierte,interpungiert,interpungierte,interpungier,interpungiert,haben,interpunzugieren
interpunktieren,interpunktiere,interpunktierst,interpunktiert,interpunktierte,interpunktiert,interpunktierte,interpunktier,interpunktiert,haben,interzupunktieren
einsparen,spare ein,sparst ein,spart ein,sparte ein,eingespart,sparte ein,spar ein,spart ein,haben,einzusparen
abführen,führe ab,führst ab,führt ab,führte ab,abgeführt,führte ab,führ ab,führt ab,haben,abzuführen
gutheißen,heiße gut,heißt gut,heißt gut,hieß gut,gutgeheißen,hieße gut,heiß gut,heißt gut,haben,gutzuheißen
anbrennen,brenne an,brennst an,brennt an,brannte an,angebrannt,brennte an,brenn an,brennt an,haben,anzubrennen
wichtigmachen,mache wichtig,machst wichtig,macht wichtig,machte wichtig,wichtiggemacht,machte wichtig,mach wichtig,macht wichtig,haben,wichtigzumachen
wiedereröffnen,eröffne wieder,eröffnest wieder,eröffnet wieder,eröffnete wieder,wiedereröffnet,eröffnete wieder,eröffne wieder,eröffnet wieder,haben,wiederzueröffnen
fluktuieren,fluktuiere,fluktuierst,fluktuiert,fluktuierte,fluktuiert,fluktuierte,fluktuiere,fluktuiert,haben,zu fluktuieren
klönen,klöne,klönst,klönt,klönte,geklönt,klönte,klöne,klönt,haben,zu klönen
zugrunde liegen,liege zugrunde,liegst zugrunde,liegt zugrunde,lag zugrunde,zugrunde gelegen,läge zugrunde,lieg zugrunde,liegt zugrunde,haben,zuzugrunde liegen
zu Grunde liegen,liege zu Grunde,liegst zu Grunde,liegt zu Grunde,lag zu Grunde,zu Grunde gelegen,läge zu Grunde,lieg zu Grunde,liegt zu Grunde,haben,zuzu Grunde liegen
bedachen,bedache,bedachst,bedacht,bedachte,bedacht,bedachte,bedache,bedacht,haben,zu bedachen
erbarmen,erbarme,erbarmst,erbarmt,erbarmte,erbarmt,erbarmte,erbarm,erbarmt,haben,zu erbarmen
frommen,—,—,frommt,frommte,gefrommt,frommte,—,—,haben,zu frommen
eintunken,tunke ein,tunkst ein,tunkt ein,tunkte ein,eingetunkt,tunkte ein,tunk ein,tunkt ein,haben,einzutunken
drausbringen,bringe draus,bringst draus,bringt draus,brachte draus,drausgebracht,brächte draus,bring draus,bringt draus,haben,drauszubringen
eintauchen,tauche ein,tauchst ein,taucht ein,tauchte ein,eingetaucht,tauchte ein,tauch ein,taucht ein,haben,einzutauchen
strammstehen,stehe stramm,stehst stramm,steht stramm,stand stramm,strammgestanden,stände stramm,steh stramm,steht stramm,haben,strammzustehen
anstimmen,stimme an,stimmst an,stimmt an,stimmte an,angestimmt,stimmte an,stimm an,stimmt an,haben,anzustimmen
aufpudeln,pudle auf,pudelst auf,pudelt auf,pudelte auf,aufgepudelt,pudelte auf,pudle auf,pudelt auf,haben,aufzupudeln
statuieren,statuiere,statuierst,statuiert,statuierte,statuiert,statuierte,statuiere,statuiert,haben,zu statuieren
nötigen,nötige,nötigst,nötigt,nötigte,genötigt,nötigte,nötige,nötigt,haben,zu nötigen
politisieren,politisiere,politisierst,politisiert,politisierte,politisiert,politisierte,politisiere,politisiert,haben,zu politisieren
törggelen,törggele,törggelst,törggelt,törggelte,getörggelt,törggelte,törggele,törggelt,haben,zu törggelen
schockieren,schockiere,schockierst,schockiert,schockierte,schockiert,schockierte,schockier,schockiert,haben,zu schockieren
standhalten,halte stand,hältst stand,hält stand,hielt stand,standgehalten,hielte stand,halt stand,haltet stand,haben,zu standhalten
komplizieren,kompliziere,komplizierst,kompliziert,komplizierte,kompliziert,komplizierte,kompliziere,kompliziert,haben,zu komplizieren
losschlagen,schlage los,schlägst los,schlägt los,schlug los,losgeschlagen,schlüge los,schlag los,schlagt los,haben,loszuschlagen
tröten,tröte,trötest,trötet,trötete,getrötet,trötete,tröte,trötet,haben,zu tröten
überhandnehmen,—,—,nimmt überhand,nahm überhand,überhandgenommen,nähme überhand,—,—,haben,überzuhandnehmen
fauchen,fauche,fauchst,faucht,fauchte,gefaucht,fauchte,fauch,faucht,haben,zu fauchen
diskriminieren,diskriminiere,diskriminierst,diskriminiert,diskriminierte,diskriminiert,diskriminierte,diskriminiere,diskriminiert,haben,zu diskriminieren
sympathisieren,sympathisiere,sympathisierst,sympathisiert,sympathisierte,sympathisiert,sympathisierte,sympathisier,sympathisiert,haben,zu sympathisieren
ausgraben,grabe aus,gräbst aus,gräbt aus,grub aus,ausgegraben,grübe aus,grab aus,grabt aus,haben,auszugraben
abschmettern,schmettere ab,schmetterst ab,schmettert ab,schmetterte ab,abgeschmettert,schmetterte ab,schmetter ab,schmettert ab,haben,abzuschmettern
abwandern,wandere ab,wanderst ab,wandert ab,wanderte ab,abgewandert,wanderte ab,wandere ab,wandert ab,sein,abzuwandern
anpissen,pisse an,pisst an,pisst an,pisste an,angepisst,pisste an,piss an,pisst an,haben,anzupissen
frosten,froste,frostest,frostet,frostete,gefrostet,frostete,froste,frostet,haben,zu frosten
tiefkühlen,—,—,—,—,tiefgekühlt,—,—,—,haben,zu tiefkühlen
zollen,zolle,zollst,zollt,zollte,gezollt,zollte,zolle,zollt,haben,zu zollen
begöschen,begösche,begöschst,begöscht,begöschte,begöscht,begöschte,begösche,begöscht,haben,zu begöschen
verfahren,verfahre,verfährst,verfährt,verfuhr,verfahren,verführe,verfahre,verfahrt,haben,zu verfahren
anmaßen,maße an,maßt an,maßt an,maßte an,angemaßt,maßte an,maß an,maßt an,haben,anzumaßen
anstreichen,streiche an,streichst an,streicht an,strich an,angestrichen,striche an,streich an,streicht an,haben,anzustreichen
wegklicken,klicke weg,klickst weg,klickt weg,klickte weg,weggeklickt,klickte weg,klick weg,klickt weg,haben,wegzuklicken
wiedererkennen,erkenne wieder,erkennst wieder,erkennt wieder,erkannte wieder,wiedererkannt,erkennte wieder,erkenn wieder,erkennt wieder,haben,wiederzuerkennen
knien,knie,kniest,kniet,kniete,gekniet,kniete,knie,kniet,haben,zu knien
anhäufen,häufe an,häufst an,häuft an,häufte an,angehäuft,häufte an,häuf an,häuft an,haben,anzuhäufen
aufliefern,liefere auf,lieferst auf,liefert auf,lieferte auf,aufgeliefert,lieferte auf,liefere auf,liefert auf,haben,aufzuliefern
fallieren,falliere,fallierst,falliert,fallierte,falliert,fallierte,falliere,falliert,haben,zu fallieren
fehlinterpretieren,interpretiere fehl,interpretierst fehl,interpretiert fehl,interpretierte fehl,fehlinterpretiert,interpretierte fehl,interpretiere fehl,interpretiert fehl,haben,fehlzuinterpretieren
versaubeuteln,versaubeutle,versaubeutelst,versaubeutelt,versaubeutelte,versaubeutelt,versaubeutelte,versaubeutel,versaubeutelt,haben,zu versaubeuteln
verschlucken,verschlucke,verschluckst,verschluckt,verschluckte,verschluckt,verschluckte,verschluck,verschluckt,haben,zu verschlucken
outen,oute,outest,outet,outete,geoutet,outete,out,outet,haben,zu outen
verfehlen,verfehle,verfehlst,verfehlt,verfehlte,verfehlt,verfehlte,verfehl,verfehlt,haben,zu verfehlen
bescheinigen,bescheinige,bescheinigst,bescheinigt,bescheinigte,bescheinigt,bescheinigte,bescheinig,bescheinigt,haben,zu bescheinigen
brabbeln,brabbel,brabbelst,brabbelt,brabbelte,gebrabbelt,brabbelte,brabbel,brabbelt,haben,zu brabbeln
einflößen,flöße ein,flößt ein,flößt ein,flößte ein,eingeflößt,flößte ein,flöße ein,flößt ein,haben,einzuflößen
aufscheinen,scheine auf,scheinst auf,scheint auf,schien auf,aufgeschienen,schiene auf,schein auf,scheint auf,sein,aufzuscheinen
aufblitzen,-,-,blitzt auf,blitzte auf,aufgeblitzt,blitzte auf,—,—,haben,aufzublitzen
getrauen,getraue,getraust,getraut,getraute,getraut,getraute,getrau,getraut,haben,zu getrauen
verwerfen,verwerfe,verwirfst,verwirft,verwarf,verworfen,verwürfe,verwirf,verwerft,haben,zu verwerfen
sülzen,sülze,sülzt,sülzt,sülzte,gesülzt,sülzte,sülz,sülzt,haben,zu sülzen
faschieren,faschiere,faschierst,faschiert,faschierte,faschiert,faschierte,faschiere,faschiert,haben,zu faschieren
strippen,strippe,strippst,strippt,strippte,gestrippt,strippte,strippe,strippt,haben,zu strippen
vonstattengehen,gehe vonstatten,gehst vonstatten,geht vonstatten,ging vonstatten,vonstattengegangen,ginge vonstatten,geh vonstatten,geht vonstatten,sein,vonstattenzugehen
europäisieren,europäisiere,europäisierst,europäisiert,europäisierte,europäisiert,europäisierte,europäisier,europäisiert,haben,zu europäisieren
mitwirken,wirke mit,wirkst mit,wirkt mit,wirkte mit,mitgewirkt,wirkte mit,wirk mit,wirkt mit,haben,mitzuwirken
tottrampeln,trample tot,trampelst tot,trampelt tot,trampelte tot,totgetrampelt,trampelte tot,trample tot,trampelt tot,haben,totzutrampeln
verabsolutieren,verabsolutiere,verabsolutierst,verabsolutiert,verabsolutierte,verabsolutiert,verabsolutierte,verabsolutier,verabsolutiert,haben,zu verabsolutieren
bonitieren,bonitiere,bonitierst,bonitiert,bonitierte,bonitiert,bonitierte,bonitiere,bonitiert,haben,zu bonitieren
piercen,pierce,pierct,pierct,piercte,gepierct,piercte,pierce,pierct,haben,zu piercen
kontrastieren,kontrastiere,kontrastierst,kontrastiert,kontrastierte,kontrastiert,kontrastierte,kontrastiere,kontrastiert,haben,kontrazustieren
unieren,uniere,unierst,uniert,unierte,uniert,unierte,unier,uniert,haben,zu unieren
zusammentrommeln,trommle zusammen,trommelst zusammen,trommelt zusammen,trommelte zusammen,zusammengetrommelt,trommelte zusammen,trommle zusammen,trommelt zusammen,haben,zuzusammentrommeln
hinterlaufen,hinterlaufe,hinterläufst,hinterläuft,hinterlief,hinterlaufen,hinterliefe,hinterlauf,hinterlauft,haben,zu hinterlaufen
einschläfern,schläfere ein,schläferst ein,schläfert ein,schläferte ein,eingeschläfert,schläferte ein,schläfer ein,schläfert ein,haben,einzuschläfern
beleuchten,beleuchte,beleuchtest,beleuchtet,beleuchtete,beleuchtet,beleuchtete,beleuchte,beleuchtet,haben,zu beleuchten
heiß laufen,laufe heiß,läufst heiß,läuft heiß,lief heiß,heiß gelaufen,liefe heiß,laufe heiß,lauft heiß,haben,zu heiß laufen
eislaufen,laufe eis,läufst eis,läuft eis,lief eis,eisgelaufen,liefe eis,lauf eis,lauft eis,sein,zu eislaufen
lahmlegen,lege lahm,legst lahm,legt lahm,legte lahm,lahmgelegt,legte lahm,leg lahm,legt lahm,haben,lahmzulegen
stilllegen,lege still,legst still,legt still,legte still,stillgelegt,legte still,leg still,legt still,haben,stillzulegen
schürfen,schürfe,schürfst,schürft,schürfte,geschürft,schürfte,schürf,schürft,haben,zu schürfen
wohlwollen,will wohl,willst wohl,will wohl,wollte wohl,wohlgewollt,wollte wohl,—,—,haben,zu wohlwollen
touren,toure,tourst,tourt,tourte,getourt,tourte,toure,tourt,haben,zu touren
abfrühstücken,frühstücke ab,frühstückst ab,frühstückt ab,frühstückte ab,abgefrühstückt,frühstückte ab,frühstücke ab,frühstückt ab,haben,abzufrühstücken
kriminalisieren,kriminalisiere,kriminalisierst,kriminalisiert,kriminalisierte,kriminalisiert,kriminalisierte,kriminalisier,kriminalisiert,haben,zu kriminalisieren
durchziehen,ziehe durch,ziehst durch,zieht durch,zog durch,durchgezogen,zöge durch,zieh durch,zieht durch,haben,durchzuziehen
durchwachsen,—,—,wächst durch,wuchs durch,durchgewachsen,wüchse durch,—,—,sein,durchzuwachsen
durchsagen,sage durch,sagst durch,sagt durch,sagte durch,durchgesagt,sagte durch,sage durch,sagt durch,haben,zu durchsagen
dressen,dresse,dresst,dresst,dresste,gedresst,dresste,dress,dresst,haben,zu dressen
mitgehen,gehe mit,gehst mit,geht mit,ging mit,mitgegangen,ginge mit,geh mit,geht mit,sein,mitzugehen
schütten,schütte,schüttest,schüttet,schüttete,geschüttet,schüttete,schütt,schüttet,haben,zu schütten
eingestehen,gestehe ein,gestehst ein,gesteht ein,gestand ein,eingestanden,gestände ein,gesteh ein,gesteht ein,haben,einzugestehen
denominieren,denominiere,denominierst,denominiert,denominierte,denominiert,denominierte,denominiere,denominiert,haben,denozuminieren
kappen,kappe,kappst,kappt,kappte,gekappt,kappte,kapp,kappt,haben,zu kappen
entstammen,entstamme,entstammst,entstammt,entstammte,entstammt,entstammte,entstamme,entstammt,sein,zu entstammen
auspowern,powere aus,powerst aus,powert aus,powerte aus,ausgepowert,powerte aus,powere aus,powert aus,haben,auszupowern
digitalisieren,digitalisiere,digitalisierst,digitalisiert,digitalisierte,digitalisiert,digitalisierte,digitalisiere,digitalisiert,haben,zu digitalisieren
grillieren,grilliere,grillierst,grilliert,grillierte,grilliert,grillierte,grillier,grilliert,haben,zu grillieren
kampieren,kampiere,kampierst,kampiert,kampierte,kampiert,kampierte,kampier,kampiert,haben,zu kampieren
notwassern,notwassere,notwasserst,notwassert,notwasserte,notgewassert,notwasserte,notwassere,notwassert,sein,notzuwassern
nachstellen,stelle nach,stellst nach,stellt nach,stellte nach,nachgestellt,stellte nach,stell nach,stellt nach,haben,nachzustellen
daniederliegen,liege danieder,liegst danieder,liegt danieder,lag danieder,daniedergelegen,läge danieder,lieg danieder,liegt danieder,haben,zu daniederliegen
kaptivieren,kaptiviere,kaptivierst,kaptiviert,kaptivierte,kaptiviert,kaptivierte,kaptivier,kaptiviert,haben,zu kaptivieren
beschweigen,beschweige,beschweigst,beschweigt,beschwieg,beschwiegen,beschwiege,beschweige,beschweigt,haben,zu beschweigen
biwakieren,biwakiere,biwakierst,biwakiert,biwakierte,biwakiert,biwakierte,biwakiere,biwakiert,haben,zu biwakieren
regalieren,regaliere,regalierst,regaliert,regalierte,regaliert,regalierte,regaliere,regaliert,haben,zu regalieren
brüsten,brüste,brüstest,brüstet,brüstete,gebrüstet,brüstete,brüst,brüstet,haben,zu brüsten
lobhudeln,lobhudle,lobhudelst,lobhudelt,lobhudelte,gelobhudelt,lobhudelte,lobhudel,lobhudelt,haben,zu lobhudeln
auslosen,lose aus,lost aus,lost aus,loste aus,ausgelost,loste aus,los aus,lost aus,haben,auszulosen
erleuchten,erleuchte,erleuchtest,erleuchtet,erleuchtete,erleuchtet,erleuchtete,erleuchte,erleuchtet,haben,zu erleuchten
umwerfen,werfe um,wirfst um,wirft um,warf um,umgeworfen,würfe um,wirf um,werft um,haben,umzuwerfen
refutieren,refutiere,refutierst,refutiert,refutierte,refutiert,refutierte,refutiere,refutiert,haben,zu refutieren
affichieren,affichiere,affichierst,affichiert,affichierte,affichiert,affichierte,affichiere,affichiert,haben,zu affichieren
nachtarocken,tarocke nach,tarockst nach,tarockt nach,tarockte nach,nachtarockt,tarockte nach,tarock nach,tarockt nach,haben,nachzutarocken
staffieren,staffiere,staffierst,staffiert,staffierte,staffiert,staffierte,staffier,staffiert,haben,zu staffieren
pulen,pule,pulst,pult,pulte,gepult,pulte,pul,pult,haben,zu pulen
delogarithmieren,delogarithmiere,delogarithmierst,delogarithmiert,delogarithmierte,delogarithmiert,delogarithmierte,delogarithmiere,delogarithmiert,haben,zu delogarithmieren
entlogarithmieren,entlogarithmiere,entlogarithmierst,entlogarithmiert,entlogarithmierte,entlogarithmiert,entlogarithmierte,entlogarithmiere,entlogarithmiert,haben,zu entlogarithmieren
antilogarithmieren,antilogarithmiere,antilogarithmierst,antilogarithmiert,antilogarithmierte,antilogarithmiert,antilogarithmierte,antilogarithmiere,antilogarithmiert,haben,anzutilogarithmieren
exponenzieren,exponenziere,exponenzierst,exponenziert,exponenzierte,exponenziert,exponenzierte,exponenziere,exponenziert,haben,zu exponenzieren
schlussfolgern,schlussfolgere,schlussfolgerst,schlussfolgert,schlussfolgerte,geschlussfolgert,schlussfolgerte,schlussfolgere,schlussfolgert,haben,zu schlussfolgern
spratzen,—,—,spratzt,spratzte,gespratzt,spratzte,—,—,haben,zu spratzen
immortalisieren,immortalisiere,immortalisierst,immortalisiert,immortalisierte,immortalisiert,immortalisierte,immortalisier,immortalisiert,haben,zu immortalisieren
interzedieren,interzediere,interzedierst,interzediert,interzedierte,interzediert,interzedierte,interzedier,interzediert,haben,interzuzedieren
hochhieven,hieve hoch,hievst hoch,hievt hoch,hievte hoch,hochgehievt,hievte hoch,hiev hoch,hievt hoch,haben,hochzuhieven
subjektivieren,subjektiviere,subjektivierst,subjektiviert,subjektivierte,subjektiviert,subjektivierte,subjektiviere,subjektiviert,haben,zu subjektivieren
subministrieren,subministriere,subministrierst,subministriert,subministrierte,subministriert,subministrierte,subministriere,subministriert,haben,zu subministrieren
waleien,waleie,waleist,waleit,waleite,gewaleit,waleite,waleie,waleit,haben,zu waleien
residieren,residiere,residierst,residiert,residierte,residiert,residierte,residiere,residiert,haben,zu residieren
handhaben,handhabe,handhabst,handhabt,handhabte,gehandhabt,handhabte,handhabe,handhabt,haben,zu handhaben
verkündigen,verkündige,verkündigst,verkündigt,verkündigte,verkündigt,verkündigte,verkündig,verkündigt,haben,zu verkündigen
submittieren,submittiere,submittierst,submittiert,submittierte,submittiert,submittierte,submittier,submittiert,haben,zu submittieren
zerschlagen,zerschlage,zerschlägst,zerschlägt,zerschlug,zerschlagen,zerschlüge,zerschlag,zerschlagt,haben,zu zerschlagen
miefen,miefe,miefst,mieft,miefte,gemieft,miefte,mief,mieft,haben,zu miefen
nacktbaden,bade nackt,badest nackt,badet nackt,badete nackt,nacktgebadet,badete nackt,bad nackt,badet nackt,haben,nacktzubaden
subrogieren,subrogiere,subrogierst,subrogiert,subrogierte,subrogiert,subrogierte,subrogier,subrogiert,haben,zu subrogieren
lichten,lichte,lichtest,lichtet,lichtete,gelichtet,lichtete,licht,lichtet,haben,zu lichten
bereitstehen,stehe bereit,stehst bereit,steht bereit,stand bereit,bereitgestanden,stünde bereit,stehe bereit,steht bereit,haben,zu bereitstehen
mäßigen,mäßige,mäßigst,mäßigt,mäßigte,gemäßigt,mäßigte,mäßige,mäßigt,haben,zu mäßigen
schwirren,schwirre,schwirrst,schwirrt,schwirrte,geschwirrt,schwirrte,schwirr,schwirrt,sein,zu schwirren
simulieren,simuliere,simulierst,simuliert,simulierte,simuliert,simulierte,simuliere,simuliert,haben,zu simulieren
queren,quere,querst,quert,querte,gequert,querte,quer,quert,haben,zu queren
retournieren,retourniere,retournierst,retourniert,retournierte,retourniert,retournierte,retourniere,retourniert,haben,zu retournieren
abpflücken,pflücke ab,pflückst ab,pflückt ab,pflückte ab,abgepflückt,pflückte ab,pflücke ab,pflückt ab,haben,abzupflücken
grausen,grause,graust,graust,grauste,gegraust,grauste,graus,graust,haben,zu grausen
inszenieren,inszeniere,inszenierst,inszeniert,inszenierte,inszeniert,inszenierte,inszeniere,inszeniert,haben,zu inszenieren
tünchen,tünche,tünchst,tüncht,tünchte,getüncht,tünchte,tünche,tüncht,haben,zu tünchen
herausschneiden,schneide heraus,schneidest heraus,schneidet heraus,schnitt heraus,herausgeschnitten,schnitte heraus,schneid heraus,schneidet heraus,haben,herzuausschneiden
verbeugen,verbeuge,verbeugst,verbeugt,verbeugte,verbeugt,verbeugte,verbeug,verbeugt,haben,zu verbeugen
roden,rode,rodest,rodet,rodete,gerodet,rodete,rode,rodet,haben,zu roden
remisieren,remisiere,remisierst,remisiert,remisierte,remisiert,remisierte,remisier,remisiert,haben,zu remisieren
mehlieren,mehliere,mehlierst,mehliert,mehlierte,mehliert,mehlierte,mehliere,mehliert,haben,zu mehlieren
betanzen,betanze,betanzt,betanzt,betanzte,betanzt,betanzte,betanz,betanzt,haben,zu betanzen
auslichten,lichte aus,lichtest aus,lichtet aus,lichtete aus,ausgelichtet,lichtete aus,lichte aus,lichtet aus,haben,auszulichten
anläuten,läute an,läutest an,läutet an,läutete an,angeläutet,läutete an,läute an,läutet an,haben,anzuläuten
aufringen,ringe auf,ringst auf,ringt auf,rang auf,aufgerungen,ränge auf,ring auf,ringt auf,haben,aufzuringen
fenzen,fenze,fenzt,fenzt,fenzte,gefenzt,fenzte,fenz,fenzt,haben,zu fenzen
festfragen,festfrage,festfragst,festfragt,festfragte,gefestfragt,festfragte,festfrag,festfragt,haben,festzufragen
novellieren,novelliere,novellierst,novelliert,novellierte,novelliert,novellierte,novellier,novelliert,haben,zu novellieren
segnen,segne,segnest,segnet,segnete,gesegnet,segnete,segne,segnet,haben,zu segnen
kehrtmachen,mache kehrt,machst kehrt,macht kehrt,machte kehrt,kehrtgemacht,machte kehrt,mach kehrt,macht kehrt,haben,zu kehrtmachen
erschallen,erschalle,erschallst,erschallt,erschallte,erschallt,erschallte,erschall,erschallt,haben,zu erschallen
exaggerieren,exaggeriere,exaggerierst,exaggeriert,exaggerierte,exaggeriert,exaggerierte,exaggeriere,exaggeriert,haben,zu exaggerieren
klehen,klehe,klehst,kleht,klehte,gekleht,klehte,kleh,kleht,haben,zu klehen
aggravieren,aggraviere,aggravierst,aggraviert,aggravierte,aggraviert,aggravierte,aggravier,aggraviert,haben,zu aggravieren
erzwingen,erzwinge,erzwingst,erzwingt,erzwang,erzwungen,erzwänge,erzwinge,erzwingt,haben,zu erzwingen
kauderwelschen,kauderwelsche,kauderwelschst,kauderwelscht,kauderwelschte,gekauderwelscht,kauderwelschte,kauderwelsch,kauderwelscht,haben,zu kauderwelschen
missraten,missrate,missrätst,missrät,missriet,missraten,missriete,missrate,missratet,haben,zu missraten
evolvieren,evolviere,evolvierst,evolviert,evolvierte,evolviert,evolvierte,evolviere,evolviert,haben,zu evolvieren
ruminieren,ruminiere,ruminierst,ruminiert,ruminierte,ruminiert,ruminierte,ruminier,ruminiert,haben,zu ruminieren
verjähren,—,—,verjährt,verjährte,verjährt,verjährte,—,—,sein,zu verjähren
guffeln,guffle,guffelst,guffelt,guffelte,geguffelt,guffelte,guffel,guffelt,haben,zu guffeln
verkasematuckeln,verkasematuckle,verkasematuckelst,verkasematuckelt,verkasematuckelte,verkasematuckelt,verkasematuckelte,verkasematuckel,verkasematuckelt,haben,zu verkasematuckeln
supplizieren,suppliziere,supplizierst,suppliziert,supplizierte,suppliziert,supplizierte,supplizier,suppliziert,haben,zu supplizieren
enteignen,enteigne,enteignest,enteignet,enteignete,enteignet,enteignete,enteigne,enteignet,haben,zu enteignen
bereichern,bereichere,bereicherst,bereichert,bereicherte,bereichert,bereicherte,bereichere,bereichert,haben,zu bereichern
festen,feste,festest,festet,festete,gefestet,festete,fest,festet,haben,zu festen
aerifizieren,aerifiziere,aerifizierst,aerifiziert,aerifizierte,aerifiziert,aerifizierte,aerifizier,aerifiziert,haben,zu aerifizieren
schnellen,schnelle,schnellst,schnellt,schnellte,geschnellt,schnellte,schnell,schnellt,haben,zu schnellen
berufen,berufe,berufst,beruft,berief,berufen,beriefe,beruf,beruft,haben,zu berufen
manschen,mansche,manschst,manscht,manschte,gemanscht,manschte,mansch,manscht,haben,zu manschen
mantschen,mantsche,mantschst,mantscht,mantschte,gemantscht,mantschte,mantsch,mantscht,haben,zu mantschen
matschen,matsche,matschst,matscht,matschte,gematscht,matschte,matsch,matscht,haben,zu matschen
zedieren,zediere,zedierst,zediert,zedierte,zediert,zedierte,zediere,zediert,haben,zu zedieren
zusammenreißen,reiße zusammen,reißt zusammen,reißt zusammen,riss zusammen,zusammengerissen,risse zusammen,reiß zusammen,reißt zusammen,haben,zuzusammenreißen
schlingern,schlingere,schlingerst,schlingert,schlingerte,geschlingert,schlingerte,schlinger,schlingert,haben,zu schlingern
schwojen,—,—,schwojt,schwojte,geschwojt,schwojte,—,—,haben,zu schwojen
fotokopieren,fotokopiere,fotokopierst,fotokopiert,fotokopierte,fotokopiert,fotokopierte,fotokopier,fotokopiert,haben,zu fotokopieren
photokopieren,photokopiere,photokopierst,photokopiert,photokopierte,photokopiert,photokopierte,photokopier,photokopiert,haben,zu photokopieren
beheben,behebe,behebst,behebt,behob,behoben,behöbe,behebe,behebt,haben,zu beheben
befassen,befasse,befasst,befasst,befasste,befasst,befasste,befass,befasst,haben,zu befassen
dazusagen,sage dazu,sagst dazu,sagt dazu,sagte dazu,dazugesagt,sagte dazu,sage dazu,sagt dazu,haben,dazuzusagen
abwehren,wehre ab,wehrst ab,wehrt ab,wehrte ab,abgewehrt,wehrte ab,wehr ab,wehrt ab,haben,abzuwehren
glucksen,gluckse,gluckst,gluckst,gluckste,gegluckst,gluckste,glucks,gluckst,haben,zu glucksen
abdreschen,dresche ab,drischst ab,drischt ab,drasch ab,abgedroschen,dräsche ab,drisch ab,drescht ab,haben,abzudreschen
freihalten,halte frei,hältst frei,hält frei,hielt frei,freigehalten,hielte frei,halt frei,haltet frei,haben,freizuhalten
näherkommen,komme näher,kommst näher,kommt näher,kam näher,nähergekommen,käme näher,komm näher,kommt näher,sein,näherzukommen
abkönnen,kann ab,kannst ab,kann ab,konnte ab,abgekonnt,könnte ab,—,—,haben,abzukönnen
abrutschen,rutsche ab,rutschst ab,rutscht ab,rutschte ab,abgerutscht,rutschte ab,rutsch ab,rutscht ab,sein,abzurutschen
zusammenbrechen,breche zusammen,brichst zusammen,bricht zusammen,brach zusammen,zusammengebrochen,bräche zusammen,brich zusammen,brecht zusammen,sein,zuzusammenbrechen
auswürgen,würge aus,würgst aus,würgt aus,würgte aus,ausgewürgt,würgte aus,würg aus,würgt aus,haben,auszuwürgen
zusammenschrauben,schraube zusammen,schraubst zusammen,schraubt zusammen,schraubte zusammen,zusammengeschraubt,schraubte zusammen,schraub zusammen,schraubt zusammen,haben,zuzusammenschrauben
bladen,blade,bladest,bladet,bladete,gebladet,bladete,blade,bladet,sein,zu bladen
inlinen,inline,inlinest,inlinet,inlinete,geinlinet,inlinete,inline,inlinet,sein,zu inlinen
inlinern,inlinere,inlinerst,inlinert,inlinerte,geinlinert,inlinerte,inlinere,inlinert,sein,zu inlinern
inlineskaten,inlineskate,inlineskatest,inlineskatet,inlineskatete,inlinegeskatet,inlineskatete,inlineskate,inlineskatet,sein,zu inlineskaten
rollerbladen,rollerblade,rollerbladest,rollerbladet,rollerbladete,rollergebladet,rollerbladete,rollerblade,rollerbladet,sein,zu rollerbladen
menstruieren,menstruiere,menstruierst,menstruiert,menstruierte,menstruiert,menstruierte,menstruiere,menstruiert,haben,zu menstruieren
verbuchen,verbuche,verbuchst,verbucht,verbuchte,verbucht,verbuchte,verbuch,verbucht,haben,zu verbuchen
mitspielen,spiele mit,spielst mit,spielt mit,spielte mit,mitgespielt,spielte mit,spiel mit,spielt mit,haben,mitzuspielen
verurteilen,verurteile,verurteilst,verurteilt,verurteilte,verurteilt,verurteilte,verurteil,verurteilt,haben,zu verurteilen
lüften,lüfte,lüftest,lüftet,lüftete,gelüftet,lüftete,lüfte,lüftet,haben,zu lüften
überwältigen,überwältige,überwältigst,überwältigt,überwältigte,überwältigt,überwältigte,überwältige,überwältigt,haben,zu überwältigen
buben,bube,bubst,bubt,bubte,gebubt,bubte,bub,bubt,haben,zu buben
letzen,letze,letzt,letzt,letzte,geletzt,letzte,letz,letzt,haben,zu letzen
flitzen,flitze,flitzt,flitzt,flitzte,geflitzt,flitzte,flitz,flitzt,haben,zu flitzen
quieken,quieke,quiekst,quiekt,quiekte,gequiekt,quiekte,quiek,quiekt,haben,zu quieken
quieksen,quiekse,quiekst,quiekst,quiekste,gequiekst,quiekste,quieks,quiekst,haben,zu quieksen
fouragieren,fouragiere,fouragierst,fouragiert,fouragierte,fouragiert,fouragierte,fouragiere,fouragiert,haben,zu fouragieren
tunneln,tunnele,tunnelst,tunnelt,tunnelte,getunnelt,tunnelte,tunnele,tunnelt,haben,zu tunneln
runterholen,hole runter,holst runter,holt runter,holte runter,runtergeholt,holte runter,hol runter,holt runter,haben,runterzuholen
hochkriegen,kriege hoch,kriegst hoch,kriegt hoch,kriegte hoch,hochgekriegt,kriegte hoch,krieg hoch,kriegt hoch,haben,hochzukriegen
verblöden,verblöde,verblödest,verblödet,verblödete,verblödet,verblödete,verblöd,verblödet,sein,zu verblöden
verschmerzen,verschmerze,verschmerzt,verschmerzt,verschmerzte,verschmerzt,verschmerzte,verschmerz,verschmerzt,haben,zu verschmerzen
abbrühen,brühe ab,brühst ab,brüht ab,brühte ab,abgebrüht,brühte ab,brüh ab,brüht ab,haben,abzubrühen
abdüsen,düse ab,düst ab,düst ab,düste ab,abgedüst,düste ab,düse ab,düst ab,sein,abzudüsen
abrackern,rackere ab,rackerst ab,rackert ab,rackerte ab,abgerackert,rackerte ab,rackere ab,rackert ab,haben,abzurackern
festschrauben,schraube fest,schraubst fest,schraubt fest,schraubte fest,festgeschraubt,schraubte fest,schraub fest,schraubt fest,haben,festzuschrauben
draufkommen,komme drauf,kommst drauf,kommt drauf,kam drauf,draufgekommen,käme drauf,komm drauf,kommt drauf,sein,draufzukommen
podcasten,podcaste,podcastest,podcastet,podcastete,gepodcastet,podcastete,podcaste,podcastet,haben,podczuasten
schuppen,schuppe,schuppst,schuppt,schuppte,geschuppt,schuppte,schupp,schuppt,haben,zu schuppen
anwackeln,wackle an,wackelst an,wackelt an,wackelte an,angewackelt,wackelte an,wackle an,wackelt an,sein,anzuwackeln
föhnen,föhne,föhnst,föhnt,föhnte,geföhnt,föhnte,föhn,föhnt,haben,zu föhnen
einkriegen,kriege ein,kriegst ein,kriegt ein,kriegte ein,eingekriegt,kriegte ein,krieg ein,kriegt ein,haben,einzukriegen
elektrifizieren,elektrifiziere,elektrifizierst,elektrifiziert,elektrifizierte,elektrifiziert,elektrifizierte,elektrifiziere,elektrifiziert,haben,zu elektrifizieren
aufgeilen,geile auf,geilst auf,geilt auf,geilte auf,aufgegeilt,geilte auf,geile auf,geilt auf,haben,aufzugeilen
ertrügen,ertrüge,ertrügst,ertrügt,ertrog,ertrogen,ertröge,ertrüge,ertrügt,haben,zu ertrügen
schmauchen,schmauche,schmauchst,schmaucht,schmauchte,geschmaucht,schmauchte,schmauch,schmaucht,haben,zu schmauchen
umgraben,grabe um,gräbst um,gräbt um,grub um,umgegraben,grübe um,grab um,grabt um,haben,umzugraben
stromern,stromere,stromerst,stromert,stromerte,gestromert,stromerte,stromere,stromert,sein,zu stromern
verspringen,verspringe,verspringst,verspringt,versprang,versprungen,verspränge,verspring,verspringt,sein,zu verspringen
drankriegen,kriege dran,kriegst dran,kriegt dran,kriegte dran,drangekriegt,kriegte dran,krieg dran,kriegt dran,haben,dranzukriegen
asphaltieren,asphaltiere,asphaltierst,asphaltiert,asphaltierte,asphaltiert,asphaltierte,asphaltier,asphaltiert,haben,zu asphaltieren
ausbaggern,baggere aus,baggerst aus,baggert aus,baggerte aus,ausgebaggert,baggerte aus,baggere aus,baggert aus,haben,auszubaggern
faken,fake,fakst,fakt,fakte,gefakt,fakte,fak,fakt,haben,zu faken
shishen,shishe,shishst,shisht,shishte,geshisht,shishte,shish,shisht,haben,zu shishen
fisten,fiste,fistest,fistet,fistete,gefistet,fistete,fiste,fistet,haben,zu fisten
abpölen,pöle ab,pölst ab,pölt ab,pölte ab,abgepölt,pölte ab,pöle ab,pölt ab,haben,abzupölen
zetern,zetere,zeterst,zetert,zeterte,gezetert,zeterte,zetere,zetert,haben,zu zetern
pöbeln,pöble,pöbelst,pöbelt,pöbelte,gepöbelt,pöbelte,pöble,pöbelt,haben,zu pöbeln
einwechseln,wechsele ein,wechselst ein,wechselt ein,wechselte ein,eingewechselt,wechselte ein,wechsle ein,wechselt ein,haben,einzuwechseln
absporen,—,—,sport ab,sporte ab,abgesport,sporte ab,—,—,haben,abzusporen
richtigliegen,liege richtig,liegst richtig,liegt richtig,lag richtig,richtiggelegen,läge richtig,lieg richtig,liegt richtig,haben,richtigzuliegen
ausbitten,bitte aus,bittest aus,bittet aus,bat aus,ausgebeten,bäte aus,bitte aus,bittet aus,haben,auszubitten
abtupfen,tupfe ab,tupfst ab,tupft ab,tupfte ab,abgetupft,tupfte ab,tupfe ab,tupft ab,haben,abzutupfen
reingrätschen,grätsche rein,grätschst rein,grätscht rein,grätschte rein,reingegrätscht,grätschte rein,grätsch rein,grätscht rein,haben,reinzugrätschen
durchschlafen,schlafe durch,schläfst durch,schläft durch,schlief durch,durchgeschlafen,schliefe durch,schlaf durch,schlaft durch,haben,durchzuschlafen
dibbeln,dibble,dibbelst,dibbelt,dibbelte,gedibbelt,dibbelte,dibble,dibbelt,haben,zu dibbeln
schnacken,schnacke,schnackst,schnackt,schnackte,geschnackt,schnackte,schnack,schnackt,haben,zu schnacken
wegwerfen,werfe weg,wirfst weg,wirft weg,warf weg,weggeworfen,würfe weg,wirf weg,werft weg,haben,wegzuwerfen
zusammenleimen,leime zusammen,leimst zusammen,leimt zusammen,leimte zusammen,zusammengeleimt,leimte zusammen,leim zusammen,leimt zusammen,haben,zuzusammenleimen
aufrechterhalten,erhalte aufrecht,erhältst aufrecht,erhält aufrecht,erhielt aufrecht,aufrechterhalten,erhielte aufrecht,erhalte aufrecht,erhaltet aufrecht,haben,aufzurechterhalten
durchlaufen,laufe durch,läufst durch,läuft durch,lief durch,durchgelaufen,liefe durch,lauf durch,lauft durch,sein,zu durchlaufen
flachlegen,lege flach,legst flach,legt flach,legte flach,flachgelegt,legte flach,leg flach,legt flach,haben,flachzulegen
anöden,öde an,ödest an,ödet an,ödete an,angeödet,ödete an,öde an,ödet an,haben,anzuöden
infundieren,infundiere,infundierst,infundiert,infundierte,infundiert,infundierte,infundiere,infundiert,haben,zu infundieren
einherschreiten,schreite einher,schreitest einher,schreitet einher,schritt einher,einhergeschritten,schritte einher,schreit einher,schreitet einher,sein,einzuherschreiten
schwarzfahren,fahre schwarz,fährst schwarz,fährt schwarz,fuhr schwarz,schwarzgefahren,führe schwarz,fahr schwarz,fahrt schwarz,sein,schwarzzufahren
schwarzarbeiten,arbeite schwarz,arbeitest schwarz,arbeitet schwarz,arbeitete schwarz,schwarzgearbeitet,arbeitete schwarz,arbeit schwarz,arbeitet schwarz,haben,schwarzzuarbeiten
herumballern,baller herum,ballerst herum,ballert herum,ballerte herum,herumgeballert,ballerte herum,baller herum,ballert herum,haben,herzuumballern
ansammeln,sammle an,sammelst an,sammelt an,sammelte an,angesammelt,sammelte an,sammle an,sammelt an,haben,anzusammeln
notschlachten,notschlachte,notschlachtest,notschlachtet,notschlachtete,notgeschlachtet,notschlachtete,notschlachte,notschlachtet,haben,notzuschlachten
anfallen,falle an,fällst an,fällt an,fiel an,angefallen,fiele an,falle an,fallt an,haben,anzufallen
verunzieren,verunziere,verunzierst,verunziert,verunzierte,verunziert,verunzierte,verunzier,verunziert,haben,zu verunzieren
abnudeln,nudele ab,nudelst ab,nudelt ab,nudelte ab,abgenudelt,nudelte ab,nudele ab,nudelt ab,haben,abzunudeln
recyceln,recycele,recycelst,recycelt,recycelte,recycelt,recycelte,recycele,recycelt,haben,zu recyceln
recyclen,recycle,recyclest,recyclet,recyclete,recyclet,recyclete,recycle,recyclet,haben,zu recyclen
bankrottieren,bankrottiere,bankrottierst,bankrottiert,bankrottierte,bankrottiert,bankrottierte,bankrottier,bankrottiert,haben,zu bankrottieren
veraasen,veraase,veraast,veraast,veraaste,veraast,veraaste,veraas,veraast,haben,zu veraasen
reinwaschen,wasche rein,wäschst rein,wäscht rein,wusch rein,reingewaschen,wüsche rein,wasch rein,wascht rein,haben,reinzuwaschen
exorzieren,exorziere,exorzierst,exorziert,exorzierte,exorziert,exorzierte,exorzier,exorziert,haben,exorzuzieren
exorzisieren,exorzisiere,exorzisierst,exorzisiert,exorzisierte,exorzisiert,exorzisierte,exorzisier,exorzisiert,haben,zu exorzisieren
arrondieren,arrondiere,arrondierst,arrondiert,arrondierte,arrondiert,arrondierte,arrondiere,arrondiert,haben,zu arrondieren
ausbügeln,bügle aus,bügelst aus,bügelt aus,bügelte aus,ausgebügelt,bügelte aus,bügle aus,bügelt aus,haben,auszubügeln
neuern,neuere,neuerst,neuert,neuerte,geneuert,neuerte,neuere,neuert,haben,zu neuern
doubeln,double,doubelst,doubelt,doubelte,gedoubelt,doubelte,double,doubelt,haben,zu doubeln
verbremsen,verbremse,verbremst,verbremst,verbremste,verbremst,verbremste,verbrems,verbremst,haben,zu verbremsen
anschnauzen,schnauze an,schnauzt an,schnauzt an,schnauzte an,angeschnauzt,schnauzte an,schnauze an,schnauzt an,haben,anzuschnauzen
bostitchen,bostitche,bostitchst,bostitcht,bostitchte,gebostitcht,bostitchte,bostitche,bostitcht,haben,zu bostitchen
sensen,sense,senst,senst,senste,gesenst,senste,sens,senst,haben,zu sensen
fusseln,fussele,fusselst,fusselt,fusselte,gefusselt,fusselte,fussele,fusselt,haben,zu fusseln
feuerbestatten,feuerbestatte,feuerbestattest,feuerbestattet,feuerbestattete,feuerbestattet,feuerbestattete,feuerbestatte,feuerbestattet,haben,zu feuerbestatten
annoncieren,annonciere,annoncierst,annonciert,annoncierte,annonciert,annoncierte,annoncier,annonciert,haben,anzunoncieren
inserieren,inseriere,inserierst,inseriert,inserierte,inseriert,inserierte,inseriere,inseriert,haben,zu inserieren
ausposaunen,posaune aus,posaunst aus,posaunt aus,posaunte aus,ausposaunt,posaunte aus,posaune aus,posaunt aus,haben,auszuposaunen
posaunen,posaune,posaunst,posaunt,posaunte,posaunt,posaunte,posaun,posaunt,haben,zu posaunen
bloggen,blogge,bloggst,bloggt,bloggte,gebloggt,bloggte,blogg,bloggt,haben,zu bloggen
periodisieren,periodisiere,periodisierst,periodisiert,periodisierte,periodisiert,periodisierte,periodisier,periodisiert,haben,zu periodisieren
abfassen,fasse ab,fasst ab,fasst ab,fasste ab,abgefasst,fasste ab,fass ab,fasst ab,haben,abzufassen
nuscheln,nuschle,nuschelst,nuschelt,nuschelte,genuschelt,nuschelte,nuschle,nuschelt,haben,zu nuscheln
synthetisieren,synthetisiere,synthetisierst,synthetisiert,synthetisierte,synthetisiert,synthetisierte,synthetisier,synthetisiert,haben,zu synthetisieren
patchen,patche,patchst,patcht,patchte,gepatcht,patchte,patche,patcht,haben,zu patchen
anbraten,brate an,brätst an,brät an,briet an,angebraten,briete an,brat an,bratet an,haben,anzubraten
bestreuen,bestreue,bestreust,bestreut,bestreute,bestreut,bestreute,bestreue,bestreut,haben,zu bestreuen
abgießen,gieße ab,gießt ab,gießt ab,goss ab,abgegossen,gösse ab,gieß ab,gießt ab,haben,abzugießen
einfetten,fette ein,fettest ein,fettet ein,fettete ein,eingefettet,fettete ein,fett ein,fettet ein,haben,einzufetten
unterheben,hebe unter,hebst unter,hebt unter,hob unter,untergehoben,höbe unter,hebe unter,hebt unter,haben,unterzuheben
einfüllen,fülle ein,füllst ein,füllt ein,füllte ein,eingefüllt,füllte ein,füll ein,füllt ein,haben,einzufüllen
verquirlen,verquirle,verquirlst,verquirlt,verquirlte,verquirlt,verquirlte,verquirl,verquirlt,haben,zu verquirlen
übergießen,gieße über,gießt über,gießt über,goss über,übergegossen,gösse über,gieß über,gießt über,haben,zu übergießen
aufgießen,gieße auf,gießt auf,gießt auf,goss auf,aufgegossen,gösse auf,gieß auf,gießt auf,haben,aufzugießen
abtropfen,tropfe ab,tropfst ab,tropft ab,tropfte ab,abgetropft,tropfte ab,tropfe ab,tropft ab,sein,abzutropfen
aufwarten,warte auf,wartest auf,wartet auf,wartete auf,aufgewartet,wartete auf,warte auf,wartet auf,haben,aufzuwarten
mumpeln,mumpele,mumpelst,mumpelt,mumpelte,gemumpelt,mumpelte,mumpele,mumpelt,haben,zu mumpeln
anreißen,reiße an,reißt an,reißt an,riss an,angerissen,risse an,reiße an,reißt an,haben,anzureißen
akkordieren,akkordiere,akkordierst,akkordiert,akkordierte,akkordiert,akkordierte,akkordier,akkordiert,haben,zu akkordieren
überhöhen,überhöhe,überhöhst,überhöht,überhöhte,überhöht,überhöhte,überhöh,überhöht,haben,zu überhöhen
verzerren,verzerre,verzerrst,verzerrt,verzerrte,verzerrt,verzerrte,verzerr,verzerrt,haben,zu verzerren
erdreisten,erdreiste,erdreistest,erdreistet,erdreistete,erdreistet,erdreistete,erdreist,erdreistet,haben,zu erdreisten
anknüpfen,knüpfe an,knüpfst an,knüpft an,knüpfte an,angeknüpft,knüpfte an,knüpf an,knüpft an,haben,anzuknüpfen
bezweifeln,bezweifle,bezweifelst,bezweifelt,bezweifelte,bezweifelt,bezweifelte,bezweifle,bezweifelt,haben,zu bezweifeln
henken,henke,henkst,henkt,henkte,gehenkt,henkte,henk,henkt,haben,zu henken
aufzwingen,zwinge auf,zwingst auf,zwingt auf,zwang auf,aufgezwungen,zwänge auf,zwinge auf,zwingt auf,haben,aufzuzwingen
plustern,plustere,plusterst,plustert,plusterte,geplustert,plusterte,pluster,plustert,haben,zu plustern
zahnen,zahne,zahnst,zahnt,zahnte,gezahnt,zahnte,zahne,zahnt,haben,zu zahnen
drängeln,drängle,drängelst,drängelt,drängelte,gedrängelt,drängelte,drängle,drängelt,haben,zu drängeln
konferieren,konferiere,konferierst,konferiert,konferierte,konferiert,konferierte,konferiere,konferiert,haben,zu konferieren
gebaren,gebare,gebarst,gebart,gebarte,gebart,gebarte,gebar,gebart,haben,zu gebaren
vollkotzen,kotze voll,kotzt voll,kotzt voll,kotzte voll,vollgekotzt,kotzte voll,kotze voll,kotzt voll,haben,vollzukotzen
trollen,trolle,trollst,trollt,trollte,getrollt,trollte,trolle,trollt,haben,zu trollen
verpfänden,verpfände,verpfändest,verpfändet,verpfändete,verpfändet,verpfändete,verpfänd,verpfändet,haben,zu verpfänden
verlöten,verlöte,verlötest,verlötet,verlötete,verlötet,verlötete,verlöte,verlötet,haben,zu verlöten
anbändeln,bändele an,bändelst an,bändelt an,bändelte an,angebändelt,bändelte an,bändele an,bändelt an,haben,anzubändeln
aufschieben,schiebe auf,schiebst auf,schiebt auf,schob auf,aufgeschoben,schöbe auf,schieb auf,schiebt auf,haben,aufzuschieben
minimieren,minimiere,minimierst,minimiert,minimierte,minimiert,minimierte,minimier,minimiert,haben,zu minimieren
anhimmeln,himmle an,himmelst an,himmelt an,himmelte an,angehimmelt,himmelte an,himmle an,himmelt an,haben,anzuhimmeln
verachten,verachte,verachtest,verachtet,verachtete,verachtet,verachtete,verachte,verachtet,haben,zu verachten
zuflüstern,flüstere zu,flüsterst zu,flüstert zu,flüsterte zu,zugeflüstert,flüsterte zu,flüstere zu,flüstert zu,haben,zuzuflüstern
anbandeln,bandele an,bandelst an,bandelt an,bandelte an,angebandelt,bandelte an,bandle an,bandelt an,haben,anzubandeln
warmhalten,halte warm,hältst warm,hält warm,hielt warm,warmgehalten,hielte warm,halte warm,haltet warm,haben,warmzuhalten
deglacieren,deglaciere,deglacierst,deglaciert,deglacierte,deglaciert,deglacierte,deglacier,deglaciert,haben,zu deglacieren
theoretisieren,theoretisiere,theoretisierst,theoretisiert,theoretisierte,theoretisiert,theoretisierte,theoretisiere,theoretisiert,haben,zu theoretisieren
wriggeln,wriggele,wriggelst,wriggelt,wriggelte,gewriggelt,wriggelte,wriggele,wriggelt,haben,zu wriggeln
inspizieren,inspiziere,inspizierst,inspiziert,inspizierte,inspiziert,inspizierte,inspizier,inspiziert,haben,zu inspizieren
kartographieren,kartographiere,kartographierst,kartographiert,kartographierte,kartographiert,kartographierte,kartographiere,kartographiert,haben,zu kartographieren
missionieren,missioniere,missionierst,missioniert,missionierte,missioniert,missionierte,missioniere,missioniert,haben,zu missionieren
zustellen,stelle zu,stellst zu,stellt zu,stellte zu,zugestellt,stellte zu,stell zu,stellt zu,haben,zuzustellen
lobsingen,lobsinge,lobsingst,lobsingt,lobsang,lobgesungen,lobsänge,lobsinge,lobsingt,haben,zu lobsingen
kurzweilen,kurzweile,kurzweilst,kurzweilt,kurzweilte,gekurzweilt,kurzweilte,kurzweile,kurzweilt,haben,kurzzuweilen
überstrapazieren,überstrapaziere,überstrapazierst,überstrapaziert,überstrapazierte,überstrapaziert,überstrapazierte,überstrapaziere,überstrapaziert,haben,zu überstrapazieren
niederknien,knie nieder,kniest nieder,kniet nieder,kniete nieder,niedergekniet,kniete nieder,knie nieder,kniet nieder,haben,niederzuknien
einschreiten,schreite ein,schreitest ein,schreitet ein,schritt ein,eingeschritten,schritte ein,schreit ein,schreitet ein,sein,einzuschreiten
erforschen,erforsche,erforschst,erforscht,erforschte,erforscht,erforschte,erforsche,erforscht,haben,zu erforschen
strahlen,strahle,strahlst,strahlt,strahlte,gestrahlt,strahlte,strahl,strahlt,haben,zu strahlen
zücken,zücke,zückst,zückt,zückte,gezückt,zückte,zücke,zückt,haben,zu zücken
einlegen,lege ein,legst ein,legt ein,legte ein,eingelegt,legte ein,leg ein,legt ein,haben,einzulegen
veröffentlichen,veröffentliche,veröffentlichst,veröffentlicht,veröffentlichte,veröffentlicht,veröffentlichte,veröffentlich,veröffentlicht,haben,zu veröffentlichen
eindecken,decke ein,deckst ein,deckt ein,deckte ein,eingedeckt,deckte ein,deck ein,deckt ein,haben,einzudecken
hofmeistern,hofmeistere,hofmeisterst,hofmeistert,hofmeisterte,gehofmeistert,hofmeisterte,hofmeistere,hofmeistert,haben,zu hofmeistern
zubringen,bringe zu,bringst zu,bringt zu,brachte zu,zugebracht,brächte zu,bring zu,bringt zu,haben,zuzubringen
entglasen,entglase,entglast,entglast,entglaste,entglast,entglaste,entglas,entglast,haben,zu entglasen
austragen,trage aus,trägst aus,trägt aus,trug aus,ausgetragen,trüge aus,trag aus,tragt aus,haben,auszutragen
nullen,nulle,nullst,nullt,nullte,genullt,nullte,nulle,nullt,haben,zu nullen
schulden,schulde,schuldest,schuldet,schuldete,geschuldet,schuldete,schuld,schuldet,haben,zu schulden
guthaben,habe gut,hast gut,hat gut,hatte gut,gutgehabt,hätte gut,habe gut,habt gut,haben,zu guthaben
entspannen,entspanne,entspannst,entspannt,entspannte,entspannt,entspannte,entspann,entspannt,haben,zu entspannen
explantieren,explantiere,explantierst,explantiert,explantierte,explantiert,explantierte,explantier,explantiert,haben,zu explantieren
implantieren,implantiere,implantierst,implantiert,implantierte,implantiert,implantierte,implantier,implantiert,haben,zu implantieren
wiederkehren,kehre wieder,kehrst wieder,kehrt wieder,kehrte wieder,wiedergekehrt,kehrte wieder,kehr wieder,kehrt wieder,sein,wiederzukehren
durchqueren,durchquere,durchquerst,durchquert,durchquerte,durchquert,durchquerte,durchquer,durchquert,haben,zu durchqueren
emailen,emaile,emailst,emailt,emailte,geemailt,emailte,emaile,emailt,haben,zu emailen
e-mailen,e-maile,e-mailst,e-mailt,e-mailte,geemailt,e-mailte,e-maile,e-mailt,haben,zu e-mailen
verstauben,verstaube,verstaubst,verstaubt,verstaubte,verstaubt,verstaubte,verstaube,verstaubt,sein,zu verstauben
päppeln,päpple,päppelst,päppelt,päppelte,gepäppelt,päppelte,päpple,päppelt,haben,zu päppeln
marmorieren,marmoriere,marmorierst,marmoriert,marmorierte,marmoriert,marmorierte,marmorier,marmoriert,haben,zu marmorieren
wegkommen,komme weg,kommst weg,kommt weg,kam weg,weggekommen,käme weg,komm weg,kommt weg,haben,wegzukommen
weitergeben,gebe weiter,gibst weiter,gibt weiter,gab weiter,weitergegeben,gäbe weiter,gib weiter,gebt weiter,haben,weitzuergeben
weiterleiten,leite weiter,leitest weiter,leitet weiter,leitete weiter,weitergeleitet,leitete weiter,leite weiter,leitet weiter,haben,weiterzuleiten
wimmeln,wimmle,wimmelst,wimmelt,wimmelte,gewimmelt,wimmelte,wimmel,wimmelt,haben,zu wimmeln
aufsagen,sage auf,sagst auf,sagt auf,sagte auf,aufgesagt,sagte auf,sag auf,sagt auf,haben,aufzusagen
satthaben,habe satt,hast satt,hat satt,hatte satt,sattgehabt,hätte satt,hab satt,habt satt,haben,zu satthaben
darleihen,leihe dar,leihst dar,leiht dar,lieh dar,dargeliehen,liehe dar,leihe dar,leiht dar,haben,darzuleihen
doktern,doktere,dokterst,doktert,dokterte,gedoktert,dokterte,dokter,doktert,haben,zu doktern
spinksen,spinkse,spinkst,spinkst,spinkste,gespinkst,spinkste,spinkse,spinkst,haben,zu spinksen
abwählen,wähle ab,wählst ab,wählt ab,wählte ab,abgewählt,wählte ab,wähl ab,wählt ab,haben,abzuwählen
betteln,bettle,bettelst,bettelt,bettelte,gebettelt,bettelte,bettle,bettelt,haben,zu betteln
weiten,weite,weitest,weitet,weitete,geweitet,weitete,weit,weitet,haben,zu weiten
hampeln,hample,hampelst,hampelt,hampelte,gehampelt,hampelte,hample,hampelt,haben,zu hampeln
trampeln,trample,trampelst,trampelt,trampelte,getrampelt,trampelte,trampel,trampelt,sein,zu trampeln
unterfinanzieren,unterfinanziere,unterfinanzierst,unterfinanziert,unterfinanzierte,unterfinanziert,unterfinanzierte,unterfinanziere,unterfinanziert,haben,zu unterfinanzieren
strampeln,strample,strampelst,strampelt,strampelte,gestrampelt,strampelte,strampel,strampelt,haben,zu strampeln
bestreiten,bestreite,bestreitest,bestreitet,bestritt,bestritten,bestritte,bestreite,bestreitet,haben,zu bestreiten
verschachteln,verschachtle,verschachtelst,verschachtelt,verschachtelte,verschachtelt,verschachtelte,verschachtel,verschachtelt,haben,zu verschachteln
bestaunen,bestaune,bestaunst,bestaunt,bestaunte,bestaunt,bestaunte,bestaun,bestaunt,haben,zu bestaunen
durchtrennen,durchtrenne,durchtrennst,durchtrennt,durchtrennte,durchtrennt,durchtrennte,durchtrenne,durchtrennt,haben,zu durchtrennen
staunen,staune,staunst,staunt,staunte,gestaunt,staunte,staun,staunt,haben,zu staunen
aufhauben,haube auf,haubst auf,haubt auf,haubte auf,aufgehaubt,haubte auf,haube auf,haubt auf,haben,aufzuhauben
elektrisieren,elektrisiere,elektrisierst,elektrisiert,elektrisierte,elektrisiert,elektrisierte,elektrisiere,elektrisiert,haben,zu elektrisieren
restaurieren,restauriere,restaurierst,restauriert,restaurierte,restauriert,restaurierte,restauriere,restauriert,haben,zu restaurieren
einbetten,bette ein,bettest ein,bettet ein,bettete ein,eingebettet,bettete ein,bette ein,bettet ein,haben,einzubetten
eingemeinden,gemeinde ein,gemeindest ein,gemeindet ein,gemeindete ein,eingemeindet,gemeindete ein,gemeind ein,gemeindet ein,haben,einzugemeinden
entlausen,entlause,entlaust,entlaust,entlauste,entlaust,entlauste,entlaus,entlaust,haben,zu entlausen
entlauben,entlaube,entlaubst,entlaubt,entlaubte,entlaubt,entlaubte,entlaube,entlaubt,haben,zu entlauben
entrümpeln,entrümple,entrümpelst,entrümpelt,entrümpelte,entrümpelt,entrümpelte,entrümple,entrümpelt,haben,zu entrümpeln
erstarren,erstarre,erstarrst,erstarrt,erstarrte,erstarrt,erstarrte,erstarr,erstarrt,sein,zu erstarren
entstauben,entstaube,entstaubst,entstaubt,entstaubte,entstaubt,entstaubte,entstaube,entstaubt,haben,zu entstauben
entwässern,entwässere,entwässerst,entwässert,entwässerte,entwässert,entwässerte,entwässer,entwässert,haben,zu entwässern
entmachten,entmachte,entmachtest,entmachtet,entmachtete,entmachtet,entmachtete,entmacht,entmachtet,haben,zu entmachten
einbürgern,bürgere ein,bürgerst ein,bürgert ein,bürgerte ein,eingebürgert,bürgerte ein,bürgere ein,bürgert ein,haben,einzubürgern
einwärmen,wärme ein,wärmst ein,wärmt ein,wärmte ein,eingewärmt,wärmte ein,wärme ein,wärmt ein,haben,einzuwärmen
hleban,hleba,hlebast,hlebat,hlebate,gehlebat,hlebate,hleba,hlebat,haben,zu hleban
shukan,shuka,shukast,shukat,shukate,geshukat,shukate,shuka,shukat,haben,zu shukan
verficken,verficke,verfickst,verfickt,verfickte,verfickt,verfickte,verficke,verfickt,haben,zu verficken
zerficken,zerficke,zerfickst,zerfickt,zerfickte,zerfickt,zerfickte,zerficke,zerfickt,haben,zu zerficken
heranmachen,mache heran,machst heran,macht heran,machte heran,herangemacht,machte heran,mach heran,macht heran,haben,herzuanmachen
faseln,fasele,faselst,faselt,faselte,gefaselt,faselte,fasel,faselt,haben,zu faseln
verherrlichen,verherrliche,verherrlichst,verherrlicht,verherrlichte,verherrlicht,verherrlichte,verherrlich,verherrlicht,haben,zu verherrlichen
galvanisieren,galvanisiere,galvanisierst,galvanisiert,galvanisierte,galvanisiert,galvanisierte,galvanisier,galvanisiert,haben,zu galvanisieren
gestehen,gestehe,gestehst,gesteht,gestand,gestanden,gestände,gestehe,gesteht,haben,zu gestehen
glattstellen,stelle glatt,stellst glatt,stellt glatt,stellte glatt,glattgestellt,stellte glatt,stell glatt,stellt glatt,haben,glattzustellen
gliedern,gliedere,gliederst,gliedert,gliederte,gegliedert,gliederte,gliedere,gliedert,haben,zu gliedern
gratinieren,gratiniere,gratinierst,gratiniert,gratinierte,gratiniert,gratinierte,gratinier,gratiniert,haben,zu gratinieren
bankrottgehen,gehe bankrott,gehst bankrott,geht bankrott,ging bankrott,bankrottgegangen,ginge bankrott,geh bankrott,geht bankrott,sein,bankrottzugehen
befrieden,befriede,befriedest,befriedet,befriedete,befriedet,befriedete,befriede,befriedet,haben,zu befrieden
begünstigen,begünstige,begünstigst,begünstigt,begünstigte,begünstigt,begünstigte,begünstige,begünstigt,haben,zu begünstigen
beheimaten,beheimate,beheimatest,beheimatet,beheimatete,beheimatet,beheimatete,beheimat,beheimatet,haben,zu beheimaten
beiseitelassen,lasse beiseite,lässt beiseite,lässt beiseite,ließ beiseite,beiseitegelassen,ließe beiseite,lass beiseite,lasst beiseite,haben,zu beiseitelassen
beiseiteschieben,schiebe beiseite,schiebst beiseite,schiebt beiseite,schob beiseite,beiseitegeschoben,schöbe beiseite,schieb beiseite,schiebt beiseite,haben,zu beiseiteschieben
belächeln,belächele,belächelst,belächelt,belächelte,belächelt,belächelte,belächel,belächelt,haben,zu belächeln
besiedeln,besiedle,besiedelst,besiedelt,besiedelte,besiedelt,besiedelte,besiedel,besiedelt,haben,zu besiedeln
bemitleiden,bemitleide,bemitleidest,bemitleidet,bemitleidete,bemitleidet,bemitleidete,bemitleide,bemitleidet,haben,zu bemitleiden
bekehren,bekehre,bekehrst,bekehrt,bekehrte,bekehrt,bekehrte,bekehre,bekehrt,haben,zu bekehren
nachsprechen,spreche nach,sprichst nach,spricht nach,sprach nach,nachgesprochen,spräche nach,sprich nach,sprecht nach,haben,nachzusprechen
befeuchten,befeuchte,befeuchtest,befeuchtet,befeuchtete,befeuchtet,befeuchtete,befeuchte,befeuchtet,haben,zu befeuchten
positionieren,positioniere,positionierst,positioniert,positionierte,positioniert,positionierte,positionier,positioniert,haben,zu positionieren
vorgaukeln,gaukele vor,gaukelst vor,gaukelt vor,gaukelte vor,vorgegaukelt,gaukelte vor,gaukele vor,gaukelt vor,haben,zu vorgaukeln
überschreiben,überschreibe,überschreibst,überschreibt,überschrieb,überschrieben,überschriebe,überschreib,überschreibt,haben,zu überschreiben
verheimlichen,verheimliche,verheimlichst,verheimlicht,verheimlichte,verheimlicht,verheimlichte,verheimlich,verheimlicht,haben,zu verheimlichen
prusten,pruste,prustest,prustet,prustete,geprustet,prustete,pruste,prustet,haben,zu prusten
vorknöpfen,knöpfe vor,knöpfst vor,knöpft vor,knöpfte vor,vorgeknöpft,knöpfte vor,knöpf vor,knöpft vor,haben,zu vorknöpfen
fantasieren,fantasiere,fantasierst,fantasiert,fantasierte,fantasiert,fantasierte,fantasiere,fantasiert,haben,zu fantasieren
herumwuseln,wusele herum,wuselst herum,wuselt herum,wuselte herum,herumgewuselt,wuselte herum,wusle herum,wuselt herum,haben,herzuumwuseln
verwachsen,verwachse,verwächst,verwächst,verwuchs,verwachsen,verwüchse,verwachs,verwachst,sein,zu verwachsen
schnäuken,schnäuke,schnäukst,schnäukt,schnäukte,geschnäukt,schnäukte,schnäuk,schnäukt,haben,zu schnäuken
stupfen,stupfe,stupfst,stupft,stupfte,gestupft,stupfte,stupf,stupft,haben,zu stupfen
eindeutschen,deutsche ein,deutschst ein,deutscht ein,deutschte ein,eingedeutscht,deutschte ein,deutsch ein,deutscht ein,haben,einzudeutschen
ausstehen,stehe aus,stehst aus,steht aus,stand aus,ausgestanden,stünde aus,steh aus,steht aus,haben,auszustehen
zupassekommen,komme zupasse,kommst zupasse,kommt zupasse,kam zupasse,zupassegekommen,käme zupasse,komm zupasse,kommt zupasse,sein,zuzupassekommen
zupasskommen,komme zupass,kommst zupass,kommt zupass,kam zupass,zupassgekommen,käme zupass,komm zupass,kommt zupass,sein,zuzupasskommen
prallen,pralle,prallst,prallt,prallte,geprallt,prallte,prall,prallt,sein,zu prallen
vorspielen,spiele vor,spielst vor,spielt vor,spielte vor,vorgespielt,spielte vor,spiel vor,spielt vor,haben,zu vorspielen
sprießen,sprieße,sprießt,sprießt,spross,gesprossen,sprösse,sprieß,sprießt,sein,zu sprießen
legalisieren,legalisiere,legalisierst,legalisiert,legalisierte,legalisiert,legalisierte,legalisiere,legalisiert,haben,zu legalisieren
pispern,pispere,pisperst,pispert,pisperte,gepispert,pisperte,pisper,pispert,haben,zu pispern
abklappern,klappere ab,klapperst ab,klappert ab,klapperte ab,abgeklappert,klapperte ab,klappere ab,klappert ab,haben,abzuklappern
aufhübschen,hübsche auf,hübschst auf,hübscht auf,hübschte auf,aufgehübscht,hübschte auf,hübsche auf,hübscht auf,haben,aufzuhübschen
voten,vote,votest,votet,votete,gevotet,votete,vot,votet,haben,zu voten
entkleiden,entkleide,entkleidest,entkleidet,entkleidete,entkleidet,entkleidete,entkleid,entkleidet,haben,zu entkleiden
entblößen,entblöße,entblößt,entblößt,entblößte,entblößt,entblößte,entblöße,entblößt,haben,zu entblößen
einnicken,nicke ein,nickst ein,nickt ein,nickte ein,eingenickt,nickte ein,nick ein,nickt ein,haben,einzunicken
verrechnen,verrechne,verrechnest,verrechnet,verrechnete,verrechnet,verrechnete,verrechne,verrechnet,haben,zu verrechnen
totmachen,mache tot,machst tot,macht tot,machte tot,totgemacht,machte tot,mach tot,macht tot,haben,totzumachen
abwaschen,wasche ab,wäschst ab,wäscht ab,wusch ab,abgewaschen,wüsche ab,wasch ab,wascht ab,haben,abzuwaschen
embetieren,embetiere,embetierst,embetiert,embetierte,embetiert,embetierte,embetier,embetiert,haben,zu embetieren
karren,karre,karrst,karrt,karrte,gekarrt,karrte,karr,karrt,haben,zu karren
gehren,gehre,gehrst,gehrt,gehrte,gegehrt,gehrte,gehr,gehrt,haben,zu gehren
manipulieren,manipuliere,manipulierst,manipuliert,manipulierte,manipuliert,manipulierte,manipuliere,manipuliert,haben,zu manipulieren
fräsen,fräse,fräst,fräst,fräste,gefräst,fräste,fräs,fräst,haben,zu fräsen
betäuben,betäube,betäubst,betäubt,betäubte,betäubt,betäubte,betäube,betäubt,haben,zu betäuben
narkotisieren,narkotisiere,narkotisierst,narkotisiert,narkotisierte,narkotisiert,narkotisierte,narkotisiere,narkotisiert,haben,zu narkotisieren
einfädeln,fädele ein,fädelst ein,fädelt ein,fädelte ein,eingefädelt,fädelte ein,fädele ein,fädelt ein,haben,einzufädeln
heimkommen,komme heim,kommst heim,kommt heim,kam heim,heimgekommen,käme heim,komm heim,kommt heim,sein,zu heimkommen
erschreiben,erschreibe,erschreibst,erschreibt,erschrieb,erschrieben,erschriebe,erschreib,erschreibt,haben,zu erschreiben
persuadieren,persuadiere,persuadierst,persuadiert,persuadierte,persuadiert,persuadierte,persuadiere,persuadiert,haben,zu persuadieren
zerfließen,zerfließe,zerfließt,zerfließt,zerfloss,zerflossen,zerflösse,zerfließ,zerfließt,sein,zu zerfließen
verdummen,verdumme,verdummst,verdummt,verdummte,verdummt,verdummte,verdumm,verdummt,haben,zu verdummen
untertauchen,tauche unter,tauchst unter,taucht unter,tauchte unter,untergetaucht,tauchte unter,tauch unter,taucht unter,haben,unterzutauchen
defäkieren,defäkiere,defäkierst,defäkiert,defäkierte,defäkiert,defäkierte,defäkier,defäkiert,haben,zu defäkieren
demarkieren,demarkiere,demarkierst,demarkiert,demarkierte,demarkiert,demarkierte,demarkier,demarkiert,haben,zu demarkieren
denaturieren,denaturiere,denaturierst,denaturiert,denaturierte,denaturiert,denaturierte,denaturiere,denaturiert,haben,zu denaturieren
deprimieren,deprimiere,deprimierst,deprimiert,deprimierte,deprimiert,deprimierte,deprimiere,deprimiert,haben,zu deprimieren
dramatisieren,dramatisiere,dramatisierst,dramatisiert,dramatisierte,dramatisiert,dramatisierte,dramatisiere,dramatisiert,haben,zu dramatisieren
draufstellen,stelle drauf,stellst drauf,stellt drauf,stellte drauf,draufgestellt,stellte drauf,stell drauf,stellt drauf,haben,draufzustellen
dübeln,düble,dübelst,dübelt,dübelte,gedübelt,dübelte,dübel,dübelt,haben,zu dübeln
durchatmen,atme durch,atmest durch,atmet durch,atmete durch,durchgeatmet,atmete durch,atme durch,atmet durch,haben,zu durchatmen
durchnummerieren,nummeriere durch,nummerierst durch,nummeriert durch,nummerierte durch,durchnummeriert,nummerierte durch,nummerier durch,nummeriert durch,haben,zu durchnummerieren
durchseihen,seihe durch,seihst durch,seiht durch,seihte durch,durchgeseiht,seihte durch,seih durch,seiht durch,haben,zu durchseihen
freisprechen,spreche frei,sprichst frei,spricht frei,sprach frei,freigesprochen,spräche frei,sprich frei,sprecht frei,haben,freizusprechen
dahinsiechen,sieche dahin,siechst dahin,siecht dahin,siechte dahin,dahingesiecht,siechte dahin,sieche dahin,siecht dahin,haben,dahinzusiechen
intubieren,intubiere,intubierst,intubiert,intubierte,intubiert,intubierte,intubier,intubiert,haben,zu intubieren
extubieren,extubiere,extubierst,extubiert,extubierte,extubiert,extubierte,extubier,extubiert,haben,zu extubieren
verdunsten,verdunste,verdunstest,verdunstet,verdunstete,verdunstet,verdunstete,verdunste,verdunstet,sein,zu verdunsten
enthaaren,enthaare,enthaarst,enthaart,enthaarte,enthaart,enthaarte,enthaar,enthaart,haben,zu enthaaren
jeuen,jeue,jeust,jeut,jeute,gejeut,jeute,jeu,jeut,haben,zu jeuen
entmündigen,entmündige,entmündigst,entmündigt,entmündigte,entmündigt,entmündigte,entmündig,entmündigt,haben,zu entmündigen
kosen,kose,kost,kost,koste,gekost,koste,kos,kost,haben,zu kosen
vorbeischauen,schaue vorbei,schaust vorbei,schaut vorbei,schaute vorbei,vorbeigeschaut,schaute vorbei,schau vorbei,schaut vorbei,haben,vorbeizuschauen
schwären,—,—,schwärt,schwärte,geschwärt,schwärte,—,—,haben,zu schwären
kaspern,kaspere,kasperst,kaspert,kasperte,gekaspert,kasperte,kaspere,kaspert,haben,zu kaspern
verscherzen,verscherze,verscherzt,verscherzt,verscherzte,verscherzt,verscherzte,verscherz,verscherzt,haben,zu verscherzen
sanden,sande,sandest,sandet,sandete,gesandet,sandete,sand,sandet,haben,zu sanden
kanten,kante,kantest,kantet,kantete,gekantet,kantete,kant,kantet,haben,zu kanten
durchleiden,durchleide,durchleidest,durchleidet,durchlitt,durchlitten,durchlitte,durchleide,durchleidet,haben,zu durchleiden
schienen,schiene,schienst,schient,schiente,geschient,schiente,schiene,schient,haben,zu schienen
wägen,wäge,wägst,wägt,wog,gewogen,wöge,wäge,wägt,haben,zu wägen
knautschen,knautsche,knautschst,knautscht,knautschte,geknautscht,knautschte,knautsche,knautscht,haben,zu knautschen
verneigen,verneige,verneigst,verneigt,verneigte,verneigt,verneigte,verneig,verneigt,haben,zu verneigen
wilddieben,wilddiebe,wilddiebst,wilddiebt,wilddiebte,gewilddiebt,wilddiebte,wilddiebe,wilddiebt,haben,zu wilddieben
schweifen,schweife,schweifst,schweift,schweifte,geschweift,schweifte,schweif,schweift,sein,zu schweifen
schnippeln,schnipple,schnippelst,schnippelt,schnippelte,geschnippelt,schnippelte,schnippel,schnippelt,haben,zu schnippeln
tosen,tose,tost,tost,toste,getost,toste,tos,tost,haben,zu tosen
aufstuhlen,stuhle auf,stuhlst auf,stuhlt auf,stuhlte auf,aufgestuhlt,stuhlte auf,stuhle auf,stuhlt auf,haben,aufzustuhlen
erblinden,erblinde,erblindest,erblindet,erblindete,erblindet,erblindete,erblind,erblindet,sein,zu erblinden
imaginieren,imaginiere,imaginierst,imaginiert,imaginierte,imaginiert,imaginierte,imaginier,imaginiert,haben,zu imaginieren
skandalisieren,skandalisiere,skandalisierst,skandalisiert,skandalisierte,skandalisiert,skandalisierte,skandalisiere,skandalisiert,haben,zu skandalisieren
umetikettieren,etikettiere um,etikettierst um,etikettiert um,etikettierte um,umetikettiert,etikettierte um,etikettiere um,etikettiert um,haben,umzuetikettieren
metzgen,metzge,metzgst,metzgt,metzgte,gemetzgt,metzgte,metzge,metzgt,haben,zu metzgen
abheften,hefte ab,heftest ab,heftet ab,heftete ab,abgeheftet,heftete ab,hefte ab,heftet ab,haben,abzuheften
rebeln,rebele,rebelst,rebelt,rebelte,gerebelt,rebelte,reble,rebelt,haben,zu rebeln
einstehen,stehe ein,stehst ein,steht ein,stand ein,eingestanden,stünde ein,stehe ein,steht ein,haben,einzustehen
einrücken,rücke ein,rückst ein,rückt ein,rückte ein,eingerückt,rückte ein,rück ein,rückt ein,sein,einzurücken
einmaischen,maische ein,maischst ein,maischt ein,maischte ein,eingemaischt,maischte ein,maisch ein,maischt ein,haben,einzumaischen
maischen,maische,maischst,maischt,maischte,gemaischt,maischte,maisch,maischt,haben,zu maischen
fechsen,fechse,fechst,fechst,fechste,gefechst,fechste,fechs,fechst,haben,zu fechsen
keltern,keltere,kelterst,keltert,kelterte,gekeltert,kelterte,keltere,keltert,haben,zu keltern
tschentschen,tschentsche,tschentschst,tschentscht,tschentschte,getschentscht,tschentschte,tschentsche,tschentscht,haben,zu tschentschen
laichen,laiche,laichst,laicht,laichte,gelaicht,laichte,laiche,laicht,haben,zu laichen
beleumden,beleumde,beleumdest,beleumdet,beleumdete,beleumundet,beleumdete,beleumde,beleumdet,haben,zu beleumden
degorgieren,degorgiere,degorgierst,degorgiert,degorgierte,degorgiert,degorgierte,degorgiere,degorgiert,haben,zu degorgieren
eindieseln,diesel ein,dieselst ein,dieselt ein,dieselte ein,eingedieselt,dieselte ein,diesel ein,dieselt ein,haben,einzudieseln
pfriemeln,pfriemele,pfriemelst,pfriemelt,pfriemelte,gepfriemelt,pfriemelte,pfriemele,pfriemelt,haben,zu pfriemeln
verladen,verlade,verlädst,verlädt,verlud,verladen,verlüde,verlad,verladet,haben,zu verladen
synchronisieren,synchronisiere,synchronisierst,synchronisiert,synchronisierte,synchronisiert,synchronisierte,synchronisier,synchronisiert,haben,zu synchronisieren
zupacken,packe zu,packst zu,packt zu,packte zu,zugepackt,packte zu,pack zu,packt zu,haben,zuzupacken
ausbluten,blute aus,blutest aus,blutet aus,blutete aus,ausgeblutet,blutete aus,blute aus,blutet aus,haben,auszubluten
herunterstufen,stufe herunter,stufst herunter,stuft herunter,stufte herunter,heruntergestuft,stufte herunter,stuf herunter,stuft herunter,haben,herzuunterstufen
herabstufen,stufe herab,stufst herab,stuft herab,stufte herab,herabgestuft,stufte herab,stuf herab,stuft herab,haben,herzuabstufen
heraufstufen,stufe herauf,stufst herauf,stuft herauf,stufte herauf,heraufgestuft,stufte herauf,stuf herauf,stuft herauf,haben,herzuaufstufen
verzäunen,verzäune,verzäunst,verzäunt,verzäunte,verzäunt,verzäunte,verzäun,verzäunt,haben,zu verzäunen
vergelten,vergelte,vergiltst,vergilt,vergalt,vergolten,vergälte,vergilt,vergeltet,haben,zu vergelten
schlabbern,schlabbere,schlabberst,schlabbert,schlabberte,geschlabbert,schlabberte,schlabber,schlabbert,haben,zu schlabbern
besabbern,besabbere,besabberst,besabbert,besabberte,besabbert,besabberte,besabber,besabbert,haben,zu besabbern
beknabbern,beknabbere,beknabberst,beknabbert,beknabberte,beknabbert,beknabberte,beknabber,beknabbert,haben,zu beknabbern
beschlabbern,beschlabbere,beschlabberst,beschlabbert,beschlabberte,beschlabbert,beschlabberte,beschlabber,beschlabbert,haben,zu beschlabbern
zerbersten,zerberste,zerbirst,zerbirst,zerbarst,zerborsten,zerbärste,zerbirst,zerberstet,sein,zu zerbersten
hinabblicken,blicke hinab,blickst hinab,blickt hinab,blickte hinab,hinabgeblickt,blickte hinab,blick hinab,blickt hinab,haben,hinabzublicken
bebaken,bebake,bebakst,bebakt,bebakte,bebakt,bebakte,bebak,bebakt,haben,zu bebaken
unterbringen,bringe unter,bringst unter,bringt unter,brachte unter,untergebracht,brächte unter,bring unter,bringt unter,haben,unterzubringen
bebildern,bebildere,bebilderst,bebildert,bebilderte,bebildert,bebilderte,bebilder,bebildert,haben,zu bebildern
fasen,fase,fast,fast,faste,gefast,faste,fas,fast,haben,zu fasen
chaptalisieren,chaptalisiere,chaptalisierst,chaptalisiert,chaptalisierte,chaptalisiert,chaptalisierte,chaptalisier,chaptalisiert,haben,zu chaptalisieren
chambrieren,chambriere,chambrierst,chambriert,chambrierte,chambriert,chambrierte,chambriere,chambriert,haben,zu chambrieren
quillen,quille,quillst,quillt,quillte,gequillt,quillte,quill,quillt,haben,zu quillen
verklagen,verklage,verklagst,verklagt,verklagte,verklagt,verklagte,verklag,verklagt,haben,zu verklagen
gärtnern,gärtnere,gärtnerst,gärtnert,gärtnerte,gegärtnert,gärtnerte,gärtnere,gärtnert,haben,zu gärtnern
gärteln,gärtle,gärtelst,gärtelt,gärtelte,gegärtelt,gärtelte,gärtle,gärtelt,haben,zu gärteln
garteln,gartle,gartelst,gartelt,gartelte,gegartelt,gartelte,gartel,gartelt,haben,zu garteln
titrieren,titriere,titrierst,titriert,titrierte,titriert,titrierte,titrier,titriert,haben,zu titrieren
lammen,lamme,lammst,lammt,lammte,gelammt,lammte,lamme,lammt,haben,zu lammen
wimmen,wimme,wimmst,wimmt,wimmte,gewimmt,wimmte,wimm,wimmet,haben,zu wimmen
wümmen,wümme,wümmst,wümmt,wümmte,gewümmt,wümmte,wümm,wümmet,haben,zu wümmen
anpflanzen,pflanze an,pflanzt an,pflanzt an,pflanzte an,angepflanzt,pflanzte an,pflanze an,pflanzt an,haben,anzupflanzen
spriten,sprite,spritest,spritet,spritete,gespritet,spritete,sprite,spritet,haben,zu spriten
batiken,batike,batikst,batikt,batikte,gebatikt,batikte,batik,batikt,haben,zu batiken
flöckeln,–,–,flöckelt,flöckelte,geflöckelt,flöckelte,—,—,haben,zu flöckeln
kurzfassen,fasse kurz,fasst kurz,fasst kurz,fasste kurz,kurzgefasst,fasste kurz,fass kurz,fasst kurz,haben,kurzzufassen
weitermachen,mache weiter,machst  weiter,macht weiter,machte weiter,weitergemacht,machte weiter,mach weiter,macht weiter,haben,weiterzumachen
wässern,wässere,wässerst,wässert,wässerte,gewässert,wässerte,wässere,wässert,haben,zu wässern
wärmen,wärme,wärmst,wärmt,wärmte,gewärmt,wärmte,wärm,wärmt,haben,zu wärmen
haspeln,hasple,haspelst,haspelt,haspelte,gehaspelt,haspelte,hasple,haspelt,haben,zu haspeln
verschrotten,verschrotte,verschrottest,verschrottet,verschrottete,verschrottet,verschrottete,verschrotte,verschrottet,haben,zu verschrotten
verzagen,verzage,verzagst,verzagt,verzagte,verzagt,verzagte,verzag,verzagt,haben,zu verzagen
veranschaulichen,veranschauliche,veranschaulichst,veranschaulicht,veranschaulichte,veranschaulicht,veranschaulichte,veranschauliche,veranschaulicht,haben,zu veranschaulichen
verdampfen,verdampfe,verdampfst,verdampft,verdampfte,verdampft,verdampfte,verdampf,verdampft,sein,zu verdampfen
häufeln,häufele,häufelst,häufelt,häufelte,gehäufelt,häufelte,häufele,häufelt,haben,zu häufeln
niedertreten,trete nieder,trittst nieder,tritt nieder,trat nieder,niedergetreten,träte nieder,tritt nieder,tretet nieder,haben,niederzutreten
zerschneiden,zerschneide,zerschneidest,zerschneidet,zerschnitt,zerschnitten,zerschnitte,zerschneide,zerschneidet,haben,zu zerschneiden
adden,adde,addest,addet,addete,geaddet,addete,adde,addet,haben,zu adden
entmieten,entmiete,entmietest,entmietet,entmietete,entmietet,entmietete,entmiete,entmietet,haben,zu entmieten
einzäunen,zäune ein,zäunst ein,zäunt ein,zäunte ein,eingezäunt,zäunte ein,zäun ein,zäunt ein,haben,einzuzäunen
umzäunen,umzäune,umzäunst,umzäunt,umzäunte,umzäunt,umzäunte,umzäun,umzäunt,haben,zu umzäunen
rudimentieren,rudimentiere,rudimentierst,rudimentiert,rudimentierte,rudimentiert,rudimentierte,rudimentiere,rudimentiert,haben,zu rudimentieren
petrifizieren,petrifiziere,petrifizierst,petrifiziert,petrifizierte,petrifiziert,petrifizierte,petrifiziere,petrifiziert,sein,zu petrifizieren
hutschen,hutsche,hutschst,hutscht,hutschte,gehutscht,hutschte,hutsch,hutscht,haben,zu hutschen
anecken,ecke an,eckst an,eckt an,eckte an,angeeckt,eckte an,ecke an,eckt an,sein,anzuecken
einleben,lebe ein,lebst ein,lebt ein,lebte ein,eingelebt,lebte ein,leb ein,lebt ein,haben,einzuleben
erfrischen,erfrische,erfrischst,erfrischt,erfrischte,erfrischt,erfrischte,erfrisch,erfrischt,haben,zu erfrischen
überstülpen,stülpe über,stülpst über,stülpt über,stülpte über,übergestülpt,stülpte über,stülp über,stülpt über,haben,zu überstülpen
daguerreotypieren,daguerreotypiere,daguerreotypierst,daguerreotypiert,daguerreotypierte,daguerreotypiert,daguerreotypierte,daguerreotypiere,daguerreotypiert,haben,zu daguerreotypieren
brühen,brühe,brühst,brüht,brühte,gebrüht,brühte,brüh,brüht,haben,zu brühen
rationieren,rationiere,rationierst,rationiert,rationierte,rationiert,rationierte,rationier,rationiert,haben,zu rationieren
umstrukturieren,strukturiere um,strukturierst um,strukturiert um,strukturierte um,umstrukturiert,strukturierte um,strukturier um,strukturiert um,haben,umzustrukturieren
entmannen,entmanne,entmannst,entmannt,entmannte,entmannt,entmannte,entmann,entmannt,haben,zu entmannen
ablästern,lästere ab,lästerst ab,lästert ab,lästerte ab,abgelästert,lästerte ab,läster ab,lästert ab,haben,abzulästern
gipsen,gipse,gipst,gipst,gipste,gegipst,gipste,gips,gipst,haben,zu gipsen
verbraten,verbrate,verbrätst,verbrät,verbriet,verbraten,verbriete,verbrate,verbratet,haben,zu verbraten
verprassen,verprasse,verprasst,verprasst,verprasste,verprasst,verprasste,verprass,verprasst,haben,zu verprassen
stressen,stresse,stresst,stresst,stresste,gestresst,stresste,stress,stresst,haben,zu stressen
dekomponieren,dekomponiere,dekomponierst,dekomponiert,dekomponierte,dekomponiert,dekomponierte,dekomponier,dekomponiert,haben,dekomzuponieren
rocken,rocke,rockst,rockt,rockte,gerockt,rockte,rocke,rockt,haben,zu rocken
säcken,säcke,säckst,säckt,säckte,gesäckt,säckte,säck,säckt,haben,zu säcken
einschiffen,schiffe ein,schiffst ein,schifft ein,schiffte ein,eingeschifft,schiffte ein,schiffe ein,schifft ein,haben,einzuschiffen
abspulen,spule ab,spulst ab,spult ab,spulte ab,abgespult,spulte ab,spul ab,spult ab,haben,abzuspulen
transmutieren,transmutiere,transmutierst,transmutiert,transmutierte,transmutiert,transmutierte,transmutiere,transmutiert,haben,zu transmutieren
auftanken,tanke auf,tankst auf,tankt auf,tankte auf,aufgetankt,tankte auf,tank auf,tankt auf,haben,aufzutanken
beflecken,beflecke,befleckst,befleckt,befleckte,befleckt,befleckte,befleck,befleckt,haben,zu beflecken
entflecken,entflecke,entfleckst,entfleckt,entfleckte,entfleckt,entfleckte,entfleck,entfleckt,haben,zu entflecken
bestecken,bestecke,besteckst,besteckt,besteckte,besteckt,besteckte,besteck,besteckt,haben,zu bestecken
ausschiffen,schiffe aus,schiffst aus,schifft aus,schiffte aus,ausgeschifft,schiffte aus,schiffe aus,schifft aus,haben,auszuschiffen
flecken,flecke,fleckst,fleckt,fleckte,gefleckt,fleckte,fleck,fleckt,haben,zu flecken
erwecken,erwecke,erweckst,erweckt,erweckte,erweckt,erweckte,erweck,erweckt,haben,zu erwecken
vollstrecken,vollstrecke,vollstreckst,vollstreckt,vollstreckte,vollstreckt,vollstreckte,vollstreck,vollstreckt,haben,vollzustrecken
erkecken,erkecke,erkeckst,erkeckt,erkeckte,erkeckt,erkeckte,erkeck,erkeckt,haben,zu erkecken
belecken,belecke,beleckst,beleckt,beleckte,beleckt,beleckte,beleck,beleckt,haben,zu belecken
trekken,trekke,trekkst,trekkt,trekkte,getrekkt,trekkte,trekk,trekkt,sein,zu trekken
trecken,trecke,treckst,treckt,treckte,getreckt,treckte,treck,treckt,haben,zu trecken
schärfen,schärfe,schärfst,schärft,schärfte,geschärft,schärfte,schärfe,schärft,haben,zu schärfen
zutrauen,traue zu,traust zu,traut zu,traute zu,zugetraut,traute zu,trau zu,traut zu,haben,zuzutrauen
solmisieren,solmisiere,solmisierst,solmisiert,solmisierte,solmisiert,solmisierte,solmisiere,solmisiert,haben,zu solmisieren
dazuschauen,schaue dazu,schaust dazu,schaut dazu,schaute dazu,dazugeschaut,schaute dazu,schau dazu,schaut dazu,haben,dazuzuschauen
verprellen,verprelle,verprellst,verprellt,verprellte,verprellt,verprellte,verprell,verprellt,haben,zu verprellen
entstellen,entstelle,entstellst,entstellt,entstellte,entstellt,entstellte,entstell,entstellt,haben,zu entstellen
gesundschrumpfen,schrumpfe gesund,schrumpfst gesund,schrumpft gesund,schrumpfte gesund,gesundgeschrumpft,schrumpfte gesund,schrumpf gesund,schrumpft gesund,haben,zu gesundschrumpfen
missbrauchen,missbrauche,missbrauchst,missbraucht,missbrauchte,missbraucht,missbrauchte,missbrauch,missbraucht,haben,zu missbrauchen
ionisieren,ionisiere,ionisierst,ionisiert,ionisierte,ionisiert,ionisierte,ionisier,ionisiert,haben,zu ionisieren
kuren,kure,kurst,kurt,kurte,gekurt,kurte,kur,kurt,haben,zu kuren
wällen,wälle,wällst,wällt,wällte,gewällt,wällte,wäll,wällt,haben,zu wällen
irrlichtern,irrlichtere,irrlichterst,irrlichtert,irrlichterte,geirrlichtert,irrlichterte,irrlichtere,irrlichtert,haben,zu irrlichtern
runterwirtschaften,wirtschafte runter,wirtschaftest runter,wirtschaftet runter,wirtschaftete runter,runtergewirtschaftet,wirtschaftete runter,wirtschafte runter,wirtschaftet runter,haben,runterzuwirtschaften
herunterwirtschaften,wirtschafte herunter,wirtschaftest herunter,wirtschaftet herunter,wirtschaftete herunter,heruntergewirtschaftet,wirtschaftete herunter,wirtschafte herunter,wirtschaftet herunter,haben,herzuunterwirtschaften
beibleiben,bleibe bei,bleibst bei,bleibt bei,blieb bei,beigeblieben,bliebe bei,bleib bei,bleibt bei,sein,zu beibleiben
häckseln,häcksle,häckselst,häckselt,häckselte,gehäckselt,häckselte,häcksle,häckselt,haben,zu häckseln
entwarnen,entwarne,entwarnst,entwarnt,entwarnte,entwarnt,entwarnte,entwarne,entwarnt,haben,zu entwarnen
neutralisieren,neutralisiere,neutralisierst,neutralisiert,neutralisierte,neutralisiert,neutralisierte,neutralisier,neutralisiert,haben,zu neutralisieren
überladen,überlade,überlädst,überlädt,überlud,überladen,überlüde,überlade,überladet,haben,zu überladen
fetten,fette,fettest,fettet,fettete,gefettet,fettete,fett,fettet,haben,zu fetten
verhängen,verhänge,verhängst,verhängt,verhängte,verhängt,verhängte,verhäng,verhängt,haben,zu verhängen
fernen,ferne,fernst,fernt,fernte,gefernt,fernte,fern,fernt,haben,zu fernen
entweichen,entweiche,entweichst,entweicht,entwich,entwichen,entwiche,entweiche,entweicht,sein,zu entweichen
bezuschussen,bezuschusse,bezuschusst,bezuschusst,bezuschusste,bezuschusst,bezuschusste,bezuschuss,bezuschusst,haben,zu bezuschussen
kleiden,kleide,kleidest,kleidet,kleidete,gekleidet,kleidete,kleide,kleidet,haben,zu kleiden
verschalken,verschalke,verschalkst,verschalkt,verschalkte,verschalkt,verschalkte,verschalk,verschalkt,haben,zu verschalken
schwoien,—,—,schwoit,schwoite,geschwoit,schwoite,—,—,haben,zu schwoien
reifen,reife,reifst,reift,reifte,gereift,reifte,reif,reift,sein,zu reifen
attestieren,attestiere,attestierst,attestiert,attestierte,attestiert,attestierte,attestier,attestiert,haben,zu attestieren
ausknocken,knocke aus,knockst aus,knockt aus,knockte aus,ausgeknockt,knockte aus,knocke aus,knockt aus,haben,auszuknocken
kickboxen,kickboxe,kickboxt,kickboxt,kickboxte,gekickboxt,kickboxte,kickboxe,kickboxt,haben,kickzuboxen
schnüren,schnüre,schnürst,schnürt,schnürte,geschnürt,schnürte,schnüre,schnürt,haben,zu schnüren
gravieren,graviere,gravierst,graviert,gravierte,graviert,gravierte,graviere,graviert,haben,zu gravieren
gellen,gelle,gellst,gellt,gellte,gegellt,gellte,gell,gellt,haben,zu gellen
hellen,helle,hellst,hellt,hellte,gehellt,hellte,hell,hellt,haben,zu hellen
anheuern,heuere an,heuerst an,heuert an,heuerte an,angeheuert,heuerte an,heuere an,heuert an,haben,anzuheuern
verstoßen,verstoße,verstößt,verstößt,verstieß,verstoßen,verstieße,verstoß,verstoßt,haben,zu verstoßen
umstoßen,stoße um,stößt um,stößt um,stieß um,umgestoßen,stieße um,stoß um,stoßt um,haben,umzustoßen
reffen,reffe,reffst,refft,reffte,gerefft,reffte,reff,refft,haben,zu reffen
kargen,karge,kargst,kargt,kargte,gekargt,kargte,karg,kargt,haben,zu kargen
auspeitschen,peitsche aus,peitschst aus,peitscht aus,peitschte aus,ausgepeitscht,peitschte aus,peitsch aus,peitscht aus,haben,auszupeitschen
liken,like,likst,likt,likte,gelikt,likte,like,likt,haben,zu liken
sniffen,sniffe,sniffst,snifft,sniffte,gesnifft,sniffte,sniff,snifft,haben,zu sniffen
bekiffen,bekiffe,bekiffst,bekifft,bekiffte,bekifft,bekiffte,bekiff,bekifft,haben,zu bekiffen
kräftigen,kräftige,kräftigst,kräftigt,kräftigte,gekräftigt,kräftigte,kräftig,kräftigt,haben,zu kräftigen
verschwitzen,verschwitze,verschwitzt,verschwitzt,verschwitzte,verschwitzt,verschwitzte,verschwitze,verschwitzt,haben,zu verschwitzen
beschriften,beschrifte,beschriftest,beschriftet,beschriftete,beschriftet,beschriftete,beschrift,beschriftet,haben,zu beschriften
entgiften,entgifte,entgiftest,entgiftet,entgiftete,entgiftet,entgiftete,entgift,entgiftet,haben,zu entgiften
laschen,lasche,laschst,lascht,laschte,gelascht,laschte,lasche,lascht,haben,zu laschen
abmustern,mustere ab,musterst ab,mustert ab,musterte ab,abgemustert,musterte ab,mustere ab,mustert ab,haben,abzumustern
liften,lifte,liftest,liftet,liftete,geliftet,liftete,lift,liftet,haben,zu liften
zurückschicken,schicke zurück,schickst zurück,schickt zurück,schickte zurück,zurückgeschickt,schickte zurück,schicke zurück,schickt zurück,haben,zuzurückschicken
entziffern,entziffere,entzifferst,entziffert,entzifferte,entziffert,entzifferte,entziffer,entziffert,haben,zu entziffern
zusammenziehen,ziehe zusammen,ziehst zusammen,zieht zusammen,zog zusammen,zusammengezogen,zöge zusammen,ziehe zusammen,zieht zusammen,haben,zuzusammenziehen
bangen,bange,bangst,bangt,bangte,gebangt,bangte,bange,bangt,haben,zu bangen
festfahren,fahre fest,fährst fest,fährt fest,fuhr fest,festgefahren,führe fest,fahr fest,fahrt fest,haben,festzufahren
beglückwünschen,beglückwünsche,beglückwünschst,beglückwünscht,beglückwünschte,beglückwünscht,beglückwünschte,beglückwünsche,beglückwünscht,haben,zu beglückwünschen
erachten,erachte,erachtest,erachtet,erachtete,erachtet,erachtete,eracht,erachtet,haben,zu erachten
ziegeln,ziegele,ziegelst,ziegelt,ziegelte,geziegelt,ziegelte,ziegele,ziegelt,haben,zu ziegeln
blenden,blende,blendest,blendet,blendete,geblendet,blendete,blende,blendet,haben,zu blenden
lautieren,lautiere,lautierst,lautiert,lautierte,lautiert,lautierte,lautier,lautiert,haben,zu lautieren
einbilden,bilde ein,bildest ein,bildet ein,bildete ein,eingebildet,bildete ein,bilde ein,bildet ein,haben,einzubilden
schneiben,schneibe,schneibst,schneibt,<small>(schneibte)</small>,geschnieben,<small>(schneibte)</small>,schneibe,schneibt,haben,zu schneiben
wuchzen,wuchze,wuchzt,wuchzt,wuchzte,gewuchzt,wuchzte,wuchze,wuchzt,haben,zu wuchzen
tapsen,tapse,tapst,tapst,tapste,getapst,tapste,taps,tapst,sein,zu tapsen
tappen,tappe,tappst,tappt,tappte,getappt,tappte,tappe,tappt,haben,zu tappen
kreuchen,kreuche,kreuchst,kreucht,kreuchte,gekreucht,kreuchte,kreuche,kreucht,haben,zu kreuchen
bölken,bölke,bölkst,bölkt,bölkte,gebölkt,bölkte,bölk,bölkt,haben,zu bölken
errechnen,errechne,errechnest,errechnet,errechnete,errechnet,errechnete,errechne,errechnet,haben,zu errechnen
anreisen,reise an,reist an,reist an,reiste an,angereist,reiste an,reis an,reist an,sein,anzureisen
derbröseln,derbrösele,derbröselst,derbröselt,derbröselte,derbröselt,derbröselte,derbrösele,derbröselt,haben,zu derbröseln
zusammenstellen,stelle zusammen,stellst zusammen,stellt zusammen,stellte zusammen,zusammengestellt,stellte zusammen,stelle zusammen,stellt zusammen,haben,zuzusammenstellen
herumgammeln,gammele herum,gammelst herum,gammelt herum,gammelte herum,herumgegammelt,gammelte herum,gammle herum,gammelt herum,haben,herzuumgammeln
derbätzen,derbätze,derbätzt,derbätzt,derbätzte,derbätzt,derbätzte,derbätze,derbätzt,haben,derbzuätzen
derschnaufen,derschnaufe,derschnaufst,derschnauft,derschnaufte,derschnauft,derschnaufte,derschnaufe,derschnauft,haben,zu derschnaufen
derdürren,derdürre,derdürrst,derdürrt,derdürrte,derdürrt,derdürrte,derdürre,derdürrt,sein,zu derdürren
dergeben,dergebe,dergibst,dergibt,<small>(dergab)</small>,dergeben,<small>(dergäbe)</small>,dergibe,dergibt,haben,zu dergeben
umhinspringen,springe umhin,springst umhin,springt umhin,<small>(sprang umhin)</small>,umhingesprungen,<small>(spränge umhin)</small>,springe umhin,springt umhin,sein,zu umhinspringen
ausbomben,bombe aus,bombst aus,bombt aus,bombte aus,ausgebombt,bombte aus,bombe aus,bombt aus,haben,auszubomben
herbeirufen,rufe herbei,rufst herbei,ruft herbei,rief herbei,herbeigerufen,riefe herbei,ruf herbei,ruft herbei,haben,herzubeirufen
verfrühen,verfrühe,verfrühst,verfrüht,verfrühte,verfrüht,verfrühte,verfrüh,verfrüht,haben,zu verfrühen
reimportieren,reimportiere,reimportierst,reimportiert,reimportierte,reimportiert,reimportierte,reimportier,reimportiert,haben,zu reimportieren
derfrieren,derfriere,derfrierst,derfriert,<small>(derfror)</small>,derfroren,<small>(derfröre)</small>,derfrier,derfriert,sein,zu derfrieren
lodern,lodere,loderst,lodert,loderte,gelodert,loderte,lodere,lodert,haben,zu lodern
derhungern,derhungere,derhungerst,derhungert,derhungerte,derhungert,derhungerte,derhungere,derhungert,sein,zu derhungern
derbremsen,derbremse,derbremst,derbremst,derbremste,derbremst,derbremste,derbrems,derbremst,haben,zu derbremsen
derbeißen,derbeiße,derbeißt,derbeißt,derbiss,derbissen,derbisse,derbeiße,derbeißt,haben,zu derbeißen
durchabfertigen,—,—,—,—,durchabgefertigt,—,—,—,haben,zu durchabfertigen
durchackern,ackere durch,ackerst durch,ackert durch,ackerte durch,durchgeackert,ackerte durch,ackere durch,ackert durch,haben,zu durchackern
zerbeißen,zerbeiße,zerbeißt,zerbeißt,zerbiss,zerbissen,zerbisse,zerbeiße,zerbeißt,haben,zu zerbeißen
bätzen,bätze,bätzt,bätzt,<small>(bätzte)</small>,gebätzt,<small>(bätzte)</small>,bätze,bätzt,haben,zu bätzen
ausbätzen,bätze aus,bätzt aus,bätzt aus,<small>(bätzte aus)</small>,ausgebätzt,<small>(bätzte aus)</small>,bätze aus,bätzt aus,haben,auszubätzen
anhinbätzen,bätze anhin,bätzt anhin,bätzt anhin,<small>(bätzte anhin)</small>,anhingebätzt,<small>(bätzte anhin)</small>,bätze anhin,bätzt anhin,haben,anzuhinbätzen
zerbätzen,zerbätze,zerbätzt,zerbätzt,<small>(zerbätzte)</small>,zerbätzt,<small>(zerbätzte)</small>,zerbätze,zerbätzt,haben,zu zerbätzen
reorganisieren,reorganisiere,reorganisierst,reorganisiert,reorganisierte,reorganisiert,reorganisierte,reorganisier,reorganisiert,haben,zu reorganisieren
bequemen,bequeme,bequemst,bequemt,bequemte,bequemt,bequemte,bequem,bequemt,haben,zu bequemen
abtrennen,trenne ab,trennst ab,trennt ab,trennte ab,abgetrennt,trennte ab,trenn ab,trennt ab,haben,abzutrennen
derbatzen,derbatze,derbatzt,derbatzt,derbatzte,derbatzt,derbatzte,derbatze,derbatzt,haben,zu derbatzen
würdigen,würdige,würdigst,würdigt,würdigte,gewürdigt,würdigte,würdig,würdigt,haben,zu würdigen
zivilisieren,zivilisiere,zivilisierst,zivilisiert,zivilisierte,zivilisiert,zivilisierte,zivilisiere,zivilisiert,haben,zu zivilisieren
anhängen,hänge an,hängst an,hängt an,hing an,angehangen,hinge an,hänge an,hängt an,haben,anzuhängen
zerstechen,zersteche,zerstichst,zersticht,zerstach,zerstochen,zerstäche,zerstich,zerstecht,haben,zu zerstechen
runzeln,runzle,runzelst,runzelt,runzelte,gerunzelt,runzelte,runzle,runzelt,haben,zu runzeln
reprivatisieren,reprivatisiere,reprivatisierst,reprivatisiert,reprivatisierte,reprivatisiert,reprivatisierte,reprivatisier,reprivatisiert,haben,zu reprivatisieren
bleichen,bleiche,bleichst,bleicht,bleichte,gebleicht,bleichte,bleich,bleicht,haben,zu bleichen
zermalmen,zermalme,zermalmst,zermalmt,zermalmte,zermalmt,zermalmte,zermalme,zermalmt,haben,zu zermalmen
zusammenknüllen,knülle zusammen,knüllst zusammen,knüllt zusammen,knüllte zusammen,zusammengeknüllt,knüllte zusammen,knüll zusammen,knüllt zusammen,haben,zuzusammenknüllen
betonieren,betoniere,betonierst,betoniert,betonierte,betoniert,betonierte,betoniere,betoniert,haben,zu betonieren
satinieren,satiniere,satinierst,satiniert,satinierte,satiniert,satinierte,satinier,satiniert,haben,zu satinieren
dersaufen,dersaufe,dersaufst,dersauft,dersoff,dersoffen,dersöffe,dersauf!,dersauft!,haben,zu dersaufen
derkrallen,derkralle,derkrallst,derkrallt,<small>(derkrallte)</small>,derkrallt,<small>(derkrallte)</small>,derkralle,derkrallt,haben,zu derkrallen
benamsen,benamse,benamst,benamst,benamste,benamst,benamste,benams,benamst,haben,zu benamsen
derkemmen,derkimme,derkimmst,derkimmt,<small>(derkam)</small>,derkemmen,<small>(derkäme)</small>,derkimm,derkimmt,sein,zu derkemmen
derfangen,derfange,derfangst,derfangt,<small>(derfing)</small>,derfangen,<small>(derfinge)</small>,derfange,derfangt,haben,zu derfangen
telegrafieren,telegrafiere,telegrafierst,telegrafiert,telegrafierte,telegrafiert,telegrafierte,telegrafiere,telegrafiert,haben,zu telegrafieren
abreagieren,reagiere ab,reagierst ab,reagiert ab,reagierte ab,abreagiert,reagierte ab,reagier ab,reagiert ab,haben,abzureagieren
spondieren,spondiere,spondierst,spondiert,spondierte,spondiert,spondierte,spondier,spondiert,haben,zu spondieren
derwischen,derwische,derwischst,derwischt,<small>(derwischte)</small>,"derwischt, derwuschen",<small>(derwischte)</small>,derwische,derwischt,haben,zu derwischen
derwuzeln,derwuzele,derwuzelst,derwuzelt,<small>(derwuzelte)</small>,derwuzelt,<small>(derwuzelte)</small>,derwuzele,derwuzelt,haben,zu derwuzeln
umherspringen,springe umher,springst umher,springt umher,sprang umher,umhergesprungen,spränge umher,spring umher,springt umher,sein,umherzuspringen
schikanieren,schikaniere,schikanierst,schikaniert,schikanierte,schikaniert,schikanierte,schikanier,schikaniert,haben,zu schikanieren
symbolisieren,symbolisiere,symbolisierst,symbolisiert,symbolisierte,symbolisiert,symbolisierte,symbolisier,symbolisiert,haben,zu symbolisieren
weiterfahren,fahre weiter,fährst weiter,fährt weiter,fuhr weiter,weitergefahren,führe weiter,fahr weiter,fahrt weiter,sein,weitzuerfahren
stehenbleiben,bleibe stehen,bleibst stehen,bleibt stehen,blieb stehen,stehengeblieben,bliebe stehen,bleib stehen,bleibt stehen,sein,zu stehenbleiben
abhinschweiben,schweibe abhin,schweibst abhin,schweibt abhin,<small>(schweibte abhin)</small>,abhingeschweibt,<small>(schweibte abhin)</small>,schweibe abhin,schweibt abhin,haben,abzuhinschweiben
tablettieren,tablettiere,tablettierst,tablettiert,tablettierte,tablettiert,tablettierte,tablettier,tablettiert,haben,zu tablettieren
frottieren,frottiere,frottierst,frottiert,frottierte,frottiert,frottierte,frottier,frottiert,haben,zu frottieren
tricksen,trickse,trickst,trickst,trickste,getrickst,trickste,tricks,trickst,haben,zu tricksen
bluffen,bluffe,bluffst,blufft,bluffte,geblufft,bluffte,bluff,blufft,haben,zu bluffen
tapezieren,tapeziere,tapezierst,tapeziert,tapezierte,tapeziert,tapezierte,tapezier,tapeziert,haben,zu tapezieren
abherbeuteln,beutele abher,beutelst abher,beutelt abher,<small>(beutelte abher)</small>,abhergebeutelt,<small>(beutelte abher)</small>,beutele abher,beutelt abher,haben,abzuherbeuteln
umeinanderbeuteln,beutle umeinander,beutelst umeinander,beutelt umeinander,beutelte umeinander,umeinandergebeutelt,beutelte umeinander,beutle umeinander,beutelt umeinander,haben,zu umeinanderbeuteln
aufhinpicken,picke aufhin,pickst aufhin,pickt aufhin,pickte aufhin,aufhigepickt,pickte aufhin,picke aufhin,pickt aufhin,haben,aufzuhinpicken
aufhinpappen,pappe aufhin,pappst aufhin,pappt aufhin,<small>(pappte aufhin)</small>,aufhingepappt,<small>(pappte aufhin)</small>,pappe aufhin,pappt aufhin,haben,aufzuhinpappen
missglücken,missglücke,missglückst,missglückt,missglückte,missglückt,missglückte,missglücke,missglückt,sein,zu missglücken
wegloben,lobe weg,lobst weg,lobt weg,lobte weg,weggelobt,lobte weg,lobe weg,lobt weg,haben,wegzuloben
verzücken,verzücke,verzückst,verzückt,verzückte,verzückt,verzückte,verzück,verzückt,haben,zu verzücken
leaken,leake,leakst,leakt,leakte,geleakt,leakte,leake,leakt,haben,zu leaken
besendern,besendere,besenderst,besendert,besenderte,besendert,besenderte,besendere,besendert,haben,zu besendern
entsendern,entsendere,entsenderst,entsendert,entsenderte,entsendert,entsenderte,entsendere,entsendert,haben,zu entsendern
verwanzen,verwanze,verwanzt,verwanzt,verwanzte,verwanzt,verwanzte,verwanz,verwanzt,sein,zu verwanzen
entwanzen,entwanze,entwanzt,entwanzt,entwanzte,entwanzt,entwanzte,entwanz,entwanzt,sein,zu entwanzen
fracken,fracke,frackst,frackt,frackte,gefrackt,frackte,fracke,frackt,haben,zu fracken
vrecken,vrecke,vreckst,vreckt,vreckte,gevreckt,vreckte,vrecke,vreckt,sein,zu vrecken
verschwistern,verschwistere,verschwisterst,verschwistert,verschwisterte,verschwistert,verschwisterte,verschwistere,verschwistert,haben,zu verschwistern
sororisieren,sororisiere,sororisierst,sororisiert,sororisierte,sororisiert,sororisierte,sororisier,sororisiert,haben,zu sororisieren
verbrüdern,verbrüdere,verbrüderst,verbrüdert,verbrüderte,verbrüdert,verbrüderte,verbrüdere,verbrüdert,haben,zu verbrüdern
zutexten,texte zu,textest zu,textet zu,textete zu,zugetextet,textete zu,texte zu,textet zu,haben,zuzutexten
an sein,—,—,ist an,war an,an gewesen,wäre an,sei an,seid an,sein,anzu sein
düngen,dünge,düngst,düngt,düngte,gedüngt,düngte,düng,düngt,haben,zu düngen
spengeln,spengle,spengelst,spengelt,spengelte,gespengelt,spengelte,spengle,spengelt,haben,zu spengeln
ektomieren,ektomiere,ektomierst,ektomiert,ektomierte,ektomiert,ektomierte,ektomier,ektomiert,haben,zu ektomieren
taktieren,taktiere,taktierst,taktiert,taktierte,taktiert,taktierte,taktier,taktiert,haben,zu taktieren
elastifizieren,elastifiziere,elastifizierst,elastifiziert,elastifizierte,elastifiziert,elastifizierte,elastifizier,elastifiziert,haben,zu elastifizieren
encouragieren,encouragiere,encouragierst,encouragiert,encouragierte,encouragiert,encouragierte,encouragier,encouragiert,haben,zu encouragieren
rauen,raue,raust,raut,raute,geraut,raute,raue,raut,haben,zu rauen
ranken,ranke,rankst,rankt,rankte,gerankt,rankte,ranke,rankt,haben,zu ranken
durchtelefonieren,telefoniere durch,telefonierst durch,telefoniert durch,telefonierte durch,durchtelefoniert,telefonierte durch,telefonier durch,telefoniert durch,haben,zu durchtelefonieren
dekrementieren,dekrementiere,dekrementierst,dekrementiert,dekrementierte,dekrementiert,dekrementierte,dekrementier,dekrementiert,haben,zu dekrementieren
inkrementieren,inkrementiere,inkrementierst,inkrementiert,inkrementierte,inkrementiert,inkrementierte,inkrementier,inkrementiert,haben,zu inkrementieren
durchheizen,heize durch,heizt durch,heizt durch,heizte durch,durchgeheizt,heizte durch,heize durch,heizt durch,haben,zu durchheizen
demineralisieren,demineralisiere,demineralisierst,demineralisiert,demineralisierte,demineralisiert,demineralisierte,demineralisier,demineralisiert,haben,zu demineralisieren
gallen,galle,gallst,gallt,gallte,gegallt,gallte,gall,gallt,haben,zu gallen
pfupfern,pfupfere,pfupferst,pfupfert,pfupferte,gepfupfert,pfupferte,pfupfer,pfupfert,haben,zu pfupfern
generalüberholen,—,—,—,—,generalüberholt,—,generalüberhole,generalüberholt,haben,zu generalüberholen
dentelieren,denteliere,dentelierst,denteliert,dentelierte,denteliert,dentelierte,dentelier,denteliert,haben,zu dentelieren
ventilieren,ventiliere,ventilierst,ventiliert,ventilierte,ventiliert,ventilierte,ventiliere,ventiliert,haben,zu ventilieren
grimassieren,grimassiere,grimassierst,grimassiert,grimassierte,grimassiert,grimassierte,grimassier,grimassiert,haben,zu grimassieren
twisten,twiste,twistest,twistet,twistete,getwistet,twistete,twiste,twistet,haben,zu twisten
koksen,kokse,kokst,kokst,kokste,gekokst,kokste,koks,kokst,haben,zu koksen
ausherschliefen,schliefe ausher,schliefst ausher,schlieft ausher,<small>(schloff ausher)</small>,aushergeschloffen,<small>(schlöffe ausher)</small>,schliefe ausher,schlieft ausher,sein,auszuherschliefen
medikamentieren,medikamentiere,medikamentierst,medikamentiert,medikamentierte,medikamentiert,medikamentierte,medikamentiere,medikamentiert,haben,zu medikamentieren
urlauben,urlaube,urlaubst,urlaubt,urlaubte,geurlaubt,urlaubte,urlaub,urlaubt,haben,zu urlauben
desaminieren,desaminiere,desaminierst,desaminiert,desaminierte,desaminiert,desaminierte,desaminier,desaminiert,haben,zu desaminieren
vergaffen,vergaffe,vergaffst,vergafft,vergaffte,vergafft,vergaffte,vergaff,vergafft,haben,zu vergaffen
begaffen,begaffe,begaffst,begafft,begaffte,begafft,begaffte,begaff,begafft,haben,zu begaffen
betüdeln,betüdele,betüdelst,betüdelt,betüdelte,betüdelt,betüdelte,betüdel,betüdelt,haben,zu betüdeln
schraffen,schraffe,schraffst,schrafft,schraffte,geschrafft,schraffte,schraff,schrafft,haben,zu schraffen
abhersagen,sage abher,sagst abher,sagt abher,sagte abher,abhergesagt,sagte abher,sage abher,sagt abher,haben,abzuhersagen
vertüdeln,vertüdele,vertüdelst,vertüdelt,vertüdelte,vertüdelt,vertüdelte,vertüdel,vertüdelt,haben,zu vertüdeln
vertüdern,vertüdere,vertüderst,vertüdert,vertüderte,vertüdert,vertüderte,vertüder,vertüdert,haben,zu vertüdern
rumhüsern,hüsere rum,hüserst rum,hüsert rum,hüserte rum,rumgehüsert,hüserte rum,hüser rum,hüsert rum,haben,zu rumhüsern
verkraften,verkrafte,verkraftest,verkraftet,verkraftete,verkraftet,verkraftete,verkraft,verkraftet,haben,zu verkraften
ausklabüstern,klabüstere aus,klabüsterst aus,klabüstert aus,klabüsterte aus,ausklabüstert,klabüsterte aus,klabüster aus,klabüstert aus,haben,auszuklabüstern
auseinanderklamüsern,klamüsere auseinander,klamüserst auseinander,klamüsert auseinander,klamüserte auseinander,auseinanderklamüsert,klamüserte auseinander,klamüser auseinander,klamüsert auseinander,haben,auszueinanderklamüsern
behaften,behafte,behaftest,behaftet,behaftete,behaftet,behaftete,behaft,behaftet,haben,zu behaften
abhinrutschen,rutsche abhin,rutschst abhin,rutscht abhin,rutschte abhin,abhingerutscht,rutschte abhin,rutsche abhin,rutscht abhin,sein,abzuhinrutschen
düsen,düse,düst,düst,düste,gedüst,düste,düs,düst,sein,zu düsen
vergären,vergäre,vergärst,vergärt,vergärte,vergoren,vergärte,vergäre,vergärt,sein,zu vergären
defäzieren,defäziere,defäzierst,defäziert,defäzierte,defäziert,defäzierte,defäzier,defäziert,haben,zu defäzieren
kiten,kite,kitest,kitet,kitete,gekitet,kitete,kit,kitet,haben,zu kiten
kellnern,kellnere,kellnerst,kellnert,kellnerte,gekellnert,kellnerte,kellner,kellnert,haben,zu kellnern
devolvieren,devolviere,devolvierst,devolviert,devolvierte,devolviert,devolvierte,devolvier,devolviert,haben,zu devolvieren
hineingehen,gehe hinein,gehst hinein,geht hinein,ging hinein,hineingegangen,ginge hinein,geh hinein,geht hinein,sein,hinzueingehen
verkacken,verkacke,verkackst,verkackt,verkackte,verkackt,verkackte,verkack,verkackt,haben,zu verkacken
pracken,pracke,prackst,prackt,prackte,geprackt,prackte,prack,prackt,haben,zu pracken
placken,placke,plackst,plackt,plackte,geplackt,plackte,plack,plackt,haben,zu placken
einhinwerfen,werfe einhin,wirfst einhin,wirft einhin,warf einhin,einhingeworfen,würfe einhin,wirf einhin,werft einhin,haben,einzuhinwerfen
bepissen,bepisse,bepisst,bepisst,bepisste,bepisst,bepisste,bepiss,bepisst,haben,zu bepissen
plöddern,plöddere,plödderst,plöddert,plödderte,geplöddert,plödderte,plödder,plöddert,haben,zu plöddern
pütschern,pütschere,pütscherst,pütschert,pütscherte,gepütschert,pütscherte,pütscher,pütschert,haben,zu pütschern
plörren,plörre,plörrst,plörrt,plörrte,geplörrt,plörrte,plörr,plörrt,haben,zu plörren
pladdern,—,—,pladdert,pladderte,gepladdert,pladderte,—,—,haben,zu pladdern
plötern,plötere,plöterst,plötert,plöterte,geplötert,plöterte,plöter,plötert,haben,zu plötern
totprügeln,prügele tot,prügelst tot,prügelt tot,prügelte tot,totgeprügelt,prügelte tot,prügele tot,prügelt tot,haben,totzuprügeln
überschreiten,überschreite,überschreitest,überschreitet,überschritt,überschritten,überschritte,überschreite,überschreitet,haben,zu überschreiten
einhinfahren,fahre einhin,fährst einhin,fährt einhin,fuhr einhin,einhingefahren,führe einhin,fahre einhin,fahrt einhin,sein,einzuhinfahren
ausherkemmen,kemme ausher,kemmst ausher,kemmt ausher,kemmte ausher,aushergekemmen,kemmte ausher,kemme ausher,kemmt ausher,sein,auszuherkemmen
umeinanderstehen,stehe umeinander,stehst umeinander,steht umeinander,stand umeinander,umeinandergestanden,stünde umeinander,steh umeinander,steht umeinander,sein,zu umeinanderstehen
herausschmuggeln,schmuggele heraus,schmuggelst heraus,schmuggelt heraus,schmuggelte heraus,herausgeschmuggelt,schmuggelte heraus,schmuggel heraus,schmuggelt heraus,haben,herzuausschmuggeln
kalauern,kalauere,kalauerst,kalauert,kalauerte,gekalauert,kalauerte,kalauere,kalauert,haben,zu kalauern
schmalten,schmalte,schmaltest,schmaltet,schmaltete,geschmaltet,schmaltete,schmalt,schmaltet,haben,zu schmalten
pedalieren,pedaliere,pedalierst,pedaliert,pedalierte,pedaliert,pedalierte,pedalier,pedaliert,haben,zu pedalieren
demokratisieren,demokratisiere,demokratisierst,demokratisiert,demokratisierte,demokratisiert,demokratisierte,demokratisier,demokratisiert,haben,zu demokratisieren
linsen,linse,linst,linst,linste,gelinst,linste,lins,linst,haben,zu linsen
abjudizieren,abjudiziere,abjudizierst,abjudiziert,abjudizierte,abjudiziert,abjudizierte,abjudizier,abjudiziert,haben,abzujudizieren
collagieren,collagiere,collagierst,collagiert,collagierte,collagiert,collagierte,collagier,collagiert,haben,zu collagieren
krüllen,krülle,krüllst,krüllt,krüllte,gekrüllt,krüllte,krülle,krüllt,haben,zu krüllen
fitten,fitte,fittest,fittet,fittete,gefittet,fittete,fitte,fittet,haben,zu fitten
feuchten,feuchte,feuchtest,feuchtet,feuchtete,gefeuchtet,feuchtete,feucht,feuchtet,haben,zu feuchten
segregieren,segregiere,segregierst,segregiert,segregierte,segregiert,segregierte,segregier,segregiert,haben,segzuregieren
schichten,schichte,schichtest,schichtet,schichtete,geschichtet,schichtete,schichte,schichtet,haben,zu schichten
farcieren,farciere,farcierst,farciert,farcierte,farciert,farcierte,farcier,farciert,haben,zu farcieren
pedden,pedde,peddest,peddet,peddete,gepeddet,peddete,pedde,peddet,haben,zu pedden
grauen,graue,graust,graut,graute,gegraut,graute,grau,graut,haben,zu grauen
puzzeln,puzzele,puzzelst,puzzelt,puzzelte,gepuzzelt,puzzelte,puzzele,puzzelt,haben,zu puzzeln
knauben,knaube,knaubst,knaubt,knaubte,geknaubt,knaubte,knaube,knaubt,haben,zu knauben
blessieren,blessiere,blessierst,blessiert,blessierte,blessiert,blessierte,blessier,blessiert,haben,zu blessieren
petten,pette,pettest,pettet,pettete,gepettet,pettete,pette,pettet,haben,zu petten
spacken,spacke,spackst,spackt,spackte,gespackt,spackte,spack,spackt,haben,zu spacken
schliefen,schliefe,schliefst,schlieft,schloff,geschloffen,schlöffe,schliefe,schlieft,sein,zu schliefen
schlüpfen,schlüpfe,schlüpfst,schlüpft,schlüpfte,geschlüpft,schlüpfte,schlüpfe,schlüpft,sein,schzulüpfen
spitzen,spitze,spitzt,spitzt,spitzte,gespitzt,spitzte,spitz,spitzt,haben,zu spitzen
schlupfen,schlupfe,schlupfst,schlupft,schlupfte,geschlupft,schlupfte,schlupfe,schlupft,sein,zu schlupfen
logieren,logiere,logierst,logiert,logierte,logiert,logierte,logiere,logiert,haben,zu logieren
pronieren,proniere,pronierst,proniert,pronierte,proniert,pronierte,pronier,proniert,haben,zu pronieren
tollen,tolle,tollst,tollt,tollte,getollt,tollte,toll,tollt,haben,zu tollen
verschliefen,verschliefe,verschliefst,verschlieft,verschloff,verschloffen,verschlöffe,verschliefe,verschlieft,haben,zu verschliefen
aufdröseln,drösel auf,dröselst auf,dröselt auf,dröselte auf,aufgedröselt,dröselte auf,drösel auf,dröselt auf,haben,aufzudröseln
aufscheuchen,scheuche auf,scheuchst auf,scheucht auf,scheuchte auf,aufgescheucht,scheuchte auf,scheuch auf,scheucht auf,haben,aufzuscheuchen
aufribbeln,ribbel auf,ribbelst auf,ribbelt auf,ribbelte auf,aufgeribbelt,ribbelte auf,ribbel auf,ribbelt auf,haben,aufzuribbeln
anklicken,klicke an,klickst an,klickt an,klickte an,angeklickt,klickte an,klicke an,klickt an,haben,anzuklicken
schokolieren,schokoliere,schokolierst,schokoliert,schokolierte,schokoliert,schokolierte,schokolier,schokoliert,haben,zu schokolieren
eskimotieren,eskimotiere,eskimotierst,eskimotiert,eskimotierte,eskimotiert,eskimotierte,eskimotier,eskimotiert,haben,zu eskimotieren
Benutzer:Yoursmile/FV/Verb,e,st,t,te,get,te,,t,haben,zu Benutzer:Yoursmile/FV/Verb
verschaukeln,verschaukle,verschaukelst,verschaukelt,verschaukelte,verschaukelt,verschaukelte,verschaukle,verschaukelt,haben,zu verschaukeln
schweinigeln,schweinigle,schweinigelst,schweinigelt,schweinigelte,geschweinigelt,schweinigelte,schweinigle,schweinigelt,haben,zu schweinigeln
entfahren,entfahre,entfährst,entfährt,entfuhr,entfahren,entführe,entfahre,entfahrt,sein,zu entfahren
beschlagnahmen,beschlagnahme,beschlagnahmst,beschlagnahmt,beschlagnahmte,beschlagnahmt,beschlagnahmte,beschlagnahm,beschlagnahmt,haben,zu beschlagnahmen
behumsen,behumse,behumst,behumst,behumste,behumst,behumste,behumse,behumst,haben,zu behumsen
erübrigen,erübrige,erübrigst,erübrigt,erübrigte,erübrigt,erübrigte,erübrig,erübrigt,haben,zu erübrigen
abaissieren,abaissiere,abaissierst,abaissiert,abaissierte,abaissiert,abaissierte,abaissiere,abaissiert,haben,abzuaissieren
abälardisieren,abälardisiere,abälardisierst,abälardisiert,abälardisierte,abälardisiert,abälardisierte,abälardisier,abälardisiert,haben,abzuälardisieren
sichten,sichte,sichtest,sichtet,sichtete,gesichtet,sichtete,sichte,sichtet,haben,zu sichten
unterlegen,unterlege,unterlegst,unterlegt,unterlegte,unterlegt,unterlegte,unterlege,unterlegt,haben,zu unterlegen
unterliegen,unterliege,unterliegst,unterliegt,unterlag,unterlegen,unterläge,unterliege,unterliegt,haben,zu unterliegen
anfixen,fixe an,fixt an,fixt an,fixte an,angefixt,fixte an,fixe an,fixt an,haben,anzufixen
wegzappen,zappe weg,zappst weg,zappt weg,zappte weg,weggezappt,zappte weg,zappe weg,zappt weg,haben,wegzuzappen
umeinanderliegen,liege umeinander,liegst umeinander,liegt umeinander,lag umeinander,umeinandergelegene,läge umeinander,lieg umeinander,liegt umeinander,sein,zu umeinanderliegen
abhinfallen,falle abhin,fällst abhin,fällt abhin,fiel abhin,abhingefallen,fiele abhin,falle abhin,fallt abhin,sein,abzuhinfallen
hieven,hieve,hievst,hievt,hievte,gehievt,hievte,hiev,hievt,haben,zu hieven
verwetten,verwette,verwettest,verwettet,verwettete,verwettet,verwettete,verwett,verwettet,haben,zu verwetten
verfetten,verfette,verfettest,verfettet,verfettete,verfettet,verfettete,verfett,verfettet,sein,zu verfetten
zehnteln,zehntele,zehntelst,zehntelt,zehntelte,gezehntelt,zehntelte,zehntele,zehntelt,haben,zu zehnteln
einsitzen,sitze ein,sitzt ein,sitzt ein,saß ein,eingesessen,säße ein,sitze ein,sitzt ein,haben,einzusitzen
verrennen,verrenne,verrennst,verrennt,verrannte,verrannt,verrennte,verrenn,verrennt,haben,zu verrennen
abfressen,fresse ab,frisst ab,frisst ab,fraß ab,abgefressen,fräße ab,friss ab,fresst ab,haben,abzufressen
käsen,käse,käst,käst,käste,gekäst,käste,käs,käst,haben,zu käsen
schlackern,schlackere,schlackerst,schlackert,schlackerte,geschlackert,schlackerte,schlackere,schlackert,haben,zu schlackern
knarzen,knarze,knarzt,knarzt,knarzte,geknarzt,knarzte,knarz,knarzt,haben,zu knarzen
abhorreszieren,abhorresziere,abhorreszierst,abhorresziert,abhorreszierte,abhorresziert,abhorreszierte,abhorresziere,abhorresziert,haben,abzuhorreszieren
abhorrieren,abhorriere,abhorrierst,abhorriert,abhorrierte,abhorriert,abhorrierte,abhorriere,abhorriert,haben,abzuhorrieren
versumpfen,versumpfe,versumpfst,versumpft,versumpfte,versumpft,versumpfte,versumpf,versumpft,haben,zu versumpfen
morsen,morse,morst,morst,morste,gemorst,morste,morse,morst,haben,zu morsen
ersterben,ersterbe,erstirbst,erstirbt,erstarb,erstorben,erstürbe,erstirb,ersterbt,sein,zu ersterben
verbürgen,verbürge,verbürgst,verbürgt,verbürgte,verbürgt,verbürgte,verbürg,verbürgt,haben,zu verbürgen
kompostieren,kompostiere,kompostierst,kompostiert,kompostierte,kompostiert,kompostierte,kompostier,kompostiert,haben,zu kompostieren
entseuchen,entseuche,entseuchst,entseucht,entseuchte,entseucht,entseuchte,entseuch,entseucht,haben,zu entseuchen
verschwägern,verschwägere,verschwägerst,verschwägert,verschwägerte,verschwägert,verschwägerte,verschwägere,verschwägert,haben,zu verschwägern
verpatzen,verpatze,verpatzt,verpatzt,verpatzte,verpatzt,verpatzte,verpatz,verpatzt,haben,zu verpatzen
entpuppen,entpuppe,entpuppst,entpuppt,entpuppte,entpuppt,entpuppte,entpuppe,entpuppt,haben,zu entpuppen
abjurieren,abjuriere,abjurierst,abjuriert,abjurierte,abjuriert,abjurierte,abjurier,abjuriert,haben,abzujurieren
abkapiteln,kapitele ab,kapitelst ab,kapitelt ab,kapitelte ab,abkapitelt,kapitelte ab,kapitele ab,kapitelt ab,haben,abzukapiteln
abkommandieren,kommandiere ab,kommandierst ab,kommandiert ab,kommandierte ab,abkommandiert,kommandierte ab,kommandiere ab,kommandiert ab,haben,abzukommandieren
abkonterfeien,konterfeie ab,konterfeist ab,konterfeit ab,konterfeite ab,abgekonterfeit,konterfeite ab,konterfei ab,konterfeit ab,haben,abzukonterfeien
ablaktieren,ablaktiere,ablaktierst,ablaktiert,ablaktierte,ablaktiert,ablaktierte,ablaktiere,ablaktiert,haben,abzulaktieren
ablosen,lose ab,lost ab,lost ab,loste ab,abgelost,loste ab,los ab,lost ab,haben,abzulosen
ablozieren,abloziere,ablozierst,abloziert,ablozierte,abloziert,ablozierte,abloziere,abloziert,haben,abzulozieren
abmoderieren,moderiere ab,moderierst ab,moderiert ab,moderierte ab,abmoderiert,moderierte ab,moderiere ab,moderiert ab,haben,abzumoderieren
abhären,häre ab,härst ab,härt ab,härte ab,abgehärt,härte ab,häre ab,härt ab,haben,abzuhären
abnibbeln,nibble ab,nibbelst ab,nibbelt ab,nibbelte ab,abgenibbelt,nibbelte ab,nibble ab,nibbelt ab,sein,abzunibbeln
abnicken,nicke ab,nickst ab,nickt ab,nickte ab,abgenickt,nickte ab,nick ab,nickt ab,haben,abzunicken
abolieren,aboliere,abolierst,aboliert,abolierte,aboliert,abolierte,aboliere,aboliert,haben,abzuolieren
konfabulieren,konfabuliere,konfabulierst,konfabuliert,konfabulierte,konfabuliert,konfabulierte,konfabulier,konfabuliert,haben,zu konfabulieren
emaillieren,emailliere,emaillierst,emailliert,emaillierte,emailliert,emaillierte,emaillier,emailliert,haben,zu emaillieren
einkasteln,kastele ein,kastelst ein,kastelt ein,kastelte ein,eingekastelt,kastelte ein,kastele ein,kastelt ein,haben,einzukasteln
einpapierln,papierle ein,papierlst ein,papierlt ein,papierlte ein,einpapierlt,papierlte ein,papierl ein,papierlt ein,haben,einzupapierln
verfremden,verfremde,verfremdest,verfremdet,verfremdete,verfremdet,verfremdete,verfremd,verfremdet,haben,zu verfremden
anfeuchten,feuchte an,feuchtest an,feuchtet an,feuchtete an,angefeuchtet,feuchtete an,feucht an,feuchtet an,haben,anzufeuchten
abcashen,cashe ab,cashst ab,casht ab,cashte ab,abgecasht,cashte ab,cash ab,casht ab,haben,abzucashen
anleuchten,leuchte an,leuchtest an,leuchtet an,leuchtete an,angeleuchtet,leuchtete an,leucht an,leuchtet an,haben,anzuleuchten
abstauben,staube ab,staubst ab,staubt ab,staubte ab,abgestaubt,staubte ab,staube ab,staubt ab,haben,abzustauben
beharren,beharre,beharrst,beharrt,beharrte,beharrt,beharrte,beharre,beharrt,haben,zu beharren
Laut geben,gebe Laut,gibst Laut,gibt Laut,gab Laut,Laut gegeben,gäbe Laut,gib Laut,gebt Laut,haben,zu Laut geben
bescheinen,bescheine,bescheinst,bescheint,beschien,beschienen,beschiene,beschein,bescheint,haben,zu bescheinen
beschienen,beschiene,beschienst,beschient,beschiente,beschient,beschiente,beschien,beschient,haben,zu beschienen
hypnotisieren,hypnotisiere,hypnotisierst,hypnotisiert,hypnotisierte,hypnotisiert,hypnotisierte,hypnotisiere,hypnotisiert,haben,zu hypnotisieren
abortieren,abortiere,abortierst,abortiert,abortierte,abortiert,abortierte,abortiere,abortiert,haben,abzuortieren
frettieren,frettiere,frettierst,frettiert,frettierte,frettiert,frettierte,frettier,frettiert,haben,zu frettieren
verzinnen,verzinne,verzinnst,verzinnt,verzinnte,verzinnt,verzinnte,verzinn,verzinnt,haben,zu verzinnen
abpacken,packe ab,packst ab,packt ab,packte ab,abgepackt,packte ab,pack ab,packt ab,haben,abzupacken
abpatrouillieren,patrouilliere ab,patrouillierst ab,patrouilliert ab,patrouillierte ab,abpatrouilliert,patrouillierte ab,patrouillier ab,patrouilliert ab,haben,abzupatrouillieren
abpipettieren,pipettiere ab,pipettierst ab,pipettiert ab,pipettierte ab,abpipettiert,pipettierte ab,pipettier ab,pipettiert ab,haben,abzupipettieren
abqualifizieren,qualifiziere ab,qualifizierst ab,qualifiziert ab,qualifizierte ab,abqualifiziert,qualifizierte ab,qualifiziere ab,qualifiziert ab,haben,abzuqualifizieren
verzinken,verzinke,verzinkst,verzinkt,verzinkte,verzinkt,verzinkte,verzink,verzinkt,haben,zu verzinken
abrasieren,rasiere ab,rasierst ab,rasiert ab,rasierte ab,abrasiert,rasierte ab,rasier ab,rasiert ab,haben,abzurasieren
abrogieren,abrogiere,abrogierst,abrogiert,abrogierte,abrogiert,abrogierte,abrogier,abrogiert,haben,abzurogieren
absaven,save ab,savst ab,savt ab,savte ab,abgesavt,savte ab,save ab,savt ab,haben,abzusaven
abquetschen,quetsche ab,quetschst ab,quetscht ab,quetschte ab,abgequetscht,quetschte ab,quetsch ab,quetscht ab,haben,abzuquetschen
abquatschen,quatsche ab,quatschst ab,quatscht ab,quatschte ab,abgequatscht,quatschte ab,quatsch ab,quatscht ab,haben,abzuquatschen
abpellen,pelle ab,pellst ab,pellt ab,pellte ab,abgepellt,pellte ab,pelle ab,pellt ab,haben,abzupellen
abperlen,—,—,perlt ab,perlte ab,abgeperlt,perlte ab,—,—,sein,abzuperlen
abpfeifen,pfeife ab,pfeifst ab,pfeift ab,pfiff ab,abgepfiffen,pfiffe ab,pfeife ab,pfeift ab,haben,abzupfeifen
abpinnen,pinne ab,pinnst ab,pinnt ab,pinnte ab,abgepinnt,pinnte ab,pinn ab,pinnt ab,haben,abzupinnen
abplacken,placke ab,plackst ab,plackt ab,plackte ab,abgeplackt,plackte ab,placke ab,plackt ab,haben,abzuplacken
abzwitschern,zwitschere ab,zwitscherst ab,zwitschert ab,zwitscherte ab,abgezwitschert,zwitscherte ab,zwitschere ab,zwitschert ab,sein,abzuzwitschern
abzäumen,zäume ab,zäumst ab,zäumt ab,zäumte ab,abgezäumt,zäumte ab,zäume ab,zäumt ab,haben,abzuzäumen
abzäunen,zäune ab,zäunst ab,zäunt ab,zäunte ab,abgezäunt,zäunte ab,zäune ab,zäunt ab,haben,abzuzäunen
abzischen,zische ab,zischst ab,zischt ab,zischte ab,abgezischt,zischte ab,zische ab,zischt ab,sein,abzuzischen
absentieren,absentiere,absentierst,absentiert,absentierte,absentiert,absentierte,absentier,absentiert,haben,abzusentieren
vollstopfen,stopfe voll,stopfst voll,stopft voll,stopfte voll,vollgestopft,stopfte voll,stopf voll,stopft voll,haben,vollzustopfen
bekanntwerden,werde bekannt,wirst bekannt,wird bekannt,wurde bekannt,bekanntgeworden,würde bekannt,werde bekannt,werdet bekannt,sein,zu bekanntwerden
klarstellen,stelle klar,stellst klar,stellt klar,stellte klar,klargestellt,stellte klar,stell klar,stellt klar,haben,klarzustellen
transitieren,transitiere,transitierst,transitiert,transitierte,transitiert,transitierte,transitier,transitiert,haben,zu transitieren
krumpeln,krumple,krumpelst,krumpelt,krumpelte,gekrumpelt,krumpelte,krumple,krumpelt,haben,zu krumpeln
verkrumpeln,verkrumple,verkrumpelst,verkrumpelt,verkrumpelte,verkrumpelt,verkrumpelte,verkrumple,verkrumpelt,haben,zu verkrumpeln
entsagen,entsage,entsagst,entsagt,entsagte,entsagt,entsagte,entsag,entsagt,haben,zu entsagen
entschlafen,entschlafe,entschläfst,entschläft,entschlief,entschlafen,entschliefe,entschlaf,entschlaft,sein,zu entschlafen
ausmisten,miste aus,mistest aus,mistet aus,mistete aus,ausgemistet,mistete aus,miste aus,mistet aus,haben,auszumisten
erdulden,erdulde,erduldest,erduldet,erduldete,erduldet,erduldete,erduld,erduldet,haben,zu erdulden
romanisieren,romanisiere,romanisierst,romanisiert,romanisierte,romanisiert,romanisierte,romanisier,romanisiert,haben,zu romanisieren
strotzen,strotze,strotzt,strotzt,strotzte,gestrotzt,strotzte,strotze,strotzt,haben,zu strotzen
abjagen,jage ab,jagst ab,jagt ab,jagte ab,abgejagt,jagte ab,jag ab,jagt ab,haben,abzujagen
siedeln,siedle,siedelst,siedelt,siedelte,gesiedelt,siedelte,siedle,siedelt,haben,zu siedeln
peregrinieren,peregriniere,peregrinierst,peregriniert,peregrinierte,peregriniert,peregrinierte,peregrinier,peregriniert,haben,zu peregrinieren
weiterhelfen,helfe weiter,hilfst weiter,hilft weiter,half weiter,weitergeholfen,hülfe weiter,hilf weiter,helft weiter,haben,weiterzuhelfen
kabeln,kable,kabelst,kabelt,kabelte,gekabelt,kabelte,kabele,kabelt,haben,zu kabeln
bombardieren,bombardiere,bombardierst,bombardiert,bombardierte,bombardiert,bombardierte,bombardiere,bombardiert,haben,zu bombardieren
rodeln,rodle,rodelst,rodelt,rodelte,gerodelt,rodelte,rodle,rodelt,haben,zu rodeln
wachrütteln,rüttle wach,rüttelst wach,rüttelt wach,rüttelte wach,wachgerüttelt,rüttelte wach,rüttle wach,rüttelt wach,haben,wachzurütteln
beuteln,beutel,beutelst,beutelt,beutelte,gebeutelt,beutelte,beutle,beutelt,haben,zu beuteln
delogieren,delogiere,delogierst,delogiert,delogierte,delogiert,delogierte,delogier,delogiert,haben,delozugieren
longieren,longiere,longierst,longiert,longierte,longiert,longierte,longier,longiert,haben,zu longieren
krangeln,krangle,krangelst,krangelt,krangelte,gekrangelt,krangelte,krangle,krangelt,haben,zu krangeln
zubetonieren,betoniere zu,betonierst zu,betoniert zu,betonierte zu,zubetoniert,betonierte zu,betoniere zu,betoniert zu,haben,zuzubetonieren
rezeptieren,rezeptiere,rezeptierst,rezeptiert,rezeptierte,rezeptiert,rezeptierte,rezeptier,rezeptiert,haben,zu rezeptieren
werken,werke,werkst,werkt,werkte,gewerkt,werkte,werk,werkt,haben,zu werken
ersäufen,ersäufe,ersäufst,ersäuft,ersäufte,ersäuft,ersäufte,ersäuf,ersäuft,haben,zu ersäufen
zwängen,zwänge,zwängst,zwängt,zwängte,gezwängt,zwängte,zwäng,zwängt,haben,zu zwängen
schief liegen,liege schief,liegst schief,liegt schief,lag schief,schief gelegen,läge schief,lieg schief,liegt schief,haben,zu schief liegen
sühnen,sühne,sühnst,sühnt,sühnte,gesühnt,sühnte,sühn,sühnt,haben,zu sühnen
heimsuchen,suche heim,suchst heim,sucht heim,suchte heim,heimgesucht,suchte heim,such heim,sucht heim,haben,zu heimsuchen
profanieren,profaniere,profanierst,profaniert,profanierte,profaniert,profanierte,profanier,profaniert,haben,zu profanieren
bekreuzigen,bekreuzige,bekreuzigst,bekreuzigt,bekreuzigte,bekreuzigt,bekreuzigte,bekreuzig,bekreuzigt,haben,zu bekreuzigen
naheliegen,—,—,liegt nahe,lag nahe,nahegelegen,läge nahe,—,—,haben,nahezuliegen
mithelfen,helfe mit,hilfst mit,hilft mit,half mit,mitgeholfen,hülfe mit,hilf mit,helft mit,haben,mitzuhelfen
lexikalisieren,lexikalisiere,lexikalisierst,lexikalisiert,lexikalisierte,lexikalisiert,lexikalisierte,lexikalisiere,lexikalisiert,haben,zu lexikalisieren
umkrempeln,krempele um,krempelst um,krempelt um,krempelte um,umgekrempelt,krempelte um,kremple um,krempelt um,haben,umzukrempeln
hindackeln,dackle hin,dackelst hin,dackelt hin,dackelte hin,hingedackelt,dackle hin,dackle hin,dackelt hin,sein,zu hindackeln
notoperieren,notoperiere,notoperierst,notoperiert,notoperierte,notoperiert,notoperierte,notoperier,notoperiert,haben,notzuoperieren
stalken,stalke,stalkst,stalkt,stalkte,gestalkt,stalkte,stalke,stalkt,haben,zu stalken
bespötteln,bespöttle,bespöttelst,bespöttelt,bespöttelte,bespöttelt,bespöttelte,bespöttle,bespöttelt,haben,zu bespötteln
abpressen,presse ab,presst ab,presst ab,presste ab,abgepresst,presste ab,press ab,presst ab,haben,abzupressen
feststecken,stecke fest,steckst fest,steckt fest,steckte fest,festgesteckt,steckte fest,steck fest,steckt fest,haben,festzustecken
schwarzhören,höre schwarz,hörst schwarz,hört schwarz,hörte schwarz,schwarzgehört,hörte schwarz,hör schwarz,hört schwarz,haben,schwarzzuhören
absaugen,sauge ab,saugst ab,saugt ab,sog ab,abgesogen,söge ab,saug ab,saugt ab,haben,abzusaugen
abscheiden,scheide ab,scheidest ab,scheidet ab,schied ab,abgeschieden,schiede ab,scheid ab,scheidet ab,haben,abzuscheiden
traumatisieren,traumatisiere,traumatisierst,traumatisiert,traumatisierte,traumatisiert,traumatisierte,traumatisiere,traumatisiert,haben,zu traumatisieren
bewilligen,bewillige,bewilligst,bewilligt,bewilligte,bewilligt,bewilligte,bewillige,bewilligt,haben,zu bewilligen
erbitten,erbitte,erbittest,erbittet,erbat,erbeten,erbäte,erbitte,erbittet,haben,zu erbitten
seihen,seihe,seihst,seiht,seihte,geseiht,seihte,seih,seiht,haben,zu seihen
ausleben,lebe aus,lebst aus,lebt aus,lebte aus,ausgelebt,lebte aus,leb aus,lebt aus,haben,auszuleben
schallen,schalle,schallst,schallt,schallte,geschallt,schallte,schalle,schallt,haben,zu schallen
zurückgewinnen,gewinne zurück,gewinnst zurück,gewinnt zurück,gewann zurück,zurückgewonnen,gewönne zurück,gewinn zurück,gewinnt zurück,haben,zuzurückgewinnen
archivieren,archiviere,archivierst,archiviert,archivierte,archiviert,archivierte,archivier,archiviert,haben,zu archivieren
harmonisieren,harmonisiere,harmonisierst,harmonisiert,harmonisierte,harmonisiert,harmonisierte,harmonisiere,harmonisiert,haben,zu harmonisieren
filtern,filtere,filterst,filtert,filterte,gefiltert,filterte,filtere,filtert,haben,zu filtern
abwechseln,wechsel ab,wechselst ab,wechselt ab,wechselte ab,abgewechselt,wechselte ab,wechsel ab,wechselt ab,haben,abzuwechseln
einschleppen,schleppe ein,schleppst ein,schleppt ein,schleppte ein,eingeschleppt,schleppte ein,schleppe ein,schleppt ein,haben,einzuschleppen
terrorisieren,terrorisiere,terrorisierst,terrorisiert,terrorisierte,terrorisiert,terrorisierte,terrorisier,terrorisiert,haben,zu terrorisieren
falzen,falze,falzt,falzt,falzte,gefalzt,falzte,falz,falzt,haben,zu falzen
irreführen,führe irre,führst irre,führt irre,führte irre,irregeführt,führte irre,führ irre,führt irre,haben,irrezuführen
nesteln,nestle,nestelst,nestelt,nestelte,genestelt,nestelte,nestle,nestelt,haben,zu nesteln
durchschliefen,schliefe durch,schliefst durch,schlieft durch,schloff durch,durchgeschloffen,schlöffe durch,schlief durch,schlieft durch,sein,zu durchschliefen
mitfahren,fahre mit,fährst mit,fährt mit,fuhr mit,mitgefahren,führe mit,fahr mit,fahrt mit,sein,mitzufahren
adorieren,adoriere,adorierst,adoriert,adorierte,adoriert,adorierte,adorier,adoriert,haben,zu adorieren
umwehen,—,—,weht um,wehte um,umgeweht,wehte um,weh um,weht um,haben,umzuwehen
eignen,eigne,eignest,eignet,eignete,geeignet,eignete,eigne,eignet,haben,zu eignen
verschnaufen,verschnaufe,verschnaufst,verschnauft,verschnaufte,verschnauft,verschnaufte,verschnauf,verschnauft,haben,zu verschnaufen
praktizieren,praktiziere,praktizierst,praktiziert,praktizierte,praktiziert,praktizierte,praktiziere,praktiziert,haben,zu praktizieren
fortleben,lebe fort,lebst fort,lebt fort,lebte fort,fortgelebt,lebte fort,leb fort,lebt fort,haben,fortzuleben
wurzen,wurze,wurzt,wurzt,wurzte,gewurzt,wurzte,wurz,wurzt,haben,zu wurzen
fuddeln,fuddle,fuddelst,fuddelt,fuddelte,gefuddelt,fuddelte,fuddle,fuddelt,haben,zu fuddeln
deodorieren,deodoriere,deodorierst,deodoriert,deodorierte,deodoriert,deodorierte,deodorier,deodoriert,haben,zu deodorieren
türmen,türme,türmst,türmt,türmte,getürmt,türmte,türm,türmt,sein,zu türmen
pirouettieren,pirouettiere,pirouettierst,pirouettiert,pirouettierte,pirouettiert,pirouettierte,pirouettier,pirouettiert,haben,zu pirouettieren
sicheln,sichele,sichelst,sichelt,sichelte,gesichelt,sichelte,sichele,sichelt,haben,zu sicheln
hergehen,gehe her,gehst her,geht her,ging her,hergegangen,ginge her,geh her,geht her,sein,herzugehen
ereilen,ereile,ereilst,ereilt,ereilte,ereilt,ereilte,ereil,ereilt,haben,zu ereilen
verblüffen,verblüffe,verblüffst,verblüfft,verblüffte,verblüfft,verblüffte,verblüffe,verblüfft,haben,zu verblüffen
verwundern,verwundere,verwunderst,verwundert,verwunderte,verwundert,verwunderte,verwundere,verwundert,haben,zu verwundern
unterbuttern,buttere unter,butterst unter,buttert unter,butterte unter,untergebuttert,butterte unter,butter unter,buttert unter,haben,unterzubuttern
beduften,bedufte,beduftest,beduftet,beduftete,beduftet,beduftete,beduft,beduftet,haben,zu beduften
desodorieren,desodoriere,desodorierst,desodoriert,desodorierte,desodoriert,desodorierte,desodorier,desodoriert,haben,zu desodorieren
untermauern,untermauere,untermauerst,untermauert,untermauerte,untermauert,untermauerte,untermauere,untermauert,haben,zu untermauern
dahinschleppen,schleppe dahin,schleppst dahin,schleppt dahin,schleppte dahin,dahingeschleppt,schleppte dahin,schlepp dahin,schleppt dahin,haben,dahinzuschleppen
salvieren,salviere,salvierst,salviert,salvierte,salviert,salvierte,salvier,salviert,haben,zu salvieren
anmahnen,mahne an,mahnst an,mahnt an,mahnte an,angemahnt,mahnte an,mahn an,mahnt an,haben,anzumahnen
annotieren,annotiere,annotierst,annotiert,annotierte,annotiert,annotierte,annotier,annotiert,haben,anzunotieren
vorschweben,—,—,schwebt vor,schwebte vor,vorgeschwebt,schwebte vor,—,—,haben,vorschzuweben
umschulen,schule um,schulst um,schult um,schulte um,umgeschult,schulte um,schul um,schult um,haben,umzuschulen
entflechten,entflechte,entflichtst,entflicht,entflocht,entflochten,entflöchte,entflicht,entflechtet,haben,zu entflechten
tachinieren,tachiniere,tachinierst,tachiniert,tachinierte,tachiniert,tachinierte,tachinier,tachiniert,haben,zu tachinieren
verfestigen,verfestige,verfestigst,verfestigt,verfestigte,verfestigt,verfestigte,verfestig,verfestigt,haben,zu verfestigen
entrinden,entrinde,entrindest,entrindet,entrindete,entrindet,entrindete,entrind,entrindet,haben,zu entrinden
vollenden,vollende,vollendest,vollendet,vollendete,vollendet,vollendete,vollende,vollendet,haben,vollzuenden
entschleiern,entschleiere,entschleierst,entschleiert,entschleierte,entschleiert,entschleierte,entschleier,entschleiert,haben,zu entschleiern
vergucken,vergucke,verguckst,verguckt,verguckte,verguckt,verguckte,verguck,verguckt,haben,zu vergucken
begaben,begabe,begabst,begabt,begabte,begabt,begabte,begab,begabt,haben,zu begaben
besehen,besehe,besiehst,besieht,besah,besehen,besähe,besieh,beseht,haben,zu besehen
flachsen,flachse,flachst,flachst,flachste,geflachst,flachste,flachs,flachst,haben,zu flachsen
sabbeln,sabbel,sabbelst,sabbelt,sabbelte,gesabbelt,sabbelte,sabbel,sabbelt,haben,zu sabbeln
schwelgen,schwelge,schwelgst,schwelgt,schwelgte,geschwelgt,schwelgte,schwelg,schwelgt,haben,zu schwelgen
resonieren,resoniere,resonierst,resoniert,resonierte,resoniert,resonierte,resonier,resoniert,haben,zu resonieren
grübeln,grübele,grübelst,grübelt,grübelte,gegrübelt,grübelte,grübele,grübelt,haben,zu grübeln
durchsickern,sickere durch,sickerst durch,sickert durch,sickerte durch,durchgesickert,sickerte durch,sickere durch,sickert durch,sein,zu durchsickern
entlüften,entlüfte,entlüftest,entlüftet,entlüftete,entlüftet,entlüftete,entlüft,entlüftet,haben,zu entlüften
erkunden,erkunde,erkundest,erkundet,erkundete,erkundet,erkundete,erkund,erkundet,haben,zu erkunden
befahren,befahre,befährst,befährt,befuhr,befahren,beführe,befahre,befahrt,haben,zu befahren
nahelegen,lege nahe,legst nahe,legt nahe,legte nahe,nahegelegt,legte nahe,leg nahe,legt nahe,haben,nahezulegen
einschleusen,schleuse ein,schleust ein,schleust ein,schleuste ein,eingeschleust,schleuste ein,schleus ein,schleust ein,haben,einzuschleusen
pritschen,pritsche,pritschst,pritscht,pritschte,gepritscht,pritschte,pritsch,pritscht,haben,zu pritschen
befüllen,befülle,befüllst,befüllt,befüllte,befüllt,befüllte,befüll,befüllt,haben,zu befüllen
verschleppen,verschleppe,verschleppst,verschleppt,verschleppte,verschleppt,verschleppte,verschleppe,verschleppt,haben,zu verschleppen
überwintern,überwintere,überwinterst,überwintert,überwinterte,überwintert,überwinterte,überwintere,überwintert,haben,zu überwintern
verzollen,verzolle,verzollst,verzollt,verzollte,verzollt,verzollte,verzoll,verzollt,haben,zu verzollen
pfählen,pfähle,pfählst,pfählt,pfählte,gepfählt,pfählte,pfähle,pfählt,haben,zu pfählen
beömmeln,beömmel,beömmelst,beömmelt,beömmelte,beömmelt,beömmelte,beömmel,beömmelt,haben,zu beömmeln
ochsen,ochse,ochst,ochst,ochste,geochst,ochste,ochs,ochst,haben,zu ochsen
umtopfen,topfe um,topfst um,topft um,topfte um,umgetopft,topfte um,topf um,topft um,haben,umzutopfen
vorankommen,komme voran,kommst voran,kommt voran,kam voran,vorangekommen,käme voran,komm voran,kommt voran,sein,voranzukommen
bevölkern,bevölkere,bevölkerst,bevölkert,bevölkerte,bevölkert,bevölkerte,bevölkere,bevölkert,haben,zu bevölkern
walken,walke,walkst,walkt,walkte,gewalkt,walkte,walk,walkt,haben,zu walken
katzbuckeln,katzbuckle,katzbuckelst,katzbuckelt,katzbuckelte,gekatzbuckelt,katzbuckelte,katzbuckle,katzbuckelt,haben,zu katzbuckeln
Bescheid sagen,sage Bescheid,sagst Bescheid,sagt Bescheid,sagte Bescheid,Bescheid gesagt,sagte Bescheid,sage Bescheid,sagt Bescheid,haben,zu Bescheid sagen
lutschen,lutsche,lutschst,lutscht,lutschte,gelutscht,lutschte,lutsch,lutscht,haben,zu lutschen
abtelefonieren,telefoniere ab,telefonierst ab,telefoniert ab,telefonierte ab,abtelefoniert,telefonierte ab,telefoniere ab,telefoniert ab,haben,abzutelefonieren
aufbrauchen,brauche auf,brauchst auf,braucht auf,brauchte auf,aufgebraucht,brauchte auf,brauche auf,braucht auf,haben,aufzubrauchen
einwerfen,werfe ein,wirfst ein,wirft ein,warf ein,eingeworfen,würfe ein,wirf ein,werft ein,haben,einzuwerfen
auf sein,bin auf,bist auf,ist auf,war auf,auf gewesen,wäre auf,sei auf,seid auf,sein,aufzu sein
verdreifachen,verdreifache,verdreifachst,verdreifacht,verdreifachte,verdreifacht,verdreifachte,verdreifach,verdreifacht,haben,zu verdreifachen
entschwinden,entschwinde,entschwindest,entschwindet,entschwand,entschwunden,entschwände,entschwind,entschwindet,sein,zu entschwinden
verflüchtigen,verflüchtige,verflüchtigst,verflüchtigt,verflüchtigte,verflüchtigt,verflüchtigte,verflüchtige,verflüchtigt,haben,zu verflüchtigen
durchliegen,liege durch,liegst durch,liegt durch,lag durch,durchgelegen,läge durch,liege durch,liegt durch,haben,zu durchliegen
Acht geben,gebe Acht,gibst Acht,gibt Acht,gab Acht,Acht gegeben,gäbe Acht,gib Acht,gebt Acht,haben,zu Acht geben
dafür sein,bin dafür,bist dafür,ist dafür,war dafür,dafür gewesen,wäre dafür,sei dafür,seid dafür,sein,zu dafür sein
dagegen sein,bin dagegen,bist dagegen,ist dagegen,war dagegen,dagegen gewesen,wäre dagegen,sei dagegen,seid dagegen,sein,zu dagegen sein
vollquarzen,quarze voll,quarzt voll,quarzt voll,quarzte voll,vollgequarzt,quarzte voll,quarz voll,quarzt voll,haben,zu vollquarzen
hartzen,hartze,hartzt,hartzt,hartzte,gehartzt,hartzte,hartz,hartzt,haben,zu hartzen
abwenden,wende ab,wendest ab,wendet ab,wendete ab,abgewendet,wendete ab,wende ab,wendet ab,haben,abzuwenden
begasen,begase,begast,begast,begaste,begast,begaste,begas,begast,haben,zu begasen
aushelfen,helfe aus,hilfst aus,hilft aus,half aus,ausgeholfen,hülfe aus,hilf aus,helft aus,haben,auszuhelfen
zerschießen,zerschieße,zerschießt,zerschießt,zerschoss,zerschossen,zerschösse,zerschieß,zerschießt,haben,zu zerschießen
anlagern,lagere an,lagerst an,lagert an,lagerte an,angelagert,lagerte an,lagere an,lagert an,haben,anzulagern
zurückliegen,liege zurück,liegst zurück,liegt zurück,lag zurück,zurückgelegen,läge zurück,lieg zurück,liegt zurück,haben,zuzurückliegen
abschärfen,schärfe ab,schärfst ab,schärft ab,schärfte ab,abgeschärft,schärfte ab,schärfe ab,schärft ab,haben,abzuschärfen
verhallen,verhalle,verhallst,verhallt,verhallte,verhallt,verhallte,verhalle,verhallt,haben,zu verhallen
stehen bleiben,bleibe stehen,bleibst stehen,bleibt stehen,blieb stehen,stehen geblieben,bliebe stehen,bleib stehen,bliebt stehen,sein,zu stehen bleiben
achtgeben,gebe acht,gibst acht,gibt acht,gab acht,achtgegeben,gäbe acht,gib acht,gebt acht,haben,zu achtgeben
switchen,switche,switchst,switcht,switchte,geswitcht,switchte,switch,switcht,haben,zu switchen
wegschmeißen,schmeiße weg,schmeißt weg,schmeißt weg,schmiss weg,weggeschmissen,schmisse weg,schmeiß weg,schmeißt weg,haben,wegzuschmeißen
abgenicken,genicke ab,genickst ab,genickt ab,genickte ab,abgenickt,genickte ab,genicke ab,genickt ab,haben,abzugenicken
anschreiben,schreibe an,schreibst an,schreibt an,schrieb an,angeschrieben,schriebe an,schreib an,schreibt an,haben,anzuschreiben
reinschauen,schaue rein,schaust rein,schaut rein,schaute rein,reingeschaut,schaute rein,schau rein,schaut rein,haben,reinzuschauen
einleiten,leite ein,leitest ein,leitet ein,leitete ein,eingeleitet,leitete ein,leit ein,leitet ein,haben,einzuleiten
aufschütten,schütte auf,schüttest auf,schüttet auf,schüttete auf,aufgeschüttet,schüttete auf,schütt auf,schüttet auf,haben,aufzuschütten
expedieren,expediere,expedierst,expediert,expedierte,expediert,expedierte,expedier,expediert,haben,zu expedieren
exploitieren,exploitiere,exploitierst,exploitiert,exploitierte,exploitiert,exploitierte,exploitier,exploitiert,haben,zu exploitieren
toppen,toppe,toppst,toppt,toppte,getoppt,toppte,topp,toppt,haben,zu toppen
vorhersagen,sage vorher,sagst vorher,sagt vorher,sagte vorher,vorhergesagt,sagte vorher,sag vorher,sagt vorher,haben,vorherzusagen
inventarisieren,inventarisiere,inventarisierst,inventarisiert,inventarisierte,inventarisiert,inventarisierte,inventarisier,inventarisiert,haben,zu inventarisieren
strafversetzen,—,—,—,—,strafversetzt,—,—,—,haben,zu strafversetzen
mitmachen,mache mit,machst mit,macht mit,machte mit,mitgemacht,machte mit,mach mit,macht mit,haben,mitzumachen
kennen lernen,lerne kennen,lernst kennen,lernt kennen,lernte kennen,kennen gelernt,lernte kennen,lerne kennen,lernt kennen,haben,zu kennen lernen
angleichen,gleiche an,gleichst an,gleicht an,glich an,angeglichen,gliche an,gleich an,gleicht an,haben,anzugleichen
aus sein,bin aus,bist aus,ist aus,war aus,aus gewesen,wäre aus,sei aus,seid aus,sein,auszu sein
schnieseln,–,—,schnieselt,schnieselte,geschnieselt,schnieselte,—,—,haben,zu schnieseln
ruckeln,ruckle,ruckelst,ruckelt,ruckelte,geruckelt,ruckelte,ruckle,ruckelt,haben,zu ruckeln
zerschnippeln,zerschnippele,zerschnippelst,zerschnippelt,zerschnippelte,zerschnippelt,zerschnippelte,zerschnippel,zerschnippelt,haben,zu zerschnippeln
pumpen,pumpe,pumpst,pumpt,pumpte,gepumpt,pumpte,pump,pumpt,haben,zu pumpen
honorieren,honoriere,honorierst,honoriert,honorierte,honoriert,honorierte,honoriere,honoriert,haben,zu honorieren
erfrechen,erfreche,erfrechst,erfrecht,erfrechte,erfrecht,erfrechte,erfrech,erfrecht,haben,zu erfrechen
knüppeln,knüpple,knüppelst,knüppelt,knüppelte,geknüppelt,knüppelte,knüpple,knüppelt,haben,zu knüppeln
wattieren,wattiere,wattierst,wattiert,wattierte,wattiert,wattierte,wattiere,wattiert,haben,zu wattieren
verschludern,verschludere,verschluderst,verschludert,verschluderte,verschludert,verschluderte,verschludere,verschludert,haben,zu verschludern
vorausfahren,fahre voraus,fährst voraus,fährt voraus,fuhr voraus,vorausgefahren,führe voraus,fahr voraus,fahrt voraus,sein,vorauszufahren
abfüllen,fülle ab,füllst ab,füllt ab,füllte ab,abgefüllt,füllte ab,füll ab,füllt ab,haben,abzufüllen
abhingehen,gehe abhin,gehst abhin,geht abhin,ging abhin,abhingegangen,ginge abhin,geh abhin,geht abhin,sein,abzuhingehen
limitieren,limitiere,limitierst,limitiert,limitierte,limitiert,limitierte,limitier,limitiert,haben,zu limitieren
verdeutschen,verdeutsche,verdeutschst,verdeutscht,verdeutschte,verdeutscht,verdeutschte,verdeutsch,verdeutscht,haben,zu verdeutschen
ausdeutschen,deutsche aus,deutschst aus,deutscht aus,deutschte aus,ausgedeutscht,deutschte aus,deutsch aus,deutscht aus,haben,auszudeutschen
verpetzen,verpetze,verpetzt,verpetzt,verpetzte,verpetzt,verpetzte,verpetze,verpetzt,haben,zu verpetzen
lockern,lockere,lockerst,lockert,lockerte,gelockert,lockerte,lockere,lockert,haben,zu lockern
nangeln,nangele,nangelst,nangelt,nangelte,genangelt,nangelte,nangle,nangelt,haben,zu nangeln
apportieren,apportiere,apportierst,apportiert,apportierte,apportiert,apportierte,apportiere,apportiert,haben,zu apportieren
revieren,reviere,revierst,reviert,revierte,reviert,revierte,revier,reviert,haben,zu revieren
schleißen,schleiße,schleißt,schleißt,schliss,geschlissen,schlisse,schleiße,schleißt,haben,zu schleißen
weiterbauen,baue weiter,baust weiter,baut weiter,baute weiter,weitergebaut,baute weiter,bau weiter,baut weiter,haben,weitzuerbauen
erhoffen,erhoffe,erhoffst,erhofft,erhoffte,erhofft,erhoffte,erhoff,erhofft,haben,zu erhoffen
missen,misse,misst,misst,misste,gemisst,misste,misse,misst,haben,zu missen
räuchern,räuchere,räucherst,räuchert,räucherte,geräuchert,räucherte,räuchere,räuchert,haben,zu räuchern
ausquartieren,quartiere aus,quartierst aus,quartiert aus,quartierte aus,ausquartiert,quartierte aus,quartier aus,quartiert aus,haben,auszuquartieren
ertüchtigen,ertüchtige,ertüchtigst,ertüchtigt,ertüchtigte,ertüchtigt,ertüchtigte,ertüchtig,ertüchtigt,haben,zu ertüchtigen
bemuttern,bemuttere,bemutterst,bemuttert,bemutterte,bemuttert,bemutterte,bemuttere,bemuttert,haben,zu bemuttern
nachwürzen,würze nach,würzt nach,würzt nach,würzte nach,nachgewürzt,würzte nach,würz nach,würzt nach,haben,nachzuwürzen
nachsalzen,salze nach,salzt nach,salzt nach,salzte nach,nachgesalzen,salzte nach,salz nach,salzt nach,haben,nachzusalzen
verwildern,verwildere,verwilderst,verwildert,verwilderte,verwildert,verwilderte,verwildere,verwildert,haben,zu verwildern
hobeln,hobele,hobelst,hobelt,hobelte,gehobelt,hobelte,hobel,hobelt,haben,zu hobeln
ankotzen,kotze an,kotzt an,kotzt an,kotzte an,angekotzt,kotzte an,kotze an,kotzt an,haben,anzukotzen
unterspülen,unterspüle,unterspülst,unterspült,unterspülte,unterspült,unterspülte,unterspüle,unterspült,haben,zu unterspülen
ausschenken,schenke aus,schenkst aus,schenkt aus,schenkte aus,ausgeschenkt,schenkte aus,schenke aus,schenkt aus,haben,auszuschenken
involvieren,involviere,involvierst,involviert,involvierte,involviert,involvierte,involvier,involviert,haben,zu involvieren
bappen,bappe,bappst,bappt,bappte,gebappt,bappte,bappe,bappt,haben,zu bappen
manndecken,—,—,—,—,manngedeckt,—,—,—,haben,zu manndecken
keulen,keule,keulst,keult,keulte,gekeult,keulte,keul,keult,haben,zu keulen
automatisieren,automatisiere,automatisierst,automatisiert,automatisierte,automatisiert,automatisierte,automatisiere,automatisiert,haben,zu automatisieren
auszählen,zähle aus,zählst aus,zählt aus,zählte aus,ausgezählt,zählte aus,zähle aus,zählt aus,haben,auszuzählen
auszahlen,zahle aus,zahlst aus,zahlt aus,zahlte aus,ausgezahlt,zahlte aus,zahl aus,zahlt aus,haben,auszuzahlen
auswringen,wringe aus,wringst aus,wringt aus,wrang aus,ausgewrungen,wränge aus,wringe aus,wringt aus,haben,auszuwringen
auswischen,wische aus,wischst aus,wischt aus,wischte aus,ausgewischt,wischte aus,wische aus,wischt aus,haben,auszuwischen
auswirken,wirke aus,wirkst aus,wirkt aus,wirkte aus,ausgewirkt,wirkte aus,wirk aus,wirkt aus,haben,auszuwirken
auswickeln,wickele aus,wickelst aus,wickelt aus,wickelte aus,ausgewickelt,wickelte aus,wickle aus,wickelt aus,haben,auszuwickeln
draufzahlen,zahle drauf,zahlst drauf,zahlt drauf,zahlte drauf,draufgezahlt,zahlte drauf,zahle drauf,zahlt drauf,haben,draufzuzahlen
verkennen,verkenne,verkennst,verkennt,verkannte,verkannt,verkennte,verkenn,verkennt,haben,zu verkennen
exzellieren,exzelliere,exzellierst,exzelliert,exzellierte,exzelliert,exzellierte,exzellier,exzelliert,haben,zu exzellieren
überdauern,überdauere,überdauerst,überdauert,überdauerte,überdauert,überdauerte,überdauer,überdauert,haben,zu überdauern
bahnen,bahne,bahnst,bahnt,bahnte,gebahnt,bahnte,bahne,bahnt,haben,zu bahnen
verhexen,verhexe,verhext,verhext,verhexte,verhext,verhexte,verhex,verhext,haben,zu verhexen
nässen,nässe,nässt,nässt,nässte,genässt,nässte,näss,nässt,haben,zu nässen
freinehmen,nehme frei,nimmst frei,nimmt frei,nahm frei,freigenommen,nähme frei,nimm frei,nehmt frei,haben,freizunehmen
reinplatzen,platze rein,platzt rein,platzt rein,platzte rein,reingeplatzt,platzte rein,platz rein,platzt rein,sein,reinzuplatzen
erküren,erküre,erkürst,erkürt,erkor,erkoren,erköre,erkür,erkürt,haben,zu erküren
verdursten,verdurste,verdurstest,verdurstet,verdurstete,verdurstet,verdurstete,verdurst,verdurstet,sein,zu verdursten
boomen,boome,boomst,boomt,boomte,geboomt,boomte,boom,boomt,haben,zu boomen
verheddern,verheddere,verhedderst,verheddert,verhedderte,verheddert,verhedderte,verheddere,verheddert,sein,zu verheddern
bäumen,bäume,bäumst,bäumt,bäumte,gebäumt,bäumte,bäum,bäumt,haben,zu bäumen
herausbrüllen,brülle heraus,brüllst heraus,brüllt heraus,brüllte heraus,herausgebrüllt,brüllte heraus,brüll heraus,brüllt heraus,haben,herzuausbrüllen
einarbeiten,arbeite ein,arbeitest ein,arbeitet ein,arbeitete ein,eingearbeitet,arbeitete ein,arbeit ein,arbeitet ein,haben,einzuarbeiten
anflanschen,flansche an,flanschst an,flanscht an,flanschte an,angeflanscht,flanschte an,flansch an,flanscht an,haben,anzuflanschen
umschnallen,schnalle um,schnallst um,schnallt um,schnallte um,umgeschnallt,schnallte um,schnall um,schnallt um,haben,umzuschnallen
abebben,—,—,ebbt ab,ebbte ab,abgeebbt,ebbte ab,—,—,sein,abzuebben
lunschen,lunsche,lunschst,lunscht,lunschte,gelunscht,lunschte,lunsch,lunscht,haben,zu lunschen
belauschen,belausche,belauschst,belauscht,belauschte,belauscht,belauschte,belausche,belauscht,haben,zu belauschen
klittern,klittere,klitterst,klittert,klitterte,geklittert,klitterte,klittere,klittert,haben,zu klittern
meutern,meutere,meuterst,meutert,meuterte,gemeutert,meuterte,meutere,meutert,haben,zu meutern
verstören,verstöre,verstörst,verstört,verstörte,verstört,verstörte,verstör,verstört,haben,zu verstören
nacheifern,eifere nach,eiferst nach,eifert nach,eiferte nach,nachgeeifert,eiferte nach,eifer nach,eifert nach,haben,nachzueifern
katapultieren,katapultiere,katapultierst,katapultiert,katapultierte,katapultiert,katapultierte,katapultier,katapultiert,haben,zu katapultieren
aufrauen,raue auf,raust auf,raut auf,raute auf,aufgeraut,raute auf,rau auf,raut auf,haben,aufzurauen
granteln,grantele,grantelst,grantelt,grantelte,gegrantelt,grantelte,grantel,grantelt,haben,zu granteln
looten,loote,lootest,lootet,lootete,gelootet,lootete,loote,lootet,haben,zu looten
ertöten,ertöte,ertötest,ertötet,ertötete,ertötet,ertötete,ertöt,ertötet,haben,zu ertöten
röten,röte,rötest,rötet,rötete,gerötet,rötete,röt,rötet,haben,zu röten
bejammern,bejammere,bejammerst,bejammert,bejammerte,bejammert,bejammerte,bejammere,bejammert,haben,zu bejammern
verheißen,verheiße,verheißt,verheißt,verhieß,verheißen,verhieße,verheiß,verheißt,haben,zu verheißen
nächtigen,nächtige,nächtigst,nächtigt,nächtigte,genächtigt,nächtigte,nächtige,nächtigt,haben,zu nächtigen
kasteien,kasteie,kasteist,kasteit,kasteite,kasteit,kasteite,kastei,kasteit,haben,zu kasteien
windsichten,windsichte,windsichtest,windsichtet,windsichtete,windgesichtet,windsichtete,windsichte,windsichtet,haben,zu windsichten
überstellen,überstelle,überstellst,überstellt,überstellte,überstellt,überstellte,überstell,überstellt,haben,zu überstellen
erkaufen,erkaufe,erkaufst,erkauft,erkaufte,erkauft,erkaufte,erkaufe,erkauft,haben,zu erkaufen
rüberkommen,komme rüber,kommst rüber,kommt rüber,kam rüber,rübergekommen,käme rüber,komme rüber,kommt rüber,sein,rüberzukommen
reversieren,reversiere,reversierst,reversiert,reversierte,reversiert,reversierte,reversier,reversiert,haben,zu reversieren
juckeln,juckel,juckelst,juckelt,juckelte,gejuckelt,juckelte,juckle,juckelt,sein,zu juckeln
decouvrieren,decouvriere,decouvrierst,decouvriert,decouvrierte,decouvriert,decouvrierte,decouvrier,decouvriert,haben,zu decouvrieren
festnehmen,nehme fest,nimmst fest,nimmt fest,nahm fest,festgenommen,nähme fest,nimm fest,nehmt fest,haben,festzunehmen
verauktionieren,verauktioniere,verauktionierst,verauktioniert,verauktionierte,verauktioniert,verauktionierte,verauktionier,verauktioniert,haben,zu verauktionieren
wetteifern,wetteifere,wetteiferst,wetteifert,wetteiferte,gewetteifert,wetteiferte,wetteifere,wetteifert,haben,wettzueifern
abliefern,liefere ab,lieferst ab,liefert ab,lieferte ab,abgeliefert,lieferte ab,liefer ab,liefert ab,haben,abzuliefern
anwidern,widere an,widerst an,widert an,widerte an,angewidert,widerte an,widere an,widert an,haben,anzuwidern
anekeln,ekel an,ekelst an,ekelt an,ekelte an,angeekelt,ekelte an,ekel an,ekelt an,haben,anzuekeln
anstoßen,stoße an,stößt an,stößt an,stieß an,angestoßen,stieße an,stoße an,stoßt an,haben,anzustoßen
enthäuten,enthäute,enthäutest,enthäutet,enthäutete,enthäutet,enthäutete,enthäut,enthäutet,haben,zu enthäuten
fianchettieren,fianchettiere,fianchettierst,fianchettiert,fianchettierte,fianchettiert,fianchettierte,fianchettier,fianchettiert,haben,zu fianchettieren
abmachen,mache ab,machst ab,macht ab,machte ab,abgemacht,machte ab,mache ab,macht ab,haben,abzumachen
verpesten,verpeste,verpestest,verpestet,verpestete,verpestet,verpestete,verpeste,verpestet,haben,zu verpesten
lagern,lagere,lagerst,lagert,lagerte,gelagert,lagerte,lagere,lagert,haben,zu lagern
gaukeln,gaukle,gaukelst,gaukelt,gaukelte,gegaukelt,gaukelte,gaukel,gaukelt,sein,zu gaukeln
mappen,mappe,mappst,mappt,mappte,gemappt,mappte,mappe,mappt,haben,zu mappen
kartieren,kartiere,kartierst,kartiert,kartierte,kartiert,kartierte,kartier,kartiert,haben,zu kartieren
odeln,odele,odelst,odelt,odelte,geodelt,odelte,odele,odelt,haben,zu odeln
abstempeln,stemple ab,stempelst ab,stempelt ab,stempelte ab,abgestempelt,stempelte ab,stemple ab,stempelt ab,haben,abzustempeln
entschleunigen,entschleunige,entschleunigst,entschleunigt,entschleunigte,entschleunigt,entschleunigte,entschleunige,entschleunigt,haben,zu entschleunigen
fahen,fahe,fähest,fähet,fieng (fie),gefangen,fienge,fah,fahet,haben,zu fahen
voraussetzen,setze voraus,setzt voraus,setzt voraus,setzte voraus,vorausgesetzt,setzte voraus,setz voraus,setzt voraus,haben,vorauszusetzen
wiedervereinigen,vereinige wieder,vereinigst wieder,vereinigt wieder,vereinigte wieder,wiedervereinigt,vereinigte wieder,vereinige wieder,vereinigt wieder,haben,wiederzuvereinigen
kören,köre,körst,kört,körte,gekört,körte,kör,kört,haben,zu kören
entmilitarisieren,entmilitarisiere,entmilitarisierst,entmilitarisiert,entmilitarisierte,entmilitarisiert,entmilitarisierte,entmilitarisier,entmilitarisiert,haben,zu entmilitarisieren
entpolitisieren,entpolitisiere,entpolitisierst,entpolitisiert,entpolitisierte,entpolitisiert,entpolitisierte,entpolitisier,entpolitisiert,haben,zu entpolitisieren
entrahmen,entrahme,entrahmst,entrahmt,entrahmte,entrahmt,entrahmte,entrahm,entrahmt,haben,zu entrahmen
gelüsten,—,—,gelüstet,gelüstete,gelüstet,gelüstete,—,—,haben,zu gelüsten
abgewinnen,gewinne ab,gewinnst ab,gewinnt ab,gewann ab,abgewonnen,gewänne ab,gewinn ab,gewinnt ab,haben,abzugewinnen
abkapseln,kapsle ab,kapselst ab,kapselt ab,kapselte ab,abgekapselt,kapselte ab,kapsel ab,kapselt ab,haben,abzukapseln
abkassieren,kassiere ab,kassierst ab,kassiert ab,kassierte ab,abkassiert,kassierte ab,kassier ab,kassiert ab,haben,abzukassieren
abreiben,reibe ab,reibst ab,reibt ab,rieb ab,abgerieben,riebe ab,reib ab,reibt ab,haben,abzureiben
abschalten,schalte ab,schaltest ab,schaltet ab,schaltete ab,abgeschaltet,schaltete ab,schalt ab,schaltet ab,haben,abzuschalten
parieren,pariere,parierst,pariert,parierte,pariert,parierte,parier,pariert,haben,zu parieren
aufraffen,raffe auf,raffst auf,rafft auf,raffte auf,aufgerafft,raffte auf,raff auf,rafft auf,haben,aufzuraffen
baldowern,baldowere,baldowerst,baldowert,baldowerte,baldowert,baldowerte,baldower,baldowert,haben,zu baldowern
gewärtigen,gewärtige,gewärtigst,gewärtigt,gewärtigte,gewärtigt,gewärtigte,gewärtig,gewärtigt,haben,zu gewärtigen
ausformulieren,formuliere aus,formulierst aus,formuliert aus,formulierte aus,ausformuliert,formulierte aus,formulier aus,formuliert aus,haben,auszuformulieren
aufholen,hole auf,holst auf,holt auf,holte auf,aufgeholt,holte auf,hol auf,holt auf,haben,aufzuholen
bepreisen,bepreise,bepreist,bepreist,bepreiste,bepreist,bepreiste,bepreis,bepreist,haben,zu bepreisen
jarowisieren,jarowisiere,jarowisierst,jarowisiert,jarowisierte,jarowisiert,jarowisierte,jarowisier,jarowisiert,haben,zu jarowisieren
vernalisieren,vernalisiere,vernalisierst,vernalisiert,vernalisierte,vernalisiert,vernalisierte,vernalisier,vernalisiert,haben,zu vernalisieren
zuschlagen,schlage zu,schlägst zu,schlägt zu,schlug zu,zugeschlagen,schlüge zu,schlage zu,schlagt zu,haben,zuzuschlagen
verkomplizieren,verkompliziere,verkomplizierst,verkompliziert,verkomplizierte,verkompliziert,verkomplizierte,verkomplizier,verkompliziert,haben,zu verkomplizieren
aufbrummen,brumme auf,brummst auf,brummt auf,brummte auf,aufgebrummt,brummte auf,brumm auf,brummt auf,haben,aufzubrummen
katschen,katsche,katschst,katscht,katschte,gekatscht,katschte,katsch,katscht,haben,zu katschen
verdonnern,verdonnere,verdonnerst,verdonnert,verdonnerte,verdonnert,verdonnerte,verdonner,verdonnert,haben,zu verdonnern
vertellen,vertelle,vertellst,vertellt,vertellte,vertellt,vertellte,vertelle,vertellt,haben,zu vertellen
befähigen,befähige,befähigst,befähigt,befähigte,befähigt,befähigte,befähig,befähigt,haben,zu befähigen
entfliehen,entfliehe,entfliehst,entflieht,entfloh,entflohen,entflöhe,entflieh,entflieht,sein,zu entfliehen
entflohen,entflohe,entflohst,entfloht,entflohte,entfloht,entflohte,entfloh,entfloht,haben,zu entflohen
durchzocken,zocke durch,zockst durch,zockt durch,zockte durch,durchgezockt,zockte durch,zock durch,zockt durch,haben,zu durchzocken
nachholen,hole nach,holst nach,holt nach,holte nach,nachgeholt,holte nach,hol nach,holt nach,haben,nachzuholen
ausscheißen,scheiße aus,scheißt aus,scheißt aus,schiss aus,ausgeschissen,schisse aus,scheiß aus,scheißt aus,haben,auszuscheißen
gurken,gurke,gurkst,gurkt,gurkte,gegurkt,gurkte,gurk,gurkt,sein,zu gurken
mopsen,mopse,mopst,mopst,mopste,gemopst,mopste,mopse,mopst,haben,zu mopsen
jodieren,jodiere,jodierst,jodiert,jodierte,jodiert,jodierte,jodier,jodiert,haben,zu jodieren
besaufen,besaufe,besäufst,besäuft,besoff,besoffen,besöffe,besauf,besauft,haben,zu besaufen
wegblasen,blase weg,bläst weg,bläst weg,blies weg,weggeblasen,bliese weg,blas weg,blast weg,haben,wegzublasen
einpoldern,poldere ein,polderst ein,poldert ein,polderte ein,eingepoldert,polderte ein,poldere ein,poldert ein,haben,einzupoldern
verarmen,verarme,verarmst,verarmt,verarmte,verarmt,verarmte,verarm,verarmt,sein,zu verarmen
überbeanspruchen,überbeanspruche,überbeanspruchst,überbeansprucht,überbeanspruchte,überbeansprucht,überbeanspruchte,überbeanspruche,überbeansprucht,haben,überzubeanspruchen
fertigstellen,stelle fertig,stellst fertig,stellt fertig,stellte fertig,fertiggestellt,stellte fertig,stell fertig,stellt fertig,haben,fertigzustellen
bohnern,bohnere,bohnerst,bohnert,bohnerte,gebohnert,bohnerte,bohner,bohnert,haben,zu bohnern
einspeicheln,speichle ein,speichelst ein,speichelt ein,speichelte ein,eingespeichelt,speichelte ein,speichle ein,speichelt ein,haben,einzuspeicheln
einsauen,saue ein,saust ein,saut ein,saute ein,eingesaut,saute ein,sau ein,saut ein,haben,einzusauen
abschlachten,schlachte ab,schlachtest ab,schlachtet ab,schlachtete ab,abgeschlachtet,schlachtete ab,schlachte ab,schlachtet ab,haben,abzuschlachten
brettern,brettere,bretterst,brettert,bretterte,gebrettert,bretterte,brettere,brettert,sein,zu brettern
stoßlüften,stoßlüfte,stoßlüftest,stoßlüftet,stoßlüftete,stoßgelüftet,stoßlüftete,stoßlüfte,stoßlüftet,haben,zu stoßlüften
durchlüften,durchlüfte,durchlüftest,durchlüftet,durchlüftete,durchlüftet,durchlüftete,durchlüft,durchlüftet,haben,zu durchlüften
wassern,wassere,wasserst,wassert,wasserte,gewassert,wasserte,wassere,wassert,haben,zu wassern
belüften,belüfte,belüftest,belüftet,belüftete,belüftet,belüftete,belüfte,belüftet,haben,zu belüften
zirkulieren,zirkuliere,zirkulierst,zirkuliert,zirkulierte,zirkuliert,zirkulierte,zirkulier,zirkuliert,sein,zu zirkulieren
wiederfinden,finde wieder,findest wieder,findet wieder,fand wieder,wiedergefunden,fände wieder,finde wieder,findet wieder,haben,wiederzufinden
verrosten,—,—,verrostet,verrostete,verrostet,verrostete,—,—,sein,zu verrosten
kipplüften,kipplüfte,kipplüftest,kipplüftet,kipplüftete,kippgelüftet,kipplüftete,kipplüfte,kipplüftet,haben,zu kipplüften
qualmen,qualme,qualmst,qualmt,qualmte,gequalmt,qualmte,qualme,qualmt,haben,zu qualmen
suppen,suppe,suppst,suppt,suppte,gesuppt,suppte,supp,suppt,haben,zu suppen
rußen,ruße,rußt,rußt,rußte,gerußt,rußte,ruß,rußt,haben,zu rußen
titeln,title,titelst,titelt,titelte,getitelt,titelte,title,titelt,haben,zu titeln
schlagzeilen,schlagzeile,schlagzeilst,schlagzeilt,schlagzeilte,geschlagzeilt,schlagzeilte,schlagzeile,schlagzeilt,haben,zu schlagzeilen
anwärmen,wärme an,wärmst an,wärmt an,wärmte an,angewärmt,wärmte an,wärm an,wärmt an,haben,anzuwärmen
umschauen,schaue um,schaust um,schaut um,schaute um,umgeschaut,schaute um,schau um,schaut um,haben,umzuschauen
objizieren,objiziere,objizierst,objiziert,objizierte,objiziert,objizierte,objiziere,objiziert,haben,zu objizieren
verstreben,verstrebe,verstrebst,verstrebt,verstrebte,verstrebt,verstrebte,verstreb,verstrebt,haben,zu verstreben
auswuchten,wuchte aus,wuchtest aus,wuchtet aus,wuchtete aus,ausgewuchtet,wuchtete aus,wucht aus,wuchtet aus,haben,auszuwuchten
einscheißen,scheiße ein,scheißt ein,scheißt ein,schiss ein,eingeschissen,schisse ein,scheiße ein,scheißt ein,haben,einzuscheißen
dremmeln,dremmle,dremmelst,dremmelt,dremmelte,gedremmelt,dremmelte,dremmel,dremmelt,haben,zu dremmeln
stauchen,stauche,stauchst,staucht,stauchte,gestaucht,stauchte,stauch,staucht,haben,zu stauchen
cutten,cutte,cuttest,cuttet,cuttete,gecuttet,cuttete,cutte,cuttet,haben,zu cutten
cruisen,cruise,cruist,cruist,cruiste,gecruist,cruiste,cruis,cruist,sein,zu cruisen
verkoken,verkoke,verkokst,verkokt,verkokte,verkokt,verkokte,verkok,verkokt,haben,zu verkoken
cremen,creme,cremst,cremt,cremte,gecremt,cremte,creme,cremt,haben,zu cremen
crashen,crashe,crashst,crasht,crashte,gecrasht,crashte,crashe,crasht,haben,zu crashen
indulgieren,indulgiere,indulgierst,indulgiert,indulgierte,indulgiert,indulgierte,indulgiere,indulgiert,haben,zu indulgieren
covern,covere,coverst,covert,coverte,gecovert,coverte,covere,covert,haben,zu covern
belauern,belauere,belauerst,belauert,belauerte,belauert,belauerte,belauere,belauert,haben,zu belauern
transfundieren,transfundiere,transfundierst,transfundiert,transfundierte,transfundiert,transfundierte,transfundier,transfundiert,haben,zu transfundieren
funken,funke,funkst,funkt,funkte,gefunkt,funkte,funk,funkt,haben,zu funken
auspichen,piche aus,pichst aus,picht aus,pichte aus,ausgepicht,pichte aus,pich aus,picht aus,haben,auszupichen
matern,matere,materst,matert,materte,gematert,materte,mater,matert,haben,zu matern
kokeln,kokle,kokelst,kokelt,kokelte,gekokelt,kokelte,kokle,kokelt,haben,zu kokeln
derivieren,deriviere,derivierst,deriviert,derivierte,deriviert,derivierte,deriviere,deriviert,haben,zu derivieren
antexten,texte an,textest an,textet an,textete an,angetextet,textete an,texte an,textet an,haben,anzutexten
einnachten,—,—,nachtet ein,nachtete ein,eingenachtet,nachtete ein,—,—,haben,einzunachten
klieren,kliere,klierst,kliert,klierte,gekliert,klierte,klier,kliert,haben,zu klieren
shuttlen,shuttle,shuttlest,shuttlet,shuttlete,geshuttlet,shuttlete,shuttle,shuttlet,haben,zu shuttlen
umlügen,lüge um,lügst um,lügt um,log um,umgelogen,löge um,lüge um,lügt um,haben,zu umlügen
mitfiebern,fiebere mit,fieberst mit,fiebert mit,fieberte mit,mitgefiebert,fieberte mit,fiebere mit,fiebert mit,haben,mitzufiebern
verwarnen,verwarne,verwarnst,verwarnt,verwarnte,verwarnt,verwarnte,verwarn,verwarnt,haben,zu verwarnen
tempern,tempere,temperst,tempert,temperte,getempert,temperte,tempere,tempert,haben,zu tempern
beschneien,beschneie,beschneist,beschneit,beschneite,beschneit,beschneite,beschnei,beschneit,haben,zu beschneien
wiedersehen,sehe wieder,siehst wieder,sieht wieder,sah wieder,wiedergesehen,sähe wieder,sieh wieder,seht wieder,haben,wiederzusehen
wichteln,wichtele,wichtelst,wichtelt,wichtelte,gewichtelt,wichtelte,wichtele,wichtelt,haben,zu wichteln
kerben,kerbe,kerbst,kerbt,kerbte,gekerbt,kerbte,kerb,kerbt,haben,zu kerben
hauchen,hauche,hauchst,haucht,hauchte,gehaucht,hauchte,hauch,haucht,haben,zu hauchen
anschleichen,schleiche an,schleichst an,schleicht an,schlich an,angeschlichen,schliche an,schleich an,schleicht an,haben,anzuschleichen
heimführen,führe heim,führst heim,führt heim,führte heim,heimgeführt,führte heim,führ heim,führt heim,haben,zu heimführen
beweiben,beweibe,beweibst,beweibt,beweibte,beweibt,beweibte,beweib,beweibt,haben,zu beweiben
fadisieren,fadisiere,fadisierst,fadisiert,fadisierte,fadisiert,fadisierte,fadisier,fadisiert,haben,zu fadisieren
nachschärfen,schärfe nach,schärfst nach,schärft nach,schärfte nach,nachgeschärft,schärfte nach,schärf nach,schärft nach,haben,nachzuschärfen
abbeereln,beerel ab,beerelst ab,beerelt ab,beerelte ab,abgebeerelt,beerelte ab,beerel ab,beerelt ab,haben,abzubeereln
abbeten,bete ab,betest ab,betet ab,betete ab,abgebetet,betete ab,bet ab,betet ab,haben,abzubeten
nachladen,lade nach,lädst nach,lädt nach,lud nach,nachgeladen,lüde nach,lad nach,ladet nach,haben,nachzuladen
auskennen,kenne aus,kennst aus,kennt aus,kannte aus,ausgekannt,kennte aus,kenn aus,kennt aus,haben,auszukennen
erwürgen,erwürge,erwürgst,erwürgt,erwürgte,erwürgt,erwürgte,erwürg,erwürgt,haben,zu erwürgen
näherbringen,bringe näher,bringst näher,bringt näher,brachte näher,nähergebracht,brächte näher,bring näher,bringt näher,haben,näherzubringen
überrumpeln,überrumple,überrumpelst,überrumpelt,überrumpelte,überrumpelt,überrumpelte,überrumple,überrumpelt,haben,zu überrumpeln
erbeuten,erbeute,erbeutest,erbeutet,erbeutete,erbeutet,erbeutete,erbeut,erbeutet,haben,zu erbeuten
zurückgreifen,greife zurück,greifst zurück,greift zurück,griff zurück,zurückgegriffen,griffe zurück,greif zurück,greift zurück,haben,zuzurückgreifen
beglücken,beglücke,beglückst,beglückt,beglückte,beglückt,beglückte,beglück,beglückt,haben,zu beglücken
verscheißen,verscheiße,verscheißt,verscheißt,verschiss,verschissen,verschisse,verscheiße,verscheißt,haben,zu verscheißen
verzeichnen,verzeichne,verzeichnest,verzeichnet,verzeichnete,verzeichnet,verzeichnete,verzeichne,verzeichnet,haben,zu verzeichnen
aufbessern,bessere auf,besserst auf,bessert auf,besserte auf,aufgebessert,besserte auf,bessere auf,bessert auf,haben,aufzubessern
zwiebeln,zwieble,zwiebelst,zwiebelt,zwiebelte,gezwiebelt,zwiebelte,zwieble,zwiebelt,haben,zu zwiebeln
materialisieren,materialisiere,materialisierst,materialisiert,materialisierte,materialisiert,materialisierte,materialisiere,materialisiert,sein,zu materialisieren
skalieren,skaliere,skalierst,skaliert,skalierte,skaliert,skalierte,skaliere,skaliert,haben,zu skalieren
weiden,weide,weidest,weidet,weidete,geweidet,weidete,weide,weidet,haben,zu weiden
ausweiden,weide aus,weidest aus,weidet aus,weidete aus,ausgeweidet,weidete aus,weid aus,weidet aus,haben,auszuweiden
polken,polke,polkst,polkt,polkte,gepolkt,polkte,polk,polkt,haben,zu polken
festquatschen,quatsche fest,quatschst fest,quatscht fest,quatschte fest,festgequatscht,quatschte fest,quatsch fest,quatscht fest,haben,festzuquatschen
durchnehmen,nehme durch,nimmst durch,nimmt durch,nahm durch,durchgenommen,nähme durch,nimm durch,nehmt durch,haben,zu durchnehmen
köcheln,köchele,köchelst,köchelt,köchelte,geköchelt,köchelte,köchele,köchelt,haben,zu köcheln
botschen,botsche,botschst,botscht,botschte,gebotscht,botschte,botsche,botscht,haben,zu botschen
hlupan,hlupa,hlupast,hlupat,hlupate,gehlupat,hlupate,hlupa,hlupat,haben,zu hlupan
präpeln,präple,präpelst,präpelt,präpelte,gepräpelt,präpelte,präple,präpelt,haben,zu präpeln
tapern,tapere,taperst,tapert,taperte,getapert,taperte,tapere,tapert,sein,zu tapern
axiomatisieren,axiomatisiere,axiomatisierst,axiomatisiert,axiomatisierte,axiomatisiert,axiomatisierte,axiomatisier,axiomatisiert,haben,zu axiomatisieren
erspielen,erspiele,erspielst,erspielt,erspielte,erspielt,erspielte,erspiel,erspielt,haben,zu erspielen
emporwachsen,wachse empor,wächst empor,wächst empor,wuchs empor,emporgewachsen,wüchse empor,wachs empor,wachst empor,sein,zu emporwachsen
avivieren,aviviere,avivierst,aviviert,avivierte,aviviert,avivierte,avivier,aviviert,haben,zu avivieren
bongen,bonge,bongst,bongt,bongte,gebongt,bongte,bong,bongt,haben,zu bongen
schanzen,schanze,schanzt,schanzt,schanzte,geschanzt,schanzte,schanz,schanzt,haben,zu schanzen
verzaubern,verzaubere,verzauberst,verzaubert,verzauberte,verzaubert,verzauberte,verzauber,verzaubert,haben,zu verzaubern
islamisieren,islamisiere,islamisierst,islamisiert,islamisierte,islamisiert,islamisierte,islamisier,islamisiert,haben,zu islamisieren
herausschwimmen,schwimme heraus,schwimmst heraus,schwimmt heraus,schwamm heraus,herausgeschwommen,schwömme heraus,schwimm heraus,schwimmt heraus,sein,herzuausschwimmen
nachalarmieren,alarmiere nach,alarmierst nach,alarmiert nach,alarmierte nach,nachalarmiert,alarmierte nach,alarmier nach,alarmiert nach,haben,nachzualarmieren
bedrücken,bedrücke,bedrückst,bedrückt,bedrückte,bedrückt,bedrückte,bedrück,bedrückt,haben,zu bedrücken
heraufgehen,gehe herauf,gehst herauf,geht herauf,ging herauf,heraufgegangen,ginge herauf,gehe herauf,geht herauf,sein,herzuaufgehen
losprusten,pruste los,prustest los,prustet los,prustete los,losgeprustet,prustete los,prust los,prustet los,haben,zu losprusten
heraufkriechen,krieche herauf,kriechst herauf,kriecht herauf,kroch herauf,heraufgekrochen,kröche herauf,kriech herauf,kriecht herauf,sein,herzuaufkriechen
heraufklettern,klettere herauf,kletterst herauf,klettert herauf,kletterte herauf,heraufgeklettert,kletterte herauf,kletter herauf,klettert herauf,sein,herzuaufklettern
heraufspringen,springe herauf,springst herauf,springt herauf,sprang herauf,heraufgesprungen,spränge herauf,spring herauf,springt herauf,sein,herzuaufspringen
unterordnen,ordne unter,ordnest unter,ordnet unter,ordnete unter,untergeordnet,ordnete unter,ordne unter,ordnet unter,haben,unterzuordnen
heraufstarren,starre herauf,starrst herauf,starrt herauf,starrte herauf,heraufgestarrt,starrte herauf,starr herauf,starrt herauf,haben,herzuaufstarren
herauffahren,fahre herauf,fährst herauf,fährt herauf,fuhr herauf,heraufgefahren,führe herauf,fahr herauf,fahrt herauf,sein,herzuauffahren
depeschieren,depeschiere,depeschierst,depeschiert,depeschierte,depeschiert,depeschierte,depeschier,depeschiert,haben,zu depeschieren
plätten,plätte,plättest,plättet,plättete,geplättet,plättete,plätt,plättet,haben,zu plätten
reinlassen,lasse rein,lässt rein,lässt rein,ließ rein,reingelassen,ließe rein,lass rein,lasst rein,haben,reinzulassen
verdunkeln,verdunkle,verdunkelst,verdunkelt,verdunkelte,verdunkelt,verdunkelte,verdunkle,verdunkelt,haben,zu verdunkeln
verheeren,verheere,verheerst,verheert,verheerte,verheert,verheerte,verheere,verheert,haben,zu verheeren
gamen,game,gamst,gamt,gamte,gegamt,gamte,game,gamt,haben,zu gamen
kultivieren,kultiviere,kultivierst,kultiviert,kultivierte,kultiviert,kultivierte,kultivier,kultiviert,haben,zu kultivieren
ausliegen,liege aus,liegst aus,liegt aus,lag aus,ausgelegen,läge aus,lieg aus,liegt aus,haben,auszuliegen
einbüßen,büße ein,büßt ein,büßt ein,büßte ein,eingebüßt,büßte ein,büß ein,büßt ein,haben,einzubüßen
prasseln,prassele,prasselst,prasselt,prasselte,geprasselt,prasselte,prassele,prasselt,haben,zu prasseln
verramschen,verramsche,verramschst,verramscht,verramschte,verramscht,verramschte,verramsch,verramscht,haben,zu verramschen
heraufbefördern,befördere herauf,beförderst herauf,befördert herauf,beförderte herauf,heraufbefördert,beförderte herauf,befördere herauf,befördert herauf,haben,herzuaufbefördern
abrunden,runde ab,rundest ab,rundet ab,rundete ab,abgerundet,rundete ab,runde ab,rundet ab,haben,abzurunden
allergisieren,allergisiere,allergisierst,allergisiert,allergisierte,allergisiert,allergisierte,allergisier,allergisiert,haben,zu allergisieren
ausschlüpfen,schlüpfe aus,schlüpfst aus,schlüpft aus,schlüpfte aus,ausgeschlüpft,schlüpfte aus,schlüpfe aus,schlüpft aus,sein,auszuschlüpfen
wegflexen,flexe weg,flext weg,flext weg,flexte weg,weggeflext,flexte weg,flex weg,flext weg,haben,wegzuflexen
fingern,fingere,fingerst,fingert,fingerte,gefingert,fingerte,finger,fingert,haben,zu fingern
watscheln,watschle,watschelst,watschelt,watschelte,gewatschelt,watschelte,watschle,watschelt,sein,zu watscheln
postieren,postiere,postierst,postiert,postierte,postiert,postierte,postier,postiert,haben,zu postieren
beizen,beize,beizt,beizt,beizte,gebeizt,beizte,beiz,beizt,haben,zu beizen
zufrieren,—,—,friert zu,fror zu,zugefroren,fröre zu,—,—,sein,zuzufrieren
entbinden,entbinde,entbindest,entbindet,entband,entbunden,entbände,entbind,entbindet,haben,zu entbinden
beregnen,beregne,beregnest,beregnet,beregnete,beregnet,beregnete,beregne,beregnet,haben,zu beregnen
anlieben,liebe an,liebst an,liebt an,liebte an,angeliebt,liebte an,lieb an,liebt an,haben,anzulieben
mildern,mildere,milderst,mildert,milderte,gemildert,milderte,mildere,mildert,haben,zu mildern
mindern,mindere,minderst,mindert,minderte,gemindert,minderte,mindere,mindert,haben,zu mindern
französieren,französiere,französierst,französiert,französierte,französiert,französierte,französier,französiert,haben,zu französieren
französisieren,französisiere,französisierst,französisiert,französisierte,französisiert,französisierte,französisier,französisiert,haben,zu französisieren
nutrieren,nutriere,nutrierst,nutriert,nutrierte,nutriert,nutrierte,nutriere,nutriert,haben,zu nutrieren
sporteln,sportel,sportelst,sportelt,sportelte,gesportelt,sportelte,sportel,sportelt,haben,zu sporteln
verhütten,verhütte,verhüttest,verhüttet,verhüttete,verhüttet,verhüttete,verhütt,verhüttet,haben,zu verhütten
monologisieren,monologisiere,monologisierst,monologisiert,monologisierte,monologisiert,monologisierte,monologisier,monologisiert,haben,zu monologisieren
wegtolerieren,toleriere weg,tolerierst weg,toleriert weg,tolerierte weg,wegtoleriert,tolerierte weg,tolerier weg,toleriert weg,haben,wegzutolerieren
nasalieren,nasaliere,nasalierst,nasaliert,nasalierte,nasaliert,nasalierte,nasalier,nasaliert,haben,zu nasalieren
Benutzer:Thirunavukkarasye-Raveendran/abstoßen,-,-,-,-,abgestoßen,stieße ab,stoße ab!,stoßt ab!,haben,zu Benutzer:Thirunavukkarasye-Raveendran/abstoßen
abstoßen,stoße ab,stößt ab,stößt ab,stieß ab,abgestoßen,stieße ab,stoße ab,stoßt ab,haben,abzustoßen
nationalisieren,nationalisiere,nationalisierst,nationalisiert,nationalisierte,nationalisiert,nationalisierte,nationalisier,nationalisiert,haben,zu nationalisieren
erfoltern,erfoltere,erfolterst,erfoltert,erfolterte,erfoltert,erfolterte,erfolter,erfoltert,haben,zu erfoltern
verheilen,—,—,verheilt,verheilte,verheilt,verheilte,—,—,sein,zu verheilen
jüdeln,jüdle,jüdelst,jüdelt,jüdelte,gejüdelt,jüdelte,jüdle,jüdelt,haben,zu jüdeln
hoppeln,hopple,hoppelst,hoppelt,hoppelte,gehoppelt,hoppelte,hopple,hoppelt,sein,zu hoppeln
xerokopieren,xerokopiere,xerokopierst,xerokopiert,xerokopierte,xerokopiert,xerokopierte,xerokopier,xerokopiert,haben,zu xerokopieren
xerografieren,xerografiere,xerografierst,xerografiert,xerografierte,xerografiert,xerografierte,xerografier,xerografiert,haben,zu xerografieren
aufatmen,atme auf,atmest auf,atmet auf,atmete auf,aufgeatmet,atmete auf,atme auf,atmet auf,haben,aufzuatmen
säumen,säume,säumst,säumt,säumte,gesäumt,säumte,säum,säumt,haben,zu säumen
umsäumen,umsäume,umsäumst,umsäumt,umsäumte,umsäumt,umsäumte,umsäum,umsäumt,haben,zu umsäumen
exaltieren,exaltiere,exaltierst,exaltiert,exaltierte,exaltiert,exaltierte,exaltier,exaltiert,haben,zu exaltieren
atomisieren,atomisiere,atomisierst,atomisiert,atomisierte,atomisiert,atomisierte,atomisiere,atomisiert,haben,zu atomisieren
streamen,streame,streamst,streamt,streamte,gestreamt,streamte,stream,streamt,haben,zu streamen
beratschlagen,beratschlage,beratschlagst,beratschlagt,beratschlagte,beratschlagt,beratschlagte,beratschlag,beratschlagt,haben,zu beratschlagen
ratschlagen,ratschlage,ratschlagst,ratschlagt,ratschlagte,geratschlagt,ratschlagte,ratschlag,ratschlagt,haben,zu ratschlagen
emporsteigen,steige empor,steigst empor,steigt empor,stieg empor,emporgestiegen,stiege empor,steig empor,steigt empor,sein,zu emporsteigen
nachmachen,mache nach,machst nach,macht nach,machte nach,nachgemacht,machte nach,mach nach,macht nach,haben,nachzumachen
erbosen,erbose,erbost,erbost,erboste,erbost,erboste,erbos,erbost,haben,zu erbosen
hinkacken,kacke hin,kackst hin,kackt hin,kackte hin,hingekackt,kackte hin,kack hin,kackt hin,haben,hinzukacken
gendern,gendere,genderst,gendert,genderte,gegendert,genderte,gendere,gendert,haben,zu gendern
durchzählen,zähle durch,zählst durch,zählt durch,zählte durch,durchgezählt,zählte durch,zähl durch,zählt durch,haben,zu durchzählen
abzählen,zähle ab,zählst ab,zählt ab,zählte ab,abgezählt,zählte ab,zähl ab,zählt ab,haben,abzuzählen
vertikutieren,vertikutiere,vertikutierst,vertikutiert,vertikutierte,vertikutiert,vertikutierte,vertikutiere,vertikutiert,haben,zu vertikutieren
krebsen,krebse,krebst,krebst,krebste,gekrebst,krebste,krebs,krebst,haben,zu krebsen
versengen,versenge,versengst,versengt,versengte,versengt,versengte,verseng,versengt,haben,zu versengen
zufallen,falle zu,fällst zu,fällt zu,fiel zu,zugefallen,fiele zu,fall zu,fallt zu,sein,zuzufallen
vulgarisieren,vulgarisiere,vulgarisierst,vulgarisiert,vulgarisierte,vulgarisiert,vulgarisierte,vulgarisier,vulgarisiert,haben,zu vulgarisieren
zersägen,zersäge,zersägst,zersägt,zersägte,zersägt,zersägte,zersäg,zersägt,haben,zu zersägen
rendern,rendere,renderst,rendert,renderte,gerendert,renderte,render,rendert,haben,zu rendern
verzehnfachen,verzehnfache,verzehnfachst,verzehnfacht,verzehnfachte,verzehnfacht,verzehnfachte,verzehnfach,verzehnfacht,haben,zu verzehnfachen
trimmen,trimme,trimmst,trimmt,trimmte,getrimmt,trimmte,trimme,trimmt,haben,zu trimmen
hantieren,hantiere,hantierst,hantiert,hantierte,hantiert,hantierte,hantiere,hantiert,haben,zu hantieren
hineinwerfen,werfe hinein,wirfst hinein,wirft hinein,warf hinein,hineingeworfen,würfe hinein,wirf hinein,werft hinein,haben,hinzueinwerfen
volvieren,volviere,volvierst,volviert,volvierte,volviert,volvierte,volvier,volviert,haben,zu volvieren
verkleiden,verkleide,verkleidest,verkleidet,verkleidete,verkleidet,verkleidete,verkleide,verkleidet,haben,zu verkleiden
hetzen,hetze,hetzt,hetzt,hetzte,gehetzt,hetzte,hetze,hetzt,haben,zu hetzen
zergehen,zergehe,zergehst,zergeht,zerging,zergangen,zerginge,zergeh,zergeht,sein,zu zergehen
quoteln,quotle,quotelst,quotelt,quotelte,gequotelt,quotelte,quotle,quotelt,haben,zu quoteln
latinisieren,latinisiere,latinisierst,latinisiert,latinisierte,latinisiert,latinisierte,latinisier,latinisiert,haben,zu latinisieren
ironisieren,ironisiere,ironisierst,ironisiert,ironisierte,ironisiert,ironisierte,ironisier,ironisiert,haben,zu ironisieren
entlehnen,entlehne,entlehnst,entlehnt,entlehnte,entlehnt,entlehnte,entlehn,entlehnt,haben,zu entlehnen
herabwürdigen,herabwürdige,herabwürdigst,herabwürdigt,herabwürdigte,herabgewürdigt,herabwürdigte,würdige herab,würdigt herab,haben,herzuabwürdigen
kiesen,kiese,kiest,kiest,kieste,gekiest,kieste,kies,kiest,haben,zu kiesen
aufzählen,zähle auf,zählst auf,zählt auf,zählte auf,aufgezählt,zählte auf,zähl auf,zählt auf,haben,aufzuzählen
heraufheben,hebe herauf,hebst herauf,hebt herauf,hob herauf,heraufgehoben,höbe herauf,heb herauf,hebt herauf,haben,herzuaufheben
kacheln,kachele,kachelst,kachelt,kachelte,gekachelt,kachelte,kachele,kachelt,haben,zu kacheln
steppen,steppe,steppst,steppt,steppte,gesteppt,steppte,steppe,steppt,haben,zu steppen
besüsseln,besüssle,besüsselst,besüsselt,besüsselte,besüsselt,besüsselte,besüssel,besüsselt,haben,zu besüsseln
vordringen,dringe vor,dringst vor,dringt vor,drang vor,vorgedrungen,dränge vor,dring vor,dringt vor,sein,vorzudringen
Benutzer:TaxonBot/lieben,-,-,-,-,geliebt,liebte,liebe,liebt,haben,zu Benutzer:TaxonBot/lieben
abbürsten,bürste ab,bürstest ab,bürstet ab,bürstete ab,abgebürstet,bürstete ab,bürst ab,bürstet ab,haben,abzubürsten
abfrieren,friere ab,frierst ab,friert ab,fror ab,abgefroren,fröre ab,frier ab,friert ab,sein,abzufrieren
kollern,kollere,kollerst,kollert,kollerte,gekollert,kollerte,koller,kollert,haben,zu kollern
aschen,asche,aschst,ascht,aschte,geascht,aschte,asch,ascht,haben,zu aschen
abwischen,wische ab,wischst ab,wischt ab,wischte ab,abgewischt,wischte ab,wisch ab,wischt ab,haben,abzuwischen
fluchten,—,—,fluchtet,fluchtete,gefluchtet,fluchtete,—,—,haben,zu fluchten
schubbern,schubbere,schubberst,schubbert,schubberte,geschubbert,schubberte,schubber,schubbert,haben,zu schubbern
herumdoktern,doktere herum,dokterst herum,doktert herum,dokterte herum,herumgedoktert,dokterte herum,dokter herum,doktert herum,haben,herzuumdoktern
abringen,ringe ab,ringst ab,ringt ab,rang ab,abgerungen,ränge ab,ring ab,ringt ab,haben,abzuringen
wöllen,wölle,wöllst,wöllt,wöllte,gewöllt,wöllte,wöll,wöllt,haben,zu wöllen
herumscharwenzeln,scharwenzele herum,scharwenzelst herum,scharwenzelt herum,scharwenzelte herum,herumscharwenzelt,scharwenzelte herum,scharwenzle herum,scharwenzelt herum,sein,herzuumscharwenzeln
verdrießen,verdrieße,verdrießt,verdrießt,verdross,verdrossen,verdrösse,verdrieß,verdrießt,haben,zu verdrießen
ausschimpfen,schimpfe aus,schimpfst aus,schimpft aus,schimpfte aus,ausgeschimpft,schimpfte aus,schimpf aus,schimpft aus,haben,auszuschimpfen
zurechtweisen,weise zurecht,weist zurecht,weist zurecht,wies zurecht,zurechtgewiesen,wiese zurecht,weis zurecht,weist zurecht,haben,zuzurechtweisen
umändern,ändere um,änderst um,ändert um,änderte um,umgeändert,änderte um,änder um,ändert um,haben,umzuändern
auskotzen,kotze aus,kotzt aus,kotzt aus,kotzte aus,ausgekotzt,kotzte aus,kotz aus,kotzt aus,haben,auszukotzen
spreiten,spreite,spreitest,spreitet,spreitete,gespreitet,spreitete,spreit,spreitet,haben,zu spreiten
psalmodieren,psalmodiere,psalmodierst,psalmodiert,psalmodierte,psalmodiert,psalmodierte,psalmodier,psalmodiert,haben,zu psalmodieren
darren,darre,darrst,darrt,darrte,gedarrt,darrte,darr,darrt,haben,zu darren
sexen,sexe,sext,sext,sexte,gesext,sexte,sexe,sext,haben,zu sexen
entfolgen,entfolge,entfolgst,entfolgt,entfolgte,entfolgt,entfolgte,entfolge,entfolgt,haben,zu entfolgen
verfemen,verfeme,verfemst,verfemt,verfemte,verfemt,verfemte,verfem,verfemt,haben,zu verfemen
werweissen,werweisse,werweisst,werweisst,werweisste,gewerweisst,werweisste,werweisse,werweisst,haben,zu werweissen
umentscheiden,entscheide um,entscheidest um,entscheidet um,entschied um,umentschieden,entschiede um,entscheid um,entscheidet um,haben,umzuentscheiden
loseisen,eise los,eist los,eist los,eiste los,losgeeist,eiste los,eis los,eist los,haben,zu loseisen
abärgern,ärgere ab,ärgerst ab,ärgert ab,ärgerte ab,abgeärgert,ärgerte ab,ärgere ab,ärgert ab,haben,abzuärgern
kaudern,kaudere,kauderst,kaudert,kauderte,gekaudert,kauderte,kaudere,kaudert,haben,zu kaudern
abbraten,brate ab,brätst ab,brät ab,briet ab,abgebraten,briete ab,brat ab,bratet ab,haben,abzubraten
verdolen,verdole,verdolst,verdolt,verdolte,verdolt,verdolte,verdol,verdolt,haben,zu verdolen
verabsäumen,verabsäume,verabsäumst,verabsäumt,verabsäumte,verabsäumt,verabsäumte,verabsäum,verabsäumt,haben,zu verabsäumen
hinarbeiten,arbeite hin,arbeitest hin,arbeitet hin,arbeitete hin,hingearbeitet,arbeitete hin,arbeit hin,arbeitet hin,haben,hinzuarbeiten
verknacken,verknacke,verknackst,verknackt,verknackte,verknackt,verknackte,verknack,verknackt,haben,zu verknacken
verrohen,verrohe,verrohst,verroht,verrohte,verroht,verrohte,verroh,verroht,haben,zu verrohen
orakeln,orakle,orakelst,orakelt,orakelte,orakelt,orakelte,orakle,orakelt,haben,zu orakeln
tändeln,tändele,tändelst,tändelt,tändelte,getändelt,tändelte,tändele,tändelt,haben,zu tändeln
schoren,schore,schorst,schort,schorte,geschort,schorte,schore,schort,haben,zu schoren
verunmöglichen,verunmögliche,verunmöglichst,verunmöglicht,verunmöglichte,verunmöglicht,verunmöglichte,verunmögliche,verunmöglicht,haben,zu verunmöglichen
verbriefen,verbriefe,verbriefst,verbrieft,verbriefte,verbrieft,verbriefte,verbrief,verbrieft,haben,zu verbriefen
sünnelen,sünnele,sünnelest,sünnelet,sünnelete,gesünnelet,sünnelete,sünnele,sünnelet,haben,zu sünnelen
sonnenbaden,sonnenbade,sonnenbadest,sonnenbadet,sonnenbadete,sonnengebadet,sonnenbadete,sonnenbade,sonnenbadet,haben,zu sonnenbaden
zerstrahlen,zerstrahle,zerstrahlst,zerstrahlt,zerstrahlte,zerstrahlt,zerstrahlte,zerstrahl,zerstrahlt,sein,zu zerstrahlen
exstirpieren,exstirpiere,exstirpierst,exstirpiert,exstirpierte,exstirpiert,exstirpierte,exstirpier,exstirpiert,haben,zu exstirpieren
jazzen,jazze,jazzt,jazzt,jazzte,gejazzt,jazzte,jazz,jazzt,haben,zu jazzen
euphorisieren,euphorisiere,euphorisierst,euphorisiert,euphorisierte,euphorisiert,euphorisierte,euphorisier,euphorisiert,haben,zu euphorisieren
aussparen,spare aus,sparst aus,spart aus,sparte aus,ausgespart,sparte aus,spar aus,spart aus,haben,auszusparen
ausloten,lote aus,lotest aus,lotet aus,lotete aus,ausgelotet,lotete aus,lot aus,lotet aus,haben,auszuloten
stöckeln,stöckle,stöckelst,stöckelt,stöckelte,gestöckelt,stöckelte,stöckle,stöckelt,sein,zu stöckeln
knospen,—,—,knospt,knospte,geknospt,knospte,—,—,haben,zu knospen
aufbürden,bürde auf,bürdest auf,bürdet auf,bürdete auf,aufgebürdet,bürdete auf,bürd auf,bürdet auf,haben,aufzubürden
zerklüften,zerklüfte,zerklüftest,zerklüftet,zerklüftete,zerklüftet,zerklüftete,zerklüft,zerklüftet,haben,zu zerklüften
überstehen,überstehe,überstehst,übersteht,überstand,überstanden,überstände,übersteh,übersteht,haben,zu überstehen
fortlaufen,laufe fort,läufst fort,läuft fort,lief fort,fortgelaufen,liefe fort,lauf fort,lauft fort,sein,fortzulaufen
runterrocken,rocke runter,rockst runter,rockt runter,rockte runter,runtergerockt,rockte runter,rock runter,rockt runter,haben,runterzurocken
standardisieren,standardisiere,standardisierst,standardisiert,standardisierte,standardisiert,standardisierte,standardisier,standardisiert,haben,zu standardisieren
niftern,niftere,nifterst,niftert,nifterte,geniftert,nifterte,niftere,niftert,haben,zu niftern
anerziehen,erziehe an,erziehst an,erzieht an,erzog an,anerzogen,erzöge an,erzieh an,erzieht an,haben,anzuerziehen
überschäumen,schäume über,schäumst über,schäumt über,schäumte über,übergeschäumt,schäumte über,schäume über,schäumt über,sein,zu überschäumen
verharren,verharre,verharrst,verharrt,verharrte,verharrt,verharrte,verharr,verharrt,haben,zu verharren
wuchten,wuchte,wuchtest,wuchtet,wuchtete,gewuchtet,wuchtete,wucht,wuchtet,haben,zu wuchten
klargehen,—,—,geht klar,ging klar,klargegangen,ginge klar,—,—,sein,klarzugehen
anführen,führe an,führst an,führt an,führte an,angeführt,führte an,führ an,führt an,haben,anzuführen
schmurgeln,schmurgele,schmurgelst,schmurgelt,schmurgelte,geschmurgelt,schmurgelte,schmurgel,schmurgelt,haben,zu schmurgeln
lieb haben,habe lieb,hast lieb,hat lieb,hatte lieb,lieb gehabt,hätte lieb,hab lieb,habt lieb,haben,zu lieb haben
gern haben,habe gern,hast gern,hat gern,hatte gern,gern gehabt,hätte gern,hab gern,habt gern,haben,zu gern haben
verschrumpeln,verschrumpele,verschrumpelst,verschrumpelt,verschrumpelte,verschrumpelt,verschrumpelte,verschrumpele,verschrumpelt,sein,zu verschrumpeln
niederkommen,komme nieder,kommst nieder,kommt nieder,kam nieder,niedergekommen,käme nieder,komm nieder,kommt nieder,sein,niederzukommen
entminen,entmine,entminst,entmint,entminte,entmint,entminte,entmine,entmint,haben,zu entminen
entwischen,entwische,entwischst,entwischt,entwischte,entwischt,entwischte,entwisch,entwischt,sein,zu entwischen
auffressen,fresse auf,frisst auf,frisst auf,fraß auf,aufgefressen,fräße auf,friss auf,fresst auf,haben,aufzufressen
bemalen,bemale,bemalst,bemalt,bemalte,bemalt,bemalte,bemal,bemalt,haben,zu bemalen
containern,containere,containerst,containert,containerte,containert,containerte,containere,containert,haben,zu containern
rektifizieren,rektifiziere,rektifizierst,rektifiziert,rektifizierte,rektifiziert,rektifizierte,rektifizier,rektifiziert,haben,zu rektifizieren
aufbieten,biete auf,bietest auf,bietet auf,bot auf,aufgeboten,böte auf,biet auf,bietet auf,haben,aufzubieten
abfingern,fingere ab,fingerst ab,fingert ab,fingerte ab,abgefingert,fingerte ab,fingere ab,fingert ab,haben,abzufingern
abdrängen,dränge ab,drängst ab,drängt ab,drängte ab,abgedrängt,drängte ab,dränge ab,drängt ab,haben,abzudrängen
aufspritzen,spritze auf,spritzt auf,spritzt auf,spritzte auf,aufgespritzt,spritzte auf,spritz auf,spritzt auf,haben,aufzuspritzen
luxieren,luxiere,luxierst,luxiert,luxierte,luxiert,luxierte,luxier,luxiert,haben,zu luxieren
entblöden,entblöde,entblödest,entblödet,entblödete,entblödet,entblödete,entblöd,entblödet,haben,zu entblöden
faustficken,faustficke,faustfickst,faustfickt,faustfickte,faustgefickt,faustfickte,faustficke,faustfickt,haben,zu faustficken
verästeln,verästle,verästelst,verästelt,verästelte,verästelt,verästelte,verästele,verästelt,haben,zu verästeln
vererben,vererbe,vererbst,vererbt,vererbte,vererbt,vererbte,vererb,vererbt,haben,zu vererben
dimensionieren,dimensioniere,dimensionierst,dimensioniert,dimensionierte,dimensioniert,dimensionierte,dimensioniere,dimensioniert,haben,zu dimensionieren
trockenlegen,lege trocken,legst trocken,legt trocken,legte trocken,trockengelegt,legte trocken,leg trocken,legt trocken,haben,trockenzulegen
entwerten,entwerte,entwertest,entwertet,entwertete,entwertet,entwertete,entwert,entwertet,haben,zu entwerten
ummünzen,münze um,münzt um,münzt um,münzte um,umgemünzt,münzte um,münz um,münzt um,haben,umzumünzen
datieren,datiere,datierst,datiert,datierte,datiert,datierte,datier,datiert,haben,zu datieren
anmoderieren,moderiere an,moderierst an,moderiert an,moderierte an,anmoderiert,moderierte an,moderier an,moderiert an,haben,anzumoderieren
vorrechnen,rechne vor,rechnest vor,rechnet vor,rechnete vor,vorgerechnet,rechnete vor,rechne vor,rechnet vor,haben,zu vorrechnen
stolzieren,stolziere,stolzierst,stolziert,stolzierte,stolziert,stolzierte,stolzier,stolziert,sein,zu stolzieren
lochen,loche,lochst,locht,lochte,gelocht,lochte,loch,locht,haben,zu lochen
coden,code,codest,codet,codete,gecodet,codete,code,codet,haben,zu coden
benoten,benote,benotest,benotet,benotete,benotet,benotete,benot,benotet,haben,zu benoten
hinzuziehen,ziehe hinzu,ziehst hinzu,zieht hinzu,zog hinzu,hinzugezogen,zöge hinzu,zieh hinzu,zieht hinzu,haben,hinzuzuziehen
wachküssen,küsse wach,küsst wach,küsst wach,küsste wach,wachgeküsst,küsste wach,küsse wach,küsst wach,haben,wachzuküssen
karjuckeln,karjuckele,karjuckelst,karjuckelt,karjuckelte,karjuckelt,karjuckelte,karjuckele,karjuckelt,sein,zu karjuckeln
zumüllen,mülle zu,müllst zu,müllt zu,müllte zu,zugemüllt,müllte zu,müll zu,müllt zu,haben,zuzumüllen
ausufern,ufere aus,uferst aus,ufert aus,uferte aus,ausgeufert,uferte aus,ufer aus,ufert aus,sein,auszuufern
zerscherben,zerscherbe,zerscherbst,zerscherbt,zerscherbte,zerscherbt,zerscherbte,zerscherb,zerscherbt,sein,zu zerscherben
dampfgaren,dampfgare,dampfgarst,dampfgart,dampfgarte,dampfgegart,dampfgarte,dampfgare,dampfgart,haben,zu dampfgaren
furnieren,furniere,furnierst,furniert,furnierte,furniert,furnierte,furnier,furniert,haben,zu furnieren
plastifizieren,plastifiziere,plastifizierst,plastifiziert,plastifizierte,plastifiziert,plastifizierte,plastifiziere,plastifiziert,haben,zu plastifizieren
überbrücken,überbrücke,überbrückst,überbrückt,überbrückte,überbrückt,überbrückte,überbrück,überbrückt,haben,zu überbrücken
entströmen,—,—,entströmt,entströmte,entströmt,entströmte,—,—,sein,zu entströmen
heraufspucken,spucke herauf,spuckst herauf,spuckt herauf,spuckte herauf,heraufgespuckt,spuckte herauf,spuck herauf,spuckt herauf,haben,herzuaufspucken
vorbeiziehen,ziehe vorbei,ziehst vorbei,zieht vorbei,zog vorbei,vorbeigezogen,zöge vorbei,zieh vorbei,zieht vorbei,sein,vorbeizuziehen
durchstöbern,durchstöbere,durchstöberst,durchstöbert,durchstöberte,durchstöbert,durchstöberte,durchstöbere,durchstöbert,haben,zu durchstöbern
huren,hure,hurst,hurt,hurte,gehurt,hurte,hur,hurt,haben,zu huren
entpflichten,entpflichte,entpflichtest,entpflichtet,entpflichtete,entpflichtet,entpflichtete,entpflicht,entpflichtet,haben,zu entpflichten
auseinanderdividieren,dividiere auseinander,dividierst auseinander,dividiert auseinander,dividierte auseinander,auseinanderdividiert,dividierte auseinander,dividier auseinander,dividiert auseinander,haben,auszueinanderdividieren
nisten,niste,nistest,nistet,nistete,genistet,nistete,nist,nistet,haben,zu nisten
verwirken,verwirke,verwirkst,verwirkt,verwirkte,verwirkt,verwirkte,verwirk,verwirkt,haben,zu verwirken
rezitieren,rezitiere,rezitierst,rezitiert,rezitierte,rezitiert,rezitierte,rezitier,rezitiert,haben,zu rezitieren
eindämmern,dämmere ein,dämmerst ein,dämmert ein,dämmerte ein,eingedämmert,dämmerte ein,dämmere ein,dämmert ein,sein,einzudämmern
festschnallen,schnalle fest,schnallst fest,schnallt fest,schnallte fest,festgeschnallt,schnallte fest,schnall fest,schnallt fest,haben,festzuschnallen
zuschneiden,schneide zu,schneidest zu,schneidet zu,schnitt zu,zugeschnitten,schnitte zu,schneid zu,schneidet zu,haben,zuzuschneiden
bedünken,—,—,bedünkt,bedünkte,bedünkt,bedünkte,—,—,haben,zu bedünken
aufschnappen,schnappe auf,schnappst auf,schnappt auf,schnappte auf,aufgeschnappt,schnappte auf,schnappe auf,schnappt auf,haben,aufzuschnappen
einäschern,äschere ein,äscherst ein,äschert ein,äscherte ein,eingeäschert,äscherte ein,äschere ein,äschert ein,haben,einzuäschern
verdecken,verdecke,verdeckst,verdeckt,verdeckte,verdeckt,verdeckte,verdeck,verdeckt,haben,zu verdecken
Benutzer:Master of Contributions/Vorlage:Formatvorlage (Verb),spiele,spielst,spielt,spielte,gespielt,spielte,spiel,spielt,haben,zu Benutzer:Master of Contributions/Vorlage:Formatvorlage (Verb)
willfahren,willfahre,willfahrst,willfahrt,willfahrte,gewillfahrt,willfahre,willfahre,willfahrt,haben,zu willfahren
firmen,firme,firmst,firmt,firmte,gefirmt,firmte,firm,firmt,haben,zu firmen
framen,frame,framst,framt,framte,geframt,framte,frame,framet,haben,zu framen
herzen,herze,herzt,herzt,herzte,geherzt,herzte,herz,herzt,haben,herzuzen
verfugen,verfuge,verfugst,verfugt,verfugte,verfugt,verfugte,verfug,verfugt,haben,zu verfugen
ausapern,apere aus,aperst aus,apert aus,aperte aus,ausgeapert,aperte aus,aper aus,apert aus,haben,auszuapern
verkackeiern,verkackeiere,verkackeierst,verkackeiert,verkackeierte,verkackeiert,verkackeierte,verkackeiere,verkackeiert,haben,zu verkackeiern
harfen,harfe,harfst,harft,harfte,geharft,harfte,harf,harft,haben,zu harfen
anstupsen,stupse an,stupst an,stupst an,stupste an,angestupst,stupste an,stups an,stupst an,haben,anzustupsen
entsprießen,entsprieße,entsprießt,entsprießt,entspross,entsprossen,entsprösse,entsprieß,entsprießt,sein,zu entsprießen
refusieren,refusiere,refusierst,refusiert,refusierte,refusiert,refusierte,refusier,refusiert,haben,zu refusieren
molestieren,molestiere,molestierst,molestiert,molestierte,molestiert,molestierte,molestier,molestiert,haben,zu molestieren
plastinieren,plastiniere,plastinierst,plastiniert,plastinierte,plastiniert,plastinierte,plastinier,plastiniert,haben,zu plastinieren
einbalsamieren,balsamiere ein,balsamierst ein,balsamiert ein,balsamierte ein,einbalsamiert,balsamierte ein,balsamier ein,balsamiert ein,haben,einzubalsamieren
mumifizieren,mumifiziere,mumifizierst,mumifiziert,mumifizierte,mumifiziert,mumifizierte,mumifizier,mumifiziert,haben,zu mumifizieren
deichen,deiche,deichst,deicht,deichte,gedeicht,deichte,deich,deicht,haben,zu deichen
flatulieren,flatuliere,flatulierst,flatuliert,flatulierte,flatuliert,flatulierte,flatulier,flatuliert,haben,zu flatulieren
blähen,blähe,blähst,bläht,blähte,gebläht,blähte,bläh,bläht,haben,zu blähen
aufwiegeln,wiegele auf,wiegelst auf,wiegelt auf,wiegelte auf,aufgewiegelt,wiegelte auf,wiegel auf,wiegelt auf,haben,aufzuwiegeln
entringen,entringe,entringst,entringt,entrang,entrungen,entränge,entring,entringt,haben,zu entringen
aufbügeln,bügel auf,bügelst auf,bügelt auf,bügelte auf,aufgebügelt,bügelte auf,bügel auf,bügelt auf,haben,aufzubügeln
aufriegeln,riegel auf,riegelst auf,riegelt auf,riegelte auf,aufgeriegelt,riegelte auf,riegel auf,riegelt auf,haben,aufzuriegeln
pölzen,pölze,pölzt,pölzt,pölzte,gepölzt,pölzte,pölz,pölzt,haben,zu pölzen
dejeunieren,dejeuniere,dejeunierst,dejeuniert,dejeunierte,dejeuniert,dejeunierte,dejeunier,dejeuniert,haben,zu dejeunieren
präludieren,präludiere,präludierst,präludiert,präludierte,präludiert,präludierte,präludier,präludiert,haben,zu präludieren
metaphorisieren,metaphorisiere,metaphorisierst,metaphorisiert,metaphorisierte,metaphorisiert,metaphorisierte,metaphorisier,metaphorisiert,haben,zu metaphorisieren
schröpfen,schröpfe,schröpfst,schröpft,schröpfte,geschröpft,schröpfte,schröpf,schröpft,haben,zu schröpfen
ausbeuten,beute aus,beutest aus,beutet aus,beutete aus,ausgebeutet,beutete aus,beute aus,beutet aus,haben,auszubeuten
aufsuchen,suche auf,suchst auf,sucht auf,suchte auf,aufgesucht,suchte auf,such auf,sucht auf,haben,aufzusuchen
hinunterwerfen,werfe hinunter,wirfst hinunter,wirft hinunter,warf hinunter,hinuntergeworfen,würfe hinunter,wirf hinunter,werft hinunter,haben,hinzuunterwerfen
abteilen,teile ab,teilst ab,teilt ab,teilte ab,abgeteilt,teilte ab,teil ab,teilt ab,haben,abzuteilen
zusammenschrecken,schrecke zusammen,schreckst zusammen,schreckt zusammen,schreckte zusammen,zusammengeschreckt,schreckte zusammen,schreck zusammen,schreckt zusammen,sein,zuzusammenschrecken
maulen,maule,maulst,mault,maulte,gemault,maulte,maule,mault,haben,zu maulen
faxen,faxe,faxt,faxt,faxte,gefaxt,faxte,fax,faxt,haben,zu faxen
hinabsteigen,steige hinab,steigst hinab,steigt hinab,stieg hinab,hinabgestiegen,stiege hinab,steig hinab,steigt hinab,sein,hinzuabsteigen
glitschen,glitsche,glitschst,glitscht,glitschte,geglitscht,glitschte,glitsch,glitscht,sein,zu glitschen
flutschen,flutsche,flutschst,flutscht,flutschte,geflutscht,flutschte,flutsch,flutscht,sein,zu flutschen
schliddern,schliddere,schlidderst,schliddert,schlidderte,geschliddert,schlidderte,schlidder,schliddert,haben,zu schliddern
glubschen,glubsche,glubschst,glubscht,glubschte,geglubscht,glubschte,glubsch,glubscht,haben,zu glubschen
glupschen,glupsche,glupschst,glupscht,glupschte,geglupscht,glupschte,glupsch,glupscht,haben,zu glupschen
losmarschieren,marschiere los,marschierst los,marschiert los,marschierte los,losmarschiert,marschierte los,marschier los,marschiert los,sein,loszumarschieren
hinaufklettern,klettere hinauf,kletterst hinauf,klettert hinauf,kletterte hinauf,hinaufgeklettert,kletterte hinauf,klettere hinauf,klettert hinauf,sein,hinaufzuklettern
hinabsehen,sehe hinab,siehst hinab,sieht hinab,sah hinab,hinabgesehen,sähe hinab,sieh hinab,seht hinab,haben,hinzuabsehen
pragmatisieren,pragmatisiere,pragmatisierst,pragmatisiert,pragmatisierte,pragmatisiert,pragmatisierte,pragmatisiere,pragmatisiert,haben,zu pragmatisieren
knüllen,knülle,knüllst,knüllt,knüllte,geknüllt,knüllte,knüll,knüllt,haben,zu knüllen
ausrangieren,rangiere aus,rangierst aus,rangiert aus,rangierte aus,ausrangiert,rangierte aus,rangier aus,rangiert aus,haben,auszurangieren
schürzen,schürze,schürzt,schürzt,schürzte,geschürzt,schürzte,schürz,schürzt,haben,zu schürzen
verleugnen,verleugne,verleugnest,verleugnet,verleugnete,verleugnet,verleugnete,verleugne,verleugnet,haben,zu verleugnen
berauben,beraube,beraubst,beraubt,beraubte,beraubt,beraubte,beraub,beraubt,haben,zu berauben
heiligsprechen,spreche heilig,sprichst heilig,spricht heilig,sprach heilig,heiliggesprochen,spräche heilig,spreche heilig,sprecht heilig,haben,heiligzusprechen
zerlesen,zerlese,zerliest,zerliest,zerlas,zerlesen,zerlas,zerlies,zerlest,haben,zu zerlesen
knicken,knicke,knickst,knickt,knickte,geknickt,knickte,knick,knickt,haben,zu knicken
hineinsehen,sehe hinein,siehst hinein,sieht hinein,sah hinein,hineingesehen,sähe hinein,sieh hinein,seht hinein,haben,hinzueinsehen
bruchlanden,—,—,—,—,bruchgelandet,—,—,—,sein,zu bruchlanden
zurückrennen,renne zurück,rennst zurück,rennt zurück,rannte zurück,zurückgerannt,rennte zurück,renn zurück,rennt zurück,sein,zuzurückrennen
dienstverpflichten,—,—,—,—,dienstverpflichtet,—,—,—,haben,dienstverpfzulichten
feuerverzinken,—,—,—,—,feuerverzinkt,—,—,—,haben,zu feuerverzinken
hereindringen,dringe herein,dringst herein,dringt herein,drang herein,hereingedrungen,dränge herein,dring herein,dringt herein,sein,herzueindringen
hingehen,gehe hin,gehst hin,geht hin,ging hin,hingegangen,ginge hin,geh hin,geht hin,sein,hinzugehen
bajonettieren,bajonettiere,bajonettierst,bajonettiert,bajonettierte,bajonettiert,bajonettierte,bajonettier,bajonettiert,haben,zu bajonettieren
abzwacken,zwacke ab,zwackst ab,zwackt ab,zwackte ab,abgezwackt,zwackte ab,zwack ab,zwackt ab,haben,abzuzwacken
sprühen,sprühe,sprühst,sprüht,sprühte,gesprüht,sprühte,sprüh,sprüht,haben,zu sprühen
gymnastizieren,gymnastiziere,gymnastizierst,gymnastiziert,gymnastizierte,gymnastiziert,gymnastizierte,gymnastizier,gymnastiziert,haben,gymnastizuzieren
anketten,kette an,kettest an,kettet an,kettete an,angekettet,kettete an,kett an,kettet an,haben,anzuketten
beschlagen,beschlage,beschlägst,beschlägt,beschlug,beschlagen,beschlüge,beschlag,beschlagt,haben,zu beschlagen
guttun,tue gut,tust gut,tut gut,tat gut,gutgetan,täte gut,tu gut,tut gut,haben,gutzutun
guttieren,guttiere,guttierst,guttiert,guttierte,guttiert,guttierte,guttier,guttiert,haben,zu guttieren
verknittern,verknittere,verknitterst,verknittert,verknitterte,verknittert,verknitterte,verknitter,verknittert,haben,zu verknittern
schäumen,schäume,schäumst,schäumt,schäumte,geschäumt,schäumte,schäum,schäumt,haben,zu schäumen
supplieren,suppliere,supplierst,suppliert,supplierte,suppliert,supplierte,supplier,suppliert,haben,zu supplieren
kollationieren,kollationiere,kollationierst,kollationiert,kollationierte,kollationiert,kollationierte,kollationier,kollationiert,haben,zu kollationieren
erfrieren,erfriere,erfrierst,erfriert,erfror,erfroren,erfröre,erfrier,erfriert,sein,zu erfrieren
ausleihen,leihe aus,leihst aus,leiht aus,lieh aus,ausgeliehen,liehe aus,leih aus,leiht aus,haben,auszuleihen
herleihen,leihe her,leihst her,leiht her,lieh her,hergeliehen,liehe her,leih her,leiht her,haben,herzuleihen
aufspüren,spüre auf,spürst auf,spürt auf,spürte auf,aufgespürt,spürte auf,spür auf,spürt auf,haben,aufzuspüren
verflechten,verflechte,verflechtest,verflechtet,verflocht,verflochten,verflöchte,verflicht,verflechtet,haben,zu verflechten
bingen,binge,bingst,bingt,bingte,gebingt,bingte,binge,bingt,haben,zu bingen
snowboarden,snowboarde,snowboardest,snowboardet,snowboardete,gesnowboardet,snowboardete,snowboard,snowboardet,sein,zu snowboarden
snöben,snöbe,snöbst,snöbt,snöbte,gesnöbt,snöbte,snöb,snöbt,haben,zu snöben
stuken,stuke,stukst,stukt,stukte,gestukt,stukte,stuk,stukt,haben,zu stuken
draufstuken,stuke drauf,stukst drauf,stukt drauf,stukte drauf,draufgestukt,stukte drauf,stuk drauf,stukt drauf,haben,zu draufstuken
draufstoßen,stoße drauf,stößt drauf,stößt drauf,stieß drauf,draufgestoßen,stieße drauf,stoß drauf,stoßt drauf,haben,draufzustoßen
tamponieren,tamponiere,tamponierst,tamponiert,tamponierte,tamponiert,tamponierte,tamponier,tamponiert,haben,zu tamponieren
schwänzeln,schwänzle,schwänzelst,schwänzelt,schwänzelte,geschwänzelt,schwänzelte,schwänzel,schwänzelt,haben,zu schwänzeln
gummieren,gummiere,gummierst,gummiert,gummierte,gummiert,gummierte,gummier,gummiert,haben,zu gummieren
überkreuzen,überkreuze,überkreuzt,überkreuzt,überkreuzte,überkreuzt,überkreuzte,überkreuz,überkreuzt,haben,zu überkreuzen
beschuldigen,beschuldige,beschuldigst,beschuldigt,beschuldigte,beschuldigt,beschuldigte,beschuldig,beschuldigt,haben,zu beschuldigen
guillochieren,guillochiere,guillochierst,guillochiert,guillochierte,guillochiert,guillochierte,guillochier,guillochiert,haben,zu guillochieren
schlitzen,schlitze,schlitzt,schlitzt,schlitzte,geschlitzt,schlitzte,schlitz,schlitzt,haben,zu schlitzen
bollern,boller,bollerst,bollert,bollerte,gebollert,bollerte,boller,bollert,haben,zu bollern
rumbummeln,bummle rum,bummelst rum,bummelt rum,bummelte rum,rumgebummelt,bummelte rum,bummle rum,bummelt rum,haben,rumzubummeln
herumbummeln,bummle herum,bummelst herum,bummelt herum,bummelte herum,herumgebummelt,bummelte herum,bummel herum,bummelt herum,haben,herzuumbummeln
brodeln,brodle,brodelst,brodelt,brodelte,gebrodelt,brodelte,brodel,brodelt,haben,zu brodeln
anbahnen,bahne an,bahnst an,bahnt an,bahnte an,angebahnt,bahnte an,bahn an,bahnt an,haben,anzubahnen
klüngeln,klüngle,klüngelst,klüngelt,klüngelte,geklüngelt,klüngelte,klüngle,klüngelt,haben,zu klüngeln
heranfahren,fahre heran,fährst heran,fährt heran,fuhr heran,herangefahren,führe heran,fahr heran,fahrt heran,sein,herzuanfahren
einschulen,schule ein,schulst ein,schult ein,schulte ein,eingeschult,schulte ein,schul ein,schult ein,haben,einzuschulen
grundieren,grundiere,grundierst,grundiert,grundierte,grundiert,grundierte,grundier,grundiert,haben,zu grundieren
verklatschen,verklatsche,verklatschst,verklatscht,verklatschte,verklatscht,verklatschte,verklatsch,verklatscht,haben,zu verklatschen
gutachten,gutachte,gutachtest,gutachtet,gutachtete,gegutachtet,gutachtete,gutachte,gutachtet,haben,gutzuachten
wegstecken,stecke weg,steckst weg,steckt weg,steckte weg,weggesteckt,steckte weg,steck weg,steckt weg,haben,wegzustecken
rankommen,komme ran,kommst ran,kommt ran,kam ran,rangekommen,käme ran,komm ran,kommt ran,sein,ranzukommen
urassen,urasse,urasst,urasst,urasste,geurasst,urasste,urass,urasst,haben,zu urassen
verurassen,verurasse,verurasst,verurasst,verurasste,verurasst,verurasste,verurass,verurasst,haben,zu verurassen
flensen,flense,flenst,flenst,flenste,geflenst,flenste,flens,flenst,haben,zu flensen
zertrümmern,zertrümmere,zertrümmerst,zertrümmert,zertrümmerte,zertrümmert,zertrümmerte,zertrümmer,zertrümmert,haben,zu zertrümmern
mitinitiieren,initiiere mit,initiierst mit,initiiert mit,initiierte mit,mitinitiiert,initiierte mit,initiier mit,initiiert mit,haben,mitzuinitiieren
sprenkeln,sprenkle,sprenkelst,sprenkelt,sprenkelte,gesprenkelt,sprenkelte,sprenkel,sprenkelt,haben,zu sprenkeln
benachteiligen,benachteilige,benachteiligst,benachteiligt,benachteiligte,benachteiligt,benachteiligte,benachteilig,benachteiligt,haben,zu benachteiligen
mithaben,habe mit,hast mit,hat mit,hatte mit,mitgehabt,hätte mit,hab mit,habt mit,haben,mitzuhaben
verengen,verenge,verengst,verengt,verengte,verengt,verengte,vereng,verengt,haben,zu verengen
dosieren,dosiere,dosierst,dosiert,dosierte,dosiert,dosierte,dosier,dosiert,haben,zu dosieren
beranken,beranke,berankst,berankt,berankte,berankt,berankte,beranke,berankt,haben,zu beranken
mattieren,mattiere,mattierst,mattiert,mattierte,mattiert,mattierte,mattier,mattiert,haben,zu mattieren
einantworten,antworte ein,antwortest ein,antwortet ein,antwortete ein,eingeantwortet,antwortete ein,antworte ein,antwortet ein,haben,einzuantworten
überbinden,überbinde,überbindest,überbindet,überband,überbunden,überbände,überbinde,überbindet,haben,zu überbinden
grubbern,grubbere,grubberst,grubbert,grubberte,gegrubbert,grubberte,grubber,grubbert,haben,zu grubbern
grubben,grubbe,grubbst,grubbt,grubbte,gegrubbt,grubbte,grubb,grubbt,haben,zu grubben
simmelieren,simmeliere,simmelierst,simmeliert,simmelierte,simmeliert,simmelierte,simmelier,simmeliert,haben,zu simmelieren
entwurzeln,entwurzele,entwurzelst,entwurzelt,entwurzelte,entwurzelt,entwurzelte,entwurzel,entwurzelt,haben,zu entwurzeln
digerieren,digeriere,digerierst,digeriert,digerierte,digeriert,digerierte,digerier,digeriert,haben,zu digerieren
schucken,schucke,schuckst,schuckt,schuckte,geschuckt,schuckte,schuck,schuckt,haben,zu schucken
tapen,tape,tapst,tapt,tapte,getapt,tapte,tap,tapt,haben,zu tapen
grooven,groove,groovst,groovt,groovte,gegroovt,groovte,groov,groovt,haben,zu grooven
schlampampen,schlampampe,schlampampst,schlampampt,schlampampte,schlampampt,schlampampte,schlampamp,schlampampt,haben,zu schlampampen
schiefgehen,—,—,geht schief,ging schief,schiefgegangen,ginge schief,—,—,sein,schiefzugehen
fortifizieren,fortifiziere,fortifizierst,fortifiziert,fortifizierte,fortifiziert,fortifizierte,fortifizier,fortifiziert,haben,zu fortifizieren
hochziehen,ziehe hoch,ziehst hoch,zieht hoch,zog hoch,hochgezogen,zöge hoch,zieh hoch,zieht hoch,haben,hochzuziehen
äußerln,äußerle,äußerlst,äußerlt,äußerlte,geäußerlt,äußerlte,äußerl,äußerlt,haben,zu äußerln
desinfizieren,desinfiziere,desinfizierst,desinfiziert,desinfizierte,desinfiziert,desinfizierte,desinfizier,desinfiziert,haben,desinfizuzieren
ausrücken,rücke aus,rückst aus,rückt aus,rückte aus,ausgerückt,rückte aus,rück aus,rückt aus,haben,auszurücken
einringeln,ringle ein,ringelst ein,ringelt ein,ringelte ein,eingeringelt,ringelte ein,ringel ein,ringelt ein,haben,einzuringeln
ausheben,hebe aus,hebst aus,hebt aus,hob aus,ausgehoben,höbe aus,heb aus,hebt aus,haben,auszuheben
echoen,echoe,echost,echot,echote,geechot,echote,echo,echot,haben,zu echoen
einklemmen,klemme ein,klemmst ein,klemmt ein,klemmte ein,eingeklemmt,klemmte ein,klemm ein,klemmt ein,haben,einzuklemmen
verrücken,verrücke,verrückst,verrückt,verrückte,verrückt,verrückte,verrück,verrückt,haben,zu verrücken
stimulieren,stimuliere,stimulierst,stimuliert,stimulierte,stimuliert,stimulierte,stimulier,stimuliert,haben,zu stimulieren
grignardieren,grignardiere,grignardierst,grignardiert,grignardierte,grignardiert,grignardierte,grignardier,grignardiert,haben,zu grignardieren
gravitieren,gravitiere,gravitierst,gravitiert,gravitierte,gravitiert,gravitierte,gravitier,gravitiert,haben,zu gravitieren
tänzeln,tänzel,tänzelst,tänzelt,tänzelte,getänzelt,tänzelte,tänzel,tänzelt,haben,zu tänzeln
entschädigen,entschädige,entschädigst,entschädigt,entschädigte,entschädigt,entschädigte,entschädig,entschädigt,haben,zu entschädigen
schreinern,schreinere,schreinerst,schreinert,schreinerte,geschreinert,schreinerte,schreinere,schreinert,haben,zu schreinern
plauschen,plausche,plauschst,plauscht,plauschte,geplauscht,plauschte,plausch,plauscht,haben,zu plauschen
mesalliieren,mesalliiere,mesalliierst,mesalliiert,mesalliierte,mesalliiert,mesalliierte,mesalliier,mesalliiert,haben,zu mesalliieren
transliterieren,transliteriere,transliterierst,transliteriert,transliterierte,transliteriert,transliterierte,transliteriere,transliteriert,haben,zu transliterieren
hatschen,hatsche,hatschst,hatscht,hatschte,gehatscht,hatschte,hatsch,hatscht,sein,zu hatschen
fletschen,fletsche,fletschst,fletscht,fletschte,gefletscht,fletschte,fletsch,fletscht,haben,zu fletschen
tauen,—,—,taut,taute,getaut,taute,—,—,sein,zu tauen
schreddern,schreddere,schredderst,schreddert,schredderte,geschreddert,schredderte,schredder,schreddert,haben,zu schreddern
arretieren,arretiere,arretierst,arretiert,arretierte,arretiert,arretierte,arretier,arretiert,haben,zu arretieren
priemen,prieme,priemst,priemt,priemte,gepriemt,priemte,priem,priemt,haben,zu priemen
andienen,diene an,dienst an,dient an,diente an,angedient,diente an,dien an,dient an,haben,anzudienen
davonstehlen,stehle davon,stiehlst davon,stiehlt davon,stahl davon,davongestohlen,stähle davon,stiehl davon,stehlt davon,haben,davonzustehlen
almen,alme,almst,almt,almte,gealmt,almte,alm,almt,haben,zu almen
schmälzen,schmälze,schmälzt,schmälzt,schmälzte,geschmälzt,schmälzte,schmälz,schmälzt,haben,zu schmälzen
ferkeln,ferkle,ferkelst,ferkelt,ferkelte,geferkelt,ferkelte,ferkle,ferkelt,haben,zu ferkeln
beferkeln,beferkle,beferkelst,beferkelt,beferkelte,beferkelt,beferkelte,beferkle,beferkelt,haben,zu beferkeln
verschmelzen,verschmelze,verschmilzt,verschmilzt,verschmolz,verschmolzen,verschmölze,verschmilz,verschmelzt,sein,zu verschmelzen
verfälschen,verfälsche,verfälschst,verfälscht,verfälschte,verfälscht,verfälschte,verfälsch,verfälscht,haben,zu verfälschen
spoilern,spoilere,spoilerst,spoilert,spoilerte,gespoilert,spoilerte,spoiler,spoilert,haben,zu spoilern
demaskieren,demaskiere,demaskierst,demaskiert,demaskierte,demaskiert,demaskierte,demaskier,demaskiert,haben,zu demaskieren
anknoten,knote an,knotest an,knotet an,knotete an,angeknotet,knotete an,knote an,knotet an,haben,anzuknoten
wiederkäuen,käue wieder,käust wieder,käut wieder,käute wieder,wiedergekäut,käute wieder,käue wieder,käut wieder,haben,zu wiederkäuen
verchartern,verchartere,vercharterst,verchartert,vercharterte,verchartert,vercharterte,vercharter,verchartert,haben,zu verchartern
entlarven,entlarve,entlarvst,entlarvt,entlarvte,entlarvt,entlarvte,entlarv,entlarvt,haben,zu entlarven
quorren,quorre,quorrst,quorrt,quorrte,gequorrt,quorrte,quorr,quorrt,haben,zu quorren
trommeln,trommele,trommelst,trommelt,trommelte,getrommelt,trommelte,trommel,trommelt,haben,zu trommeln
verpeilen,verpeile,verpeilst,verpeilt,verpeilte,verpeilt,verpeilte,verpeil,verpeilt,haben,zu verpeilen
vorwerfen,werfe vor,wirfst vor,wirft vor,warf vor,vorgeworfen,würfe vor,wirf vor,werft vor,haben,vorzuwerfen
aufmontieren,montiere auf,montierst auf,montiert auf,montierte auf,aufmontiert,montierte auf,montiere auf,montiert auf,haben,aufzumontieren
übereinkommen,komme überein,kommst überein,kommt überein,kam überein,übereingekommen,käme überein,komm überein,kommt überein,sein,übereinzukommen
anstieren,stiere an,stierst an,stiert an,stierte an,angestiert,stierte an,stier an,stiert an,haben,anzustieren
verstopfen,verstopfe,verstopfst,verstopft,verstopfte,verstopft,verstopfte,verstopf,verstopft,haben,zu verstopfen
auditieren,auditiere,auditierst,auditiert,auditierte,auditiert,auditierte,auditier,auditiert,haben,zu auditieren
strullen,strulle,strullst,strullt,strullte,gestrullt,strullte,strull,strullt,haben,zu strullen
ausfrieren,friere aus,frierst aus,friert aus,fror aus,ausgefroren,fröre aus,frier aus,friert aus,sein,auszufrieren
bekleiden,bekleide,bekleidest,bekleidet,bekleidete,bekleidet,bekleidete,bekleid,bekleidet,haben,zu bekleiden
fitspritzen,spritze fit,spritzt fit,spritzt fit,spritzte fit,fitgespritzt,spritzte fit,spritz fit,spritzt fit,haben,fitzuspritzen
zähnen,zähne,zähnst,zähnt,zähnte,gezähnt,zähnte,zähn,zähnt,haben,zu zähnen
sennen,senne,sennst,sennt,sennte,gesennt,sennte,senn,sennt,haben,zu sennen
funkeln,funkle,funkelst,funkelt,funkelte,gefunkelt,funkelte,funkle,funkelt,haben,zu funkeln
ermahnen,ermahne,ermahnst,ermahnt,ermahnte,ermahnt,ermahnte,ermahn,ermahnt,haben,zu ermahnen
zackern,zackere,zackerst,zackert,zackerte,gezackert,zackerte,zacker,zackert,haben,zu zackern
unterjubeln,juble unter,jubelst unter,jubelt unter,jubelte unter,untergejubelt,jubelte unter,juble unter,jubelt unter,haben,unterzujubeln
frustrieren,frustriere,frustrierst,frustriert,frustrierte,frustriert,frustrierte,frustrier,frustriert,haben,zu frustrieren
supinieren,supiniere,supinierst,supiniert,supinierte,supiniert,supinierte,supinier,supiniert,haben,zu supinieren
inkludieren,inkludiere,inkludierst,inkludiert,inkludierte,inkludiert,inkludierte,inkludier,inkludiert,haben,zu inkludieren
niedersetzen,setze nieder,setzt nieder,setzt nieder,setzte nieder,niedergesetzt,setzte nieder,setz nieder,setzt nieder,haben,niederzusetzen
policieren,policiere,policierst,policiert,policierte,policiert,policierte,policier,policiert,haben,zu policieren
asservieren,asserviere,asservierst,asserviert,asservierte,asserviert,asservierte,asservier,asserviert,haben,zu asservieren
strichlieren,strichliere,strichlierst,strichliert,strichlierte,strichliert,strichlierte,strichlier,strichliert,haben,zu strichlieren
tränken,tränke,tränkst,tränkt,tränkte,getränkt,tränkte,tränk,tränkt,haben,zu tränken
krankmachen,mache krank,machst krank,macht krank,machte krank,krankgemacht,machte krank,mach krank,macht krank,haben,krankzumachen
obsen,obse,obst,obst,obste,geobst,obste,obs,obst,haben,zu obsen
dazustoßen,stoße dazu,stößt dazu,stößt dazu,stieß dazu,dazugestoßen,stieße dazu,stoß dazu,stoßt dazu,sein,dazuzustoßen
aufbocken,bocke auf,bockst auf,bockt auf,bockte auf,aufgebockt,bockte auf,bock auf,bockt auf,haben,aufzubocken
aufjacken,jacke auf,jackst auf,jackt auf,jackte auf,aufgejackt,jackte auf,jack auf,jackt auf,haben,aufzujacken
biken,bike,bikst,bikt,bikte,gebikt,bikte,bike,bikt,haben,zu biken
ausborgen,borge aus,borgst aus,borgt aus,borgte aus,ausgeborgt,borgte aus,borg aus,borgt aus,haben,auszuborgen
zuführen,führe zu,führst zu,führt zu,führte zu,zugeführt,führte zu,führ zu,führt zu,haben,zuzuführen
deichseln,deichsle,deichselst,deichselt,deichselte,gedeichselt,deichselte,deichsle,deichselt,haben,zu deichseln
anheften,hefte an,heftest an,heftet an,heftete an,angeheftet,heftete an,hefte an,heftet an,haben,anzuheften
muhen,muhe,muhst,muht,muhte,gemuht,muhte,muh,muht,haben,zu muhen
friemeln,friemle,friemelst,friemelt,friemelte,gefriemelt,friemelte,friemel,friemelt,haben,zu friemeln
abhelfen,helfe ab,hilfst ab,hilft ab,half ab,abgeholfen,hülfe ab,hilf ab,helft ab,haben,abzuhelfen
fummeln,fummle,fummelst,fummelt,fummelte,gefummelt,fummelte,fummel,fummelt,haben,zu fummeln
pieseln,piesle,pieselst,pieselt,pieselte,gepieselt,pieselte,piesel,pieselt,haben,zu pieseln
antörnen,törne an,törnst an,törnt an,törnte an,angetörnt,törnte an,törn an,törnt an,haben,anzutörnen
abtörnen,törne ab,törnst ab,törnt ab,törnte ab,abgetörnt,törnte ab,törn ab,törnt ab,haben,abzutörnen
bemehlen,bemehle,bemehlst,bemehlt,bemehlte,bemehlt,bemehlte,bemehl,bemehlt,haben,zu bemehlen
anbaggern,bagger an,baggerst an,baggert an,baggerte an,angebaggert,baggerte an,bagger an,baggert an,haben,anzubaggern
grabbeln,grabbel,grabbelst,grabbelt,grabbelte,gegrabbelt,grabbelte,grabbel,grabbelt,haben,zu grabbeln
wurschteln,wurschtle,wurschtelst,wurschtelt,wurschtelte,gewurschtelt,wurschtelte,wurschtel,wurschtelt,haben,zu wurschteln
tatschen,tatsche,tatschst,tatscht,tatschte,getatscht,tatschte,tatsch,tatscht,haben,zu tatschen
befingern,befingere,befingerst,befingert,befingerte,befingert,befingerte,befinger,befingert,haben,zu befingern
tüfteln,tüftel,tüftelst,tüftelt,tüftelte,getüftelt,tüftelte,tüftel,tüftelt,haben,zu tüfteln
klütern,klüter,klüterst,klütert,klüterte,geklütert,klüterte,klüter,klütert,haben,zu klütern
klabüstern,klabüstre,klabüsterst,klabüstert,klabüsterte,klabüstert,klabüsterte,klabüster,klabüstert,haben,zu klabüstern
spekulieren,spekuliere,spekulierst,spekuliert,spekulierte,spekuliert,spekulierte,spekulier,spekuliert,haben,zu spekulieren
horten,horte,hortest,hortet,hortete,gehortet,hortete,hort,hortet,haben,zu horten
rumballern,ballere rum,ballerst rum,ballert rum,ballerte rum,rumgeballert,ballerte rum,baller rum,ballert rum,haben,rumzuballern
entwinden,entwinde,entwindest,entwindet,entwand,entwunden,entwände,entwinde,entwindet,haben,zu entwinden
pfuschen,pfusche,pfuscht,pfuscht,pfuschte,gepfuscht,pfuschte,pfusch,pfuscht,haben,zu pfuschen
bördeln,bördele,bördelst,bördelt,bördelte,gebördelt,bördelte,bördel,bördelt,haben,zu bördeln
herrichten,richte her,richtest her,richtet her,richtete her,hergerichtet,richtete her,richt her,richtet her,haben,herzurichten
stageln,stagle,stagelst,stagelt,stagelte,gestagelt,stagelte,stagle,stagelt,haben,zu stageln
schulstageln,stagle Schule,stagelst Schule,stagelt Schule,stagelte Schule,Schule gestagelt,stagelte Schule,stagle Schule,stagelt Schule,haben,zu schulstageln
machinieren,machiniere,machinierst,machiniert,machinierte,machiniert,machinierte,machinier,machiniert,haben,zu machinieren
zurücklegen,lege zurück,legst zurück,legt zurück,legte zurück,zurückgelegt,legte zurück,leg zurück,legt zurück,haben,zuzurücklegen
runtergehen,gehe runter,gehst runter,geht runter,ging runter,runtergegangen,ginge runter,geh runter,geht runter,sein,runterzugehen
pieken,pieke,piekst,piekt,piekte,gepiekt,piekte,piek,piekt,haben,zu pieken
boseln,bosel,boselst,boselt,boselte,geboselt,boselte,bosel,boselt,haben,zu boseln
ausröcheln,röchle aus,röchelst aus,röchelt aus,röchelte aus,ausgeröchelt,röchelte aus,röchel aus,röchelt aus,haben,auszuröcheln
tüdeln,tüdel,tüdelst,tüdelt,tüdelte,getüdelt,tüdelte,tüdel,tüdelt,haben,zu tüdeln
träufeln,träufle,träufelst,träufelt,träufelte,geträufelt,träufelte,träufle,träufelt,haben,zu träufeln
schassieren,schassiere,schassierst,schassiert,schassierte,schassiert,schassierte,schassier,schassiert,haben,zu schassieren
abfischen,fische ab,fischst ab,fischt ab,fischte ab,abgefischt,fischte ab,fisch ab,fischt ab,haben,abzufischen
bedubben,bedubbe,bedubbst,bedubbt,bedubbte,bedubbt,bedubbte,bedubb,bedubbt,haben,zu bedubben
wertschätzen,schätze wert,schätzt wert,schätzt wert,schätzte wert,wertgeschätzt,schätzte wert,schätze wert,schätzt wert,haben,wertzuschätzen
einberufen,berufe ein,berufst ein,beruft ein,berief ein,einberufen,beriefe ein,beruf ein,beruft ein,haben,einzuberufen
losgehen,gehe los,gehst los,geht los,ging los,losgegangen,ginge los,geh los,geht los,sein,loszugehen
gleißen,gleiße,gleißt,gleißt,gleißte,gegleißt,gleißte,gleiß,gleißt,haben,zu gleißen
einhauchen,hauche ein,hauchst ein,haucht ein,hauchte ein,eingehaucht,hauchte ein,hauch ein,haucht ein,haben,einzuhauchen
ausschütten,schütte aus,schüttest aus,schüttet aus,schüttete aus,ausgeschüttet,schüttete aus,schütt aus,schüttet aus,haben,auszuschütten
zusammenessen,esse zusammen,isst zusammen,isst zusammen,aß zusammen,zusammengegessen,äße zusammen,iss zusammen,esst zusammen,haben,zuzusammenessen
zerteilen,zerteile,zerteilst,zerteilt,zerteilte,zerteilt,zerteilte,zerteil,zerteilt,haben,zu zerteilen
zusammenschneiden,schneide zusammen,schneidest zusammen,schneidet zusammen,schnitt zusammen,zusammengeschnitten,schnitte zusammen,schneid zusammen,schneidet zusammen,haben,zuzusammenschneiden
überbringen,überbringe,überbringst,überbringt,überbrachte,überbracht,überbrächte,überbring,überbringt,haben,zu überbringen
valorisieren,valorisiere,valorisierst,valorisiert,valorisierte,valorisiert,valorisierte,valorisier,valorisiert,haben,zu valorisieren
ziselieren,ziseliere,ziselierst,ziseliert,ziselierte,ziseliert,ziselierte,ziselier,ziseliert,haben,zu ziselieren
abstreiten,streite ab,streitest ab,streitet ab,stritt ab,abgestritten,stritte ab,streite ab,streitet ab,haben,abzustreiten
zuzahlen,zahle zu,zahlst zu,zahlt zu,zahlte zu,zugezahlt,zahlte zu,zahl zu,zahlt zu,haben,zuzuzahlen
gestikulieren,gestikuliere,gestikulierst,gestikuliert,gestikulierte,gestikuliert,gestikulierte,gestikulier,gestikuliert,haben,zu gestikulieren
respizieren,respiziere,respizierst,respiziert,respizierte,respiziert,respizierte,respizier,respiziert,haben,zu respizieren
seilen,seile,seilst,seilt,seilte,geseilt,seilte,seil,seilt,haben,zu seilen
abrüsten,rüste ab,rüstest ab,rüstet ab,rüstete ab,abgerüstet,rüstete ab,rüst ab,rüstet ab,haben,abzurüsten
umherstreifen,streife umher,streifst umher,streift umher,streifte umher,umhergestreift,streifte umher,streif umher,streift umher,sein,umherzustreifen
abwohnen,wohne ab,wohnst ab,wohnt ab,wohnte ab,abgewohnt,wohnte ab,wohn ab,wohnt ab,haben,abzuwohnen
avertieren,avertiere,avertierst,avertiert,avertierte,avertiert,avertierte,avertier,avertiert,haben,zu avertieren
aufkünden,künde auf,kündest auf,kündet auf,kündete auf,aufgekündet,kündete auf,künd auf,kündet auf,haben,aufzukünden
aversionieren,aversioniere,aversionierst,aversioniert,aversionierte,aversioniert,aversionierte,aversionier,aversioniert,haben,zu aversionieren
krellen,krelle,krellst,krellt,krellte,gekrellt,krellte,krell,krellt,haben,zu krellen
aufleiten,leite auf,leitest auf,leitet auf,leitete auf,aufgeleitet,leitete auf,leit auf,leitet auf,haben,aufzuleiten
durchjagen,jage durch,jagst durch,jagt durch,jagte durch,durchgejagt,jagte durch,jag durch,jagt durch,haben,zu durchjagen
geien,geie,geist,geit,geite,gegeit,geite,gei,geit,haben,zu geien
doppeln,doppele,doppelst,doppelt,doppelte,gedoppelt,doppelte,doppel,doppelt,haben,zu doppeln
bärmeln,bärmle,bärmelst,bärmelt,bärmelte,gebärmelt,bärmelte,bärmel,bärmelt,haben,zu bärmeln
plänkeln,plänkle,plänkelst,plänkelt,plänkelte,geplänkelt,plänkelte,plänkle,plänkelt,haben,zu plänkeln
einscannen,scanne ein,scannst ein,scannt ein,scannte ein,eingescannt,scannte ein,scanne ein,scannt ein,haben,einzuscannen
biopsieren,biopsiere,biopsierst,biopsiert,biopsierte,biopsiert,biopsierte,biopsier,biopsiert,haben,zu biopsieren
klackern,klacker,klackerst,klackert,klackerte,geklackert,klackerte,klacker,klackert,haben,zu klackern
koppeln,koppel,koppelst,koppelt,koppelte,gekoppelt,koppelte,koppel,koppelt,haben,zu koppeln
brünieren,brüniere,brünierst,brüniert,brünierte,brüniert,brünierte,brünier,brüniert,haben,zu brünieren
entsetzen,entsetze,entsetzt,entsetzt,entsetzte,entsetzt,entsetzte,entsetz,entsetzt,haben,zu entsetzen
lobbyieren,lobbyiere,lobbyierst,lobbyiert,lobbyierte,lobbyiert,lobbyierte,lobbyier,lobbyiert,haben,zu lobbyieren
meschen,mesche,meschst,mescht,meschte,gemescht,meschte,mesche,mescht,haben,zu meschen
habern,habere,haberst,habert,haberte,gehabert,haberte,haber,habert,haben,zu habern
belieben,beliebe,beliebst,beliebt,beliebte,beliebt,beliebte,belieb,beliebet,haben,zu belieben
verestern,verestere,veresterst,verestert,veresterte,verestert,veresterte,verester,verestert,haben,zu verestern
enthornen,enthorne,enthornst,enthornt,enthornte,enthornt,enthornte,enthorn,enthornt,haben,zu enthornen
ragen,rage,ragst,ragt,ragte,geragt,ragte,rag,ragt,haben,zu ragen
aufstapeln,staple auf,stapelst auf,stapelt auf,stapelte auf,aufgestapelt,stapelte auf,stapele auf,stapelt auf,haben,aufzustapeln
hereinbrechen,breche herein,brichst herein,bricht herein,brach herein,hereingebrochen,bräche herein,brich herein,brecht herein,haben,herzueinbrechen
verglimmen,verglimme,verglimmst,verglimmt,verglimmte,verglommen,verglimmte,verglimm,verglimmt,sein,zu verglimmen
abspringen,springe ab,springst ab,springt ab,sprang ab,abgesprungen,spränge ab,spring ab,springt ab,sein,abzuspringen
aspirieren,aspiriere,aspirierst,aspiriert,aspirierte,aspiriert,aspirierte,aspirier,aspiriert,haben,zu aspirieren
inzidieren,inzidiere,inzidierst,inzidiert,inzidierte,inzidiert,inzidierte,inzidier,inzidiert,haben,zu inzidieren
anbinden,binde an,bindest an,bindet an,band an,angebunden,bände an,bind an,bindet an,haben,anzubinden
minieren,miniere,minierst,miniert,minierte,miniert,minierte,minier,miniert,haben,zu minieren
prostituieren,prostituiere,prostituierst,prostituiert,prostituierte,prostituiert,prostituierte,prostituier,prostituiert,haben,zu prostituieren
dissertieren,dissertiere,dissertierst,dissertiert,dissertierte,dissertiert,dissertierte,dissertier,dissertiert,haben,zu dissertieren
azotieren,azotiere,azotierst,azotiert,azotierte,azotiert,azotierte,azotier,azotiert,haben,zu azotieren
abspannen,spanne ab,spannst ab,spannt ab,spannte ab,abgespannt,spannte ab,spann ab,spannt ab,haben,abzuspannen
azetylieren,azetyliere,azetylierst,azetyliert,azetylierte,azetyliert,azetylierte,azetylier,azetyliert,haben,zu azetylieren
acetylieren,acetyliere,acetylierst,acetyliert,acetylierte,acetyliert,acetylierte,acetylier,acetyliert,haben,zu acetylieren
meistern,meistere,meisterst,meistert,meisterte,gemeistert,meisterte,meistere,meistert,haben,zu meistern
aufmuntern,muntere auf,munterst auf,muntert auf,munterte auf,aufgemuntert,munterte auf,munter auf,muntert auf,haben,aufzumuntern
durchschleifen,schleife durch,schleifst durch,schleift durch,schleifte durch,durchgeschleift,schleifte durch,schleif durch,schleift durch,haben,zu durchschleifen
hinabbaumeln,baumle hinab,baumelst hinab,baumelt hinab,baumelte hinab,hinabgebaumelt,baumelte hinab,baumle hinab,baumelt hinab,haben,hinabzubaumeln
theologisieren,theologisiere,theologisierst,theologisiert,theologisierte,theologisiert,theologisierte,theologisiere,theologisiert,haben,zu theologisieren
inchromieren,inchromiere,inchromierst,inchromiert,inchromierte,inchromiert,inchromierte,inchromier,inchromiert,haben,zu inchromieren
befunden,befunde,befundest,befundet,befundete,befundet,befundete,befund,befundet,haben,zu befunden
zusammenzucken,zucke zusammen,zuckst zusammen,zuckt zusammen,zuckte zusammen,zusammengezuckt,zuckte zusammen,zuck zusammen,zuckt zusammen,sein,zuzusammenzucken
anplünnen,plünne an,plünnst an,plünnt an,plünnte an,angeplünnt,plünnte an,plünn an,plünnt an,haben,anzuplünnen
erwärmen,erwärme,erwärmst,erwärmt,erwärmte,erwärmt,erwärmte,erwärm,erwärmt,haben,zu erwärmen
fortführen,führe fort,führst fort,führt fort,führte fort,fortgeführt,führte fort,führ fort,führt fort,haben,fortzuführen
autoklavieren,autoklaviere,autoklavierst,autoklaviert,autoklavierte,autoklaviert,autoklavierte,autoklavier,autoklaviert,haben,zu autoklavieren
autografieren,autografiere,autografierst,autografiert,autografierte,autografiert,autografierte,autografier,autografiert,haben,zu autografieren
autographieren,autographiere,autographierst,autographiert,autographierte,autographiert,autographierte,autographier,autographiert,haben,zu autographieren
klarträumen,träume klar,träumst klar,träumt klar,träumte klar,klargeträumt,träumte klar,träum klar,träumt klar,haben,klarzuträumen
stenographieren,stenographiere,stenographierst,stenographiert,stenographierte,stenographiert,stenographierte,stenographiere,stenographiert,haben,zu stenographieren
verslumen,verslume,verslumst,verslumt,verslumte,verslumt,verslumte,verslum,verslumt,sein,zu verslumen
menagieren,menagiere,menagierst,menagiert,menagierte,menagiert,menagierte,menagiere,menagiert,haben,zu menagieren
ereifern,ereifere,ereiferst,ereifert,ereiferte,ereifert,ereiferte,ereifere,ereifert,haben,zu ereifern
auflaufen,laufe auf,läufst auf,läuft auf,lief auf,aufgelaufen,liefe auf,lauf auf,lauft auf,sein,aufzulaufen
anschirren,schirre an,schirrst an,schirrt an,schirrte an,angeschirrt,schirrte an,schirr an,schirrt an,haben,anzuschirren
authentisieren,authentisiere,authentisierst,authentisiert,authentisierte,authentisiert,authentisierte,authentisier,authentisiert,haben,zu authentisieren
kolonisieren,kolonisiere,kolonisierst,kolonisiert,kolonisierte,kolonisiert,kolonisierte,kolonisiere,kolonisiert,haben,zu kolonisieren
auteln,autele,autelst,autelt,autelte,geautelt,autelte,autele,autelt,haben,zu auteln
verhüllen,verhülle,verhüllst,verhüllt,verhüllte,verhüllt,verhüllte,verhüll,verhüllt,haben,zu verhüllen
adjustieren,adjustiere,adjustierst,adjustiert,adjustierte,adjustiert,adjustierte,adjustier,adjustiert,haben,zu adjustieren
freveln,frevle,frevelst,frevelt,frevelte,gefrevelt,frevelte,frevle,frevelt,haben,zu freveln
entfetten,entfette,entfettest,entfettet,entfettete,entfettet,entfettete,entfett,entfettet,haben,zu entfetten
versamen,versame,versamst,versamt,versamte,versamt,versamte,versam,versamt,haben,zu versamen
entvölkern,entvölkere,entvölkerst,entvölkert,entvölkerte,entvölkert,entvölkerte,entvölkere,entvölkert,haben,zu entvölkern
unterwinden,unterwinde,unterwindest,unterwindet,unterwand,unterwunden,unterwände,unterwind,unterwindet,haben,zu unterwinden
zugange sein,bin zugange,bist zugange,ist zugange,war zugange,zugange gewesen,wäre zugange,sei zugange,seid zugange,sein,zuzugange sein
durchschneiden,durchschneide,durchschneidest,durchschneidet,durchschnitt,durchschnitten,durchschnitte,durchschneid,durchschneidet,haben,zu durchschneiden
erkämpfen,erkämpfe,erkämpfst,erkämpft,erkämpfte,erkämpft,erkämpfte,erkämpf,erkämpft,haben,zu erkämpfen
auszupfen,zupfe aus,zupfst aus,zupft aus,zupfte aus,ausgezupft,zupfte aus,zupf aus,zupft aus,haben,auszuzupfen
auszonen,zone aus,zonst aus,zont aus,zonte aus,ausgezont,zonte aus,zone aus,zont aus,haben,auszuzonen
auszischen,zische aus,zischst aus,zischt aus,zischte aus,ausgezischt,zischte aus,zisch aus,zischt aus,haben,auszuzischen
auszirkeln,zirkele aus,zirkelst aus,zirkelt aus,zirkelte aus,ausgezirkelt,zirkelte aus,zirkele aus,zirkelt aus,haben,auszuzirkeln
auszementieren,zementiere aus,zementierst aus,zementiert aus,zementierte aus,auszementiert,zementierte aus,zementier aus,zementiert aus,haben,auszuzementieren
auszehren,zehre aus,zehrst aus,zehrt aus,zehrte aus,ausgezehrt,zehrte aus,zehr aus,zehrt aus,haben,auszuzehren
auszacken,zacke aus,zackst aus,zackt aus,zackte aus,ausgezackt,zackte aus,zack aus,zackt aus,haben,auszuzacken
notlanden,notlande,notlandest,notlandet,notlandete,notgelandet,notlandete,notlande,notlandet,sein,notzulanden
pausieren,pausiere,pausierst,pausiert,pausierte,pausiert,pausierte,pausiere,pausiert,haben,zu pausieren
putschen,putsche,putschst,putscht,putschte,geputscht,putschte,putsch,putscht,haben,zu putschen
anlaufen,laufe an,läufst an,läuft an,lief an,angelaufen,liefe an,lauf an,lauft an,sein,anzulaufen
kullern,kullere,kullerst,kullert,kullerte,gekullert,kullerte,kullere,kullert,sein,zu kullern
einfrieden,friede ein,friedest ein,friedet ein,friedete ein,eingefriedet,friedete ein,fried ein,friedet ein,haben,einzufrieden
hereinbitten,bitte herein,bittest herein,bittet herein,bat herein,hereingebeten,bäte herein,bitt herein,bittet herein,haben,herzueinbitten
zusammenführen,führe zusammen,führst zusammen,führt zusammen,führte zusammen,zusammengeführt,führte zusammen,führ zusammen,führt zusammen,haben,zuzusammenführen
heften,hefte,heftest,heftet,heftete,geheftet,heftete,hefte,heftet,haben,zu heften
eintrichtern,trichtere ein,trichterst ein,trichtert ein,trichterte ein,eingetrichtert,trichterte ein,trichter ein,trichtert ein,haben,einzutrichtern
bestreifen,bestreife,bestreifst,bestreift,bestreifte,bestreift,bestreifte,bestreif,bestreift,haben,zu bestreifen
herumspringen,springe herum,springst herum,springt herum,sprang herum,herumgesprungen,spränge herum,spring herum,springt herum,sein,herzuumspringen
nachversteuern,versteuere nach,versteuerst nach,versteuert nach,versteuerte nach,nachversteuert,versteuerte nach,versteuere nach,versteuert nach,haben,nachzuversteuern
dersäufen,dersäufe,dersäufst,dersäuft,dersäufte,dersäuft,dersäufte,dersäuf!,dersäuft!,haben,zu dersäufen
anwerben,werbe an,wirbst an,wirbt an,warb an,angeworben,würbe an,wirb an,werbt an,haben,anzuwerben
entlasten,entlaste,entlastest,entlastet,entlastete,entlastet,entlastete,entlast,entlastet,haben,zu entlasten
angurten,gurte an,gurtest an,gurtet an,gurtete an,angegurtet,gurtete an,gurt an,gurtet an,haben,anzugurten
auflisten,liste auf,listest auf,listet auf,listete auf,aufgelistet,listete auf,list auf,listet auf,haben,aufzulisten
suizidieren,suizidiere,suizidierst,suizidiert,suizidierte,suizidiert,suizidierte,suizidier,suizidiert,haben,zu suizidieren
videografieren,videografiere,videografierst,videografiert,videografierte,videografiert,videografierte,videografier,videografiert,haben,zu videografieren
videographieren,videographiere,videographierst,videographiert,videographierte,videographiert,videographierte,videographier,videographiert,haben,zu videographieren
hitlerisieren,hitlerisiere,hitlerisierst,hitlerisiert,hitlerisierte,hitlerisiert,hitlerisierte,hitlerisier,hitlerisiert,haben,zu hitlerisieren
tomatisieren,tomatisiere,tomatisierst,tomatisiert,tomatisierte,tomatisiert,tomatisierte,tomatisier,tomatisiert,haben,zu tomatisieren
tomatieren,tomatiere,tomatierst,tomatiert,tomatierte,tomatiert,tomatierte,tomatier,tomatiert,haben,zu tomatieren
supporten,supporte,supportest,supportet,supportete,supportet,supportete,supporte,supportet,haben,zu supporten
verschicken,verschicke,verschickst,verschickt,verschickte,verschickt,verschickte,verschick,verschickt,haben,zu verschicken
nachsitzen,sitze nach,sitzt nach,sitzt nach,saß nach,nachgesessen,säße nach,sitz nach,sitzt nach,haben,nachzusitzen
besaiten,besaite,besaitest,besaitet,besaitete,besaitet,besaitete,besait,besaitet,haben,zu besaiten
schaufeln,schaufele,schaufelst,schaufelt,schaufelte,geschaufelt,schaufelte,schaufele,schaufelt,haben,zu schaufeln
schippen,schippe,schippst,schippt,schippte,geschippt,schippte,schipp,schippt,haben,zu schippen
verschütten,verschütte,verschüttest,verschüttet,verschüttete,verschüttet,verschüttete,verschütt,verschüttet,haben,zu verschütten
einstürzen,stürze ein,stürzt ein,stürzt ein,stürzte ein,eingestürzt,stürzte ein,stürze ein,stürzt ein,sein,einzustürzen
rückerstatten,—,—,—,—,rückerstattet,—,—,—,haben,zu rückerstatten
drosseln,drossle,drosselst,drosselt,drosselte,gedrosselt,drosselte,drossle,drosselt,haben,zu drosseln
ausverkaufen,verkaufe aus,verkaufst aus,verkauft aus,verkaufte aus,ausverkauft,verkaufte aus,verkauf aus,verkauft aus,haben,auszuverkaufen
ankurbeln,kurble an,kurbelst an,kurbelt an,kurbelte an,angekurbelt,kurbelte an,kurble an,kurbelt an,haben,anzukurbeln
versöhnen,versöhnte,versöhnst,versöhnt,versöhnte,versöhnt,versöhnte,versöhne,versöhnt,haben,zu versöhnen
schweiben,schweibe,schweibst,schweibt,<small>(schweibte)</small>,geschweibt,<small>(schweibte)</small>,schweibe,schweibt,haben,zu schweiben
bestücken,bestücke,bestückst,bestückt,bestückte,bestückt,bestückte,bestück,bestückt,haben,zu bestücken
aufweichen,weiche auf,weichst auf,weicht auf,weichte auf,aufgeweicht,weichte auf,weich auf,weicht auf,haben,aufzuweichen
entfristen,entfriste,entfristest,entfristet,entfristete,entfristet,entfristete,entfriste,entfristet,haben,zu entfristen
anspülen,spüle an,spülst an,spült an,spülte an,angespült,spülte an,spül an,spült an,haben,anzuspülen
fortspülen,spüle fort,spülst fort,spült fort,spülte fort,fortgespült,spülte fort,spül fort,spült fort,haben,fortzuspülen
reimplantieren,reimplantiere,reimplantierst,reimplantiert,reimplantierte,reimplantiert,reimplantierte,reimplantier,reimplantiert,haben,zu reimplantieren
einspielen,spiele ein,spielst ein,spielt ein,spielte ein,eingespielt,spielte ein,spiel ein,spielt ein,haben,einzuspielen
verzählen,verzähle,verzählst,verzählt,verzählte,verzählt,verzählte,verzähl,verzählt,haben,zu verzählen
hinunterspülen,spüle hinunter,spülst hinunter,spült hinunter,spülte hinunter,hinuntergespült,spülte hinunter,spül hinunter,spült hinunter,haben,zu hinunterspülen
auslasten,laste aus,lastest aus,lastet aus,lastete aus,ausgelastet,lastete aus,laste aus,lastet aus,haben,auszulasten
röntgenisieren,röntgenisiere,röntgenisierst,röntgenisiert,röntgenisierte,röntgenisiert,röntgenisierte,röntgenisier,röntgenisiert,haben,zu röntgenisieren
auflauern,lauere auf,lauerst auf,lauert auf,lauerte auf,aufgelauert,lauerte auf,lauere auf,lauert auf,haben,aufzulauern
nacharbeiten,arbeite nach,arbeitest nach,arbeitet nach,arbeitete nach,nachgearbeitet,arbeitete nach,arbeit nach,arbeitet nach,haben,nachzuarbeiten
nacharten,arte nach,artest nach,artet nach,artete nach,nachgeartet,artete nach,art nach,artet nach,sein,nachzuarten
nachbauen,baue nach,baust nach,baut nach,baute nach,nachgebaut,baute nach,bau nach,baut nach,haben,nachzubauen
nachbereiten,bereite nach,bereitest nach,bereitet nach,bereitete nach,nachbereitet,bereitete nach,bereit nach,bereitet nach,haben,nachzubereiten
vertrösten,vertröste,vertröstest,vertröstet,vertröstete,vertröstet,vertröstete,vertröst,vertröstet,haben,zu vertrösten
umrubeln,ruble um,rubelst um,rubelt um,rubelte um,umgerubelt,rubelte um,ruble um,rubelt um,haben,umzurubeln
zwangspensionieren,zwangspensioniere,zwangspensionierst,zwangspensioniert,zwangspensionierte,zwangspensioniert,zwangspensionierte,zwangspensionier,zwangspensioniert,haben,zu zwangspensionieren
vorfahren,fahre vor,fährst vor,fährt vor,fuhr vor,vorgefahren,führe vor,fahr vor,fahrt vor,haben,zu vorfahren
überqueren,überquere,überquerst,überquert,überquerte,überquert,überquerte,überquer,überquert,haben,zu überqueren
alleinstehen,stehe allein,stehst allein,steht allein,stand allein,alleingestanden,stände allein,steh allein,steht allein,haben,alleinzustehen
hinterherkleckern,kleckere hinterher,kleckerst hinterher,kleckert hinterher,kleckerte hinterher,hinterhergekleckert,kleckerte hinterher,kleckere hinterher,kleckert hinterher,sein,zu hinterherkleckern
vorführen,führe vor,führst vor,führt vor,führte vor,vorgeführt,führte vor,führ vor,führt vor,haben,vorzuführen
zurückzahlen,zahle zurück,zahlst zurück,zahlt zurück,zahlte zurück,zurückgezahlt,zahlt zurück,zahl zurück,zahlt zurück,haben,zuzurückzahlen
übertreffen,übertreffe,übertriffst,übertrifft,übertraf,übertroffen,überträfe,übertriff,übertrefft,haben,zu übertreffen
nachblättern,blätter nach,blätterst nach,blättert nach,blätterte nach,nachgeblättert,blätterte nach,blätter nach,blättert nach,haben,nachzublättern
zulegen,lege zu,legst zu,legt zu,legte zu,zugelegt,legte zu,leg zu,legt zu,haben,zuzulegen
verkohlen,verkohle,verkohlst,verkohlt,verkohlte,verkohlt,verkohlte,verkohl,verkohlt,sein,zu verkohlen
herunterfließen,—,—,fließt herunter,floss herunter,heruntergeflossen,flösse herunter,—,—,sein,herzuunterfließen
ausblenden,blende aus,blendest aus,blendet aus,blendete aus,ausgeblendet,blendete aus,blende aus,blendet aus,haben,auszublenden
eindämmen,dämme ein,dämmst ein,dämmt ein,dämmte ein,eingedämmt,dämmte ein,dämm ein,dämmt ein,haben,einzudämmen
nachgucken,gucke nach,guckst nach,guckt nach,guckte nach,nachgeguckt,guckte nach,guck nach,guckt nach,haben,nachzugucken
sticheln,stichele,stichelst,stichelt,stichelte,gestichelt,stichelte,stichele,stichelt,haben,zu sticheln
nachtanken,tanke nach,tankst nach,tankt nach,tankte nach,nachgetankt,tankte nach,tank nach,tankt nach,haben,nachzutanken
überschatten,überschatte,überschattest,überschattet,überschattete,überschattet,überschattete,überschatte,überschattet,haben,zu überschatten
nachschauen,schaue nach,schaust nach,schaut nach,schaute nach,nachgeschaut,schaute nach,schau nach,schaut nach,haben,nachzuschauen
persistieren,persistiere,persistierst,persistiert,persistierte,persistiert,persistierte,persistier,persistiert,haben,zu persistieren
vierteln,viertele,viertelst,viertelt,viertelte,geviertelt,viertelte,viertel,viertelt,haben,zu vierteln
verklingen,verklinge,verklingst,verklingt,verklang,verklungen,verklänge,verklinge,verklingt,sein,zu verklingen
aufrüsten,rüste auf,rüstest auf,rüstet auf,rüstete auf,aufgerüstet,rüstete auf,rüste auf,rüstet auf,haben,aufzurüsten
zurückdrängen,dränge zurück,drängst zurück,drängt zurück,drängte zurück,zurückgedrängt,drängte zurück,dräng zurück,drängt zurück,haben,zuzurückdrängen
wegbrechen,breche weg,brichst weg,bricht weg,brach weg,weggebrochen,bräche weg,brich weg,brecht weg,sein,wegzubrechen
anpöbeln,pöble an,pöbelst an,pöbelt an,pöbelte an,angepöbelt,pöbelte an,pöble an,pöbelt an,haben,anzupöbeln
abschwächen,schwäche ab,schwächst ab,schwächt ab,schwächte ab,abgeschwächt,schwächte ab,schwäch ab,schwächt ab,haben,abzuschwächen
umformulieren,formuliere um,formulierst um,formuliert um,formulierte um,umformuliert,formulierte um,formulier um,formuliert um,haben,umzuformulieren
einlernen,lerne ein,lernst ein,lernt ein,lernte ein,eingelernt,lernte ein,lern ein,lernt ein,haben,einzulernen
herunterfahren,fahre herunter,fährst herunter,fährt herunter,fuhr herunter,heruntergefahren,führe herunter,fahr herunter,fahrt herunter,haben,herzuunterfahren
ausdrucken,drucke aus,druckst aus,druckt aus,druckte aus,ausgedruckt,druckte aus,druck aus,druckt aus,haben,auszudrucken
fernhalten,halte fern,hältst fern,hält fern,hielt fern,ferngehalten,hielte fern,halt fern,haltet fern,haben,fernzuhalten
übermitteln,übermittle,übermittelst,übermittelt,übermittelte,übermittelt,übermittelte,übermittle,übermittelt,haben,zu übermitteln
zwangsernähren,zwangsernähre,zwangsernährst,zwangsernährt,zwangsernährte,zwangsernährt,zwangsernährte,zwangsernähr,zwangsernährt,haben,zu zwangsernähren
zusammenfallen,falle zusammen,fällst zusammen,fällt zusammen,fiel zusammen,zusammengefallen,fiele zusammen,fall zusammen,fallt zusammen,sein,zuzusammenfallen
offenlegen,lege offen,legst offen,legt offen,legte offen,offengelegt,legte offen,leg offen,legt offen,haben,offenzulegen
ausrauben,raube aus,raubst aus,raubt aus,raubte aus,ausgeraubt,raubte aus,raub aus,raubt aus,haben,auszurauben
nachkommen,komme nach,kommst nach,kommt nach,kam nach,nachgekommen,käme nach,komm nach,kommt nach,sein,nachzukommen
auffordern,fordere auf,forderst auf,fordert auf,forderte auf,aufgefordert,forderte auf,fordere auf,fordert auf,haben,aufzufordern
häufen,häufe,häufst,häuft,häufte,gehäuft,häufte,häuf,häuft,haben,zu häufen
ausspannen,spanne aus,spannst aus,spannt aus,spannte aus,ausgespannt,spannte aus,spannt aus,spannt aus,haben,auszuspannen
anspannen,spanne an,spannst an,spannt an,spannte an,angespannt,spannte an,spann an,spannt an,haben,anzuspannen
selfien,selfie,selfiest,selfiet,selfiete,geselfiet,selfiete,selfie,selfiet,haben,zu selfien
abächzen,ächze ab,ächzt ab,ächzt ab,ächzte ab,abgeächzt,ächzte ab,ächz ab,ächzt ab,haben,abzuächzen
abachen,ache ab,achst ab,acht ab,achte ab,abgeacht,achte ab,ach ab,acht ab,haben,abzuachen
abackern,ackere ab,ackerst ab,ackert ab,ackerte ab,abgeackert,ackerte ab,ackere ab,ackert ab,haben,abzuackern
nachbehandeln,behandle nach,behandelst nach,behandelt nach,behandelte nach,nachbehandelt,behandelte nach,behandle nach,behandelt nach,haben,nachzubehandeln
nutznießen,nutznieße,nutznießt,nutznießt,nutznießte,genutznießt,nutznießte,nutznieß,nutznießt,haben,zu nutznießen
nachbeten,bete nach,betest nach,betet nach,betete nach,nachgebetet,betete nach,bet nach,betet nach,haben,nachzubeten
vorbeten,bete vor,betest vor,betet vor,betete vor,vorgebetet,betete vor,bet vor,betet vor,haben,zu vorbeten
aberziehen,erziehe ab,erziehst ab,erzieht ab,erzog ab,aberzogen,erzöge ab,erzieh ab,erzieht ab,haben,abzuerziehen
nachplappern,plapper nach,plapperst nach,plappert nach,plapperte nach,nachgeplappert,plapperte nach,plapper nach,plappert nach,haben,nachzuplappern
scheuern,scheuere,scheuerst,scheuert,scheuerte,gescheuert,scheuerte,scheuer,scheuert,haben,zu scheuern
nachbohren,bohre nach,bohrst nach,bohrt nach,bohrte nach,nachgebohrt,bohrte nach,bohr nach,bohrt nach,haben,nachzubohren
verjuxen,verjuxe,verjuxt,verjuxt,verjuxte,verjuxt,verjuxte,verjux,verjuxt,haben,zu verjuxen
anprobieren,probiere an,probierst an,probiert an,probierte an,anprobiert,probierte an,probier an,probiert an,haben,anzuprobieren
nachbringen,bringe nach,bringst nach,bringt nach,brachte nach,nachgebracht,brächte nach,bring nach,bringt nach,haben,nachzubringen
erlaufen,erlaufe,erläufst,erläuft,erlief,erlaufen,erliefe,erlauf,erlauft,haben,zu erlaufen
anherrschen,herrsche an,herrschst an,herrscht an,herrschte an,angeherrscht,herrschte an,herrsch an,herrscht an,haben,anzuherrschen
anbrüllen,brülle an,brüllst an,brüllt an,brüllte an,angebrüllt,brüllte an,brüll an,brüllt an,haben,anzubrüllen
hineinschreiben,schreibe hinein,schriebst hinein,schriebt hinein,schrieb hinein,hineingeschrieben,schriebe hinein,schrieb hinein,schreibt hinein,haben,hinzueinschreiben
reinschreiben,schreibe rein,schreibst rein,schreibt rein,schrieb rein,reingeschrieben,schriebe rein,schreib rein,schreibt rein,haben,reinzuschreiben
durchkentern,kentere durch,kenterst durch,kentert durch,kenterte durch,durchgekentert,kenterte durch,kenter durch,kentert durch,sein,zu durchkentern
nachgären,gäre nach,gärst nach,gärt nach,gor nach,nachgegoren,göre nach,gär nach,gärt nach,haben,nachzugären
nachempfinden,empfinde nach,empfindest nach,empfindet nach,empfand nach,nachempfunden,empfände nach,empfind nach,empfindet nach,haben,nachzuempfinden
anpicken,picke an,pickst an,pickt an,pickte an,angepickt,pickte an,pick an,pickt an,haben,anzupicken
rumgammeln,gammele rum,gammelst rum,gammelt rum,gammelte rum,rumgegammelt,gammelte rum,gammel rum,gammelt rum,haben,rumzugammeln
draften,drafte,draftest,draftet,draftete,gedraftet,draftete,drafte,draftet,haben,zu draften
oblomowieren,oblomowiere,oblomowierst,oblomowiert,oblomowierte,oblomowiert,oblomowierte,oblomowier,oblomowiert,haben,zu oblomowieren
bläuen,bläue,bläust,bläut,bläute,gebläut,bläute,bläu,bläut,haben,zu bläuen
nachhallen,—,—,hallt nach,hallte nach,nachgehallt,hallte nach,—,—,haben,nachzuhallen
bezaubern,bezaubere,bezauberst,bezaubert,bezauberte,bezaubert,bezauberte,bezauber,bezaubert,haben,zu bezaubern
einlösen,löse ein,löst ein,löst ein,löste ein,eingelöst,löste ein,lös ein,löst ein,haben,einzulösen
perlen,perle,perlst,perlt,perlte,geperlt,perlte,perl,perlt,haben,zu perlen
durchschwimmen,durchschwimme,durchschwimmst,durchschwimmt,durchschwamm,durchschwommen,durchschwömme,durchschwimme,durchschwimmt,haben,zu durchschwimmen
verdaddeln,verdaddele,verdaddelst,verdaddelt,verdaddelte,verdaddelt,verdaddelte,verdaddele,verdaddelt,haben,zu verdaddeln
nachspionieren,spioniere nach,spionierst nach,spioniert nach,spionierte nach,nachspioniert,spionierte nach,spionier nach,spioniert nach,haben,nachzuspionieren
mythologisieren,mythologisiere,mythologisierst,mythologisiert,mythologisierte,mythologisiert,mythologisierte,mythologisier,mythologisiert,haben,zu mythologisieren
mythisieren,mythisiere,mythisierst,mythisiert,mythisierte,mythisiert,mythisierte,mythisier,mythisiert,haben,zu mythisieren
verbaseln,verbasele,verbaselst,verbaselt,verbaselte,verbaselt,verbaselte,verbasele,verbaselt,haben,zu verbaseln
mystifizieren,mystifiziere,mystifizierst,mystifiziert,mystifizierte,mystifiziert,mystifizierte,mystifizier,mystifiziert,haben,zu mystifizieren
verunreinigen,verunreinige,verunreinigst,verunreinigt,verunreinigte,verunreinigt,verunreinigte,verunreinig,verunreinigt,haben,zu verunreinigen
ablesen,lese ab,liest ab,liest ab,las ab,abgelesen,läse ab,lies ab,lest ab,haben,abzulesen
durchlesen,lese durch,liest durch,liest durch,las durch,durchgelesen,läse durch,lies durch,lest durch,haben,zu durchlesen
durcharbeiten,arbeite durch,arbeitest durch,arbeitet durch,arbeitete durch,durchgearbeitet,arbeitete durch,arbeite durch,arbeitet durch,haben,zu durcharbeiten
mylonitisieren,mylonitisiere,mylonitisierst,mylonitisiert,mylonitisierte,mylonitisiert,mylonitisierte,mylonitisier,mylonitisiert,haben,zu mylonitisieren
mitarbeiten,arbeite mit,arbeitest mit,arbeitet mit,arbeitete mit,mitgearbeitet,arbeitete mit,arbeite mit,arbeitet mit,haben,mitzuarbeiten
zuarbeiten,arbeite zu,arbeitest zu,arbeitet zu,arbeitete zu,zugearbeitet,arbeitete zu,arbeite zu,arbeitet zu,haben,zuzuarbeiten
berechtigen,berechtige,berechtigst,berechtigt,berechtigte,berechtigt,berechtigte,berechtig,berechtigt,haben,zu berechtigen
hinterherspionieren,spioniere hinterher,spionierst hinterher,spioniert hinterher,spionierte hinterher,hinterherspioniert,spionierte hinterher,spionier hinterher,spioniert hinterher,haben,zu hinterherspionieren
durchbringen,bringe durch,bringst durch,bringt durch,brachte durch,durchgebracht,brächte durch,bring durch,bringt durch,haben,zu durchbringen
patinieren,patiniere,patinierst,patiniert,patinierte,patiniert,patinierte,patinier,patiniert,haben,zu patinieren
zumauern,mauere zu,mauerst zu,mauert zu,mauerte zu,zugemauert,mauerte zu,mauere zu,mauert zu,haben,zuzumauern
durchfretten,frette durch,frettest durch,frettet durch,frettete durch,durchgefrettet,frettete durch,frett durch,frettet durch,haben,zu durchfretten
durchbeißen,beiße durch,beißt durch,beißt durch,biss durch,durchgebissen,bisse durch,beiß durch,beißt durch,haben,durchzubeißen
aussuchen,suche aus,suchst aus,sucht aus,suchte aus,ausgesucht,suchte aus,suche aus,sucht aus,haben,auszusuchen
abspicken,spicke ab,spickst ab,spickt ab,spickte ab,abgespickt,spickte ab,spick ab,spickt ab,haben,abzuspicken
einhalten,halte ein,hältst ein,hält ein,hielt ein,eingehalten,hielte ein,halte ein,haltet ein,haben,einzuhalten
mutilieren,mutiliere,mutilierst,mutiliert,mutilierte,mutiliert,mutilierte,mutilier,mutiliert,haben,zu mutilieren
zersetzen,zersetze,zersetzt,zersetzt,zersetzte,zersetzt,zersetzte,zersetz,zersetzt,haben,zu zersetzen
moderieren,moderiere,moderierst,moderiert,moderierte,moderiert,moderierte,moderier,moderiert,haben,zu moderieren
aufhellen,helle auf,hellst auf,hellt auf,hellte auf,aufgehellt,hellte auf,hell auf,hellt auf,haben,aufzuhellen
dekorieren,dekoriere,dekorierst,dekoriert,dekorierte,dekoriert,dekorierte,dekorier,dekoriert,haben,zu dekorieren
verbreitern,verbreitere,verbreiterst,verbreitert,verbreiterte,verbreitert,verbreiterte,verbreiter,verbreitert,haben,zu verbreitern
bilanzieren,bilanziere,bilanzierst,bilanziert,bilanzierte,bilanziert,bilanzierte,bilanzier,bilanziert,haben,zu bilanzieren
durchschlagen,schlage durch,schlägst durch,schlägt durch,schlug durch,durchgeschlagen,schlüge durch,schlag durch,schlagt durch,haben,zu durchschlagen
witzeln,witzle,witzelst,witzelt,witzelte,gewitzelt,witzelte,witzle,witzelt,haben,zu witzeln
abschmecken,schmecke ab,schmeckst ab,schmeckt ab,schmeckte ab,abgeschmeckt,schmeckte ab,schmeck ab,schmeckt ab,haben,abzuschmecken
abmelden,melde ab,meldest ab,meldet ab,meldete ab,abgemeldet,meldete ab,meld ab,meldet ab,haben,abzumelden
umleiten,leite um,leitest um,leitet um,leitete um,umgeleitet,leitete um,leit um,leitet um,haben,umzuleiten
ummelden,melde um,meldest um,meldet um,meldete um,umgemeldet,meldete um,meld um,meldet um,haben,umzumelden
entgegnen,entgegne,entgegnest,entgegnet,entgegnete,entgegnet,entgegnete,entgegne,entgegnet,haben,zu entgegnen
entlaufen,entlaufe,entläufst,entläuft,entlief,entlaufen,entliefe,entlauf,entläuft,sein,zu entlaufen
ausrenken,renke aus,renkst aus,renkt aus,renkte aus,ausgerenkt,renkte aus,renk aus,renkt aus,haben,auszurenken
antreffen,treffe an,triffst an,trifft an,traf an,angetroffen,träfe an,triff an,trefft an,haben,anzutreffen
einrenken,renke ein,renkst ein,renkt ein,renkte ein,eingerenkt,renkte ein,renk ein,renkt ein,haben,einzurenken
verrenken,verrenke,verrenkst,verrenkt,verrenkte,verrenkt,verrenkte,verrenk,verrenkt,haben,zu verrenken
durchhauen,haue durch,haust durch,haut durch,haute  durch,durchgehauen,haute durch,hau durch,haut durch,haben,zu durchhauen
beaufsichtigen,beaufsichtige,beaufsichtigst,beaufsichtigt,beaufsichtigte,beaufsichtigt,beaufsichtigte,beaufsichtig,beaufsichtigt,haben,zu beaufsichtigen
beglaubigen,beglaubige,beglaubigst,beglaubigt,beglaubigte,beglaubigt,beglaubigte,beglaubig,beglaubigt,haben,zu beglaubigen
bereden,berede,beredest,beredet,beredete,beredet,beredete,bered,beredet,haben,zu bereden
begutachten,begutachte,begutachtest,begutachtet,begutachtete,begutachtet,begutachtete,begutachte,begutachtet,haben,zu begutachten
bestranden,bestrande,bestrandest,bestrandet,bestrandete,bestrandet,bestrandete,bestrand,bestrandet,haben,zu bestranden
beordern,beordere,beorderst,beordert,beorderte,beordert,beorderte,beorder,beordert,haben,zu beordern
ausstallieren,stalliere aus,stallierst aus,stalliert aus,stallierte aus,ausstalliert,stallierte aus,stallier aus,stalliert aus,haben,auszustallieren
beangaben,beangabe,beangabst,beangabt,beangabte,beangabt,beangabte,beangab,beangabt,haben,zu beangaben
beargwöhnen,beargwöhne,beargwöhnst,beargwöhnt,beargwöhnte,beargwöhnt,beargwöhnte,beargwöhn,beargwöhnt,haben,zu beargwöhnen
beladen,belade,belädst,belädt,belud,beladen,belüde,belad,beladet,haben,zu beladen
befreunden,befreunde,befreundest,befreundet,befreundete,befreundet,befreundete,befreund,befreundet,haben,zu befreunden
behängen,behänge,behängst,behängt,behängte,behängt,behängte,behäng,behängt,haben,zu behängen
beschauen,beschaue,beschaust,beschaut,beschaute,beschaut,beschaute,beschaue,beschaut,haben,zu beschauen
verdrehen,verdrehe,verdrehst,verdreht,verdrehte,verdreht,verdrehte,verdrehe,verdreht,haben,zu verdrehen
fahnden,fahnde,fahndest,fahndet,fahndete,gefahndet,fahndete,fahnd,fahndet,haben,zu fahnden
wiederverwerten,verwerte wieder,verwertest wieder,verwertet wieder,verwertete wieder,wiederverwertet,verwertete wieder,verwert wieder,verwertet wieder,haben,wiederzuverwerten
verwerten,verwerte,verwertest,verwertet,verwertete,verwertet,verwertete,verwert,verwertet,haben,zu verwerten
mulchen,mulche,mulchst,mulcht,mulchte,gemulcht,mulchte,mulch,mulcht,haben,zu mulchen
benetzen,benetze,benetzt,benetzt,benetzte,benetzt,benetzte,benetz,benetzt,haben,zu benetzen
netzen,netze,netzt,netzt,netzte,genetzt,netzte,netz,netzt,haben,zu netzen
einnetzen,netze ein,netzt ein,netzt ein,netzte ein,eingenetzt,netzte ein,netz ein,netzt ein,haben,einzunetzen
bereinigen,bereinige,bereinigst,bereinigt,bereinigte,bereinigt,bereinigte,bereinig,bereinigt,haben,zu bereinigen
richtigstellen,stelle richtig,stellst richtig,stellt richtig,stellte richtig,richtiggestellt,stellte richtig,stell richtig,stellt richtig,haben,richtigzustellen
minimisieren,minimisiere,minimisierst,minimisiert,minimisierte,minimisiert,minimisierte,minimisier,minimisiert,haben,zu minimisieren
klapsen,klapse,klapst,klapst,klapste,geklapst,klapste,klaps,klapst,haben,zu klapsen
antippen,tippe an,tippst an,tippt an,tippte an,angetippt,tippte an,tipp an,tippt an,haben,anzutippen
anpacken,packe an,packst an,packt an,packte an,angepackt,packte an,pack an,packt an,haben,anzupacken
herumfingern,fingere herum,fingerst herum,fingert herum,fingerte herum,herumgefingert,fingerte herum,finger herum,fingert herum,haben,herzuumfingern
begießen,begieße,begießt,begießt,begoss,begossen,begösse,begieße,begießt,haben,zu begießen
herumfummeln,fummle herum,fummelst herum,fummelt herum,fummelte herum,herumgefummelt,fummelte herum,fummel herum,fummelt herum,haben,herzuumfummeln
schwächen,schwäche,schwächst,schwächt,schwächte,geschwächt,schwächte,schwäch,schwächt,haben,zu schwächen
abschwellen,schwelle ab,schwillst ab,schwillt ab,schwoll ab,abgeschwollen,schwölle ab,schwill ab,schwellt ab,sein,abzuschwellen
anschwellen,schwelle an,schwillst an,schwillt an,schwoll an,angeschwollen,schwölle an,schwill an,schwellt an,sein,anzuschwellen
drankommen,komme dran,kommst dran,kommt dran,kam dran,drangekommen,käme dran,komm dran,kommt dran,sein,dranzukommen
heranreichen,reiche heran,reichst heran,reicht heran,reichte heran,herangereicht,reichte heran,reich heran,reicht heran,haben,herzuanreichen
zirpen,zirpe,zirpst,zirpt,zirpte,gezirpt,zirpte,zirp,zirpt,haben,zu zirpen
zwirbeln,zwirbel,zwirbelst,zwirbelt,zwirbelte,gezwirbelt,zwirbelte,zwirbel,zwirbelt,haben,zu zwirbeln
trillern,trillere,trillerst,trillert,trillerte,getrillert,trillerte,triller,trillert,haben,zu trillern
zwischenlanden,lande zwischen,landest zwischen,landet zwischen,landete zwischen,zwischengelandet,landete zwischen,land zwischen,landet zwischen,sein,zwischenzulanden
weiterfliegen,fliege weiter,fliegst weiter,fliegt weiter,flog weiter,weitergeflogen,flöge weiter,flieg weiter,fliegt weiter,sein,weitzuerfliegen
zueignen,eigne zu,eignest zu,eignet zu,eignete zu,zugeeignet,eignete zu,eigne zu,eignet zu,haben,zuzueignen
angehören,gehöre an,gehörst an,gehört an,gehörte an,angehört,gehörte an,gehör an,gehört an,haben,anzugehören
defektieren,defektiere,defektierst,defektiert,defektierte,defektiert,defektierte,defektier,defektiert,haben,zu defektieren
anrauchen,rauche an,rauchst an,raucht an,rauchte an,angeraucht,rauchte an,rauch an,raucht an,haben,anzurauchen
malern,malere,malerst,malert,malerte,gemalert,malerte,maler,malert,haben,zu malern
verfaulen,verfaule,verfaulst,verfault,verfaulte,verfault,verfaulte,verfaul,verfault,sein,zu verfaulen
keimen,keime,keimst,keimt,keimte,gekeimt,keimte,keim,keimt,haben,zu keimen
defibrillieren,defibrilliere,defibrillierst,defibrilliert,defibrillierte,defibrilliert,defibrillierte,defibrilliere,defibrilliert,haben,zu defibrillieren
verkeimen,verkeime,verkeimst,verkeimt,verkeimte,verkeimt,verkeimte,verkeim,verkeimt,haben,zu verkeimen
trällern,trällere,trällerst,trällert,trällerte,geträllert,trällerte,träller,trällert,haben,zu trällern
plappern,plappere,plapperst,plappert,plapperte,geplappert,plapperte,plapper,plappert,haben,zu plappern
aneiern,eiere an,eierst an,eiert an,eierte an,angeeiert,eierte an,eier an,eiert an,sein,anzueiern
auspusten,puste aus,pustest aus,pustet aus,pustete aus,ausgepustet,pustete aus,puste aus,pustet aus,haben,auszupusten
berappeln,berappele,berappelst,berappelt,berappelte,berappelt,berappelte,berappel,berappelt,haben,zu berappeln
normalisieren,normalisiere,normalisierst,normalisiert,normalisierte,normalisiert,normalisierte,normalisier,normalisiert,haben,zu normalisieren
verhackstücken,verhackstücke,verhackstückst,verhackstückst,verhackstückte,verhackstückt,verhackstückte,verhackstück,verhackstückt,haben,zu verhackstücken
dödeln,dödel,dödelst,dödelt,dödelte,gedödelt,dödelte,dödel,dödelt,haben,zu dödeln
herumdödeln,dödel herum,dödelst herum,dödelt herum,dödelte herum,herumgedödelt,dödelte herum,dödel herum,dödelt herum,haben,herzuumdödeln
dudeln,dudel,dudelst,dudelt,dudelte,gedudelt,dudelte,dudel,dudelt,haben,zu dudeln
sulzen,sulze,sulzt,sulzt,sulzte,gesulzt,sulzte,sulz,sulzt,haben,zu sulzen
drudeln,drudel,drudelst,drudelt,drudelte,gedrudelt,drudelte,drudel,drudelt,haben,zu drudeln
stümpern,stümpere,stümperst,stümpert,stümperte,gestümpert,stümperte,stümper,stümpert,haben,zu stümpern
sudeln,sudel,sudelst,sudelt,sudelte,gesudelt,sudelte,sudel,sudelt,haben,zu sudeln
klecksen,kleckse,kleckst,kleckst,kleckste,gekleckst,kleckste,klecks,kleckst,haben,zu klecksen
patzen,patze,patzt,patzt,patzte,gepatzt,patzte,patz,patzt,haben,zu patzen
dröppeln,dröppel,dröppelst,dröppelt,dröppelte,gedröppelt,dröppelte,dröppel,dröppelt,haben,zu dröppeln
krickeln,krickel,krickelst,krickelt,krickelte,gekrickelt,krickelte,krickel,krickelt,haben,zu krickeln
urteilen,urteile,urteilst,urteilt,urteilte,geurteilt,urteilte,urteil,urteilt,haben,zu urteilen
knobeln,knobel,knobelst,knobelt,knobelte,geknobelt,knobelte,knobel,knobelt,haben,zu knobeln
rätseln,rätsel,rätselst,rätselt,rätselte,gerätselt,rätselte,rätsel,rätselt,haben,zu rätseln
nachsinnen,sinne nach,sinnst nach,sinnt nach,sann nach,nachgesonnen,sänne nach,sinn nach,sinnt nach,haben,nachzusinnen
auspflanzen,pflanze aus,pflanzt aus,pflanzt aus,pflanzte aus,ausgepflanzt,pflanzte aus,pflanze aus,pflanzt aus,haben,auszupflanzen
festmachen,mache fest,machst fest,macht fest,machte fest,festgemacht,machte fest,mach fest,macht fest,haben,festzumachen
vollbringen,vollbringe,vollbringst,vollbringt,vollbrachte,vollbracht,vollbrächte,vollbring,vollbringt,haben,vollzubringen
stülpen,stülpe,stülpst,stülpt,stülpte,gestülpt,stülpte,stülp,stülpt,haben,zu stülpen
krempeln,krempel,krempelst,krempelt,krempelte,gekrempelt,krempelte,krempel,krempelt,haben,zu krempeln
campieren,campiere,campierst,campiert,campierte,campiert,campierte,campier,campiert,haben,zu campieren
stürmen,stürme,stürmst,stürmt,stürmte,gestürmt,stürmte,stürm,stürmt,haben,zu stürmen
wetzen,wetze,wetzt,wetzt,wetzte,gewetzt,wetzte,wetz,wetzt,haben,zu wetzen
wüten,wüte,wütest,wütet,wütete,gewütet,wütete,wüte,wütet,haben,zu wüten
zuckeln,zuckel,zuckelst,zuckelt,zuckelte,gezuckelt,zuckelte,zuckel,zuckelt,sein,zuzuckeln
zotteln,zottel,zottelst,zottelt,zottelte,gezottelt,zottelte,zottel,zottelt,sein,zu zotteln
einhüten,hüte ein,hütest ein,hütet ein,hütete ein,eingehütet,hütete ein,hüt ein,hütet ein,haben,einzuhüten
trudeln,trudel,trudelst,trudelt,trudelte,getrudelt,trudelte,trudel,trudelt,haben,zu trudeln
zockeln,zockel,zockelst,zockelt,zockelte,gezockelt,zockelte,zockel,zockelt,sein,zu zockeln
prickeln,prickele,prickelst,prickelt,prickelte,geprickelt,prickelte,prickel,prickelt,haben,zu prickeln
pieksen,piekse,piekst,piekst,piekste,gepiekst,piekste,pieks,piekst,haben,zu pieksen
trotteln,trottele,trottelst,trottelt,trottelte,getrottelt,trottelte,trottel,trottelt,sein,zu trotteln
dackeln,dackele,dackelst,dackelt,dackelte,gedackelt,dackelte,dackel,dackelt,sein,zu dackeln
gondeln,gondele,gondelst,gondelt,gondelte,gegondelt,gondelte,gondel,gondelt,sein,zu gondeln
schippern,schippere,schipperst,schippert,schipperte,geschippert,schipperte,schipper,schippert,sein,zu schippern
tuckern,tucker,tuckerst,tuckert,tuckerte,getuckert,tuckerte,tucker,tuckert,sein,zu tuckern
puckern,puckere,puckerst,puckert,puckerte,gepuckert,puckerte,pucker,puckert,haben,zu puckern
pucken,pucke,puckst,puckt,puckte,gepuckt,puckte,puck,puckt,haben,zu pucken
updaten,update,updatest,updatet,updatete,upgedatet,updatete,update,updatet,haben,zu updaten
stuckern,stucker,stuckerst,stuckert,stuckerte,gestuckert,stuckerte,stucker,stuckert,sein,zu stuckern
holpern,holper,holperst,holpert,holperte,geholpert,holperte,holper,holpert,haben,zu holpern
humpeln,humpel,humpelst,humpelt,humpelte,gehumpelt,humpelte,humpel,humpelt,sein,zu humpeln
stochern,stochere,stocherst,stochert,stocherte,gestochert,stocherte,stocher,stochert,haben,zu stochern
wursteln,wurstele,wurstelst,wurstelt,wurstelte,gewurstelt,wurstelte,wurstel,wurstelt,haben,zu wursteln
wursten,wurste,wurstest,wurstet,wurstete,gewurstet,wurstete,wurste,wurstet,haben,zu wursten
klempnern,klempnere,klempnerst,klempnert,klempnerte,geklempnert,klempnerte,klempner,klempnert,haben,zu klempnern
heimwerken,heimwerke,heimwerkst,heimwerkt,heimwerkte,heimgewerkt,heimwerkte,heimwerk,heimwerkt,haben,zu heimwerken
palen,pale,palst,palt,palte,gepalt,palte,pal,palt,haben,zu palen
tischlern,tischlere,tischlerst,tischlert,tischlerte,getischlert,tischlerte,tischler,tischlert,haben,zu tischlern
frösteln,fröstele,fröstelst,fröstelt,fröstelte,gefröstelt,fröstelte,fröstel,fröstelt,haben,zu frösteln
gruseln,grusele,gruselst,gruselt,gruselte,gegruselt,gruselte,grusel,gruselt,haben,zu gruseln
schaudern,schaudere,schauderst,schaudert,schauderte,geschaudert,schauderte,schauder,schaudert,haben,zu schaudern
schauern,schauere,schauerst,schauert,schauerte,geschauert,schauerte,schauer,schauert,haben,zu schauern
kreiseln,kreisele,kreiselst,kreiselt,kreiselte,gekreiselt,kreiselte,kreisel,kreiselt,sein,zu kreiseln
gödelisieren,gödelisiere,gödelisierst,gödelisiert,gödelisierte,gödelisiert,gödelisierte,gödelisier,gödelisiert,haben,zu gödelisieren
wieseln,wiesele,wieselst,wieselt,wieselte,gewieselt,wieselte,wiesel,wieselt,sein,zu wieseln
bocken,bocke,bockst,bockt,bockte,gebockt,bockte,bock,bockt,haben,zu bocken
geiern,geiere,geierst,geiert,geierte,gegeiert,geierte,geier,geiert,haben,zu geiern
luchsen,luchse,luchst,luchst,luchste,geluchst,luchste,luchs,luchst,haben,zu luchsen
hechten,hechte,hechtest,hechtet,hechtete,gehechtet,hechtete,hecht,hechtet,sein,zu hechten
tigern,tigere,tigerst,tigert,tigerte,getigert,tigerte,tiger,tigert,sein,zu tigern
zicken,zicke,zickst,zickt,zickte,gezickt,zickte,zick,zickt,haben,zu zicken
berappen,berappe,berappst,berappt,berappte,berappt,berappte,berapp,berappt,haben,zu berappen
fuchsen,fuchse,fuchst,fuchst,fuchste,gefuchst,fuchste,fuchs,fuchst,haben,zu fuchsen
schlängeln,schlängele,schlängelst,schlängelt,schlängelte,geschlängelt,schlängelte,schlängel,schlängelt,haben,zu schlängeln
lümmeln,lümmel,lümmelst,lümmelt,lümmelte,gelümmelt,lümmelte,lümmel,lümmelt,haben,zu lümmeln
bunkern,bunkere,bunkerst,bunkert,bunkerte,gebunkert,bunkerte,bunker,bunkert,haben,zu bunkern
bimsen,bimse,bimst,bimst,bimste,gebimst,bimste,bims,bimst,haben,zu bimsen
balzen,balze,balzt,balzt,balzte,gebalzt,balzte,balz,balzt,haben,zu balzen
walzen,walze,walzt,walzt,walzte,gewalzt,walzte,walz,walzt,haben,zu walzen
überleiten,leite über,leitest über,leitet über,leitete über,übergeleitet,leitete  über,leit über,leitet über,haben,überzuleiten
abkürzen,kürze ab,kürzt ab,kürzt ab,kürzte ab,abgekürzt,kürzte ab,kürz ab,kürzt ab,haben,abzukürzen
heraufbemühen,bemühe herauf,bemühst herauf,bemüht herauf,bemühte herauf,heraufbemüht,bemühte herauf,bemüh herauf,bemüht herauf,haben,herzuaufbemühen
graulen,graule,graulst,grault,graulte,gegrault,graulte,graul,grault,haben,zu graulen
grunzen,grunze,grunzt,grunzt,grunzte,gegrunzt,grunzte,grunz,grunzt,haben,zu grunzen
brummeln,brummel,brummelst,brummelt,brummelte,gebrummelt,brummelte,brummel,brummelt,haben,zu brummeln
tölpeln,tölpele,tölpelst,tölpelt,tölpelte,getölpelt,tölpelte,tölpel,tölpelt,haben,zu tölpeln
sperbern,sperbere,sperberst,sperbert,sperberte,gesperbert,sperberte,sperber,sperbert,haben,zu sperbern
illern,illere,illerst,illert,illerte,geillert,illerte,iller,illert,haben,zu illern
gockeln,gockele,gockelst,gockelt,gockelte,gegockelt,gockelte,gockel,gockelt,haben,zu gockeln
lunzen,lunze,lunzt,lunzt,lunzte,gelunzt,lunzte,lunz,lunzt,haben,zu lunzen
flegeln,flegele,flegelst,flegelt,flegelte,geflegelt,flegelte,flegel,flegelt,haben,zu flegeln
lungern,lungere,lungerst,lungert,lungerte,gelungert,lungerte,lunger,lungert,haben,zu lungern
jibbern,jibber,jibberst,jibbert,jibberte,gejibbert,jibberte,jibber,jibbert,haben,zu jibbern
punzen,punze,punzt,punzt,punzte,gepunzt,punzte,punz,punzt,haben,zu punzen
strudeln,strudele,strudelst,strudelt,strudelte,gestrudelt,strudelte,strudel,strudelt,haben,zu strudeln
quirlen,quirle,quirlst,quirlt,quirlte,gequirlt,quirlte,quirl,quirlt,haben,zu quirlen
filtrieren,filtriere,filtrierst,filtriert,filtrierte,filtriert,filtrierte,filtrier,filtriert,haben,zu filtrieren
armieren,armiere,armierst,armiert,armierte,armiert,armierte,armier,armiert,haben,zu armieren
assistieren,assistiere,assistierst,assistiert,assistierte,assistiert,assistierte,assistier,assistiert,haben,assizustieren
salben,salbe,salbst,salbt,salbte,gesalbt,salbte,salb,salbt,haben,zu salben
sättigen,sättige,sättigst,sättigt,sättigte,gesättigt,sättigte,sättige,sättigt,haben,zu sättigen
sabotieren,sabotiere,sabotierst,sabotiert,sabotierte,sabotiert,sabotierte,sabotier,sabotiert,haben,zu sabotieren
säkularisieren,säkularisiere,säkularisierst,säkularisiert,säkularisierte,säkularisiert,säkularisierte,säkularisier,säkularisiert,haben,zu säkularisieren
sakralisieren,sakralisiere,sakralisierst,sakralisiert,sakralisierte,sakralisiert,sakralisierte,sakralisier,sakralisiert,haben,zu sakralisieren
schematisieren,schematisiere,schematisierst,schematisiert,schematisierte,schematisiert,schematisierte,schematisier,schematisiert,haben,zu schematisieren
thematisieren,thematisiere,thematisierst,thematisiert,thematisierte,thematisiert,thematisierte,thematisier,thematisiert,haben,zu thematisieren
formalisieren,formalisiere,formalisierst,formalisiert,formalisierte,formalisiert,formalisierte,formalisier,formalisiert,haben,zu formalisieren
individualisieren,individualisiere,individualisierst,individualisiert,individualisierte,individualisiert,individualisierte,individualisier,individualisiert,haben,zu individualisieren
auspressen,presse aus,presst aus,presst aus,presste aus,ausgepresst,presste aus,presse aus,presst aus,haben,auszupressen
schablonisieren,schablonisiere,schablonisierst,schablonisiert,schablonisierte,schablonisiert,schablonisierte,schablonisier,schablonisiert,haben,zu schablonisieren
tafeln,tafele,tafelst,tafelt,tafelte,getafelt,tafelte,tafle,tafelt,haben,zu tafeln
labeln,labele,labelst,labelt,labelte,gelabelt,labelte,label,labelt,haben,zu labeln
etikettieren,etikettiere,etikettierst,etikettiert,etikettierte,etikettiert,etikettierte,etikettier,etikettiert,haben,zu etikettieren
normen,normen,normst,normt,normte,genormt,normte,norm,normt,haben,zu normen
selektieren,selektiere,selektierst,selektiert,selektierte,selektiert,selektierte,selektier,selektiert,haben,zu selektieren
mechanisieren,mechanisiere,mechanisierst,mechanisiert,mechanisierte,mechanisiert,mechanisierte,mechanisier,mechanisiert,haben,zu mechanisieren
modernisieren,modernisiere,modernisierst,modernisiert,modernisierte,modernisiert,modernisierte,modernisier,modernisiert,haben,zu modernisieren
solidarisieren,solidarisiere,solidarisierst,solidarisiert,solidarisierte,solidarisiert,solidarisierte,solidarisier,solidarisiert,haben,zu solidarisieren
computerisieren,computerisiere,computerisierst,computerisiert,computerisierte,computerisiert,computerisierte,computerisier,computerisiert,haben,zu computerisieren
schmiegen,schmiege,schmiegst,schmiegt,schmiegte,geschmiegt,schmiegte,schmieg,schmiegt,haben,zu schmiegen
säuseln,säusel,säuselst,säuselt,säuselte,gesäuselt,säuselte,säusel,säuselt,haben,zu säuseln
rascheln,raschele,raschelst,raschelt,raschelte,geraschelt,raschelte,raschel,raschelt,haben,zu rascheln
gluckern,gluckere,gluckerst,gluckert,gluckerte,gegluckert,gluckerte,glucker,gluckert,haben,zu gluckern
schneidern,schneidere,schneiderst,schneidert,schneiderte,geschneidert,schneiderte,schneider,schneidert,haben,zu schneidern
sacken,sacke,sackst,sackt,sackte,gesackt,sackte,sack,sackt,sein,zu sacken
schnipseln,schnipsel,schnipselst,schnipselt,schnipselte,geschnipselt,schnipselte,schnipsel,schnipselt,haben,zu schnipseln
schnibbeln,schnibbel,schnibbelst,schnibbelt,schnibbelte,geschnibbelt,schnibbelte,schnibbel,schnibbelt,haben,zu schnibbeln
säbeln,säbel,säbelst,säbelt,säbelte,gesäbelt,säbelte,säbel,säbelt,haben,zu säbeln
schnetzeln,schnetzele,schnetzelst,schnetzelt,schnetzelte,geschnetzelt,schnetzelte,schnetzel,schnetzelt,haben,zu schnetzeln
metzeln,metzele,metzelst,metzelt,metzelte,gemetzelt,metzelte,metzel,metzelt,haben,zu metzeln
schnitzeln,schnitzele,schnitzelst,schnitzelt,schnitzelte,geschnitzelt,schnitzelte,schnitzel,schnitzelt,haben,zu schnitzeln
zusammenschließen,schließe zusammen,schließt zusammen,schließt zusammen,schloss  zusammen,zusammengeschlossen,schlösse zusammen,schließe zusammen,schließt zusammen,haben,zuzusammenschließen
schnippen,schnippe,schnippst,schnippt,schnippte,geschnippt,schnippte,schnipp,schnippt,haben,zu schnippen
schnipsen,schnipse,schnipst,schnipst,schnipste,geschnipst,schnipste,schnips,schnipst,haben,zu schnipsen
schlemmen,schlemme,schlemmst,schlemmt,schlemmte,geschlemmt,schlemmte,schlemm,schlemmt,haben,zu schlemmen
schlämmen,schlämme,schlämmst,schlämmt,schlämmte,geschlämmt,schlämmte,schlämm,schlämmt,haben,zu schlämmen
klemmen,klemme,klemmst,klemmt,klemmte,geklemmt,klemmte,klemm,klemmt,haben,zu klemmen
prassen,prasse,prasst,prasst,prasste,geprasst,prasste,prass,prasst,haben,zu prassen
schnarren,schnarre,schnarrst,schnarrt,schnarrte,geschnarrt,schnarrte,schnarr,schnarrt,haben,zu schnarren
knarren,knarre,knarrst,knarrt,knarrte,geknarrt,knarrte,knarr,knarrt,haben,zu knarren
rasseln,rassele,rasselst,rasselt,rasselte,gerasselt,rasselte,rassel,rasselt,haben,zu rasseln
surren,surre,surrst,surrt,surrte,gesurrt,surrte,surr,surrt,haben,zu surren
dröhnen,dröhne,dröhnst,dröhnt,dröhnte,gedröhnt,dröhnte,dröhn,dröhnt,haben,zu dröhnen
schnauzen,schnauze,schnauzt,schnauzt,schnauzte,geschnauzt,schnauzte,schnauz,schnauzt,haben,zu schnauzen
schnallen,schnalle,schnallst,schnallt,schnallte,geschnallt,schnallte,schnall,schnallt,haben,zu schnallen
gurten,gurte,gurtest,gurtet,gurtete,gegurtet,gurtete,gurt,gurtet,haben,zu gurten
scharen,schare,scharst,schart,scharte,geschart,scharte,schar,schart,haben,zu scharen
gesellen,geselle,gesellst,gesellt,gesellte,gesellt,gesellte,gesell,gesellt,haben,zu gesellen
schniegeln,schniegele,schniegelst,schniegelt,schniegelte,geschniegelt,schniegelte,schniegel,schniegelt,haben,zu schniegeln
wummern,wummere,wummerst,wummert,wummerte,gewummert,wummerte,wummer,wummert,haben,zu wummern
präsupponieren,präsupponiere,präsupponierst,präsupponiert,präsupponierte,präsupponiert,präsupponierte,präsupponiere,präsupponiert,haben,präsupzuponieren
schrammen,schramme,schrammst,schrammt,schrammte,geschrammt,schrammte,schramm,schrammt,haben,zu schrammen
schrubben,schrubbe,schrubbst,schrubbt,schrubbte,geschrubbt,schrubbte,schrubb,schrubbt,haben,zu schrubben
dritteln,drittele,drittelst,drittelt,drittelte,gedrittelt,drittelte,drittele,drittelt,haben,zu dritteln
fünfteln,fünftele,fünftelst,fünftelt,fünftelte,gefünftelt,fünftelte,fünftele,fünftelt,haben,zu fünfteln
schrumpeln,schrumpele,schrumpelst,schrumpelt,schrumpelte,geschrumpelt,schrumpelte,schrumpel,schrumpelt,sein,zu schrumpeln
rumpeln,rumpele,rumpelst,rumpelt,rumpelte,gerumpelt,rumpelte,rumpel,rumpelt,haben,zu rumpeln
rumsen,rumse,rumst,rumst,rumste,gerumst,rumste,rums,rumst,haben,zu rumsen
bullern,bullere,bullerst,bullert,bullerte,gebullert,bullerte,buller,bullert,haben,zu bullern
schmutzen,schmutze,schmutzt,schmutzt,schmutzte,geschmutzt,schmutzte,schmutz,schmutzt,haben,zu schmutzen
schirmen,schirme,schirmst,schirmt,schirmte,geschirmt,schirmte,schirm,schirmt,haben,zu schirmen
blocken,blocke,blockst,blockt,blockte,geblockt,blockte,block,blockt,haben,zu blocken
schustern,schustere,schusterst,schustert,schusterte,geschustert,schusterte,schuster,schustert,haben,zu schustern
schnörkeln,schnörkele,schnörkelst,schnörkelt,schnörkelte,geschnörkelt,schnörkelte,schnörkel,schnörkelt,haben,zu schnörkeln
schleckern,schleckere,schleckerst,schleckert,schleckerte,geschleckert,schleckerte,schlecker,schleckert,haben,zu schleckern
schwappen,schwappe,schwappst,schwappt,schwappte,geschwappt,schwappte,schwapp,schwappt,haben,zu schwappen
schwabbeln,schwabbele,schwabbelst,schwabbelt,schwabbelte,geschwabbelt,schwabbelte,schwabbel,schwabbelt,haben,zu schwabbeln
glibbern,glibbere,glibberst,glibbert,glibberte,geglibbert,glibberte,glibber,glibbert,sein,zu glibbern
schwabbern,schwabbere,schwabberst,schwabbert,schwabberte,geschwabbert,schwabberte,schwabber,schwabbert,haben,zu schwabbern
wabbeln,wabbele,wabbelst,wabbelt,wabbelte,gewabbelt,wabbelte,wabbel,wabbelt,haben,zu wabbeln
schlappern,schlappere,schlapperst,schlappert,schlapperte,geschlappert,schlapperte,schlapper,schlappert,haben,zu schlappern
labbern,labbere,labberst,labbert,labberte,gelabbert,labberte,labber,labbert,haben,zu labbern
schlenkern,schlenker,schlenkerst,schlenkert,schlenkerte,geschlenkert,schlenkerte,schlenker,schlenkert,haben,zu schlenkern
promenieren,promeniere,promenierst,promeniert,promenierte,promeniert,promenierte,promenier,promeniert,haben,zu promenieren
dürsten,dürste,dürstest,dürstet,dürstete,gedürstet,dürstete,dürst,dürstet,haben,zu dürsten
fermentieren,fermentiere,fermentierst,fermentiert,fermentierte,fermentiert,fermentierte,fermentier,fermentiert,haben,zu fermentieren
siegeln,siegele,siegelst,siegelt,siegelte,gesiegelt,siegelte,siegel,siegelt,haben,zu siegeln
spachteln,spachtel,spachtelst,spachtelt,spachtelte,gespachtelt,spachtelte,spachtel,spachtelt,haben,zu spachteln
speicheln,speichel,speichelst,speichelt,speichelte,gespeichelt,speichelte,speichel,speichelt,haben,zu speicheln
trainieren,trainiere,trainierst,trainiert,trainierte,trainiert,trainierte,trainier,trainiert,haben,zu trainieren
spulen,spule,spulst,spult,spulte,gespult,spulte,spul,spult,haben,zu spulen
schriftstellern,schriftstellere,schriftstellerst,schriftstellert,schriftstellerte,geschriftstellert,schriftstellerte,schriftsteller,schriftstellert,haben,zu schriftstellern
spötteln,spöttele,spöttelst,spöttelt,spöttelte,gespöttelt,spöttelte,spöttel,spöttelt,haben,zu spötteln
schachteln,schachtle,schachtelst,schachtelt,schachtelte,geschachtelt,schachtelte,schachtle,schachtelt,haben,zu schachteln
einschachteln,schachtle ein,schachtelst ein,schachtelt ein,schachtelte ein,eingeschachtelt,schachtelte ein,schachtle ein,schachtelt ein,haben,einzuschachteln
skaten,skate,skatest,skatet,skatete,geskatet,skatete,skate,skatet,haben,zu skaten
ineinanderschachteln,schachtle ineinander,schachtelst ineinander,schachtelt ineinander,schachtelte ineinander,ineinandergeschachtelt,schachtelte ineinander,schachtle ineinander,schachtelt ineinander,haben,ineinanderzuschachteln
sprayen,spraye,sprayst,sprayt,sprayte,gesprayt,sprayte,spray,sprayt,haben,zu sprayen
säuern,säuere,säuerst,säuert,säuerte,gesäuert,säuerte,säuer,säuert,haben,zu säuern
schnäbeln,schnäbele,schnäbelst,schnäbelt,schnäbelte,geschnäbelt,schnäbelte,schnäbel,schnäbelt,haben,zu schnäbeln
schnackeln,schnackele,schnackelst,schnackelt,schnackelte,geschnackelt,schnackelte,schnackel,schnackelt,haben,zu schnackeln
schrämen,schräme,schrämst,schrämt,schrämte,geschrämt,schrämte,schräm,schrämt,haben,zu schrämen
spornen,sporne,spornst,spornt,spornte,gespornt,spornte,sporn,spornt,haben,zu spornen
staksen,stakse,stakst,stakst,stakste,gestakst,stakste,staks,stakst,sein,zu staksen
stöpseln,stöpsele,stöpselst,stöpselt,stöpselte,gestöpselt,stöpselte,stöpsel,stöpselt,haben,zu stöpseln
ekeln,ekle,ekelst,ekelt,ekelte,geekelt,ekelte,ekle,ekelt,haben,zu ekeln
stäuben,stäube,stäubst,stäubt,stäubte,gestäubt,stäubte,stäub,stäubt,haben,zu stäuben
stäupen,stäupe,stäupst,stäupt,stäupte,gestäupt,stäupte,stäup,stäupt,haben,zu stäupen
stoppeln,stoppel,stoppelst,stoppelt,stoppelte,gestoppelt,stoppelte,stoppel,stoppelt,haben,zu stoppeln
stückeln,stückele,stückelst,stückelt,stückelte,gestückelt,stückelte,stückel,stückelt,haben,zu stückeln
portionieren,portioniere,portionierst,portioniert,portionierte,portioniert,portionierte,portionier,portioniert,haben,zu portionieren
täfeln,täfele,täfelst,täfelt,täfelte,getäfelt,täfelte,täfel,täfelt,haben,zu täfeln
paneelieren,paneeliere,paneelierst,paneeliert,paneelierte,paneeliert,paneelierte,paneelier,paneeliert,haben,zu paneelieren
tarieren,tariere,tarierst,tariert,tarierte,tariert,tarierte,tarier,tariert,haben,zu tarieren
paketieren,paketiere,paketierst,paketiert,paketierte,paketiert,paketierte,paketier,paketiert,haben,zu paketieren
taillieren,tailliere,taillierst,tailliert,taillierte,tailliert,taillierte,taillier,tailliert,haben,zu taillieren
tournieren,tourniere,tournierst,tourniert,tournierte,tourniert,tournierte,tournier,tourniert,haben,zu tournieren
tattern,tattere,tatterst,tattert,tatterte,getattert,tatterte,tatter,tattert,haben,zu tattern
tippeln,tippele,tippelst,tippelt,tippelte,getippelt,tippelte,tippel,tippelt,sein,zu tippeln
trompeten,trompete,trompetest,trompetet,trompetete,trompetet,trompetete,trompet,trompetet,haben,zu trompeten
ribbeln,ribbele,ribbelst,ribbelt,ribbelte,geribbelt,ribbelte,ribbel,ribbelt,haben,zu ribbeln
nibbeln,nibbele,nibbelst,nibbelt,nibbelte,genibbelt,nibbelte,nibbel,nibbelt,haben,zu nibbeln
patschen,patsche,patschst,patscht,patschte,gepatscht,patschte,patsch,patscht,haben,zu patschen
platschen,platsche,platschst,platscht,platschte,geplatscht,platschte,platsch,platscht,haben,zu platschen
übrighaben,habe übrig,hast übrig,hat übrig,hatte übrig,übriggehabt,hätte übrig,hab übrig,habt übrig,haben,zu übrighaben
knuspern,knuspere,knusperst,knuspert,knusperte,geknuspert,knusperte,knusper,knuspert,haben,zu knuspern
tüpfeln,tüpfele,tüpfelst,tüpfelt,tüpfelte,getüpfelt,tüpfelte,tüpfel,tüpfelt,haben,zu tüpfeln
rupfen,rupfe,rupfst,rupft,rupfte,gerupft,rupfte,rupf,rupft,haben,zu rupfen
süffeln,süffle,süffelst,süffelt,süffelte,gesüffelt,süffelte,süffel,süffelt,haben,zu süffeln
tunken,tunke,tunkst,tunkt,tunkte,getunkt,tunkte,tunk,tunkt,haben,zu tunken
trutzen,trutze,trutzt,trutzt,trutzte,getrutzt,trutzte,trutz,trutzt,haben,zu trutzen
tuten,tute,tutest,tutet,tutete,getutet,tutete,tut,tutet,haben,zu tuten
tuschen,tusche,tuschst,tuscht,tuschte,getuscht,tuschte,tusch,tuscht,haben,zu tuschen
vespern,vespere,vesperst,vespert,vesperte,gevespert,vesperte,vesper,vespert,haben,zu vespern
visieren,visiere,visierst,visiert,visierte,visiert,visierte,visier,visiert,haben,zu visieren
visitieren,visitiere,visitierst,visitiert,visitierte,visitiert,visitierte,visitier,visitiert,haben,zu visitieren
wiegeln,wiegele,wiegelst,wiegelt,wiegelte,gewiegelt,wiegelte,wiegel,wiegelt,haben,zu wiegeln
winseln,winsele,winselst,winselt,winselte,gewinselt,winselte,winsel,winselt,haben,zu winseln
wurzeln,wurzele,wurzelst,wurzelt,wurzelte,gewurzelt,wurzelte,wurzel,wurzelt,haben,zu wurzeln
wuscheln,wuschele,wuschelst,wuschelt,wuschelte,gewuschelt,wuschelte,wuschel,wuschelt,haben,zu wuscheln
wellen,welle,wellst,wellt,wellte,gewellt,wellte,well,wellt,haben,zu wellen
kringeln,kringele,kringelst,kringelt,kringelte,gekringelt,kringelte,kringel,kringelt,haben,zu kringeln
ringeln,ringele,ringelst,ringelt,ringelte,geringelt,ringelte,ringel,ringelt,haben,zu ringeln
krausen,krause,kraust,kraust,krauste,gekraust,krauste,kraus,kraust,haben,zu krausen
furchen,furche,furchst,furcht,furchte,gefurcht,furchte,furch,furcht,haben,zu furchen
fruchten,fruchte,fruchtest,fruchtet,fruchtete,gefruchtet,fruchtete,fruchte,fruchtet,haben,zu fruchten
winkeln,winkle,winkelst,winkelt,winkelte,gewinkelt,winkelte,winkel,winkelt,haben,zu winkeln
zausen,zause,zaust,zaust,zauste,gezaust,zauste,zaus,zaust,haben,zu zausen
strubbeln,strubbele,strubbelst,strubbelt,strubbelte,gestrubbelt,strubbelte,strubbel,strubbelt,haben,zu strubbeln
zieren,ziere,zierst,ziert,zierte,geziert,zierte,zier,ziert,haben,zu zieren
zirkeln,zirkle,zirkelst,zirkelt,zirkelte,gezirkelt,zirkelte,zirkel,zirkelt,haben,zu zirkeln
zoomen,zoome,zoomst,zoomt,zoomte,gezoomt,zoomte,zoom,zoomt,haben,zu zoomen
voltigieren,voltigiere,voltigierst,voltigiert,voltigierte,voltigiert,voltigierte,voltigier,voltigiert,haben,zu voltigieren
spionieren,spioniere,spionierst,spioniert,spionierte,spioniert,spionierte,spionier,spioniert,haben,zu spionieren
rümpfen,rümpfe,rümpfst,rümpft,rümpfte,gerümpft,rümpfte,rümpf,rümpft,haben,zu rümpfen
rucken,rucke,ruckst,ruckt,ruckte,geruckt,ruckte,ruck,ruckt,haben,zu rucken
riegeln,riegele,riegelst,riegelt,riegelte,geriegelt,riegelte,riegel,riegelt,haben,zu riegeln
waterboarden,waterboarde,waterboardest,waterboardet,waterboardete,gewaterboardet,waterboardete,waterboarde,waterboardet,haben,zu waterboarden
reuen,—,—,reut,reute,gereut,reute,—,—,haben,zu reuen
heuen,heue,heust,heut,heute,geheut,heute,heu,heut,haben,zu heuen
reihen,reihe,reihst,reiht,reihte,gereiht,reihte,reih,reiht,haben,zu reihen
räubern,räubere,räuberst,räubert,räuberte,geräubert,räuberte,räuber,räubert,haben,zu räubern
verschulen,verschule,verschulst,verschult,verschulte,verschult,verschulte,verschul,verschult,haben,zu verschulen
rastern,rastere,rasterst,rastert,rasterte,gerastert,rasterte,raster,rastert,haben,zu rastern
einparken,parke ein,parkst ein,parkt ein,parkte ein,eingeparkt,parkte ein,park ein,parkt ein,haben,einzuparken
rahmen,rahme,rahmst,rahmt,rahmte,gerahmt,rahmte,rahm,rahmt,haben,zu rahmen
rädern,rädere,räderst,rädert,räderte,gerädert,räderte,räder,rädert,haben,zu rädern
pulvern,pulvere,pulverst,pulvert,pulverte,gepulvert,pulverte,pulver,pulvert,haben,zu pulvern
pulsen,pulse,pulst,pulst,pulste,gepulst,pulste,puls,pulst,haben,zu pulsen
takten,takte,taktest,taktet,taktete,getaktet,taktete,takte,taktet,haben,zu takten
prunken,prunke,prunkst,prunkt,prunkte,geprunkt,prunkte,prunk,prunkt,haben,zu prunken
prosten,proste,prostest,prostet,prostete,geprostet,prostete,prost,prostet,haben,zu prosten
posen,pose,post,post,poste,gepost,poste,pose,post,haben,zu posen
polstern,polstere,polsterst,polstert,polsterte,gepolstert,polsterte,polster,polstert,haben,zu polstern
pirschen,pirsche,pirschst,pirscht,pirschte,gepirscht,pirschte,pirsch,pirscht,haben,zu pirschen
pieschern,piescher,piescherst,pieschert,piescherte,gepieschert,piescherte,piescher,pieschert,haben,zu pieschern
segelfliegen,—,—,—,—,segelgeflogen,—,—,—,sein,segelfzuliegen
neppen,neppe,neppst,neppt,neppte,geneppt,neppte,nepp,neppt,haben,zu neppen
narren,narre,narrst,narrt,narrte,genarrt,narrte,narr,narrt,haben,zu narren
nähren,nähre,nährst,nährt,nährte,genährt,nährte,nähr,nährt,haben,zu nähren
münzen,münze,münzt,münzt,münzte,gemünzt,münzte,münz,münzt,haben,zu münzen
munden,—,—,mundet,mundete,gemundet,mundete,—,—,haben,zu munden
mummeln,mummel,mummelst,mummelt,mummelte,gemummelt,mummelte,mummel,mummelt,haben,zu mummeln
mühen,mühe,mühst,müht,mühte,gemüht,mühte,müh,müht,haben,zu mühen
mucksen,muckse,muckst,muckst,muckste,gemuckst,muckste,mucks,muckst,haben,zu mucksen
drucksen,druckse,druckst,druckst,druckste,gedruckst,druckste,drucks,druckst,haben,zu drucksen
moppen,moppe,moppst,moppt,moppte,gemoppt,moppte,mopp,moppt,haben,zu moppen
feudeln,feudele,feudelst,feudelt,feudelte,gefeudelt,feudelte,feudel,feudelt,haben,zu feudeln
makeln,makele,makelst,makelt,makelte,gemakelt,makelte,makel,makelt,haben,zu makeln
hakeln,hakle,hakelst,hakelt,hakelte,gehakelt,hakelte,hakel,hakelt,haben,zu hakeln
modeln,modele,modelst,modelt,modelte,gemodelt,modelte,model,modelt,haben,zu modeln
lüpfen,lüpfe,lüpfst,lüpft,lüpfte,gelüpft,lüpfte,lüpf,lüpft,haben,zu lüpfen
lotsen,lotse,lotst,lotst,lotste,gelotst,lotste,lots,lotst,haben,zu lotsen
loten,lote,lotest,lotet,lotete,gelotet,lotete,lot,lotet,haben,zu loten
lindern,lindere,linderst,lindert,linderte,gelindert,linderte,linder,lindert,haben,zu lindern
leiern,leiere,leierst,leiert,leierte,geleiert,leierte,leier,leiert,haben,zu leiern
laugen,lauge,laugst,laugt,laugte,gelaugt,laugte,laug,laugt,haben,zu laugen
kurven,kurve,kurvst,kurvt,kurvte,gekurvt,kurvte,kurv,kurvt,sein,zu kurven
künden,künde,kündest,kündet,kündete,gekündet,kündete,künde,kündet,haben,zu künden
kümmeln,kümmele,kümmelst,kümmelt,kümmelte,gekümmelt,kümmelte,kümmel,kümmelt,haben,zu kümmeln
krümeln,krümele,krümelst,krümelt,krümelte,gekrümelt,krümelte,krümel,krümelt,haben,zu krümeln
kugeln,kugele,kugelst,kugelt,kugelte,gekugelt,kugelte,kugel,kugelt,haben,zu kugeln
kraulen,kraule,kraulst,krault,kraulte,gekrault,kraulte,kraul,krault,haben,zu kraulen
kränzen,kränze,kränzt,kränzt,kränzte,gekränzt,kränzte,kränz,kränzt,haben,zu kränzen
krampfen,krampfe,krampfst,krampft,krampfte,gekrampft,krampfte,krampf,krampft,haben,zu krampfen
kontakten,kontakte,kontaktest,kontaktet,kontaktete,kontaktet,kontaktete,kontakte,kontaktet,haben,zu kontakten
kohlen,kohle,kohlst,kohlt,kohlte,gekohlt,kohlte,kohl,kohlt,haben,zu kohlen
überflügeln,überflügele,überflügelst,überflügelt,überflügelte,überflügelt,überflügelte,überflügel,überflügelt,haben,zu überflügeln
knicksen,knickse,knickst,knickst,knickste,geknickst,knickste,knicks,knickst,haben,zu knicksen
knickern,knickere,knickerst,knickert,knickerte,geknickert,knickerte,knicker,knickert,haben,zu knickern
knäueln,knäuele,knäuelst,knäuelt,knäuelte,geknäuelt,knäuelte,knäuel,knäuelt,haben,zu knäueln
klöppeln,klöppele,klöppelst,klöppelt,klöppelte,geklöppelt,klöppelte,klöppel,klöppelt,haben,zu klöppeln
kloppen,kloppe,kloppst,kloppt,kloppte,gekloppt,kloppte,klopp,kloppt,haben,zu kloppen
knäulen,knäule,knäulst,knäult,knäulte,geknäult,knäulte,knäul,knäult,haben,zu knäulen
klimmen,klimme,klimmst,klimmt,klomm,geklommen,klömme,klimm,klimmt,sein,zu klimmen
kleistern,kleistere,kleisterst,kleistert,kleisterte,gekleistert,kleisterte,kleister,kleistert,haben,zu kleistern
kippeln,kippel,kippelst,kippelt,kippelte,gekippelt,kippelte,kippel,kippelt,haben,zu kippeln
keilen,keile,keilst,keilt,keilte,gekeilt,keilte,keil,keilt,haben,zu keilen
ketzern,ketzere,ketzerst,ketzert,ketzerte,geketzert,ketzerte,ketzer,ketzert,haben,zu ketzern
kalken,kalke,kalkst,kalkt,kalkte,gekalkt,kalkte,kalk,kalkt,haben,zu kalken
kälken,kälke,kälkst,kälkt,kälkte,gekälkt,kälkte,kälk,kälkt,haben,zu kälken
saven,save,savst,savt,savte,gesavt,savte,save,savt,haben,zu saven
kübeln,kübele,kübelst,kübelt,kübelte,gekübelt,kübelte,kübel,kübelt,haben,zu kübeln
korken,korke,korkst,korkt,korkte,gekorkt,korkte,kork,korkt,haben,zu korken
knorren,knorre,knorrst,knorrt,knorrte,geknorrt,knorrte,knorr,knorrt,haben,zu knorren
jetten,jette,jettest,jettet,jettete,gejettet,jettete,jett,jettet,sein,zu jetten
ketten,kette,kettest,kettet,kettete,gekettet,kettete,kett,kettet,haben,zu ketten
innovieren,innoviere,innovierst,innoviert,innovierte,innoviert,innovierte,innovier,innoviert,haben,zu innovieren
forwarden,forwarde,forwardest,forwardet,forwardete,geforwardet,forwardete,forwarde,forwardet,haben,zu forwarden
talken,talke,talkst,talkt,talkte,getalkt,talkte,talk,talkt,haben,zu talken
jumpen,jumpe,jumpst,jumpt,jumpte,gejumpt,jumpte,jump,jumpt,sein,zu jumpen
hopsen,hopse,hopst,hopst,hopste,gehopst,hopste,hops,hopst,sein,zu hopsen
flottkommen,komme flott,kommst flott,kommt flott,kam flott,flottgekommen,käme flott,komm flott,kommt flott,sein,flottzukommen
recykeln,recykele,recykelst,recykelt,recykelte,recykelt,recykelte,recykele,recykelt,haben,zu recykeln
recyclieren,recycliere,recyclierst,recycliert,recyclierte,recycliert,recyclierte,recycliere,recycliert,haben,zu recyclieren
recyklieren,recykliere,recyklierst,recykliert,recyklierte,recykliert,recyklierte,recyklier,recykliert,haben,zu recyklieren
jammen,jamme,jammst,jammt,jammte,gejammt,jammte,jamm,jammt,haben,zu jammen
daten,date,datest,datet,datete,gedatet,datete,date,datet,haben,zu daten
transplantieren,transplantiere,transplantierst,transplantiert,transplantierte,transplantiert,transplantierte,transplantier,transplantiert,haben,zu transplantieren
entledigen,entledige,entledigst,entledigt,entledigte,entledigt,entledigte,entledig,entledigt,haben,zu entledigen
promoten,promote,promotest,promotet,promotete,promotet,promotete,promot,promotet,haben,zu promoten
reviewen,reviewe,reviewst,reviewt,reviewte,gereviewt,reviewte,review,reviewt,haben,zu reviewen
layouten,layoute,layoutest,layoutet,layoutete,gelayoutet,layoutete,layoute,layoutet,haben,zu layouten
tunen,tune,tunst,tunt,tunte,getunt,tunte,tun,tunt,haben,zu tunen
brainstormen,brainstorme,brainstormst,brainstormt,brainstormte,gebrainstormt,brainstormte,brainstorm,brainstormt,haben,zu brainstormen
matchen,matche,matchst,matcht,matchte,gematcht,matchte,matche,matcht,haben,zu matchen
sampeln,sampele,sampelst,sampelt,sampelte,gesampelt,sampelte,sampel,sampelt,haben,zu sampeln
samplen,sample,samplst,samplt,samplte,gesamplet,samplte,sample,samplt,haben,zu samplen
clicken,clicke,clickst,clickt,clickte,geclickt,clickte,click,clickt,haben,zu clicken
fighten,fighte,fightest,fightet,fightete,gefightet,fightete,fighte,fightet,haben,zu fighten
raffinieren,raffiniere,raffinierst,raffiniert,raffinierte,raffiniert,raffinierte,raffinier,raffiniert,haben,zu raffinieren
erliegen,erliege,erliegst,erliegt,erlag,erlegen,erläge,erlieg,erliegt,sein,zu erliegen
hutzeln,hutzele,hutzelst,hutzelt,hutzelte,gehutzelt,hutzelte,hutzel,hutzelt,sein,zu hutzeln
hüsteln,hüstele,hüstelst,hüstelt,hüstelte,gehüstelt,hüstelte,hüstel,hüstelt,haben,zu hüsteln
künsteln,künstele,künstelst,künstelt,künstelte,gekünstelt,künstelte,künstel,künstelt,haben,zu künsteln
hökern,hökere,hökerst,hökert,hökerte,gehökert,hökerte,höker,hökert,haben,zu hökern
höken,höke,hökst,hökt,hökte,gehökt,hökte,hök,hökt,haben,zu höken
hexen,hexe,hext,hext,hexte,gehext,hexte,hex,hext,haben,zu hexen
heuern,heuere,heuerst,heuert,heuerte,geheuert,heuerte,heuer,heuert,haben,zu heuern
klumpen,—,—,klumpt,klumpte,geklumpt,klumpte,—,—,haben,zu klumpen
härmen,härme,härmst,härmt,härmte,gehärmt,härmte,härm,härmt,haben,zu härmen
hangeln,hangele,hangelst,hangelt,hangelte,gehangelt,hangelte,hangel,hangelt,haben,zu hangeln
gründeln,gründele,gründelst,gründelt,gründelte,gegründelt,gründelte,gründel,gründelt,haben,zu gründeln
grasen,grase,grast,grast,graste,gegrast,graste,gras,grast,haben,zu grasen
gewichten,gewichte,gewichtest,gewichtet,gewichtete,gewichtet,gewichtete,gewicht,gewichtet,haben,zu gewichten
wichten,wichte,wichtest,wichtet,wichtete,gewichtet,wichtete,wicht,wichtet,haben,zu wichten
gelieren,geliere,gelierst,geliert,gelierte,geliert,gelierte,gelier,geliert,haben,zu gelieren
geistern,geistere,geisterst,geistert,geisterte,gegeistert,geisterte,geister,geistert,haben,zu geistern
frömmeln,frömmele,frömmelst,frömmelt,frömmelte,gefrömmelt,frömmelte,frömmel,frömmelt,haben,zu frömmeln
flaggen,flagge,flaggst,flaggt,flaggte,geflaggt,flaggte,flagg,flaggt,haben,zu flaggen
flippern,flippere,flipperst,flippert,flipperte,geflippert,flipperte,flippere,flippert,haben,zu flippern
tilten,tilte,tiltest,tilt,tiltete,getiltet,tiltete,tilte,tilt,haben,zu tilten
tillen,tille,tillst,tillt,tillte,getillt,tillte,till,tillt,sein,zu tillen
flammen,flamme,flammst,flammt,flammte,geflammt,flammte,flamm,flammt,haben,zu flammen
flämmen,flämme,flämmst,flämmt,flämmte,geflämmt,flämmte,flämm,flämmt,haben,zu flämmen
fiedeln,fiedele,fiedelst,fiedelt,fiedelte,gefiedelt,fiedelte,fiedel,fiedelt,haben,zu fiedeln
bratschen,bratsche,bratschst,bratscht,bratschte,gebratscht,bratschte,bratsch,bratscht,haben,zu bratschen
klampfen,klampfe,klampfst,klampft,klampfte,geklampft,klampfte,klampf,klampft,haben,zu klampfen
klavieren,klaviere,klavierst,klaviert,klavierte,klaviert,klavierte,klavier,klaviert,haben,zu klavieren
androhen,drohe an,drohst an,droht an,drohte an,angedroht,drohte an,droh an,droht an,haben,anzudrohen
hörnen,hörne,hörnst,hörnt,hörnte,gehörnt,hörnte,hörn,hörnt,haben,zu hörnen
entsenden,entsende,entsendest,entsendet,entsendete,entsendet,entsendete,entsende,entsendet,haben,zu entsenden
glucken,glucke,gluckst,gluckt,gluckte,gegluckt,gluckte,gluck,gluckt,haben,zu glucken
gackeln,gackele,gackelst,gackelt,gackelte,gegackelt,gackelte,gackel,gackelt,haben,zu gackeln
gacksen,gackse,gackst,gackst,gackste,gegackst,gackste,gacks,gackst,haben,zu gacksen
gicksen,gickse,gickst,gickst,gickste,gegickst,gickste,gicks,gickst,haben,zu gicksen
giksen,gikse,gikst,gikst,gikste,gegikst,gikste,giks,gikst,haben,zu giksen
fackeln,fackele,fackelst,fackelt,fackelte,gefackelt,fackelte,fackel,fackelt,haben,zu fackeln
fiebern,fiebere,fieberst,fiebert,fieberte,gefiebert,fieberte,fieber,fiebert,haben,zu fiebern
hippeln,hippele,hippelst,hippelt,hippelte,gehippelt,hippelte,hippel,hippelt,haben,zu hippeln
hibbeln,hibbele,hibbelst,hibbelt,hibbelte,gehibbelt,hibbelte,hibbel,hibbelt,haben,zu hibbeln
federn,federe,federst,federt,federte,gefedert,federte,feder,federt,haben,zu federn
fiedern,fiedere,fiederst,fiedert,fiederte,gefiedert,fiederte,fieder,fiedert,haben,zu fiedern
fälteln,fältele,fältelst,fältelt,fältelte,gefältelt,fältelte,fältel,fältelt,haben,zu fälteln
fächeln,fächele,fächelst,fächelt,fächelte,gefächelt,fächelte,fächel,fächelt,haben,zu fächeln
fächern,fächere,fächerst,fächert,fächerte,gefächert,fächerte,fächer,fächert,haben,zu fächern
fachsimpeln,fachsimpele,fachsimpelst,fachsimpelt,fachsimpelte,gefachsimpelt,fachsimpelte,fachsimpel,fachsimpelt,haben,zu fachsimpeln
erden,erde,erdest,erdet,erdete,geerdet,erdete,erde,erdet,haben,zu erden
eifern,eifere,eiferst,eifert,eiferte,geeifert,eiferte,eifer,eifert,haben,zu eifern
pikieren,pikiere,pikierst,pikiert,pikierte,pikiert,pikierte,pikier,pikiert,haben,zu pikieren
eggen,egge,eggst,eggt,eggte,geeggt,eggte,egg,eggt,haben,zu eggen
instand setzen,setze instand,setzt instand,setzt instand,setzte instand,instandgesetzt,setzte instand,setz instand,setzt instand,haben,zu instand setzen
duseln,dusele,duselst,duselt,duselte,geduselt,duselte,dusel,duselt,haben,zu duseln
dröseln,drösele,dröselst,dröselt,dröselte,gedröselt,dröselte,drösel,dröselt,haben,zu dröseln
deuteln,deutele,deutelst,deutelt,deutelte,gedeutelt,deutelte,deutel,deutelt,haben,zu deuteln
unterwerfen,unterwerfe,unterwirfst,unterwirft,unterwarf,unterworfen,unterwürfe,unterwirf,unterwerft,haben,zu unterwerfen
bummern,bummere,bummerst,bummert,bummerte,gebummert,bummerte,bummer,bummert,haben,zu bummern
bubbern,bubbere,bubberst,bubbert,bubberte,gebubbert,bubberte,bubber,bubbert,haben,zu bubbern
pumpern,pumpere,pumperst,pumpert,pumperte,gepumpert,pumperte,pumper,pumpert,haben,zu pumpern
beeiden,beeiden,beeidest,beeidet,beeidete,beeidet,beeidete,beeide,beeidet,haben,zu beeiden
willkommen heißen,heiße willkommen,heißt willkommen,heißt willkommen,hieß willkommen,willkommen geheißen,hieße willkommen,heiß willkommen,heißt willkommen,haben,zu willkommen heißen
bewillkommnen,bewillkommne,bewillkommnest,bewillkommnet,bewillkommnete,bewillkommnet,bewillkommnete,bewillkommne,bewillkommnet,haben,zu bewillkommnen
buckeln,buckele,buckelst,buckelt,buckelte,gebuckelt,buckelte,buckel,buckelt,haben,zu buckeln
dienern,dienere,dienerst,dienert,dienerte,gedienert,dienerte,diener,dienert,haben,zu dienern
broschieren,broschiere,broschierst,broschiert,broschierte,broschiert,broschierte,broschier,broschiert,haben,zu broschieren
brodieren,brodiere,brodierst,brodiert,brodierte,brodiert,brodierte,brodier,brodiert,haben,zu brodieren
bauschen,bausche,bauschst,bauscht,bauschte,gebauscht,bauschte,bausch,bauscht,haben,zu bauschen
bändern,bändere,bänderst,bändert,bänderte,gebändert,bänderte,bänder,bändert,haben,zu bändern
bammeln,bammele,bammelst,bammelt,bammelte,gebammelt,bammelte,bammel,bammelt,haben,zu bammeln
einkellern,kellere ein,kellerst ein,kellert ein,kellerte ein,eingekellert,kellerte ein,keller ein,kellert ein,haben,einzukellern
älteln,ältele,ältelst,ältelt,ältelte,geältelt,ältelte,ältel,ältelt,sein,zu älteln
altertümeln,altertümele,altertümelst,altertümelt,altertümelte,gealtertümelt,altertümelte,altertümel,altertümelt,haben,zu altertümeln
alternieren,alterniere,alternierst,alterniert,alternierte,alterniert,alternierte,alternier,alterniert,haben,zu alternieren
alliterieren,alliteriere,alliterierst,alliteriert,alliterierte,alliteriert,alliterierte,alliterier,alliteriert,haben,zu alliterieren
archaisieren,archaisiere,archaisierst,archaisiert,archaisierte,archaisiert,archaisierte,archaisier,archaisiert,haben,zu archaisieren
altmachen,mache alt,machst alt,macht alt,machte alt,altgemacht,machte alt,mach alt,macht alt,haben,altzumachen
apern,—,—,apert,aperte,geapert,aperte,—,—,haben,zu apern
arten,arte,artest,artet,artete,geartet,artete,art,artet,haben,zu arten
spedieren,spediere,spedierst,spediert,spedierte,spediert,spedierte,spedier,spediert,haben,zu spedieren
asten,aste,astest,astet,astete,geastet,astete,ast,astet,haben,zu asten
äthern,äthere,ätherst,äthert,ätherte,geäthert,ätherte,äther,äthert,haben,zu äthern
ätherisieren,ätherisiere,ätherisierst,ätherisiert,ätherisierte,ätherisiert,ätherisierte,ätherisier,ätherisiert,haben,zu ätherisieren
anästhetisieren,anästhetisiere,anästhetisierst,anästhetisiert,anästhetisierte,anästhetisiert,anästhetisierte,anästhetisiere,anästhetisiert,haben,anzuästhetisieren
chloroformieren,chloroformiere,chloroformierst,chloroformiert,chloroformierte,chloroformiert,chloroformierte,chloroformier,chloroformiert,haben,zu chloroformieren
armmachen,mache arm,machst arm,macht arm,machte arm,armgemacht,machte arm,mach arm,macht arm,haben,armzumachen
äugen,äuge,äugst,äugt,äugte,geäugt,äugte,äug,äugt,haben,zu äugen
äugeln,äugele,äugelst,äugelt,äugelte,geäugelt,äugelte,äugel,äugelt,haben,zu äugeln
okulieren,okuliere,okulierst,okuliert,okulierte,okuliert,okulierte,okulier,okuliert,haben,zu okulieren
verdämmern,verdämmere,verdämmerst,verdämmert,verdämmerte,verdämmert,verdämmerte,verdämmer,verdämmert,haben,zu verdämmern
hinwirken,wirke hin,wirkst hin,wirkt hin,wirkte hin,hingewirkt,wirkte hin,wirk hin,wirkt hin,haben,hinzuwirken
blinkern,blinkere,blinkerst,blinkert,blinkerte,geblinkert,blinkerte,blinker,blinkert,haben,zu blinkern
plinkern,plinkern,plinkerst,plinkert,plinkerte,geplinkert,plinkerte,plinker,plinkert,haben,zu plinkern
proportionieren,proportioniere,proportionierst,proportioniert,proportionierte,proportioniert,proportionierte,proportionier,proportioniert,haben,zu proportionieren
einreisen,reise ein,reist ein,reist ein,reiste ein,eingereist,reiste ein,reis ein,reist ein,sein,einzureisen
ausreisen,reise aus,reist aus,reist aus,reiste aus,ausgereist,reiste aus,reis aus,reist aus,sein,auszureisen
fortdauern,dauere fort,dauerst fort,dauert fort,dauerte fort,fortgedauert,dauerte fort,dauere fort,dauert fort,haben,fortzudauern
zustehen,stehe zu,stehst zu,steht zu,stand zu,zugestanden,stünde zu,stehe zu,steht zu,haben,zuzustehen
zuweisen,weise zu,weist zu,weist zu,wies zu,zugewiesen,wiese zu,weis zu,weist zu,haben,zuzuweisen
vorliegen,—,—,liegt vor,lag vor,vorgelegen,läge vor,—,—,haben,vorzuliegen
betonnen,betonne,betonnst,betonnt,betonnte,betonnt,betonnte,betonn,betonnt,haben,zu betonnen
betasten,betaste,betastest,betastet,betastete,betastet,betastete,betast,betastet,haben,zu betasten
antasten,taste an,tastest an,tastet an,tastete an,angetastet,tastete an,tast an,tastet an,haben,anzutasten
entideologisieren,entideologisiere,entideologisierst,entideologisiert,entideologisierte,entideologisiert,entideologisierte,entideologisier,entideologisiert,haben,zu entideologisieren
entindividualisieren,entindividualisiere,entindividualisierst,entindividualisiert,entindividualisierte,entindividualisiert,entindividualisierte,entindividualisier,entindividualisiert,haben,zu entindividualisieren
entkalken,entkalke,entkalkst,entkalkt,entkalkte,entkalkt,entkalkte,entkalk,entkalkt,haben,zu entkalken
entkoffeinieren,entkoffeiniere,entkoffeinierst,entkoffeiniert,entkoffeinierte,entkoffeiniert,entkoffeinierte,entkoffeinier,entkoffeiniert,haben,zu entkoffeinieren
entkolonialisieren,entkolonialisiere,entkolonialisierst,entkolonialisiert,entkolonialisierte,entkolonialisiert,entkolonialisierte,entkolonialisier,entkolonialisiert,haben,zu entkolonialisieren
entkolonisieren,entkolonisiere,entkolonisierst,entkolonisiert,entkolonisierte,entkolonisiert,entkolonisierte,entkolonisier,entkolonisiert,haben,zu entkolonisieren
dekolonisieren,dekolonisiere,dekolonisierst,dekolonisiert,dekolonisierte,dekolonisiert,dekolonisierte,dekolonisier,dekolonisiert,haben,zu dekolonisieren
angrabschen,grabsche an,grabscht an,grabscht an,grabschte an,angegrabscht,grabschte an,grabsch an,grabscht an,haben,anzugrabschen
begrabschen,begrabsche,begrabschst,begrabscht,begrabschte,begrabscht,begrabschte,begrabsch,begrabscht,haben,zu begrabschen
begrapschen,begrapsche,begrapschst,begrapscht,begrapschte,begrapscht,begrapschte,begrapsch,begrapscht,haben,zu begrapschen
befummeln,befummele,befummelst,befummelt,befummelte,befummelt,befummelte,befummel,befummelt,haben,zu befummeln
betatschen,betatsche,betatschst,betatscht,betatschte,betatscht,betatschte,betatsch,betatscht,haben,zu betatschen
beatmen,beatme,beatmest,beatmet,beatmete,beatmet,beatmete,beatme,beatmet,haben,zu beatmen
befrachten,befrachte,befrachtest,befrachtet,befrachtete,befrachtet,befrachtete,befracht,befrachtet,haben,zu befrachten
entkriminalisieren,entkriminalisiere,entkriminalisierst,entkriminalisiert,entkriminalisierte,entkriminalisiert,entkriminalisierte,entkriminalisier,entkriminalisiert,haben,zu entkriminalisieren
entlangblicken,blicke entlang,blickst entlang,blickt entlang,blickte entlang,entlanggeblickt,blickte entlang,blick entlang,blickt entlang,haben,zu entlangblicken
entlangfahren,fahre entlang,fährst entlang,fährt entlang,fuhr entlang,entlanggefahren,führe entlang,fahr entlang,fahrt entlang,sein,zu entlangfahren
reproduzieren,reproduziere,reproduzierst,reproduziert,reproduzierte,reproduziert,reproduzierte,reproduzier,reproduziert,haben,zu reproduzieren
überschlagen,überschlage,überschlägst,überschlägt,überschlug,überschlagen,überschlüge,überschlag,überschlagt,haben,überzuschlagen
entlangfliegen,fliege entlang,fliegst entlang,fliegt entlang,flog entlang,entlanggeflogen,flöge entlang,flieg entlang,fliegt entlang,sein,zu entlangfliegen
frachten,frachte,frachtest,frachtet,frachtete,gefrachtet,frachtete,fracht,frachtet,haben,zu frachten
begnaden,begnade,begnadest,begnadet,begnadete,begnadet,begnadete,begnad,begnadet,haben,zu begnaden
berauschen,berausche,berauschst,berauscht,berauschte,berauscht,berauschte,berausch,berauscht,haben,zu berauschen
sattsehen,sehe satt,siehst satt,sieht satt,sah satt,sattgesehen,sähe satt,sieh satt,seht satt,haben,sattzusehen
benebeln,benebel,benebelst,benebelt,benebelte,benebelt,benebelte,benebel,benebelt,haben,zu benebeln
gnaden,gnade,gnadest,gnadet,gnadete,gegnadet,gnadete,gnad,gnadet,haben,zu gnaden
bewölken,—,—,bewölkt,bewölkte,bewölkt,bewölkte,—,—,haben,zu bewölken
wölken,—,—,wölkt,wölkte,gewölkt,wölkte,—,—,haben,zu wölken
plattmachen,mache platt,machst platt,macht platt,machte platt,plattgemacht,machte platt,mach platt,macht platt,haben,plattzumachen
liquidieren,liquidiere,liquidierst,liquidiert,liquidierte,liquidiert,liquidierte,liquidier,liquidiert,haben,zu liquidieren
totschlagen,schlage tot,schlägst tot,schlägt tot,schlug tot,totgeschlagen,schlüge tot,schlag tot,schlagt tot,haben,totzuschlagen
planieren,planiere,planierst,planiert,planierte,planiert,planierte,planier,planiert,haben,zu planieren
bezwecken,bezwecke,bezweckst,bezweckt,bezweckte,bezweckt,bezweckte,bezweck,bezweckt,haben,zu bezwecken
zwecken,zwecke,zweckst,zweckt,zweckte,gezweckt,zweckte,zweck,zweckt,haben,zu zwecken
bewirtschaften,bewirtschafte,bewirtschaftest,bewirtschaftet,bewirtschaftete,bewirtschaftet,bewirtschaftete,bewirtschaft,bewirtschaftet,haben,zu bewirtschaften
wirtschaften,wirtschafte,wirtschaftest,wirtschaftet,wirtschaftete,gewirtschaftet,wirtschaftete,wirtschaft,wirtschaftet,haben,zu wirtschaften
bezähmen,bezähme,bezähmst,bezähmt,bezähmte,bezähmt,bezähmte,bezähm,bezähmt,haben,zu bezähmen
bemänteln,bemäntele,bemäntelst,bemäntelt,bemäntelte,bemäntelt,bemäntelte,bemäntel,bemäntelt,haben,zu bemänteln
beeidigen,beeidige,beeidigst,beeidigt,beeidigte,beeidigt,beeidigte,beeidig,beeidigt,haben,zu beeidigen
beschenken,beschenke,beschenkst,beschenkt,beschenkte,beschenkt,beschenkte,beschenk,beschenkt,haben,zu beschenken
beendigen,beendige,beendigst,beendigt,beendigte,beendigt,beendigte,beendig,beendigt,haben,zu beendigen
beschwichtigen,beschwichtige,beschwichtigst,beschwichtigt,beschwichtigte,beschwichtigt,beschwichtigte,beschwichtig,beschwichtigt,haben,zu beschwichtigen
beschallen,beschalle,beschallst,beschallt,beschallte,beschallt,beschallte,beschall,beschallt,haben,zu beschallen
beengen,beenge,beengst,beengt,beengte,beengt,beengte,beeng,beengt,haben,zu beengen
beschranken,beschranke,beschrankst,beschrankt,beschrankte,beschrankt,beschrankte,beschrank,beschrankt,haben,zu beschranken
bespitzeln,bespitzele,bespitzelst,bespitzelt,bespitzelte,bespitzelt,bespitzelte,bespitzel,bespitzelt,haben,zu bespitzeln
spitzeln,spitzele,spitzelst,spitzelt,spitzelte,gespitzelt,spitzelte,spitzel,spitzelt,haben,zu spitzeln
bepflastern,bepflastere,bepflasterst,bepflastert,bepflasterte,bepflastert,bepflasterte,bepflaster,bepflastert,haben,zu bepflastern
bekleben,beklebe,beklebst,beklebt,beklebte,beklebt,beklebte,bekleb,beklebt,haben,zu bekleben
beharken,beharke,beharkst,beharkt,beharkte,beharkt,beharkte,behark,beharkt,haben,zu beharken
beschießen,beschieße,beschießt,beschießt,beschoss,beschossen,beschösse,beschieß,beschießt,haben,zu beschießen
beschwatzen,beschwatze,beschwatzt,beschwatzt,beschwatzte,beschwatzt,beschwatzte,beschwatz,beschwatzt,haben,zu beschwatzen
entmüllen,entmülle,entmüllst,entmüllt,entmüllte,entmüllt,entmüllte,entmüll,entmüllt,haben,zu entmüllen
bomben,bombe,bombst,bombt,bombte,gebombt,bombte,bomb,bombt,haben,zu bomben
teilhaben,habe teil,hast teil,hat teil,hatte teil,teilgehabt,hätte teil,hab teil,habt teil,haben,zu teilhaben
offenstehen,stehe offen,stehst offen,steht offen,stand offen,offengestanden,stünde offen,steh offen,steht offen,haben,offenzustehen
betanken,betanke,betankst,betankt,betankte,betankt,betankte,betank,betankt,haben,zu betanken
begradigen,begradige,begradigst,begradigt,begradigte,begradigt,begradigte,begradig,begradigt,haben,zu begradigen
bestürmen,bestürme,bestürmst,bestürmt,bestürmte,bestürmt,bestürmte,bestürm,bestürmt,haben,zu bestürmen
beklauen,beklaue,beklaust,beklaut,beklaute,beklaut,beklaute,beklau,beklaut,haben,zu beklauen
ausräubern,räubere aus,räuberst aus,räubert aus,räuberte aus,ausgeräubert,räuberte aus,räuber aus,räubert aus,haben,auszuräubern
bestehlen,bestehle,bestiehlst,bestiehlt,bestahl,bestohlen,bestähle,bestiehl,bestehlt,haben,zu bestehlen
veruntreuen,veruntreue,veruntreust,veruntreut,veruntreute,veruntreut,veruntreute,veruntreu,veruntreut,haben,zu veruntreuen
leerräumen,räume leer,räumst leer,räumt leer,räumte leer,leergeräumt,räumte leer,räum leer,räumt leer,haben,leerzuräumen
besohlen,besohle,besohlst,besohlt,besohlte,besohlt,besohlte,besohl,besohlt,haben,zu besohlen
sohlen,sohle,sohlst,sohlt,sohlte,gesohlt,sohlte,sohl,sohlt,haben,zu sohlen
anschwindeln,schwindele an,schwindelst an,schwindelt an,schwindelte an,angeschwindelt,schwindelte an,schwindel an,schwindelt an,haben,anzuschwindeln
befehligen,befehlige,befehligst,befehligt,befehligte,befehligt,befehligte,befehlig,befehligt,haben,zu befehligen
revolutionieren,revolutioniere,revolutionierst,revolutioniert,revolutionierte,revolutioniert,revolutionierte,revolutionier,revolutioniert,haben,zu revolutionieren
besolden,besolde,besoldest,besoldet,besoldete,besoldet,besoldete,besold,besoldet,haben,zu besolden
beschichten,beschichte,beschichtest,beschichtet,beschichtete,beschichtet,beschichtete,beschicht,beschichtet,haben,zu beschichten
beseelen,beseele,beseelst,beseelt,beseelte,beseelt,beseelte,beseel,beseelt,haben,zu beseelen
bespielen,bespiele,bespielst,bespielt,bespielte,bespielt,bespielte,bespiel,bespielt,haben,zu bespielen
bestallen,bestalle,bestallst,bestallt,bestallte,bestallt,bestallte,bestall,bestallt,haben,zu bestallen
bessemern,bessemere,bessemerst,bessemert,bessemerte,gebessemert,bessemerte,bessemer,bessemert,haben,zu bessemern
hinknien,knie hin,kniest hin,kniet hin,kniete hin,hingekniet,kniete hin,knie hin,kniet hin,haben,hinzuknien
besteuern,besteuere,besteuerst,besteuert,besteuerte,besteuert,besteuerte,besteuer,besteuert,haben,zu besteuern
bestäuben,bestäube,bestäubst,bestäubt,bestäubte,bestäubt,bestäubte,bestäub,bestäubt,haben,zu bestäuben
befeuern,befeuere,befeuerst,befeuert,befeuerte,befeuert,befeuerte,befeuer,befeuert,haben,zu befeuern
bespritzen,bespritze,bespritzt,bespritzt,bespritzte,bespritzt,bespritzte,bespritz,bespritzt,haben,zu bespritzen
besprühen,besprühe,besprühst,besprüht,besprühte,besprüht,besprühte,besprüh,besprüht,haben,zu besprühen
bedampfen,bedampfe,bedampfst,bedampft,bedampfte,bedampft,bedampfte,bedampf,bedampft,haben,zu bedampfen
besprengen,besprenge,besprengst,besprengt,besprengte,besprengt,besprengte,bespreng,besprengt,haben,zu besprengen
berieseln,beriesele,berieselst,berieselt,berieselte,berieselt,berieselte,beriesel,berieselt,haben,zu berieseln
verpieseln,verpiesele,verpieselst,verpieselt,verpieselte,verpieselt,verpieselte,verpiesel,verpieselt,haben,zu verpieseln
besprenkeln,besprenkele,besprenkelst,besprenkelt,besprenkelte,besprenkelt,besprenkelte,besprenkel,besprenkelt,haben,zu besprenkeln
abtrocknen,trockne ab,trocknest ab,trocknet ab,trocknete ab,abgetrocknet,trocknete ab,trockne ab,trocknet ab,haben,abzutrocknen
benässen,benässe,benässt,benässt,benässte,benässt,benässte,benäss,benässt,haben,zu benässen
bemessen,bemesse,bemisst,bemisst,bemaß,bemessen,bemäße,bemiss,bemesst,haben,zu bemessen
bestürzen,bestürze,bestürzt,bestürzt,bestürzte,bestürzt,bestürzte,bestürz,bestürzt,haben,zu bestürzen
beurlauben,beurlaube,beurlaubst,beurlaubt,beurlaubte,beurlaubt,beurlaubte,beurlaub,beurlaubt,haben,zu beurlauben
beurkunden,beurkunde,beurkundest,beurkundet,beurkundete,beurkundet,beurkundete,beurkund,beurkundet,haben,zu beurkunden
urkunden,urkunde,urkundest,urkundet,urkundete,geurkundet,urkundete,urkund,urkundet,haben,zu urkunden
benagen,benage,benagst,benagt,benagte,benagt,benagte,benag,benagt,haben,zu benagen
besamen,besame,besamst,besamt,besamte,besamt,besamte,besam,besamt,haben,zu besamen
beglotzen,beglotze,beglotzt,beglotzt,beglotzte,beglotzt,beglotzte,beglotz,beglotzt,haben,zu beglotzen
bemächtigen,bemächtige,bemächtigst,bemächtigt,bemächtigte,bemächtigt,bemächtigte,bemächtig,bemächtigt,haben,zu bemächtigen
belobigen,belobige,belobigst,belobigt,belobigte,belobigt,belobigte,belobig,belobigt,haben,zu belobigen
beloben,belobe,belobst,belobt,belobte,belobt,belobte,belob,belobt,haben,zu beloben
bekunden,bekunde,bekundest,bekundet,bekundete,bekundet,bekundete,bekund,bekundet,haben,zu bekunden
bezeugen,bezeuge,bezeugst,bezeugt,bezeugte,bezeugt,bezeugte,bezeug,bezeugt,haben,zu bezeugen
ausparken,parke aus,parkst aus,parkt aus,parkte aus,ausgeparkt,parkte aus,park aus,parkt aus,haben,auszuparken
besserstellen,stelle besser,stellst besser,stellt besser,stellte besser,bessergestellt,stellte besser,stell besser,stellt besser,haben,zu besserstellen
privilegieren,privilegiere,privilegierst,privilegiert,privilegierte,privilegiert,privilegierte,privilegier,privilegiert,haben,zu privilegieren
zugestehen,gestehe zu,gestehst zu,gesteht zu,gestand zu,zugestanden,gestände zu,gesteh zu,gesteht zu,haben,zuzugestehen
bewandern,bewandere,bewanderst,bewandert,bewanderte,bewandert,bewanderte,bewander,bewandert,haben,zu bewandern
bevollmächtigen,bevollmächtige,bevollmächtigst,bevollmächtigt,bevollmächtigte,bevollmächtigt,bevollmächtigte,bevollmächtig,bevollmächtigt,haben,zu bevollmächtigen
belämmern,belämmere,belämmerst,belämmert,belämmerte,belämmert,belämmerte,belämmer,belämmert,haben,zu belämmern
beköstigen,beköstige,beköstigst,beköstigt,beköstigte,beköstigt,beköstigte,beköstig,beköstigt,haben,zu beköstigen
balbieren,balbiere,balbierst,balbiert,balbierte,balbiert,balbierte,balbier,balbiert,haben,zu balbieren
bekleckern,bekleckere,bekleckerst,bekleckert,bekleckerte,bekleckert,bekleckerte,beklecker,bekleckert,haben,zu bekleckern
beklecksen,bekleckse,bekleckst,bekleckst,bekleckste,bekleckst,bekleckste,beklecks,bekleckst,haben,zu beklecksen
beängstigen,beängstige,beängstigst,beängstigt,beängstigte,beängstigt,beängstigte,beängstig,beängstigt,haben,zu beängstigen
bedrucken,bedrucke,bedruckst,bedruckt,bedruckte,bedruckt,bedruckte,bedruck,bedruckt,haben,zu bedrucken
bekümmern,bekümmere,bekümmerst,bekümmert,bekümmerte,bekümmert,bekümmerte,bekümmer,bekümmert,haben,zu bekümmern
beerben,beerbe,beerbst,beerbt,beerbte,beerbt,beerbte,beerb,beerbt,haben,zu beerben
beheizen,beheize,beheizt,beheizt,beheizte,beheizt,beheizte,beheiz,beheizt,haben,zu beheizen
bereisen,bereise,bereist,bereist,bereiste,bereist,bereiste,bereis,bereist,haben,zu bereisen
beflaggen,beflagge,beflaggst,beflaggt,beflaggte,beflaggt,beflaggte,beflagg,beflaggt,haben,zu beflaggen
befehden,befehde,befehdest,befehdet,befehdete,befehdet,befehdete,befehd,befehdet,haben,zu befehden
befugen,befuge,befugst,befugt,befugte,befugt,befugte,befug,befugt,haben,zu befugen
beehren,beehre,beehrst,beehrt,beehrte,beehrt,beehrte,beehr,beehrt,haben,zu beehren
fabeln,fabele,fabelst,fabelt,fabelte,gefabelt,fabelte,fabel,fabelt,haben,zu fabeln
bekränzen,bekränze,bekränzt,bekränzt,bekränzte,bekränzt,bekränzte,bekränz,bekränzt,haben,zu bekränzen
belorbeeren,belorbeere,belorbeerst,belorbeert,belorbeerte,belorbeert,belorbeerte,belorbeer,belorbeert,haben,zu belorbeeren
betrauern,betrauere,betrauerst,betrauert,betrauerte,betrauert,betrauerte,betrauer,betrauert,haben,zu betrauern
belachen,belache,belachst,belacht,belachte,belacht,belachte,belach,belacht,haben,zu belachen
bespannen,bespanne,bespannst,bespannt,bespannte,bespannt,bespannte,bespann,bespannt,haben,zu bespannen
bemannen,bemanne,bemannst,bemannt,bemannte,bemannt,bemannte,bemann,bemannt,haben,zu bemannen
befeinden,befeinde,befeindest,befeindet,befeindete,befeindet,befeindete,befeind,befeindet,haben,zu befeinden
begütigen,begütige,begütigst,begütigt,begütigte,begütigt,begütigte,begütig,begütigt,haben,zu begütigen
zureden,rede zu,redest zu,redet zu,redete zu,zugeredet,redete zu,red zu,redet zu,haben,zuzureden
belaufen,belaufe,beläufst,beläuft,belief,belaufen,beliefe,belauf,belauft,haben,zu belaufen
besabbeln,besabbele,besabbelst,besabbelt,besabbelte,besabbelt,besabbelte,besabbel,besabbelt,haben,zu besabbeln
beschnacken,beschnacke,beschnackst,beschnackt,beschnackte,beschnackt,beschnackte,beschnack,beschnackt,haben,zu beschnacken
bekakeln,bekakele,bekakelst,bekakelt,bekakelte,bekakelt,bekakelte,bekakel,bekakelt,haben,zu bekakeln
kakeln,kakele,kakelst,kakelt,kakelte,gekakelt,kakelte,kakel,kakelt,haben,zu kakeln
weichkochen,koche weich,kochst weich,kocht weich,kochte weich,weichgekocht,kochte weich,koch weich,kocht weich,haben,weichzukochen
weichklopfen,klopfe weich,klopfst weich,klopft weich,klopfte weich,weichgeklopft,klopfte weich,klopf weich,klopft weich,haben,weichzuklopfen
bequatschen,bequatsche,bequatschst,bequatscht,bequatschte,bequatscht,bequatschte,bequatsch,bequatscht,haben,zu bequatschen
beschwipsen,beschwipse,beschwipst,beschwipst,beschwipste,beschwipst,beschwipste,beschwips,beschwipst,haben,zu beschwipsen
bezechen,bezeche,bezechst,bezecht,bezechte,bezecht,bezechte,bezech,bezecht,haben,zu bezechen
beduseln,bedusele,beduselst,beduselt,beduselte,beduselt,beduselte,bedusel,beduselt,haben,zu beduseln
bedudeln,bedudele,bedudelst,bedudelt,bedudelte,bedudelt,bedudelte,bedudel,bedudelt,haben,zu bedudeln
beschildern,beschildere,beschilderst,beschildert,beschilderte,beschildert,beschilderte,beschilder,beschildert,haben,zu beschildern
niederstrecken,strecke nieder,streckst nieder,streckt nieder,streckte nieder,niedergestreckt,streckte nieder,streck nieder,streckt nieder,haben,niederzustrecken
beeumeln,beeumele,beeumelst,beeumelt,beeumelte,beeumelt,beeumelte,beeumel,beeumelt,haben,zu beeumeln
beölen,beöle,beölst,beölt,beölte,beölt,beölte,beöl,beölt,haben,zu beölen
schieflachen,lache schief,lachst schief,lacht schief,lachte schief,schiefgelacht,lachte schief,lach schief,lacht schief,haben,schiefzulachen
eumeln,eumele,eumelst,eumelt,eumelte,geeumelt,eumelte,eumel,eumelt,haben,zu eumeln
totlachen,lache tot,lachst tot,lacht tot,lachte tot,totgelacht,lachte tot,lach tot,lacht tot,haben,totzulachen
bebrüten,bebrüte,bebrütest,bebrütet,bebrütete,bebrütet,bebrütete,bebrüt,bebrütet,haben,zu bebrüten
nachtragen,trage nach,trägst nach,trägt nach,trug nach,nachgetragen,trüge nach,trag nach,tragt nach,haben,nachzutragen
begrabbeln,begrabbele,begrabbelst,begrabbelt,begrabbelte,begrabbelt,begrabbelte,begrabbel,begrabbelt,haben,zu begrabbeln
betätscheln,betätschele,betätschelst,betätschelt,betätschelte,betätschelt,betätschelte,betätschel,betätschelt,haben,zu betätscheln
begucken,begucke,beguckst,beguckt,beguckte,beguckt,beguckte,beguck,beguckt,haben,zu begucken
bekucken,bekucke,bekuckst,bekuckt,bekuckte,bekuckt,bekuckte,bekuck,bekuckt,haben,zu bekucken
behausen,behause,behaust,behaust,behauste,behaust,behauste,behaus,behaust,haben,zu behausen
befliegen,befliege,befliegst,befliegt,beflog,beflogen,beflöge,beflieg,befliegt,haben,zu befliegen
befischen,befische,befischst,befischt,befischte,befischt,befischte,befisch,befischt,haben,zu befischen
befluten,beflute,beflutest,beflutet,beflutete,beflutet,beflutete,beflut,beflutet,haben,zu befluten
behämmern,behämmere,behämmerst,behämmert,behämmerte,behämmert,behämmerte,behämmer,behämmert,haben,zu behämmern
behauen,behaue,behaust,behaut,behaute,behauen,behaute,behau,behaut,haben,zu behauen
behüten,behüte,behütest,behütet,behütete,behütet,behütete,behüt,behütet,haben,zu behüten
beschirmen,beschirme,beschirmst,beschirmt,beschirmte,beschirmt,beschirmte,beschirm,beschirmt,haben,zu beschirmen
beknien,beknie,bekniest,bekniet,bekniete,bekniet,bekniete,beknie,bekniet,haben,zu beknien
behufen,behufe,behufst,behuft,behufte,behuft,behufte,behuf,behuft,haben,zu behufen
beirren,beirre,beirrst,beirrt,beirrte,beirrt,beirrte,beirr,beirrt,haben,zu beirren
bejubeln,bejubele,bejubelst,bejubelt,bejubelte,bejubelt,bejubelte,bejubel,bejubelt,haben,zu bejubeln
bekotzen,bekotze,bekotzt,bekotzt,bekotzte,bekotzt,bekotzte,bekotz,bekotzt,haben,zu bekotzen
labilisieren,labilisiere,labilisierst,labilisiert,labilisierte,labilisiert,labilisierte,labilisier,labilisiert,haben,zu labilisieren
bekoten,bekote,bekotest,bekotet,bekotete,bekotet,bekotete,bekot,bekotet,haben,zu bekoten
bekacken,bekacke,bekackst,bekackt,bekackte,bekackt,bekackte,bekack,bekackt,haben,zu bekacken
beklieren,bekliere,beklierst,bekliert,beklierte,bekliert,beklierte,beklier,bekliert,haben,zu beklieren
beklopfen,beklopfe,beklopfst,beklopft,beklopfte,beklopft,beklopfte,beklopf,beklopft,haben,zu beklopfen
bekosten,bekoste,bekostest,bekostet,bekostete,bekostet,bekostete,bekost,bekostet,haben,zu bekosten
bekritzeln,bekritzele,bekritzelst,bekritzelt,bekritzelte,bekritzelt,bekritzelte,bekritzel,bekritzelt,haben,zu bekritzeln
bekritteln,bekrittele,bekrittelst,bekrittelt,bekrittelte,bekrittelt,bekrittelte,bekrittel,bekrittelt,haben,zu bekritteln
bemäkeln,bemäkele,bemäkelst,bemäkelt,bemäkelte,bemäkelt,bemäkelte,bemäkel,bemäkelt,haben,zu bemäkeln
bemakeln,bemakele,bemakelst,bemakelt,bemakelte,bemakelt,bemakelte,bemakel,bemakelt,haben,zu bemakeln
belehren,belehre,belehrst,belehrt,belehrte,belehrt,belehrte,belehr,belehrt,haben,zu belehren
beleihen,beleihe,beleihst,beleiht,belieh,beliehen,belieh,beleih,beleiht,haben,zu beleihen
dreiteilen,dreiteile,dreiteilst,dreiteilt,dreiteilte,dreigeteilt,dreiteilte,dreiteil,dreiteilt,haben,zu dreiteilen
pinnen,pinne,pinnst,pinnt,pinnte,gepinnt,pinnte,pinn,pinnt,haben,zu pinnen
belichten,belichte,belichtest,belichtet,belichtete,belichtet,belichtete,belicht,belichtet,haben,zu belichten
bemeistern,bemeistere,bemeisterst,bemeistert,bemeisterte,bemeistert,bemeisterte,bemeister,bemeistert,haben,zu bemeistern
bemopsen,bemopse,bemopst,bemopst,bemopste,bemopst,bemopste,bemops,bemopst,haben,zu bemopsen
bemogeln,bemogele,bemogelst,bemogelt,bemogelte,bemogelt,bemogelte,bemogel,bemogelt,haben,zu bemogeln
beschummeln,beschummele,beschummelst,beschummelt,beschummelte,beschummelt,beschummelte,beschummel,beschummelt,haben,zu beschummeln
beschupsen,beschupse,beschupst,beschupst,beschupste,beschupst,beschupste,beschups,beschupst,haben,zu beschupsen
schupsen,schupse,schupst,schupst,schupste,geschupst,schupste,schups,schupst,haben,zu schupsen
bepacken,bepacke,bepackst,bepackt,bepackte,bepackt,bepackte,bepack,bepackt,haben,zu bepacken
bepinseln,bepinsele,bepinselst,bepinselt,bepinselte,bepinselt,bepinselte,bepinsel,bepinselt,haben,zu bepinseln
herumtreiben,treibe herum,treibst herum,treibt herum,trieb herum,herumgetrieben,triebe herum,treib herum,treibt herum,haben,herzuumtreiben
instigieren,instigiere,instigierst,instigiert,instigierte,instigiert,instigierte,instigier,instigiert,haben,instizugieren
instillieren,instilliere,instillierst,instilliert,instillierte,instilliert,instillierte,instillier,instilliert,haben,zu instillieren
zerkochen,zerkoche,zerkochst,zerkocht,zerkochte,zerkocht,zerkochte,zerkoch,zerkocht,haben,zu zerkochen
umsäbeln,säbel um,säbelst um,säbelt um,säbelte um,umgesäbelt,säbelte um,säbel um,säbelt um,haben,umzusäbeln
schmollieren,schmolliere,schmollierst,schmolliert,schmollierte,schmolliert,schmollierte,schmollier,schmolliert,haben,zu schmollieren
benähen,benähe,benähst,benäht,benähte,benäht,benähte,benäh,benäht,haben,zu benähen
benageln,benagele,benagelst,benagelt,benagelte,benagelt,benagelte,benagel,benagelt,haben,zu benageln
beniesen,beniese,beniest,beniest,benieste,beniest,benieste,benies,beniest,haben,zu beniesen
bepinkeln,bepinkele,bepinkelst,bepinkelt,bepinkelte,bepinkelt,bepinkelte,bepinkel,bepinkelt,haben,zu bepinkeln
beplauschen,beplausche,beplauschst,beplauscht,beplauschte,beplauscht,beplauschte,beplausch,beplauscht,haben,zu beplauschen
bequasseln,bequassele,bequasselst,bequasselt,bequasselte,bequasselt,bequasselte,bequassel,bequasselt,haben,zu bequasseln
bepudern,bepudere,bepuderst,bepudert,bepuderte,bepudert,bepuderte,bepuder,bepudert,haben,zu bepudern
beschwätzen,beschwätze,beschwätzt,beschwätzt,beschwätzte,beschwätzt,beschwätzte,beschwätz,beschwätzt,haben,zu beschwätzen
beschwingen,beschwinge,beschwingst,beschwingt,beschwingte,beschwingt,beschwingte,beschwing,beschwingt,haben,zu beschwingen
besegeln,besegele,besegelst,besegelt,besegelte,besegelt,besegelte,besegel,besegelt,haben,zu besegeln
besprayen,bespraye,besprayst,besprayt,besprayte,besprayt,besprayte,bespray,besprayt,haben,zu besprayen
bespringen,bespringe,bespringst,bespringt,besprang,besprungen,bespränge,bespring,bespringt,haben,zu bespringen
beschnuppern,beschnuppere,beschnupperst,beschnuppert,beschnupperte,beschnuppert,beschnupperte,beschnupper,beschnuppert,haben,zu beschnuppern
beangeln,beangele,beangelst,beangelt,beangelte,beangelt,beangelte,beangel,beangelt,haben,zu beangeln
bekriechen,bekrieche,bekriechst,bekriecht,bekroch,bekrochen,bekröche,bekriech,bekriecht,haben,zu bekriechen
bekrabbeln,bekrabbele,bekrabbelst,bekrabbelt,bekrabbelte,bekrabbelt,bekrabbelte,bekrabbel,bekrabbelt,haben,zu bekrabbeln
beködern,beködere,beköderst,beködert,beköderte,beködert,beköderte,beköder,beködert,haben,zu beködern
bekringeln,bekringele,bekringelst,bekringelt,bekringelte,bekringelt,bekringelte,bekringel,bekringelt,haben,zu bekringeln
behauchen,behauche,behauchst,behaucht,behauchte,behaucht,behauchte,behauch,behaucht,haben,zu behauchen
bespeien,bespeie,bespeist,bespeit,bespie,bespien,bespie,bespei,bespeit,haben,zu bespeien
beschmeißen,beschmeiße,beschmeißt,beschmeißt,beschmiss,beschmissen,beschmisse,beschmeiß,beschmeißt,haben,zu beschmeißen
beschmunzeln,beschmunzele,beschmunzelst,beschmunzelt,beschmunzelte,beschmunzelt,beschmunzelte,beschmunzel,beschmunzelt,haben,zu beschmunzeln
beschnüffeln,beschnüffele,beschnüffelst,beschnüffelt,beschnüffelte,beschnüffelt,beschnüffelte,beschnüffel,beschnüffelt,haben,zu beschnüffeln
hineingeheimnissen,geheimnisse hinein,geheimnisst hinein,geheimnisst hinein,geheimnisste hinein,hineingeheimnisst,geheimnisste hinein,geheimniss hinein,geheimnisst hinein,haben,zu hineingeheimnissen
behexen,behexe,behext,behext,behexte,behext,behexte,behex,behext,haben,zu behexen
beschuhen,beschuhe,beschuhst,beschuht,beschuhte,beschuht,beschuhte,beschuh,beschuht,haben,zu beschuhen
beschmuhen,beschmuhe,beschmuhst,beschmuht,beschmuhte,beschmuht,beschmuhte,beschmuh,beschmuht,haben,zu beschmuhen
bekleistern,bekleistere,bekleisterst,bekleistert,bekleisterte,bekleistert,bekleisterte,bekleister,bekleistert,haben,zu bekleistern
besäen,besäe,besäst,besät,besäte,besät,besäte,besä,besät,haben,zu besäen
beschütten,beschütte,beschüttest,beschüttet,beschüttete,beschüttet,beschüttete,beschütt,beschüttet,haben,zu beschütten
belehnen,belehne,belehnst,belehnt,belehnte,belehnt,belehnte,belehn,belehnt,haben,zu belehnen
beseichen,beseiche,beseichst,beseicht,beseichte,beseicht,beseichte,beseich,beseicht,haben,zu beseichen
bespicken,bespicke,bespickst,bespickt,bespickte,bespickt,bespickte,bespick,bespickt,haben,zu bespicken
beriechen,berieche,beriechst,beriecht,beroch,berochen,beröche,beriech,beriecht,haben,zu beriechen
berühmen,berühme,berühmst,berühmt,berühmte,berühmt,berühmte,berühm,berühmt,haben,zu berühmen
beschmusen,beschmuse,beschmust,beschmust,beschmuste,beschmust,beschmuste,beschmus,beschmust,haben,zu beschmusen
beschreiten,beschreite,beschreitest,beschreitet,beschritt,beschritten,beschritte,beschreit,beschreitet,haben,zu beschreiten
beschreien,beschreie,beschreist,beschreit,beschrie,beschrien,beschrie,beschrei,beschreit,haben,zu beschreien
sudern,sudere,suderst,sudert,suderte,gesudert,suderte,suder,sudert,haben,zu sudern
bespucken,bespucke,bespuckst,bespuckt,bespuckte,bespuckt,bespuckte,bespuck,bespuckt,haben,zu bespucken
beschottern,beschottere,beschotterst,beschottert,beschotterte,beschottert,beschotterte,beschotter,beschottert,haben,zu beschottern
begaunern,begaunere,begaunerst,begaunert,begaunerte,begaunert,begaunerte,begauner,begaunert,haben,zu begaunern
gaunern,gaunere,gaunerst,gaunert,gaunerte,gegaunert,gaunerte,gauner,gaunert,haben,zu gaunern
beklimmen,beklimme,beklimmst,beklimmt,beklomm,beklommen,beklömme,beklimm,beklimmt,haben,zu beklimmen
behaaren,behaare,behaarst,behaart,behaarte,behaart,behaarte,behaar,behaart,haben,zu behaaren
bebändern,bebändere,bebänderst,bebändert,bebänderte,bebändert,bebänderte,bebänder,bebändert,haben,zu bebändern
bewachsen,—,—,bewächst,bewuchs,bewachsen,bewüchse,—,—,haben,zu bewachsen
betakeln,betakele,betakelst,betakelt,betakelte,betakelt,betakelte,betakel,betakelt,haben,zu betakeln
bestempeln,bestempele,bestempelst,bestempelt,bestempelte,bestempelt,bestempelte,bestempel,bestempelt,haben,zu bestempeln
beweiden,beweide,beweidest,beweidet,beweidete,beweidet,beweidete,beweid,beweidet,haben,zu beweiden
bewähren,bewähre,bewährst,bewährt,bewährte,bewährt,bewährte,bewähr,bewährt,haben,zu bewähren
bewahrheiten,bewahrheite,bewahrheitest,bewahrheitet,bewahrheitete,bewahrheitet,bewahrheitete,bewahrheit,bewahrheitet,haben,zu bewahrheiten
bewalden,bewalde,bewaldest,bewaldet,bewaldete,bewaldet,bewaldete,bewald,bewaldet,haben,zu bewalden
bestauben,bestaube,bestaubst,bestaubt,bestaubte,bestaubt,bestaubte,bestaub,bestaubt,haben,zu bestauben
betölpeln,betölpele,betölpelst,betölpelt,betölpelte,betölpelt,betölpelte,betölpel,betölpelt,haben,zu betölpeln
behäufeln,behäufele,behäufelst,behäufelt,behäufelte,behäufelt,behäufelte,behäufel,behäufelt,haben,zu behäufeln
belackmeiern,belackmeiere,belackmeierst,belackmeiert,belackmeierte,belackmeiert,belackmeierte,belackmeier,belackmeiert,haben,zu belackmeiern
belobhudeln,belobhudele,belobhudelst,belobhudelt,belobhudelte,belobhudelt,belobhudelte,belobhudel,belobhudelt,haben,zu belobhudeln
besticken,besticke,bestickst,bestickt,bestickte,bestickt,bestickte,bestick,bestickt,haben,zu besticken
besticheln,bestichele,bestichelst,bestichelt,bestichelte,bestichelt,bestichelte,bestichel,bestichelt,haben,zu besticheln
betrauen,betraue,betraust,betraut,betraute,betraut,betraute,betrau,betraut,haben,zu betrauen
herniederbrechen,breche hernieder,brichst hernieder,bricht hernieder,brach hernieder,herniedergebrochen,bräche hernieder,brich hernieder,brecht hernieder,sein,herzuniederbrechen
lackmeiern,lackmeiere,lackmeierst,lackmeiert,lackmeierte,gelackmeiert,lackmeierte,lackmeier,lackmeiert,haben,lackmzueiern
anthropomorphisieren,anthropomorphisiere,anthropomorphisierst,anthropomorphisiert,anthropomorphisierte,anthropomorphisiert,anthropomorphisierte,anthropomorphisier,anthropomorphisiert,haben,anzuthropomorphisieren
bestöhnen,bestöhne,bestöhnst,bestöhnt,bestöhnte,bestöhnt,bestöhnte,bestöhn,bestöhnt,haben,zu bestöhnen
verwöhnen,verwöhne,verwöhnst,verwöhnt,verwöhnte,verwöhnt,verwöhnte,verwöhn,verwöhnt,haben,zu verwöhnen
bestrahlen,bestrahle,bestrahlst,bestrahlt,bestrahlte,bestrahlt,bestrahlte,bestrahl,bestrahlt,haben,zu bestrahlen
bestreben,bestrebe,bestrebst,bestrebt,bestrebte,bestrebt,bestrebte,bestreb,bestrebt,haben,zu bestreben
bestreichen,bestreiche,bestreichst,bestreicht,bestrich,bestrichen,bestriche,bestreich,bestreicht,haben,zu bestreichen
bestreiken,bestreike,bestreikst,bestreikt,bestreikte,bestreikt,bestreikte,bestreik,bestreikt,haben,zu bestreiken
aussperren,sperre aus,sperrst aus,sperrt aus,sperrte aus,ausgesperrt,sperrte aus,sperr aus,sperrt aus,haben,auszusperren
herniederbrennen,brenne hernieder,brennst hernieder,brennt hernieder,brannte hernieder,herniedergebrannt,brennte hernieder,brenn hernieder,brennt hernieder,haben,herzuniederbrennen
bemachen,bemache,bemachst,bemacht,bemachte,bemacht,bemachte,bemach,bemacht,haben,zu bemachen
belutschen,belutsche,belutschst,belutscht,belutschte,belutscht,belutschte,belutsch,belutscht,haben,zu belutschen
bekauen,bekaue,bekaust,bekaut,bekaute,bekaut,bekaute,bekau,bekaut,haben,zu bekauen
bejagen,bejage,bejagst,bejagt,bejagte,bejagt,bejagte,bejag,bejagt,haben,zu bejagen
begeifern,begeifere,begeiferst,begeifert,begeiferte,begeifert,begeiferte,begeifer,begeifert,haben,zu begeifern
beäugeln,beäugele,beäugelst,beäugelt,beäugelte,beäugelt,beäugelte,beäugel,beäugelt,haben,zu beäugeln
beaugapfeln,beaugapfele,beaugapfelst,beaugapfelt,beaugapfelte,beaugapfelt,beaugapfelte,beaugapfel,beaugapfelt,haben,zu beaugapfeln
beaugenscheinigen,beaugenscheinige,beaugenscheinigst,beaugenscheinigt,beaugenscheinigte,beaugenscheinigt,beaugenscheinigte,beaugenscheinig,beaugenscheinigt,haben,zu beaugenscheinigen
bewerfen,bewerfe,bewirfst,bewirft,bewarf,beworfen,bewürfe,bewirf,bewerft,haben,zu bewerfen
bewickeln,bewickele,bewickelst,bewickelt,bewickelte,bewickelt,bewickelte,bewickel,bewickelt,haben,zu bewickeln
betauen,—,—,betaut,betaute,betaut,betaute,—,—,haben,zu betauen
betrampeln,betrampele,betrampelst,betrampelt,betrampelte,betrampelt,betrampelte,betrampel,betrampelt,haben,zu betrampeln
beträufeln,beträufele,beträufelst,beträufelt,beträufelte,beträufelt,beträufelte,beträufel,beträufelt,haben,zu beträufeln
bevorteilen,bevorteile,bevorteilst,bevorteilt,bevorteilte,bevorteilt,bevorteilte,bevorteil,bevorteilt,haben,zu bevorteilen
bestrümpfen,bestrümpfe,bestrümpfst,bestrümpft,bestrümpfte,bestrümpft,bestrümpfte,bestrümpf,bestrümpft,haben,zu bestrümpfen
bestricken,bestricke,bestrickst,bestrickt,bestrickte,bestrickt,bestrickte,bestrick,bestrickt,haben,zu bestricken
bewitzeln,bewitzele,bewitzelst,bewitzelt,bewitzelte,bewitzelt,bewitzelte,bewitzel,bewitzelt,haben,zu bewitzeln
beimpfen,beimpfe,beimpfst,beimpft,beimpfte,beimpft,beimpfte,beimpf,beimpft,haben,zu beimpfen
behobeln,behobele,behobelst,behobelt,behobelte,behobelt,behobelte,behobel,behobelt,haben,zu behobeln
behorchen,behorche,behorchst,behorcht,behorchte,behorcht,behorchte,behorch,behorcht,haben,zu behorchen
beflicken,beflicke,beflickst,beflickt,beflickte,beflickt,beflickte,beflick,beflickt,haben,zu beflicken
entkernen,entkerne,entkernst,entkernt,entkernte,entkernt,entkernte,entkern,entkernt,haben,zu entkernen
schlechtreden,rede schlecht,redest schlecht,redet schlecht,redete schlecht,schlechtgeredet,redete schlecht,red schlecht,redet schlecht,haben,schlechtzureden
vervielfachen,vervielfache,vervielfachst,vervielfacht,vervielfachte,vervielfacht,vervielfachte,vervielfach,vervielfacht,haben,zu vervielfachen
verzweifachen,verzweifache,verzweifachst,verzweifacht,verzweifachte,verzweifacht,verzweifachte,verzweifach,verzweifacht,haben,zu verzweifachen
dahinvegetieren,vegetiere dahin,vegetierst dahin,vegetiert dahin,vegetierte dahin,dahinvegetiert,vegetierte dahin,vegetier dahin,vegetiert dahin,haben,dahinzuvegetieren
behören,behöre,behörst,behört,behörte,behört,behörte,behör,behört,haben,zu behören
bekohlen,bekohle,bekohlst,bekohlt,bekohlte,bekohlt,bekohlte,bekohl,bekohlt,haben,zu bekohlen
beschalten,beschalte,beschaltest,beschaltet,beschaltete,beschaltet,beschaltete,beschalt,beschaltet,haben,zu beschalten
besäuseln,besäusele,besäuselst,besäuselt,besäuselte,besäuselt,besäuselte,besäusel,besäuselt,haben,zu besäuseln
beseufzen,beseufze,beseufzt,beseufzt,beseufzte,beseufzt,beseufzte,beseufz,beseufzt,haben,zu beseufzen
beschäumen,beschäume,beschäumst,beschäumt,beschäumte,beschäumt,beschäumte,beschäum,beschäumt,haben,zu beschäumen
besäumen,besäume,besäumst,besäumt,besäumte,besäumt,besäumte,besäum,besäumt,haben,zu besäumen
benummern,benummere,benummerst,benummert,benummerte,benummert,benummerte,benummer,benummert,haben,zu benummern
verbrühen,verbrühe,verbrühst,verbrüht,verbrühte,verbrüht,verbrühte,verbrüh,verbrüht,haben,zu verbrühen
nummern,nummere,nummerst,nummert,nummerte,genummert,nummerte,nummer,nummert,haben,zu nummern
bespotten,bespotte,bespottest,bespottet,bespottete,bespottet,bespottete,bespott,bespottet,haben,zu bespotten
bescherzen,bescherze,bescherzt,bescherzt,bescherzte,bescherzt,bescherzte,bescherz,bescherzt,haben,zu bescherzen
vegetieren,vegetiere,vegetierst,vegetiert,vegetierte,vegetiert,vegetierte,vegetier,vegetiert,haben,zu vegetieren
bleibenlassen,lasse bleiben,lässt bleiben,lässt bleiben,ließ bleiben,bleibengelassen,ließe bleiben,lass bleiben,lasst bleiben,haben,zu bleibenlassen
verkneifen,verkneife,verkneifst,verkneift,verkniff,verkniffen,verkniffe,verkneif,verkneift,haben,zu verkneifen
geschehen lassen,lasse geschehen,lässt geschehen,lässt geschehen,ließ geschehen,geschehen lassen,ließe geschehen,lass geschehen,lasst geschehen,haben,zu geschehen lassen
zurücklassen,lasse zurück,lässt zurück,lässt zurück,ließ zurück,zurückgelassen,ließe zurück,lass zurück,lasst zurück,haben,zuzurücklassen
dahinmetzeln,metzele dahin,metzelst dahin,metzelt dahin,metzelte dahin,dahingemetzelt,metzelte dahin,metzele dahin,metzelt dahin,haben,dazuhinmetzeln
quabbeln,quabbele,quabbelst,quabbelt,quabbelte,gequabbelt,quabbelte,quabbele,quabbelt,haben,zu quabbeln
beeifern,beeifere,beeiferst,beeifert,beeiferte,beeifert,beeiferte,beeifer,beeifert,haben,zu beeifern
ausleuchten,leuchte aus,leuchtest  aus,leuchtet aus,leuchtete aus,ausgeleuchtet,leuchtete  aus,leuchte aus,leuchtet aus,haben,auszuleuchten
bekrönen,bekröne,bekrönst,bekrönt,bekrönte,bekrönt,bekrönte,bekrön,bekrönt,haben,zu bekrönen
beklönen,beklöne,beklönst,beklönt,beklönte,beklönt,beklönte,beklön,beklönt,haben,zu beklönen
bekanten,bekante,bekantest,bekantet,bekantete,bekantet,bekantete,bekant,bekantet,haben,zu bekanten
beglänzen,beglänze,beglänzt,beglänzt,beglänzte,beglänzt,beglänzte,beglänz,beglänzt,haben,zu beglänzen
beflegeln,beflegele,beflegelst,beflegelt,beflegelte,beflegelt,beflegelte,beflegel,beflegelt,haben,zu beflegeln
bekaufen,bekaufe,bekaufst,bekauft,bekaufte,bekauft,bekaufte,bekauf,bekauft,haben,zu bekaufen
bedichten,bedichte,bedichtest,bedichtet,bedichtete,bedichtet,bedichtete,bedicht,bedichtet,haben,zu bedichten
hinmetzeln,metzele hin,metzelst hin,metzelt hin,metzelte hin,hingemetzelt,metzelte hin,metzele hin,metzelt hin,haben,hinzumetzeln
hinmorden,morde hin,mordest hin,mordet hin,mordete hin,hingemordet,mordete hin,morde hin,mordet hin,haben,hinzumorden
emporfahren,fahre empor,fährst empor,fährt empor,fuhr empor,emporgefahren,führe empor,fahr empor,fahrt empor,sein,zu emporfahren
emporheben,hebe empor,hebst empor,hebt empor,hob empor,emporgehoben,höbe empor,heb empor,hebt empor,haben,zu emporheben
korrektionieren,korrektioniere,korrektionierst,korrektioniert,korrektionierte,korrektioniert,korrektionierte,korrektionier,korrektioniert,haben,zu korrektionieren
bedämpfen,bedämpfe,bedämpfst,bedämpft,bedämpfte,bedämpft,bedämpfte,bedämpf,bedämpft,haben,zu bedämpfen
behacken,behacke,behackst,behackt,behackte,behackt,behackte,behack,behackt,haben,zu behacken
beklettern,beklettere,bekletterst,beklettert,bekletterte,beklettert,bekletterte,bekletter,beklettert,haben,zu beklettern
bevettern,bevettere,bevetterst,bevettert,bevetterte,bevettert,bevetterte,bevetter,bevettert,haben,zu bevettern
bevatern,bevatere,bevaterst,bevatert,bevaterte,bevatert,bevaterte,bevater,bevatert,haben,zu bevatern
geleiten,geleite,geleitest,geleitet,geleitete,geleitet,geleitete,geleite,geleitet,haben,zu geleiten
bewettern,bewettere,bewetterst,bewettert,bewetterte,bewettert,bewetterte,bewetter,bewettert,haben,zu bewettern
bekneifen,bekneife,bekneifst,bekneift,bekniff,bekniffen,bekniffe,bekneif,bekneift,haben,zu bekneifen
bekeifen,bekeife,bekeifst,bekeift,bekeifte,bekeift,bekeifte,bekeif,bekeift,haben,zu bekeifen
bezielen,beziele,bezielst,bezielt,bezielte,bezielt,bezielte,beziel,bezielt,haben,zu bezielen
bedräuen,bedräue,bedräust,bedräut,bedräute,bedräut,bedräute,bedräu,bedräut,haben,zu bedräuen
befürsorgen,befürsorge,befürsorgst,befürsorgt,befürsorgte,befürsorgt,befürsorgte,befürsorg,befürsorgt,haben,zu befürsorgen
beknospen,—,—,beknospt,beknospte,beknospt,beknospte,—,—,haben,zu beknospen
bekomplimentieren,bekomplimentiere,bekomplimentierst,bekomplimentiert,bekomplimentierte,bekomplimentiert,bekomplimentierte,bekomplimentier,bekomplimentiert,haben,zu bekomplimentieren
emporkriechen,krieche empor,kriechst empor,kriecht empor,kroch empor,emporgekrochen,kröche empor,kriech empor,kriecht empor,sein,zu emporkriechen
emporreißen,reiße empor,reißt empor,reißt empor,riss empor,emporgerissen,risse empor,reiß empor,reißt empor,haben,zu emporreißen
bestutzen,bestutze,bestutzt,bestutzt,bestutzte,bestutzt,bestutzte,bestutz,bestutzt,haben,zu bestutzen
bestufen,bestufe,bestufst,bestuft,bestufte,bestuft,bestufte,bestuf,bestuft,haben,zu bestufen
bestuben,bestube,bestubst,bestubt,bestubte,bestubt,bestubte,bestub,bestubt,haben,zu bestuben
bestupfen,bestupfe,bestupfst,bestupft,bestupfte,bestupft,bestupfte,bestupf,bestupft,haben,zu bestupfen
bestülpen,bestülpe,bestülpst,bestülpt,bestülpte,bestülpt,bestülpte,bestülp,bestülpt,haben,zu bestülpen
bestruppen,bestruppe,bestruppst,bestruppt,bestruppte,bestruppt,bestruppte,bestrupp,bestruppt,haben,zu bestruppen
bestuhlgängeln,bestuhlgängele,bestuhlgängelst,bestuhlgängelt,bestuhlgängelte,bestuhlgängelt,bestuhlgängelte,bestuhlgängel,bestuhlgängelt,haben,zu bestuhlgängeln
bestrohen,bestrohe,bestrohst,bestroht,bestrohte,bestroht,bestrohte,bestroh,bestroht,haben,zu bestrohen
beströmen,beströme,beströmst,beströmt,beströmte,beströmt,beströmte,beström,beströmt,haben,zu beströmen
bezeigen,bezeige,bezeigst,bezeigt,bezeigte,bezeigt,bezeigte,bezeig,bezeigt,haben,zu bezeigen
umzonen,zone um,zonst um,zont um,zonte um,umgezont,zonte um,zon um,zont um,haben,zu umzonen
modellieren,modelliere,modellierst,modelliert,modellierte,modelliert,modellierte,modellier,modelliert,haben,zu modellieren
betuscheln,betuschele,betuschelst,betuschelt,betuschelte,betuschelt,betuschelte,betuschel,betuschelt,haben,zu betuscheln
betupfen,betupfe,betupfst,betupft,betupfte,betupft,betupfte,betupf,betupft,haben,zu betupfen
betun,betue,betust,betut,betat,betan,betäte,betu,betut,haben,zu betun
bewurzeln,bewurzele,bewurzelst,bewurzelt,bewurzelte,bewurzelt,bewurzelte,bewurzel,bewurzelt,haben,zu bewurzeln
bewuchern,bewuchere,bewucherst,bewuchert,bewucherte,bewuchert,bewucherte,bewucher,bewuchert,haben,zu bewuchern
dahinscheiden,scheide dahin,scheidest dahin,scheidet dahin,schied dahin,dahingeschieden,schiede dahin,scheid dahin,scheidet dahin,sein,dahinzuscheiden
betropfen,betropfe,betropfst,betropft,betropfte,betropft,betropfte,betropf,betropft,haben,zu betropfen
betröpfeln,betröpfele,betröpfelst,betröpfelt,betröpfelte,betröpfelt,betröpfelte,betröpfel,betröpfelt,haben,zu betröpfeln
bestrammen,bestramme,bestrammst,bestrammt,bestrammte,bestrammt,bestrammte,bestramm,bestrammt,haben,zu bestrammen
bespülen,bespüle,bespülst,bespült,bespülte,bespült,bespülte,bespül,bespült,haben,zu bespülen
dahinraffen,raffe dahin,raffst dahin,rafft dahin,raffte dahin,dahingerafft,raffte dahin,raff dahin,rafft dahin,haben,dahinzuraffen
berußen,beruße,berußt,berußt,berußte,berußt,berußte,beruß,berußt,haben,zu berußen
berennen,berenne,berennst,berennt,berannte,berannt,berennte,berenn,berennt,haben,zu berennen
tottreten,trete tot,trittst tot,tritt tot,trat tot,totgetreten,träte tot,tritt tot,tretet tot,haben,totzutreten
bedröhnen,bedröhne,bedröhnst,bedröhnt,bedröhnte,bedröhnt,bedröhnte,bedröhn,bedröhnt,haben,zu bedröhnen
beschuppen,beschuppe,beschuppst,beschuppt,beschuppte,beschuppt,beschuppte,beschupp,beschuppt,haben,zu beschuppen
beschubsen,beschubse,beschubst,beschubst,beschubste,beschubst,beschubste,beschubs,beschubst,haben,zu beschubsen
besammeln,besammele,besammelst,besammelt,besammelte,besammelt,besammelte,besammel,besammelt,haben,zu besammeln
beschwägern,beschwägere,beschwägerst,beschwägert,beschwägerte,beschwägert,beschwägerte,beschwäger,beschwägert,haben,zu beschwägern
besichern,besichere,besicherst,besichert,besicherte,besichert,besicherte,besicher,besichert,haben,zu besichern
belernen,belerne,belernst,belernt,belernte,belernt,belernte,belern,belernt,haben,zu belernen
beleumunden,beleumunde,beleumundest,beleumundet,beleumundete,beleumundet,beleumundete,beleumund,beleumundet,haben,zu beleumunden
beluchsen,beluchse,beluchst,beluchst,beluchste,beluchst,beluchste,beluchs,beluchst,haben,zu beluchsen
vorstehen,stehe vor,stehst vor,steht vor,stand vor,vorgestanden,stünde vor,steh vor,steht vor,haben,vorzustehen
beräumen,beräume,beräumst,beräumt,beräumte,beräumt,beräumte,beräum,beräumt,haben,zu beräumen
hinscheiden,scheide hin,scheidest hin,scheidet hin,schied hin,hingeschieden,schiede hin,scheid hin,scheidet hin,sein,hinzuscheiden
überhelfen,überhelfe,überhilfst,überhilft,überhalf,überholfen,überhülfe,überhilf,überhelft,haben,zu überhelfen
besömmern,besömmere,besömmerst,besömmert,besömmerte,besömmert,besömmerte,besömmer,besömmert,haben,zu besömmern
sömmern,sömmere,sömmerst,sömmert,sömmerte,gesömmert,sömmerte,sömmer,sömmert,haben,zu sömmern
bespiegeln,bespiegele,bespiegelst,bespiegelt,bespiegelte,bespiegelt,bespiegelte,bespiegel,bespiegelt,haben,zu bespiegeln
beschleusen,beschleuse,beschleust,beschleust,beschleuste,beschleust,beschleuste,beschleus,beschleust,haben,zu beschleusen
beschnarchen,beschnarche,beschnarchst,beschnarcht,beschnarchte,beschnarcht,beschnarchte,beschnarch,beschnarcht,haben,zu beschnarchen
bemisstrauen,bemisstraue,bemisstraust,bemisstraut,bemisstraute,bemisstraut,bemisstraute,bemisstrau,bemisstraut,haben,zu bemisstrauen
frei geben,gebe frei,gibst frei,gibt frei,gab frei,frei gegeben,gäbe frei,gib frei,gebt frei,haben,zu frei geben
belehen,belehe,belehst,beleht,belehte,beleht,belehte,beleh,beleht,haben,zu belehen
anheimfallen,falle anheim,fällst anheim,fällt anheim,fiel anheim,anheimgefallen,fiele anheim,fall anheim,fallt anheim,sein,anzuheimfallen
hinüberbefördern,befördere hinüber,beförderst hinüber,befördert hinüber,beförderte hinüber,hinüberbefördert,beförderte hinüber,befördere hinüber,befördert hinüber,haben,hinüberzubefördern
wegätzen,ätze weg,ätzt weg,ätzt weg,ätzte weg,weggeätzt,ätzte weg,ätz weg,ätzt weg,haben,wegzuätzen
flenzen,flenze,flenzt,flenzt,flenzte,geflenzt,flenzte,flenz,flenzt,haben,zu flenzen
idealisieren,idealisiere,idealisierst,idealisiert,idealisierte,idealisiert,idealisierte,idealisier,idealisiert,haben,zu idealisieren
beampeln,beampele,beampelst,beampelt,beampelte,beampelt,beampelte,beampel,beampelt,haben,zu beampeln
befetten,befette,befettest,befettet,befettete,befettet,befettete,befett,befettet,haben,zu befetten
befiedern,befiedere,befiederst,befiedert,befiederte,befiedert,befiederte,befieder,befiedert,haben,zu befiedern
bebunkern,bebunkere,bebunkerst,bebunkert,bebunkerte,bebunkert,bebunkerte,bebunker,bebunkert,haben,zu bebunkern
bekreuzen,bekreuze,bekreuzt,bekreuzt,bekreuzte,bekreuzt,bekreuzte,bekreuz,bekreuzt,haben,zu bekreuzen
beerden,beerde,beerdest,beerdet,beerdete,beerdet,beerdete,beerd,beerdet,haben,zu beerden
bevorworten,bevorworte,bevorwortest,bevorwortet,bevorwortete,bevorwortet,bevorwortete,bevorwort,bevorwortet,haben,zu bevorworten
bevorschussen,bevorschusse,bevorschusst,bevorschusst,bevorschusste,bevorschusst,bevorschusste,bevorschuss,bevorschusst,haben,zu bevorschussen
bevogten,bevogte,bevogtest,bevogtet,bevogtete,bevogtet,bevogtete,bevogt,bevogtet,haben,zu bevogten
bevorraten,bevorrate,bevorratest,bevorratet,bevorratete,bevorratet,bevorratete,bevorrat,bevorratet,haben,zu bevorraten
bewimpeln,bewimpele,bewimpelst,bewimpelt,bewimpelte,bewimpelt,bewimpelte,bewimpel,bewimpelt,haben,zu bewimpeln
abschotten,schotte ab,schottest ab,schottet ab,schottete ab,abgeschottet,schottete ab,schott ab,schottet ab,haben,abzuschotten
auftauen,taue auf,taust auf,taut auf,taute auf,aufgetaut,taute auf,tau auf,taut auf,haben,aufzutauen
benedizieren,benediziere,benedizierst,benediziert,benedizierte,benediziert,benedizierte,benedizier,benediziert,haben,zu benedizieren
reanimieren,reanimiere,reanimierst,reanimiert,reanimierte,reanimiert,reanimiere,reanimier,reanimiert,haben,zu reanimieren
beanschriften,beanschrifte,beanschriftest,beanschriftet,beanschriftete,beanschriftet,beanschriftete,beanschrifte,beanschriftet,haben,zu beanschriften
bemündeln,bemündele,bemündelst,bemündelt,bemündelte,bemündelt,bemündelte,bemündel,bemündelt,haben,zu bemündeln
bevorrechten,bevorrechte,bevorrechtest,bevorrechtet,bevorrechtete,bevorrechtet,bevorrechtete,bevorrechte,bevorrechtet,haben,zu bevorrechten
bevorrechtigen,bevorrechtige,bevorrechtigst,bevorrechtigt,bevorrechtigte,bevorrechtigt,bevorrechtigte,bevorrechtige,bevorrechtigt,haben,zu bevorrechtigen
anspornen,sporne an,spornst an,spornt an,spornte an,angespornt,spornte an,sporn an,spornt an,haben,anzuspornen
versenken,versenke,versenkst,versenkt,versenkte,versenkt,versenkte,versenke,versenkt,haben,zu versenken
versinken,versinke,versinkst,versinkt,versank,versunken,versänke,versinke,versinkt,sein,zu versinken
einsinken,sinke ein,sinkst ein,sinkt ein,sank ein,eingesunken,sänke ein,sinke ein,sinkt ein,sein,einzusinken
atrophieren,atrophiere,atrophierst,atrophiert,atrophierte,atrophiert,atrophierte,atrophier,atrophiert,haben,zu atrophieren
entarten,entarte,entartest,entartet,entartete,entartet,entartete,entart,entartet,haben,zu entarten
nobilitieren,nobilitiere,nobilitierst,nobilitiert,nobilitierte,nobilitiert,nobilitierte,nobilitier,nobilitiert,haben,zu nobilitieren
bestoßen,bestoße,bestößt,bestößt,bestieß,bestoßen,bestieße,bestoß,bestoßt,haben,zu bestoßen
bestopfen,bestopfe,bestopfst,bestopft,bestopfte,bestopft,bestopfte,bestopf,bestopft,haben,zu bestopfen
bewaldrechten,bewaldrechte,bewaldrechtest,bewaldrechtet,bewaldrechtete,bewaldrechtet,bewaldrechtete,bewaldrecht,bewaldrechtet,haben,zu bewaldrechten
betexten,betexte,betextest,betextet,betextete,betextet,betextete,betext,betextet,haben,zu betexten
entmisten,entmiste,entmistest,entmistet,entmistete,entmistet,entmistete,entmist,entmistet,haben,zu entmisten
bemoosen,bemoose,bemoost,bemoost,bemooste,bemoost,bemooste,bemoos,bemoost,haben,zu bemoosen
einkaufsbummeln,—,—,einkaufsbummelt,einkaufsbummelte,einkaufsgebummelt,einkaufsbummelte,—,—,sein,einzukaufsbummeln
bemeiern,bemeiere,bemeierst,bemeiert,bemeierte,bemeiert,bemeierte,bemeier,bemeiert,haben,zu bemeiern
berenten,berente,berentest,berentet,berentete,berentet,berentete,berent,berentet,haben,zu berenten
beschiffen,beschiffe,beschiffst,beschifft,beschiffte,beschifft,beschiffte,beschiff,beschifft,haben,zu beschiffen
besanden,besande,besandest,besandet,besandete,besandet,besandete,besand,besandet,haben,zu besanden
kalzinieren,kalziniere,kalzinierst,kalziniert,kalzinierte,kalziniert,kalzinierte,kalzinier,kalziniert,haben,zu kalzinieren
magnetisieren,magnetisiere,magnetisierst,magnetisiert,magnetisierte,magnetisiert,magnetisierte,magnetisier,magnetisiert,haben,zu magnetisieren
austricksen,trickse aus,trickst aus,trickst aus,trickste aus,ausgetrickst,trickste aus,tricks aus,trickst aus,haben,auszutricksen
beauflagen,beauflage,beauflagst,beauflagt,beauflagte,beauflagt,beauflagte,beauflag,beauflagt,haben,zu beauflagen
beaufschlagen,beaufschlage,beaufschlagst,beaufschlagt,beaufschlagte,beaufschlagt,beaufschlagte,beaufschlag,beaufschlagt,haben,zu beaufschlagen
beforsten,beforste,beforstest,beforstet,beforstete,beforstet,beforstete,beforst,beforstet,haben,zu beforsten
beförstern,beförstere,beförsterst,beförstert,beförsterte,beförstert,beförsterte,beförster,beförstert,haben,zu beförstern
bekrusten,bekruste,bekrustest,bekrustet,bekrustete,bekrustet,bekrustete,bekrust,bekrustet,haben,zu bekrusten
beelenden,beelende,beelendest,beelendet,beelendete,beelendet,beelendete,beelend,beelendet,haben,zu beelenden
begönnern,begönnere,begönnerst,begönnert,begönnerte,begönnert,begönnerte,begönner,begönnert,haben,zu begönnern
begichten,begichte,begichtest,begichtet,begichtete,begichtet,begichtete,begicht,begichtet,haben,zu begichten
bekalmen,bekalme,bekalmst,bekalmt,bekalmte,bekalmt,bekalmte,bekalm,bekalmt,haben,zu bekalmen
belauben,belaube,belaubst,belaubt,belaubte,belaubt,belaubte,belaub,belaubt,haben,zu belauben
beseligen,beselige,beseligst,beseligt,beseligte,beseligt,beseligte,beselig,beseligt,haben,zu beseligen
berücken,berücke,berückst,berückt,berückte,berückt,berückte,berück,berückt,haben,zu berücken
bemasten,bemaste,bemastest,bemastet,bemastete,bemastet,bemastete,bemast,bemastet,haben,zu bemasten
bemausen,bemause,bemaust,bemaust,bemauste,bemaust,bemauste,bemaus,bemaust,haben,zu bemausen
bespiken,bespike,bespikst,bespikt,bespikte,bespikt,bespikte,bespik,bespikt,haben,zu bespiken
berohren,berohre,berohrst,berohrt,berohrte,berohrt,berohrte,berohr,berohrt,haben,zu berohren
bestöpseln,bestöpsele,bestöpselst,bestöpselt,bestöpselte,bestöpselt,bestöpselte,bestöpsel,bestöpselt,haben,zu bestöpseln
besternen,besterne,besternst,besternt,besternte,besternt,besternte,bestern,besternt,haben,zu besternen
besterben,besterbe,bestirbst,bestirbt,bestarb,bestorben,bestürbe,bestirb,besterbt,sein,zu besterben
bestieben,bestiebe,bestiebst,bestiebt,bestob,bestoben,bestöbe,bestieb,bestiebt,haben,zu bestieben
bestielen,bestiele,bestielst,bestielt,bestielte,bestielt,bestielte,bestiel,bestielt,haben,zu bestielen
bestiften,bestifte,bestiftest,bestiftet,bestiftete,bestiftet,bestiftete,bestift,bestiftet,haben,zu bestiften
bestillen,bestille,bestillst,bestillt,bestillte,bestillt,bestillte,bestill,bestillt,haben,zu bestillen
bestöbern,bestöbere,bestöberst,bestöbert,bestöberte,bestöbert,bestöberte,bestöber,bestöbert,haben,zu bestöbern
bestochern,bestochere,bestocherst,bestochert,bestocherte,bestochert,bestocherte,bestocher,bestochert,haben,zu bestochern
bestocken,bestocke,bestockst,bestockt,bestockte,bestockt,bestockte,bestock,bestockt,haben,zu bestocken
erahnen,erahne,erahnst,erahnt,erahnte,erahnt,erahnte,erahn,erahnt,haben,zu erahnen
verkleinern,verkleinere,verkleinerst,verkleinert,verkleinerte,verkleinert,verkleinerte,verkleinere,verkleinert,haben,zu verkleinern
hineinpassen,passe hinein,passt hinein,passt hinein,passte hinein,hineingepasst,passte hinein,pass hinein,passt hinein,haben,hineinzupassen
verhelfen,verhelfe,verhilfst,verhilft,verhalf,verholfen,verhälfe,verhilf,verhelft,haben,zu verhelfen
erarmen,erarme,erarmst,erarmt,erarmte,erarmt,erarmte,erarm,erarmt,sein,zu erarmen
erbeben,erbebe,erbebst,erbebt,erbebte,erbebt,erbebte,erbeb,erbebt,sein,zu erbeben
erbellen,erbelle,erbellst,erbellt,erbellte,erbellt,erbellte,erbell,erbellt,haben,zu erbellen
erbetteln,erbettele,erbettelst,erbettelt,erbettelte,erbettelt,erbettelte,erbettel,erbettelt,haben,zu erbetteln
übermannen,übermanne,übermannst,übermannt,übermannte,übermannt,übermannte,übermann,übermannt,haben,zu übermannen
erblonden,erblonde,erblondest,erblondet,erblondete,erblondet,erblondete,erblond,erblondet,sein,zu erblonden
erblühen,erblühe,erblühst,erblüht,erblühte,erblüht,erblühte,erblüh,erblüht,sein,zu erblühen
erblicken,erblicke,erblickst,erblickt,erblickte,erblickt,erblickte,erblick,erblickt,haben,zu erblicken
ergehen,ergehe,ergehst,ergeht,erging,ergangen,erginge,ergeh,ergeht,haben,zu ergehen
erschöpfen,erschöpfe,erschöpfst,erschöpft,erschöpfte,erschöpft,erschöpfte,erschöpf,erschöpft,haben,zu erschöpfen
ertauben,ertaube,ertaubst,ertaubt,ertaubte,ertaubt,ertaubte,ertaub,ertaubt,haben,zu ertauben
ergrünen,ergrüne,ergrünst,ergrünt,ergrünte,ergrünt,ergrünte,ergrün,ergrünt,sein,zu ergrünen
ererben,ererbe,ererbst,ererbt,ererbte,ererbt,ererbte,ererb,ererbt,haben,zu ererben
erhungern,erhungere,erhungerst,erhungert,erhungerte,erhungert,erhungerte,erhunger,erhungert,haben,zu erhungern
erjagen,erjage,erjagst,erjagt,erjagte,erjagt,erjagte,erjag,erjagt,haben,zu erjagen
erlaben,erlabe,erlabst,erlabt,erlabte,erlabt,erlabte,erlab,erlabt,haben,zu erlaben
hinaufeilen,eile hinauf,eilst hinauf,eilt hinauf,eilte hinauf,hinaufgeeilt,eilte hinauf,eil hinauf,eilt hinauf,sein,hinauzufeilen
emporklimmen,klimme empor,klimmst empor,klimmt empor,klomm empor,emporgeklommen,klömme empor,klimm empor,klimmt empor,sein,zu emporklimmen
absacken,sacke ab,sackst ab,sackt ab,sackte ab,abgesackt,sackte ab,sack ab,sackt ab,sein,abzusacken
schmitzen,—,—,schmitzt,schmitzte,geschmitzt,schmitzte,—,—,haben,zu schmitzen
danebenbenehmen,benehme daneben,benimmst daneben,benimmt daneben,benahm daneben,danebenbenommen,benähme daneben,benimm daneben,benehmt daneben,haben,danebenzubenehmen
müßiggehen,gehe müßig,gehst müßig,geht müßig,ging müßig,müßiggegangen,ginge müßig,geh müßig,geht müßig,sein,müßigzugehen
pingen,pinge,pingst,pingt,pingte,gepingt,pingte,ping,pingt,haben,zu pingen
erklingen,erklinge,erklingst,erklingt,erklang,erklungen,erklänge,erkling,erklingt,sein,zu erklingen
erglimmen,erglimme,erglimmst,erglimmt,erglomm,erglommen,erglömme,erglimm,erglimmt,sein,zu erglimmen
erglänzen,erglänze,erglänzt,erglänzt,erglänzte,erglänzt,erglänzte,erglänz,erglänzt,sein,zu erglänzen
erglühen,erglühe,erglühst,erglüht,erglühte,erglüht,erglühte,erglüh,erglüht,sein,zu erglühen
erstrahlen,erstrahle,erstrahlst,erstrahlt,erstrahlte,erstrahlt,erstrahlte,erstrahl,erstrahlt,sein,zu erstrahlen
erhellen,erhelle,erhellst,erhellt,erhellte,erhellt,erhellte,erhell,erhellt,haben,zu erhellen
satthören,höre satt,hörst satt,hört satt,hörte satt,sattgehört,hörte satt,hör satt,hört satt,haben,sattzuhören
ermächtigen,ermächtige,ermächtigst,ermächtigt,ermächtigte,ermächtigt,ermächtigte,ermächtig,ermächtigt,haben,zu ermächtigen
ermäßigen,ermäßige,ermäßigst,ermäßigt,ermäßigte,ermäßigt,ermäßigte,ermäßig,ermäßigt,haben,zu ermäßigen
anblitzen,blitze an,blitzt an,blitzt an,blitzte an,angeblitzt,blitzte an,blitz an,blitzt an,haben,anzublitzen
erschnuppern,erschnuppere,erschnupperst,erschnuppert,erschnupperte,erschnuppert,erschnupperte,erschnupper,erschnuppert,haben,zu erschnuppern
erschnüffeln,erschnüffele,erschnüffelst,erschnüffelt,erschnüffelte,erschnüffelt,erschnüffelte,erschnüffel,erschnüffelt,haben,zu erschnüffeln
erriechen,errieche,erriechst,erriecht,erroch,errochen,erröche,erriech,erriecht,haben,zu erriechen
ertanzen,ertanze,ertanzt,ertanzt,ertanzte,ertanzt,ertanzte,ertanz,ertanzt,haben,zu ertanzen
ersingen,ersinge,ersingst,ersingt,ersang,ersungen,ersänge,ersing,ersingt,haben,zu ersingen
erringen,erringe,erringst,erringt,errang,errungen,erränge,erring,erringt,haben,zu erringen
erfechten,erfechte,erfichtst,erficht,erfocht,erfochten,erföchte,erficht,erfechtet,haben,zu erfechten
zermürben,zermürbe,zermürbst,zermürbt,zermürbte,zermürbt,zermürbte,zermürb,zermürbt,haben,zu zermürben
erstreiten,erstreite,erstreitest,erstreitet,erstritt,erstritten,erstritte,erstreit,erstreitet,haben,zu erstreiten
erfighten,erfighte,erfightest,erfightet,erfightete,erfightet,erfightete,erfight,erfightet,haben,zu erfighten
durchboxen,boxe durch,boxt durch,boxt durch,boxte durch,durchgeboxt,boxte durch,box durch,boxt durch,haben,zu durchboxen
aufreißen,reiße auf,reißt auf,reißt auf,riss auf,aufgerissen,risse auf,reiß auf,reißt auf,haben,aufzureißen
erdichten,erdichte,erdichtest,erdichtet,erdichtete,erdichtet,erdichtete,erdicht,erdichtet,haben,zu erdichten
erheucheln,erheuchele,erheuchelst,erheuchelt,erheuchelte,erheuchelt,erheuchelte,erheuchel,erheuchelt,haben,zu erheucheln
erlügen,erlüge,erlügst,erlügt,erlog,erlogen,erlöge,erlüg,erlügt,haben,zu erlügen
erlisten,erliste,erlistest,erlistet,erlistete,erlistet,erlistete,erlist,erlistet,haben,zu erlisten
erschnappen,erschnappe,erschnappst,erschnappt,erschnappte,erschnappt,erschnappte,erschnapp,erschnappt,haben,zu erschnappen
erhaschen,erhasche,erhaschst,erhascht,erhaschte,erhascht,erhaschte,erhasch,erhascht,haben,zu erhaschen
ertasten,ertaste,ertastest,ertastet,ertastete,ertastet,ertastete,ertast,ertastet,haben,zu ertasten
erklügeln,erklügele,erklügelst,erklügelt,erklügelte,erklügelt,erklügelte,erklügel,erklügelt,haben,zu erklügeln
klügeln,klügele,klügelst,klügelt,klügelte,geklügelt,klügelte,klügel,klügelt,haben,zu klügeln
erschwindeln,erschwindele,erschwindelst,erschwindelt,erschwindelte,erschwindelt,erschwindelte,erschwindel,erschwindelt,haben,zu erschwindeln
ernüchtern,ernüchtere,ernüchterst,ernüchtert,ernüchterte,ernüchtert,ernüchterte,ernüchter,ernüchtert,haben,zu ernüchtern
desillusionieren,desillusioniere,desillusionierst,desillusioniert,desillusionierte,desillusioniert,desillusionierte,desillusionier,desillusioniert,haben,zu desillusionieren
erlahmen,erlahme,erlahmst,erlahmt,erlahmte,erlahmt,erlahmte,erlahm,erlahmt,sein,zu erlahmen
ermatten,ermatte,ermattest,ermattet,ermattete,ermattet,ermattete,ermatt,ermattet,sein,zu ermatten
hamburgern,hamburgere,hamburgerst,hamburgert,hamburgerte,gehamburgert,hamburgerte,hamburger,hamburgert,haben,zu hamburgern
tyrannisieren,tyrannisiere,tyrannisierst,tyrannisiert,tyrannisierte,tyrannisiert,tyrannisierte,tyrannisier,tyrannisiert,haben,zu tyrannisieren
wiederaufbereiten,bereite wieder auf,bereitest wieder auf,bereitet wieder auf,bereitete wieder auf,wiederaufbereitet,bereitete wieder auf,bereite wieder auf,bereitet wieder auf,haben,zu wiederaufbereiten
strukturieren,strukturiere,strukturierst,strukturiert,strukturierte,strukturiert,strukturierte,strukturier,strukturiert,haben,zu strukturieren
erschwingen,erschwinge,erschwingst,erschwingt,erschwang,erschwungen,erschwänge,erschwing,erschwingt,haben,zu erschwingen
erkühnen,erkühne,erkühnst,erkühnt,erkühnte,erkühnt,erkühnte,erkühn,erkühnt,haben,zu erkühnen
ersehnen,ersehne,ersehnst,ersehnt,ersehnte,ersehnt,ersehnte,ersehn,ersehnt,haben,zu ersehnen
ergreisen,ergreise,ergreist,ergreist,ergreiste,ergreist,ergreiste,ergreis,ergreist,sein,zu ergreisen
erträumen,erträume,erträumst,erträumt,erträumte,erträumt,erträumte,erträum,erträumt,haben,zu erträumen
ersparen,erspare,ersparst,erspart,ersparte,erspart,ersparte,erspar,erspart,haben,zu ersparen
ertrotzen,ertrotze,ertrotzt,ertrotzt,ertrotzte,ertrotzt,ertrotzte,ertrotz,ertrotzt,haben,zu ertrotzen
erwehren,erwehre,erwehrst,erwehrt,erwehrte,erwehrt,erwehrte,erwehr,erwehrt,haben,zu erwehren
ersteigern,ersteigere,ersteigerst,ersteigert,ersteigerte,ersteigert,ersteigerte,ersteiger,ersteigert,haben,zu ersteigern
erwünschen,erwünsche,erwünschst,erwünscht,erwünschte,erwünscht,erwünschte,erwünsch,erwünscht,haben,zu erwünschen
erzittern,erzittere,erzitterst,erzittert,erzitterte,erzittert,erzitterte,erzitter,erzittert,sein,zu erzittern
ausweiten,weite aus,weitest aus,weitet aus,weitete aus,ausgeweitet,weitete aus,weit aus,weitet aus,haben,auszuweiten
erweichen,erweiche,erweichst,erweicht,erweichte,erweicht,erweichte,erweich,erweicht,haben,zu erweichen
hinunterwürgen,würge hinunter,würgst hinunter,würgt hinunter,würgte hinunter,hinuntergewürgt,würgte hinunter,würg hinunter,würgt hinunter,haben,hinuntzuerwürgen
auswechseln,wechsle aus,wechselst aus,wechselt aus,wechselte aus,ausgewechselt,wechselte aus,wechsel aus,wechselt aus,haben,auszuwechseln
erwirken,erwirke,erwirkst,erwirkt,erwirkte,erwirkt,erwirkte,erwirk,erwirkt,haben,zu erwirken
erwirtschaften,erwirtschafte,erwirtschaftest,erwirtschaftet,erwirtschaftete,erwirtschaftet,erwirtschaftete,erwirtschaft,erwirtschaftet,haben,zu erwirtschaften
auswaschen,wasche aus,wäschst aus,wäscht aus,wusch aus,ausgewaschen,wüsche aus,wasch aus,wascht aus,haben,auszuwaschen
erwählen,erwähle,erwählst,erwählt,erwählte,erwählt,erwählte,erwähl,erwählt,haben,zu erwählen
ersehen,ersehe,ersiehst,ersieht,ersah,ersehen,ersähe,ersieh,erseht,haben,zu ersehen
erretten,errette,errettest,errettet,errettete,errettet,errettete,errett,errettet,haben,zu erretten
erstarken,erstarke,erstarkst,erstarkt,erstarkte,erstarkt,erstarkte,erstark,erstarkt,sein,zu erstarken
erstürmen,erstürme,erstürmst,erstürmt,erstürmte,erstürmt,erstürmte,erstürm,erstürmt,haben,zu erstürmen
hinausekeln,ekle hinaus,ekelst hinaus,ekelt hinaus,ekelte hinaus,hinausgeekelt,ekelte hinaus,ekle hinaus,ekelt hinaus,haben,zu hinausekeln
erflehen,erflehe,erflehst,erfleht,erflehte,erfleht,erflehte,erfleh,erfleht,haben,zu erflehen
erhärten,erhärte,erhärtest,erhärtet,erhärtete,erhärtet,erhärtete,erhärt,erhärtet,haben,zu erhärten
hinausposaunen,posaune hinaus,posaunst hinaus,posaunt hinaus,posaunte hinaus,hinausposaunt,posaunte hinaus,posaun hinaus,posaunt hinaus,haben,hinzuausposaunen
hinaustrompeten,trompete hinaus,trompetest hinaus,trompetet hinaus,trompetete hinaus,hinaustrompetet,trompetete hinaus,trompete hinaus,trompetet hinaus,haben,zu hinaustrompeten
stillschweigen,schweige still,schweigst still,schweigt still,schwieg still,stillgeschwiegen,schwiege still,schweig still,schweigt still,haben,stillzuschweigen
dichthalten,halte dicht,hältst dicht,hält dicht,hielt dicht,dichtgehalten,hielte dicht,halte dicht,haltet dicht,haben,dichtzuhalten
herniederschweben,schwebe hernieder,schwebst hernieder,schwebt hernieder,schwebte hernieder,herniedergeschwebt,schwebte hernieder,schweb hernieder,schwebt hernieder,sein,herzuniederschweben
herabschweben,schwebe herab,schwebst herab,schwebt herab,schwebte herab,herabgeschwebt,schwebte herab,schweb herab,schwebt herab,sein,herzuabschweben
emporschweben,schwebe empor,schwebst empor,schwebt empor,schwebte empor,emporgeschwebt,schwebte empor,schweb empor,schwebt empor,sein,zu emporschweben
auswalzen,walze aus,walzt aus,walzt aus,walzte aus,ausgewalzt,walzte aus,walz aus,walzt aus,haben,auszuwalzen
austrocknen,trockne aus,trocknest aus,trocknet aus,trocknete aus,ausgetrocknet,trocknete aus,trockne aus,trocknet aus,haben,auszutrocknen
erstinken,erstinke,erstinkst,erstinkt,erstank,erstunken,erstänke,erstink,erstinkt,sein,zu erstinken
erwandern,erwandere,erwanderst,erwandert,erwanderte,erwandert,erwanderte,erwander,erwandert,haben,zu erwandern
hochspielen,spiele hoch,spielst hoch,spielt hoch,spielte hoch,hochgespielt,spielte hoch,spiel hoch,spielt hoch,haben,hochzuspielen
andünsten,dünste an,dünstest an,dünstet an,dünstete an,angedünstet,dünste an,dünst an,dünstet an,haben,anzudünsten
herumlungern,lungere herum,lungerst herum,lungert herum,lungerte herum,herumgelungert,lungerte herum,lungere herum,lungert herum,haben,herzuumlungern
erspähen,erspähe,erspähst,erspäht,erspähte,erspäht,erspähte,erspäh,erspäht,haben,zu erspähen
erschauen,erschaue,erschaust,erschaut,erschaute,erschaut,erschaute,erschau,erschaut,haben,zu erschauen
erlernen,erlerne,erlernst,erlernt,erlernte,erlernt,erlernte,erlern,erlernt,haben,zu erlernen
erspüren,erspüre,erspürst,erspürt,erspürte,erspürt,erspürte,erspür,erspürt,haben,zu erspüren
zurückreichen,reiche zurück,reichst zurück,reicht zurück,reichte zurück,zurückgereicht,reichte zurück,reich zurück,reicht zurück,haben,zuzurückreichen
herkommen,komme her,kommst her,kommt her,kam her,hergekommen,käme her,komm her,kommt her,sein,herzukommen
einsacken,sacke ein,sackst ein,sackt ein,sackte ein,eingesackt,sackte ein,sack ein,sackt ein,sein,einzusacken
erhorchen,erhorche,erhorchst,erhorcht,erhorchte,erhorcht,erhorchte,erhorch,erhorcht,haben,zu erhorchen
erlauschen,erlausche,erlauschst,erlauscht,erlauschte,erlauscht,erlauschte,erlausch,erlauscht,haben,zu erlauschen
ausstauben,staube aus,staubst aus,staubt aus,staubte aus,ausgestaubt,staubte aus,staub aus,staubt aus,haben,auszustauben
ermessen,ermesse,ermisst,ermisst,ermaß,ermessen,ermäße,ermiss,ermesst,haben,zu ermessen
ermangeln,ermangle,ermangelst,ermangelt,ermangelte,ermangelt,ermangelte,ermangle,ermangelt,haben,zu ermangeln
erschürfen,erschürfe,erschürfst,erschürft,erschürfte,erschürft,erschürfte,erschürf,erschürft,haben,zu erschürfen
mandatieren,mandatiere,mandatierst,mandatiert,mandatierte,mandatiert,mandatierte,mandatier,mandatiert,haben,zu mandatieren
ergraben,ergrabe,ergräbst,ergräbt,ergrub,ergraben,ergrübe,ergrab,ergrabt,haben,zu ergraben
erbohren,erbohre,erbohrst,erbohrt,erbohrte,erbohrt,erbohrte,erbohr,erbohrt,haben,zu erbohren
erbreiten,erbreite,erbreitest,erbreitet,erbreitete,erbreitet,erbreitete,erbreit,erbreitet,haben,zu erbreiten
erspurten,erspurte,erspurtest,erspurtet,erspurtete,erspurtet,erspurtete,erspurt,erspurtet,haben,zu erspurten
ersprinten,ersprinte,ersprintest,ersprintet,ersprintete,ersprintet,ersprintete,ersprint,ersprintet,haben,zu ersprinten
erspringen,erspringe,erspringst,erspringt,ersprang,ersprungen,erspränge,erspring,erspringt,haben,zu erspringen
erturnen,erturne,erturnst,erturnt,erturnte,erturnt,erturnte,erturn,erturnt,haben,zu erturnen
ersegeln,ersegele,ersegelst,ersegelt,ersegelte,ersegelt,ersegelte,ersegel,ersegelt,haben,zu ersegeln
hinunterdrücken,drücke hinunter,drückst hinunter,drückt hinunter,drückte hinunter,hinuntergedrückt,drückte hinunter,drück hinunter,drückt hinunter,haben,hinzuunterdrücken
errudern,errudere,erruderst,errudert,erruderte,errudert,erruderte,erruder,errudert,haben,zu errudern
erschwimmen,erschwimme,erschwimmst,erschwimmt,erschwamm,erschwommen,erschwömme,erschwimm,erschwimmt,haben,zu erschwimmen
erpaddeln,erpaddele,erpaddelst,erpaddelt,erpaddelte,erpaddelt,erpaddelte,erpaddel,erpaddelt,haben,zu erpaddeln
erfliegen,erfliege,erfliegst,erfliegt,erflog,erflogen,erflöge,erflieg,erfliegt,haben,zu erfliegen
erklettern,erklettere,erkletterst,erklettert,erkletterte,erklettert,erkletterte,erkletter,erklettert,haben,zu erklettern
aufwirbeln,wirble auf,wirbelst auf,wirbelt auf,wirbelte auf,aufgewirbelt,wirbelte auf,wirble auf,wirbelt auf,haben,aufzuwirbeln
erheitern,erheitere,erheiterst,erheitert,erheiterte,erheitert,erheiterte,erheiter,erheitert,haben,zu erheitern
abrechnen,rechne ab,rechnest ab,rechnet ab,rechnete ab,abgerechnet,rechnete ab,rechne ab,rechnet ab,haben,abzurechnen
spaten,spate,spatest,spatet,spatete,gespatet,spatete,spat,spatet,haben,zu spaten
ertesten,erteste,ertestest,ertestet,ertestete,ertestet,ertestete,ertest,ertestet,haben,zu ertesten
ergrübeln,ergrübele,ergrübelst,ergrübelt,ergrübelte,ergrübelt,ergrübelte,ergrübel,ergrübelt,haben,zu ergrübeln
ertüfteln,ertüftele,ertüftelst,ertüftelt,ertüftelte,ertüftelt,ertüftelte,ertüftel,ertüftelt,haben,zu ertüfteln
ertippen,ertippe,ertippst,ertippt,ertippte,ertippt,ertippte,ertipp,ertippt,haben,zu ertippen
niederschießen,schieße nieder,schießt nieder,schießt nieder,schoss nieder,niedergeschossen,schösse nieder,schieß nieder,schießt nieder,haben,niederzuschießen
abknallen,knalle ab,knallst ab,knallt ab,knallte ab,abgeknallt,knallte ab,knall ab,knallt ab,haben,abzuknallen
eräugen,eräuge,eräugst,eräugt,eräugte,eräugt,eräugte,eräug,eräugt,haben,zu eräugen
erbranden,—,—,erbrandet,erbrandete,erbrandet,erbrandete,—,—,sein,zu erbranden
auseinanderbiegen,biege auseinander,biegst auseinander,biegt auseinander,bog auseinander,auseinandergebogen,böge auseinander,bieg auseinander,biegt auseinander,haben,auszueinanderbiegen
erbrausen,erbrause,erbraust,erbraust,erbrauste,erbraust,erbrauste,erbraus,erbraust,sein,zu erbrausen
erdröhnen,erdröhne,erdröhnst,erdröhnt,erdröhnte,erdröhnt,erdröhnte,erdröhn,erdröhnt,haben,zu erdröhnen
erzeigen,erzeige,erzeigst,erzeigt,erzeigte,erzeigt,erzeigte,erzeig,erzeigt,haben,zu erzeigen
erkünsteln,erkünstele,erkünstelst,erkünstelt,erkünstelte,erkünstelt,erkünstelte,erkünstel,erkünstelt,haben,zu erkünsteln
erheiraten,erheirate,erheiratest,erheiratet,erheiratete,erheiratet,erheiratete,erheirat,erheiratet,haben,zu erheiraten
ermannen,ermanne,ermannst,ermannt,ermannte,ermannt,ermannte,ermann,ermannt,haben,zu ermannen
hinabklettern,klettere hinab,kletterst hinab,klettert hinab,kletterte hinab,hinabgeklettert,kletterte hinab,klettere hinab,klettert hinab,sein,hinabzuklettern
emporklettern,klettere empor,kletterst empor,klettert empor,kletterte empor,emporgeklettert,kletterte empor,klettere empor,klettert empor,sein,zu emporklettern
hinunterklettern,klettere hinunter,kletterst hinunter,klettert hinunter,kletterte hinunter,hinuntergeklettert,kletterte hinunter,klettere hinunter,klettert hinunter,sein,zu hinunterklettern
ergoogeln,ergoogele,ergoogelst,ergoogelt,ergoogelte,ergoogelt,ergoogelte,ergoogel,ergoogelt,haben,zu ergoogeln
erborgen,erborge,erborgst,erborgt,erborgte,erborgt,erborgte,erborg,erborgt,haben,zu erborgen
erpochen,erpoche,erpochst,erpocht,erpochte,erpocht,erpochte,erpoch,erpocht,haben,zu erpochen
hochklettern,kletter hoch,kletterst hoch,klettert hoch,kletterte hoch,hochgeklettert,kletterte hoch,kletter hoch,klettert hoch,sein,hochzuklettern
vereinen,vereine,vereinst,vereint,vereinte,vereint,vereinte,vereine,vereint,haben,zu vereinen
hinaufklimmen,klimme hinauf,klimmst hinauf,klimmt hinauf,klomm hinauf,hinaufgeklommen,klömme hinauf,klimm hinauf,klimmt hinauf,sein,zu hinaufklimmen
erzüchten,erzüchte,erzüchtest,erzüchtet,erzüchtete,erzüchtet,erzüchtete,erzücht,erzüchtet,haben,zu erzüchten
ersättigen,ersättige,ersättigst,ersättigt,ersättigte,ersättigt,ersättigte,ersättig,ersättigt,haben,zu ersättigen
erschmecken,erschmecke,erschmeckst,erschmeckt,erschmeckte,erschmeckt,erschmeckte,erschmeck,erschmeckt,haben,zu erschmecken
erdrücken,erdrücke,erdrückst,erdrückt,erdrückte,erdrückt,erdrückte,erdrück,erdrückt,haben,zu erdrücken
erschimmern,erschimmere,erschimmerst,erschimmert,erschimmerte,erschimmert,erschimmerte,erschimmer,erschimmert,sein,zu erschimmern
erschmeicheln,erschmeichele,erschmeichelst,erschmeichelt,erschmeichelte,erschmeichelt,erschmeichelte,erschmeichel,erschmeichelt,haben,zu erschmeicheln
erlosen,erlose,erlost,erlost,erloste,erlost,erloste,erlos,erlost,haben,zu erlosen
durcheinanderbringen,bringe durcheinander,bringst durcheinander,bringt durcheinander,brachte durcheinander,durcheinandergebracht,brächte durcheinander,bring durcheinander,bringt durcheinander,haben,zu durcheinanderbringen
ersiegen,ersiege,ersiegst,ersiegt,ersiegte,ersiegt,ersiegte,ersieg,ersiegt,haben,zu ersiegen
erloten,erlote,erlotest,erlotet,erlotete,erlotet,erlotete,erlot,erlotet,haben,zu erloten
erschmelzen,erschmelze,erschmilzt,erschmilzt,erschmolz,erschmolzen,erschmölze,erschmilz,erschmelzt,haben,zu erschmelzen
erspinnen,erspinne,erspinnst,erspinnt,erspann,ersponnen,erspönne,erspinn,erspinnt,haben,zu erspinnen
erweben,erwebe,erwebst,erwebt,erwebte,erwoben,erwebte,erweb,erwebt,haben,zu erweben
erschmieren,erschmiere,erschmierst,erschmiert,erschmierte,erschmiert,erschmierte,erschmier,erschmiert,haben,zu erschmieren
ersprießen,ersprieße,ersprießt,ersprießt,erspross,ersprossen,ersprösse,ersprieß,ersprießt,sein,zu ersprießen
erbrüsten,erbrüste,erbrüstest,erbrüstet,erbrüstete,erbrüstet,erbrüstete,erbrüst,erbrüstet,haben,zu erbrüsten
erschaudern,erschaudere,erschauderst,erschaudert,erschauderte,erschaudert,erschauderte,erschauder,erschaudert,sein,zu erschaudern
erschauern,erschauere,erschauerst,erschauert,erschauerte,erschauert,erschauerte,erschauer,erschauert,sein,zu erschauern
erdauern,erdauere,erdauerst,erdauert,erdauerte,erdauert,erdauerte,erdauer,erdauert,haben,zu erdauern
erharren,erharre,erharrst,erharrt,erharrte,erharrt,erharrte,erharr,erharrt,haben,zu erharren
erhandeln,erhandele,erhandelst,erhandelt,erhandelte,erhandelt,erhandelte,erhandel,erhandelt,haben,zu erhandeln
aufwärtsfahren,fahre aufwärts,fährst aufwärts,fährt aufwärts,fuhr aufwärts,aufwärtsgefahren,führe aufwärts,fahr aufwärts,fahrt aufwärts,sein,aufzuwärtsfahren
errackern,errackere,errackerst,errackert,errackerte,errackert,errackerte,errackere,errackert,haben,zu errackern
erschuften,erschufte,erschuftest,erschuftet,erschuftete,erschuftet,erschuftete,erschuft,erschuftet,haben,zu erschuften
abwärtsfahren,fahre abwärts,fährst abwärts,fährt abwärts,fuhr abwärts,abwärtsgefahren,führe abwärts,fahr abwärts,fahrt abwärts,sein,abzuwärtsfahren
erraffen,erraffe,erraffst,errafft,erraffte,errafft,erraffte,erraff,errafft,haben,zu erraffen
erramschen,erramsche,erramschst,erramscht,erramschte,erramscht,erramschte,erramsch,erramscht,haben,zu erramschen
erbrüten,erbrüte,erbrütest,erbrütet,erbrütete,erbrütet,erbrütete,erbrüt,erbrütet,haben,zu erbrüten
erbrüllen,erbrülle,erbrüllst,erbrüllt,erbrüllte,erbrüllt,erbrüllte,erbrüll,erbrüllt,sein,zu erbrüllen
erbrummen,erbrumme,erbrummst,erbrummt,erbrummte,erbrummt,erbrummte,erbrumm,erbrummt,haben,zu erbrummen
erbuhlen,erbuhle,erbuhlst,erbuhlt,erbuhlte,erbuhlt,erbuhlte,erbuhl,erbuhlt,haben,zu erbuhlen
erbuben,erbube,erbubst,erbubt,erbubte,erbubt,erbubte,erbub,erbubt,haben,zu erbuben
erschlafen,erschlafe,erschläfst,erschläft,erschlief,erschlafen,erschliefe,erschlaf,erschlaft,haben,zu erschlafen
widerstreiten,widerstreite,widerstreitest,widerstreitet,widerstritt,widerstritten,widerstritte,widerstreit,widerstreitet,haben,zu widerstreiten
widerstreben,widerstrebe,widerstrebst,widerstrebt,widerstrebte,widerstrebt,widerstrebte,widerstreb,widerstrebt,haben,zu widerstreben
entzweihacken,hacke entzwei,hackst entzwei,hackt entzwei,hackte entzwei,entzweigehackt,hackte entzwei,hack entzwei,hackt entzwei,haben,zu entzweihacken
widersagen,widersage,widersagst,widersagt,widersagte,widersagt,widersagte,widersag,widersagt,haben,zu widersagen
widerreden,widerrede,widerredest,widerredet,widerredete,widerredet,widerredete,widerred,widerredet,haben,zu widerreden
widerraten,widerrate,widerrätst,widerrät,widerriet,widerraten,widerriete,widerrat,widerratet,haben,zu widerraten
widereinanderstoßen,stoße widereinander,stößt widereinander,stößt widereinander,stieß widereinander,widereinandergestoßen,stieße widereinander,stoß widereinander,stoßt widereinander,sein,zu widereinanderstoßen
widerhallen,halle wider,hallst wider,hallt wider,hallte wider,widergehallt,hallte wider,hall wider,hallt wider,haben,widerzuhallen
widerschallen,schalle wider,schallst wider,schallt wider,schallte wider,widergeschallt,schallte wider,schall wider,schallt wider,haben,widersczuhallen
widerklingen,klinge wider,klingst wider,klingt wider,klang wider,widergeklungen,klänge wider,kling wider,klingt wider,haben,widerzuklingen
widerstrahlen,strahle wider,strahlst wider,strahlt wider,strahlte wider,widergestrahlt,strahlte wider,strahl wider,strahlt wider,haben,zu widerstrahlen
widerscheinen,scheine wider,scheinst wider,scheint wider,schien wider,widergeschienen,schiene wider,schein wider,scheint wider,haben,zu widerscheinen
entasten,entaste,entastest,entastet,entastete,entastet,entastete,entast,entastet,haben,zu entasten
entästen,entäste,entästest,entästet,entästete,entästet,entästete,entäst,entästet,haben,zu entästen
entbasten,entbaste,entbastest,entbastet,entbastete,entbastet,entbastete,entbast,entbastet,haben,zu entbasten
entblättern,entblättere,entblätterst,entblättert,entblätterte,entblättert,entblätterte,entblätter,entblättert,haben,zu entblättern
entbeinen,entbeine,entbeinst,entbeint,entbeinte,entbeint,entbeinte,entbein,entbeint,haben,zu entbeinen
entknochen,entknoche,entknochst,entknocht,entknochte,entknocht,entknochte,entknoch,entknocht,haben,zu entknochen
entbleien,entbleie,entbleist,entbleit,entbleite,entbleit,entbleite,entblei,entbleit,haben,zu entbleien
entchloren,entchlore,entchlorst,entchlort,entchlorte,entchlort,entchlorte,entchlor,entchlort,haben,zu entchloren
entschwefeln,entschwefele,entschwefelst,entschwefelt,entschwefelte,entschwefelt,entschwefelte,entschwefel,entschwefelt,haben,zu entschwefeln
entwurmen,entwurme,entwurmst,entwurmt,entwurmte,entwurmt,entwurmte,entwurm,entwurmt,haben,zu entwurmen
entschuppen,entschuppe,entschuppst,entschuppt,entschuppte,entschuppt,entschuppte,entschupp,entschuppt,haben,zu entschuppen
entrosten,entroste,entrostest,entrostet,entrostete,entrostet,entrostete,entrost,entrostet,haben,zu entrosten
überfluten,überflute,überflutest,überflutet,überflutete,überflutet,überflutete,überflute,überflutet,haben,zu überfluten
entsteinen,entsteine,entsteinst,entsteint,entsteinte,entsteint,entsteinte,entstein,entsteint,haben,zu entsteinen
steinen,steine,steinst,steint,steinte,gesteint,steinte,stein,steint,haben,zu steinen
entfärben,entfärbe,entfärbst,entfärbt,entfärbte,entfärbt,entfärbte,entfärb,entfärbt,haben,zu entfärben
entschrotten,entschrotte,entschrottest,entschrottet,entschrottete,entschrottet,entschrottete,entschrott,entschrottet,haben,zu entschrotten
überschwemmen,überschwemme,überschwemmst,überschwemmt,überschwemmte,überschwemmt,überschwemmte,überschwemme,überschwemmt,haben,zu überschwemmen
klarkommen,komme klar,kommst klar,kommt klar,kam klar,klargekommen,käme klar,komm klar,kommt klar,sein,klarzukommen
klarlegen,lege klar,legst klar,legt klar,legte klar,klargelegt,legte klar,leg klar,legt klar,haben,klarzulegen
klarmachen,mache klar,machst klar,macht klar,machte klar,klargemacht,machte klar,mach klar,macht klar,haben,klarzumachen
entkrauten,entkraute,entkrautest,entkrautet,entkrautete,entkrautet,entkrautete,entkraut,entkrautet,haben,zu entkrauten
entölen,entöle,entölst,entölt,entölte,entölt,entölte,entöl,entölt,haben,zu entölen
entaschen,entasche,entaschst,entascht,entaschte,entascht,entaschte,entasch,entascht,haben,zu entaschen
entgraten,entgrate,entgratest,entgratet,entgratete,entgratet,entgratete,entgrat,entgratet,haben,zu entgraten
entsalzen,entsalze,entsalzt,entsalzt,entsalzte,entsalzt,entsalzte,entsalz,entsalzt,haben,zu entsalzen
entgasen,entgase,entgast,entgast,entgaste,entgast,entgaste,entgas,entgast,haben,zu entgasen
koken,koke,kokst,kokt,kokte,gekokt,kokte,kok,kokt,haben,zu koken
entloben,entlobe,entlobst,entlobt,entlobte,entlobt,entlobte,entlob,entlobt,haben,zu entloben
entgelten,entgelte,entgiltst,entgilt,entgalt,entgolten,entgälte,entgilt,entgeltet,haben,zu entgelten
entäußern,entäußere,entäußerst,entäußert,entäußerte,entäußert,entäußerte,entäußer,entäußert,haben,zu entäußern
entrußen,entruße,entrußt,entrußt,entrußte,entrußt,entrußte,entruß,entrußt,haben,zu entrußen
entrippen,entrippe,entrippst,entrippt,entrippte,entrippt,entrippte,entripp,entrippt,haben,zu entrippen
straufen,straufe,straufst,strauft,straufte,gestrauft,straufte,strauf,strauft,haben,zu straufen
entsahnen,entsahne,entsahnst,entsahnt,entsahnte,entsahnt,entsahnte,entsahn,entsahnt,haben,zu entsahnen
sahnen,sahne,sahnst,sahnt,sahnte,gesahnt,sahnte,sahn,sahnt,haben,zu sahnen
entstielen,entstiele,entstielst,entstielt,entstielte,entstielt,entstielte,entstiel,entstielt,haben,zu entstielen
zerstückeln,zerstückele,zerstückelst,zerstückelt,zerstückelte,zerstückelt,zerstückelte,zerstückele,zerstückelt,haben,zu zerstückeln
zerhacken,zerhacke,zerhackst,zerhackt,zerhackte,zerhackt,zerhackte,zerhack,zerhackt,haben,zu zerhacken
entschlacken,entschlacke,entschlackst,entschlackt,entschlackte,entschlackt,entschlackte,entschlack,entschlackt,haben,zu entschlacken
entsteigen,entsteige,entsteigst,entsteigt,entstieg,entstiegen,entstiege,entsteig,entsteigt,sein,zu entsteigen
kleinhalten,halte klein,hältst klein,hält klein,hielt klein,kleingehalten,hielte klein,halt klein,haltet klein,haben,kleinzuhalten
komplettieren,komplettiere,komplettierst,komplettiert,komplettierte,komplettiert,komplettierte,komplettier,komplettiert,haben,zu komplettieren
vandalieren,vandaliere,vandalierst,vandaliert,vandalierte,vandaliert,vandalierte,vandalier,vandaliert,haben,zu vandalieren
melieren,meliere,melierst,meliert,melierte,meliert,melierte,melier,meliert,haben,zu melieren
dabeihaben,habe dabei,hast dabei,hat dabei,hatte dabei,dabeigehabt,hätte dabei,hab dabei,habt dabei,haben,zu dabeihaben
vandalisieren,vandalisiere,vandalisierst,vandalisiert,vandalisierte,vandalisiert,vandalisierte,vandalisier,vandalisiert,haben,zu vandalisieren
entzücken,entzücke,entzückst,entzückt,entzückte,entzückt,entzückte,entzück,entzückt,haben,zu entzücken
entspiegeln,entspiegele,entspiegelst,entspiegelt,entspiegelte,entspiegelt,entspiegelte,entspiegel,entspiegelt,haben,zu entspiegeln
entzaubern,entzaubere,entzauberst,entzaubert,entzauberte,entzaubert,entzauberte,entzauber,entzaubert,haben,zu entzaubern
entkrampfen,entkrampfe,entkrampfst,entkrampft,entkrampfte,entkrampft,entkrampfte,entkrampf,entkrampft,haben,zu entkrampfen
entfeuchten,entfeuchte,entfeuchtest,entfeuchtet,entfeuchtete,entfeuchtet,entfeuchtete,entfeucht,entfeuchtet,haben,zu entfeuchten
entfleischen,entfleische,entfleischst,entfleischt,entfleischte,entfleischt,entfleischte,entfleisch,entfleischt,haben,zu entfleischen
schubladisieren,schubladisiere,schubladisierst,schubladisiert,schubladisierte,schubladisiert,schubladisierte,schubladisier,schubladisiert,haben,zu schubladisieren
entstören,entstöre,entstörst,entstört,entstörte,entstört,entstörte,entstör,entstört,haben,zu entstören
entblocken,entblocke,entblockst,entblockt,entblockte,entblockt,entblockte,entblock,entblockt,haben,zu entblocken
entsäuern,entsäuere,entsäuerst,entsäuert,entsäuerte,entsäuert,entsäuerte,entsäuer,entsäuert,haben,zu entsäuern
entsumpfen,entsumpfe,entsumpfst,entsumpft,entsumpfte,entsumpft,entsumpfte,entsumpf,entsumpft,haben,zu entsumpfen
sumpfen,sumpfe,sumpfst,sumpft,sumpfte,gesumpft,sumpfte,sumpf,sumpft,haben,zu sumpfen
entschulden,entschulde,entschuldest,entschuldet,entschuldete,entschuldet,entschuldete,entschuld,entschuldet,haben,zu entschulden
mitbestimmen,bestimme mit,bestimmst mit,bestimmt mit,bestimmte mit,mitbestimmt,bestimmte mit,bestimm mit,bestimmt mit,haben,mitzubestimmen
entgleiten,entgleite,entgleitest,entgleitet,entglitt,entglitten,entglitte,entgleit,entgleitet,sein,zu entgleiten
entlocken,entlocke,entlockst,entlockt,entlockte,entlockt,entlockte,entlock,entlockt,haben,zu entlocken
entanonymisieren,entanonymisiere,entanonymisierst,entanonymisiert,entanonymisierte,entanonymisiert,entanonymisierte,entanonymisier,entanonymisiert,haben,zu entanonymisieren
entglorifizieren,entglorifiziere,entglorifizierst,entglorifiziert,entglorifizierte,entglorifiziert,entglorifizierte,entglorifizier,entglorifiziert,haben,zu entglorifizieren
entmythisieren,entmythisiere,entmythisierst,entmythisiert,entmythisierte,entmythisiert,entmythisierte,entmythisier,entmythisiert,haben,zu entmythisieren
anonymisieren,anonymisiere,anonymisierst,anonymisiert,anonymisierte,anonymisiert,anonymisierte,anonymisier,anonymisiert,haben,anzuonymisieren
glorifizieren,glorifiziere,glorifizierst,glorifiziert,glorifizierte,glorifiziert,glorifizierte,glorifizier,glorifiziert,haben,zu glorifizieren
visualisieren,visualisiere,visualisierst,visualisiert,visualisierte,visualisiert,visualisierte,visualisier,visualisiert,haben,zu visualisieren
zentralisieren,zentralisiere,zentralisierst,zentralisiert,zentralisierte,zentralisiert,zentralisierte,zentralisier,zentralisiert,haben,zu zentralisieren
dezentralisieren,dezentralisiere,dezentralisierst,dezentralisiert,dezentralisierte,dezentralisiert,dezentralisierte,dezentralisier,dezentralisiert,haben,zu dezentralisieren
Benutzer:Udo T./gehen,gehe,gehst,geht,ging,gegangen,ginge,geh,geht,sein,zu Benutzer:Udo T./gehen
schwerfallen,–,–,fällt schwer,fiel schwer,schwergefallen,fiele schwer,—,—,sein,schwerzufallen
absehen,sehe ab,siehst ab,sieht ab,sah ab,abgesehen,sähe ab,sieh ab,seht ab,haben,abzusehen
anmerken,merke an,merkst an,merkt an,merkte an,angemerkt,merkte an,merk an,merkt an,haben,anzumerken
mitkriegen,kriege mit,kriegst mit,kriegt mit,kriegte mit,mitgekriegt,kriegte mit,krieg mit,kriegt mit,haben,mitzukriegen
interpolieren,interpoliere,interpolierst,interpoliert,interpolierte,interpoliert,interpolierte,interpolier,interpoliert,haben,interzupolieren
aufsaugen,sauge auf,saugst auf,saugt auf,saugte auf,aufgesaugt,saugte auf,saug auf,saugt auf,haben,aufzusaugen
davonlaufen,laufe davon,läufst davon,läuft davon,lief davon,davongelaufen,liefe davon,lauf davon,lauft davon,sein,davonzulaufen
anregen,rege an,regst an,regt an,regte an,angeregt,regte an,reg an,regt an,haben,anzuregen
anfachen,fache an,fachst an,facht an,fachte an,angefacht,fachte an,fach an,facht an,haben,anzufachen
herbeieilen,eile herbei,eilst herbei,eilt herbei,eilte herbei,herbeigeeilt,eilte herbei,eil herbei,eilt herbei,sein,herzubeieilen
antrinken,trinke an,trinkst an,trinkt an,trank an,angetrunken,tränke an,trink an,trinkt an,haben,anzutrinken
zerfetzen,zerfetze,zerfetzt,zerfetzt,zerfetzte,zerfetzt,zerfetzte,zerfetz,zerfetzt,haben,zu zerfetzen
aufheitern,heitere auf,heiterst auf,heitert auf,heiterte auf,aufgeheitert,heiterte auf,heiter auf,heitert auf,haben,aufzuheitern
aufgreifen,greife auf,greifst auf,greift auf,griff auf,aufgegriffen,griffe auf,greife auf,greift auf,haben,aufzugreifen
verseuchen,verseuche,verseuchst,verseucht,verseuchte,verseucht,verseuchte,verseuch,verseucht,haben,zu verseuchen
auseinanderhalten,halte auseinander,hältst auseinander,hält auseinander,hielt auseinander,auseinandergehalten,hielte auseinander,halt auseinander,haltet auseinander,haben,auszueinanderhalten
herhalten,halte her,hältst her,hält her,hielt her,hergehalten,hielte her,halte her,haltet her,haben,herzuhalten
vorenthalten,enthalte vor,enthältst vor,enthält vor,enthielt vor,vorenthalten,enthielte vor,enthalte vor,enthaltet vor,haben,zu vorenthalten
ozonisieren,ozonisiere,ozonisierst,ozonisiert,ozonisierte,ozonisiert,ozonisierte,ozonisier,ozonisiert,haben,zu ozonisieren
zuhalten,halte zu,hältst zu,hält zu,hielt zu,zugehalten,hielte zu,halte zu,haltet zu,haben,zuzuhalten
mithalten,halte mit,hältst mit,hält mit,hielt mit,mitgehalten,hielte mit,halte mit,haltet mit,haben,mitzuhalten
stillhalten,halte still,hältst still,hält still,hielt still,stillgehalten,hielte still,halte still,haltet still,haben,stillzuhalten
vorhalten,halte vor,hältst vor,hält vor,hielt vor,vorgehalten,hielte vor,halte vor,haltet vor,haben,zu vorhalten
zurückbehalten,behalte zurück,behältst zurück,behält zurück,behielt zurück,zurückbehalten,behielte zurück,behalte zurück,behaltet zurück,haben,zuzurückbehalten
beibehalten,behalte bei,behältst bei,behält bei,behielt bei,beibehalten,behielte bei,behalte bei,behaltet bei,haben,zu beibehalten
heraushalten,halte heraus,hältst heraus,hält heraus,hielt heraus,herausgehalten,hielte heraus,halte heraus,haltet heraus,haben,herzuaushalten
zusammenhalten,halte zusammen,hältst zusammen,hält zusammen,hielt zusammen,zusammengehalten,hielte zusammen,halte zusammen,haltet zusammen,haben,zuzusammenhalten
bereithalten,halte bereit,hältst bereit,hält bereit,hielt bereit,bereitgehalten,hielte bereit,halt bereit,haltet bereit,haben,zu bereithalten
hochgehen,gehe hoch,gehst hoch,geht hoch,ging hoch,hochgegangen,ginge hoch,geh hoch,geht hoch,sein,hochzugehen
wegfallen,falle weg,fällst weg,fällt weg,fiel weg,weggefallen,fiele weg,falle weg,fallt weg,sein,wegzufallen
hinaufgehen,gehe hinauf,gehst hinauf,geht hinauf,ging hinauf,hinaufgegangen,ginge hinauf,geh hinauf,geht hinauf,sein,hinzuaufgehen
verläppern,verläppere,verläpperst,verläppert,verläpperte,verläppert,verläpperte,verläppere,verläppert,haben,zu verläppern
verkleppern,verkleppere,verklepperst,verkleppert,verklepperte,verkleppert,verklepperte,verklepper,verkleppert,haben,zu verkleppern
oxydieren,oxydiere,oxydierst,oxydiert,oxydierte,oxydiert,oxydierte,oxydier,oxydiert,haben,zu oxydieren
dalken,dalke,dalkst,dalkt,dalkte,gedalkt,dalkte,dalk,dalkt,haben,zu dalken
telben,telbe,tilbst,tilbt,talb,getolben,tülbe,tilb,telbt,haben,zu telben
hupfen,hupfe,hupfst,hupft,hupfte,gehupft,hupfte,hupf,hupft,sein,zu hupfen
schwalchen,schwalche,schwalchst,schwalcht,schwalchte,geschwalcht,schwalchte,schwalch,schwalcht,haben,zu schwalchen
soupieren,soupiere,soupierst,soupiert,soupierte,soupiert,soupierte,soupier,soupiert,haben,zu soupieren
belgen,belge,bilgst,bilgt,balg,gebolgen,bülge,bilg,belgt,haben,zu belgen
abschießen,schieße ab,schießt ab,schießt ab,schoss ab,abgeschossen,schösse ab,schieß ab,schießt ab,haben,abzuschießen
hochstilisieren,stilisiere hoch,stilisierst hoch,stilisiert hoch,stilisierte hoch,hochstilisiert,stilisierte hoch,stilisier hoch,stilisiert hoch,haben,hochzustilisieren
verschärfen,verschärfe,verschärfst,verschärft,verschärfte,verschärft,verschärfte,verschärf,verschärft,haben,zu verschärfen
verkeilen,verkeile,verkeilst,verkeilt,verkeilte,verkeilt,verkeilte,verkeil,verkeilt,haben,zu verkeilen
vornüberbeugen,beuge vornüber,beugst vornüber,beugt vornüber,beugte vornüber,vornübergebeugt,beugte vornüber,beug vornüber,beugt vornüber,haben,vornüberzubeugen
verleiten,verleite,verleitest,verleitet,verleitete,verleitet,verleitete,verleit,verleitet,haben,zu verleiten
rhodinieren,rhodiniere,rhodinierst,rhodiniert,rhodinierte,rhodiniert,rhodinierte,rhodinier,rhodiniert,haben,zu rhodinieren
pecken,pecke,peckst,peckt,peckte,gepeckt,peckte,pecke,peckt,haben,zu pecken
aufpecken,pecke auf,peckst auf,peckt auf,peckte auf,aufgepeckt,peckte auf,pecke auf,peckt auf,haben,aufzupecken
zukommen,komme zu,kommst zu,kommt zu,kam zu,zugekommen,käme zu,komm zu,kommt zu,sein,zuzukommen
unterkommen,komme unter,kommst unter,kommt unter,kam unter,untergekommen,käme unter,komm unter,kommt unter,sein,unterzukommen
einblenden,blende ein,blendest ein,blendet ein,blendete ein,eingeblendet,blendete ein,blend ein,blendet ein,haben,einzublenden
aufheizen,heize auf,heizt auf,heizt auf,heizte auf,aufgeheizt,heizte auf,heiz auf,heizt auf,haben,aufzuheizen
verstauchen,verstauche,verstauchst,verstaucht,verstauchte,verstaucht,verstauchte,verstauch,verstaucht,haben,zu verstauchen
duplieren,dupliere,duplierst,dupliert,duplierte,dupliert,duplierte,duplier,dupliert,haben,zu duplieren
dublieren,dubliere,dublierst,dubliert,dublierte,dubliert,dublierte,dublier,dubliert,haben,zu dublieren
doublieren,doubliere,doublierst,doubliert,doublierte,doubliert,doublierte,doublier,doubliert,haben,zu doublieren
gegenprüfen,prüfe gegen,prüfst gegen,prüft gegen,prüfte gegen,gegengeprüft,prüfte gegen,prüf gegen,prüft gegen,haben,zu gegenprüfen
gewahren,gewahre,gewahrst,gewahrt,gewahrte,gewahrt,gewahrte,gewahr,gewahrt,haben,zu gewahren
einweichen,weiche ein,weichst ein,weicht ein,weichte ein,eingeweicht,weichte ein,weich ein,weicht ein,haben,einzuweichen
freischalten,schalte frei,schaltest frei,schaltet frei,schaltete frei,freigeschaltet,schaltete frei,schalt frei,schaltet frei,haben,freizuschalten
nahebringen,bringe nahe,bringst nahe,bringt nahe,brachte nahe,nahegebracht,brächte nahe,bring nahe,bringt nahe,haben,nahezubringen
watschen,watsche,watschst,watscht,watschte,gewatscht,watschte,watsch,watscht,haben,zu watschen
retirieren,retiriere,retirierst,retiriert,retirierte,retiriert,retirierte,retirier,retiriert,sein,zu retirieren
bekanntgeben,gebe bekannt,gibst bekannt,gibt bekannt,gab bekannt,bekanntgegeben,gäbe bekannt,gib bekannt,gebt bekannt,haben,zu bekanntgeben
aufeinanderbeißen,beiße aufeinander,beißt aufeinander,beißt aufeinander,biss aufeinander,aufeinandergebissen,bisse aufeinander,beiß aufeinander,beißt aufeinander,haben,aufzueinanderbeißen
bekannt geben,gebe bekannt,gibst bekannt,gibt bekannt,gab bekannt,bekannt gegeben,gäbe bekannt,gib bekannt,gebt bekannt,haben,zu bekannt geben
auffliegen,fliege auf,fliegst auf,fliegt auf,flog auf,aufgeflogen,flöge auf,flieg auf,fliegt auf,sein,aufzufliegen
auskundschaften,kundschafte aus,kundschaftest aus,kundschaftet aus,kundschaftete aus,ausgekundschaftet,kundschaftete aus,kundschafte aus,kundschaftet aus,haben,auszukundschaften
nachzählen,zähle nach,zählst nach,zählt nach,zählte nach,nachgezählt,zählte nach,zähl nach,zählt nach,haben,nachzuzählen
zuwiderhandeln,handle zuwider,handelst zuwider,handelt zuwider,handelte zuwider,zuwidergehandelt,handelte zuwider,handel zuwider,handelt zuwider,haben,zuzuwiderhandeln
auseinandergehen,gehe auseinander,gehst auseinander,geht auseinander,ging auseinander,auseinandergegangen,ginge auseinander,geh auseinander,geht auseinander,sein,auszueinandergehen
disqualifizieren,disqualifiziere,disqualifizierst,disqualifiziert,disqualifizierte,disqualifiziert,disqualifizierte,disqualifizier,disqualifiziert,haben,zu disqualifizieren
daherreden,rede daher,redest daher,redet daher,redete daher,dahergeredet,redete daher,red daher,redet daher,haben,daherzureden
harpunieren,harpuniere,harpunierst,harpuniert,harpunierte,harpuniert,harpunierte,harpuniere,harpuniert,haben,zu harpunieren
translatieren,translatiere,translatierst,translatiert,translatierte,translatiert,translatierte,translatier,translatiert,haben,zu translatieren
herumkrakeelen,krakeele herum,krakeelst herum,krakeelt herum,krakeelte herum,herumkrakeelt,krakeelte herum,krakeel herum,krakeelt herum,haben,herzuumkrakeelen
nassauern,nassauere,nassauerst,nassauert,nassauerte,genassauert,nassauerte,nassauer,nassauert,haben,zu nassauern
handyfonieren,handyfoniere,handyfonierst,handyfoniert,handyfonierte,handyfoniert,handyfonierte,handyfonier,handyfoniert,haben,zu handyfonieren
anfüllen,fülle an,füllst an,füllt an,füllte an,angefüllt,füllte an,füll an,füllt an,haben,anzufüllen
ausstechen,steche aus,stichst aus,sticht aus,stach aus,ausgestochen,stäche aus,stich aus,stecht aus,haben,auszustechen
abmarschieren,marschiere ab,marschierst ab,marschiert ab,marschierte ab,abmarschiert,marschierte ab,marschier ab,marschiert ab,haben,abzumarschieren
aussäen,säe aus,säst aus,sät aus,säte aus,ausgesät,säte aus,sä aus,sät aus,haben,auszusäen
ösen,öse,öst,öst,öste,geöst,öste,ös,öst,haben,zu ösen
polen,pole,polst,polt,polte,gepolt,polte,pol,polt,haben,zu polen
wegleugnen,leugne weg,leugnest weg,leugnet weg,leugnete weg,weggeleugnet,leugnete weg,leugne weg,leugnet weg,haben,wegzuleugnen
fossilisieren,fossilisiere,fossilisierst,fossilisiert,fossilisierte,fossilisiert,fossilisierte,fossilisier,fossilisiert,sein,zu fossilisieren
entzweigehen,—,—,geht entzwei,ging entzwei,entzweigegangen,ginge entzwei,—,—,sein,zu entzweigehen
schlechtmachen,mache schlecht,machst schlecht,macht schlecht,machte schlecht,schlechtgemacht,machte schlecht,mach schlecht,macht schlecht,haben,schlechtzumachen
zusammenballen,balle zusammen,ballst zusammen,ballt zusammen,ballte zusammen,zusammengeballt,ballte zusammen,ball zusammen,ballt zusammen,haben,zuzusammenballen
zusammenbinden,binde zusammen,bindest zusammen,bindet zusammen,band zusammen,zusammengebunden,bände zusammen,bind zusammen,bindet zusammen,haben,zuzusammenbinden
hinterhertelefonieren,telefoniere hinterher,telefonierst hinterher,telefoniert hinterher,telefonierte hinterher,hinterhertelefoniert,telefonierte hinterher,telefonier hinterher,telefoniert hinterher,haben,zu hinterhertelefonieren
untermieten,miete unter,mietest unter,mietet unter,mietete unter,untergemietet,mietete unter,miete unter,mietet unter,haben,zu untermieten
aufeinanderfolgen,folge aufeinander,folgst aufeinander,folgt aufeinander,folgte aufeinander,aufeinandergefolgt,folgte aufeinander,folg aufeinander,folgt aufeinander,sein,aufzueinanderfolgen
herangehen,gehe heran,gehst heran,geht heran,ging heran,herangegangen,ginge heran,geh heran,geht heran,sein,herzuangehen
einfordern,fordere ein,forderst ein,fordert ein,forderte ein,eingefordert,forderte ein,forder ein,fordert ein,haben,einzufordern
verwischen,verwische,verwischst,verwischt,verwischte,verwischt,verwischte,verwisch,verwischt,haben,zu verwischen
auseinanderbauen,baue auseinander,baust auseinander,baut auseinander,baute auseinander,auseinandergebaut,baute auseinander,bau auseinander,baut auseinander,haben,auszueinanderbauen
zusammenbauen,baue zusammen,baust zusammen,baut zusammen,baute zusammen,zusammengebaut,baute zusammen,bau zusammen,baut zusammen,haben,zuzusammenbauen
durcheinanderessen,esse durcheinander,isst durcheinander,isst durcheinander,aß durcheinander,durcheinandergegessen,äße durcheinander,iss durcheinander,esst durcheinander,haben,zu durcheinanderessen
voranstellen,stelle voran,stellst voran,stellt voran,stellte voran,vorangestellt,stellte voran,stell voran,stellt voran,haben,voranzustellen
nahestehen,stehe nahe,stehst nahe,steht nahe,stand nahe,nahegestanden,stände nahe,steh nahe,steht nahe,haben,nahezustehen
menetekeln,menetekele,menetekelst,menetekelt,menetekelte,menetekelt,menetekelte,menetekele,menetekelt,haben,zu menetekeln
auslernen,lerne aus,lernst aus,lernt aus,lernte aus,ausgelernt,lernte aus,lern aus,lernt aus,haben,auszulernen
nachbestellen,bestelle nach,bestellst nach,bestellt nach,bestellte nach,nachbestellt,bestellte nach,bestell nach,bestellt nach,haben,nachzubestellen
mitverdienen,verdiene mit,verdienst mit,verdient mit,verdiente mit,mitverdient,verdiente mit,verdien mit,verdient mit,haben,mitzuverdienen
auseinandernehmen,nehme auseinander,nimmst auseinander,nimmt auseinander,nahm auseinander,auseinandergenommen,nähme auseinander,nimm auseinander,nehmt auseinander,haben,auszueinandernehmen
turren,tar,tarst,tar,torste,geturst,törste,—,—,haben,zu turren
schiedsrichtern,schiedsrichtere,schiedsrichterst,schiedsrichtert,schiedsrichterte,geschiedsrichtert,schiedsrichterte,schiedsrichter,schiedsrichtert,haben,zu schiedsrichtern
schiedsen,schiedse,schiedst,schiedst,schiedste,geschiedst,schiedste,schieds,schiedst,haben,zu schiedsen
silikonieren,silikoniere,silikonierst,silikoniert,silikonierte,silikoniert,silikonierte,silikonier,silikoniert,haben,zu silikonieren
silikonisieren,silikonisiere,silikonisierst,silikonisiert,silikonisierte,silikonisiert,silikonisierte,silikonisier,silikonisiert,haben,zu silikonisieren
laminieren,laminiere,laminierst,laminiert,laminierte,laminiert,laminierte,laminier,laminiert,haben,zu laminieren
auswerfen,werfe aus,wirfst aus,wirft aus,warf aus,ausgeworfen,würfe aus,wirf aus,werft aus,haben,auszuwerfen
überwachsen,überwachse,überwächst,überwächst,überwuchs,überwachsen,überwüchse,überwachs,überwachst,haben,zu überwachsen
palisieren,palisiere,palisierst,palisiert,palisierte,palisiert,palisierte,palisier,palisiert,haben,zu palisieren
einstecken,stecke ein,steckst ein,steckt ein,steckte ein,eingesteckt,steckte ein,steck ein,steckt ein,haben,einzustecken
umlagern,lagere um,lagerst um,lagert um,lagerte um,umgelagert,lagerte um,lager um,lagert um,haben,umzulagern
abschirmen,schirme ab,schirmst ab,schirmt ab,schirmte ab,abgeschirmt,schirmte ab,schirm ab,schirmt ab,haben,abzuschirmen
immunisieren,immunisiere,immunisierst,immunisiert,immunisierte,immunisiert,immunisierte,immunisier,immunisiert,haben,zu immunisieren
entgegenbringen,bringe entgegen,bringst entgegen,bringt entgegen,brachte entgegen,entgegengebracht,brächte entgegen,bring entgegen,bringt entgegen,haben,zu entgegenbringen
spachen,—,—,spacht,spachte,gespacht,spachte,—,—,haben,zu spachen
zusammenfügen,füge zusammen,fügst zusammen,fügt zusammen,fügte zusammen,zusammengefügt,fügte zusammen,füg zusammen,fügt zusammen,haben,zuzusammenfügen
überstrahlen,überstrahle,überstrahlst,überstrahlt,überstrahlte,überstrahlt,überstrahlte,überstrahl,überstrahlt,haben,zu überstrahlen
vermauern,vermauere,vermauerst,vermauert,vermauerte,vermauert,vermauerte,vermauer,vermauert,haben,zu vermauern
dazwischenfahren,fahre dazwischen,fährst dazwischen,fährt dazwischen,fuhr dazwischen,dazwischengefahren,führe dazwischen,fahr dazwischen,fahrt dazwischen,sein,dazwischenzufahren
dazwischenfunken,funke dazwischen,funkst dazwischen,funkt dazwischen,funkte dazwischen,dazwischengefunkt,funkte dazwischen,funk dazwischen,funkt dazwischen,haben,dazwischenzufunken
kontemplieren,kontempliere,kontemplierst,kontempliert,kontemplierte,kontempliert,kontemplierte,kontemplier,kontempliert,haben,zu kontemplieren
klimatisieren,klimatisiere,klimatisierst,klimatisiert,klimatisierte,klimatisiert,klimatisierte,klimatisier,klimatisiert,haben,zu klimatisieren
doxen,doxe,doxt,doxt,doxte,gedoxt,doxte,dox,doxt,haben,zu doxen
braaien,braaie,braaist,braait,braaite,gebraait,braaite,braai,braait,haben,zu braaien
zurechtrücken,rücke zurecht,rückst zurecht,rückt zurecht,rückte zurecht,zurechtgerückt,rückte zurecht,rück zurecht,rückt zurecht,haben,zuzurechtrücken
hindurchfließen,—,—,fließt hindurch,floss hindurch,hindurchgeflossen,flösse hindurch,—,—,sein,hinzudurchfließen
übereinanderstapeln,staple übereinander,stapelst übereinander,stapelt übereinander,stapelte übereinander,übereinandergestapelt,stapelte übereinander,staple übereinander,stapelt übereinander,haben,übereinzuanderstapeln
zwangsenteignen,zwangsenteigne,zwangsenteignest,zwangsenteignet,zwangsenteignete,zwangsenteignet,zwangsenteignete,zwangsenteigne,zwangsenteignet,haben,zu zwangsenteignen
abstammen,stamme ab,stammst ab,stammt ab,stammte ab,abgestammt,stammte ab,stamm ab,stammt ab,sein,abzustammen
einheben,hebe ein,hebst ein,hebt ein,hob ein,eingehoben,höbe ein,heb ein,hebt ein,haben,einzuheben
anleiten,leite an,leitest an,leitet an,leitete an,angeleitet,leitete an,leit an,leitet an,haben,anzuleiten
herausheben,hebe heraus,hebst heraus,hebt heraus,hob heraus,herausgehoben,höbe heraus,heb heraus,hebt heraus,haben,herzuausheben
kurzarbeiten,arbeite kurz,arbeitest kurz,arbeitet kurz,arbeitete kurz,kurzgearbeitet,arbeitete kurz,arbeit kurz,arbeitet kurz,haben,kurzzuarbeiten
abmühen,mühe ab,mühst ab,müht ab,mühte ab,abgemüht,mühte ab,müh ab,müht ab,haben,abzumühen
verteuern,verteuere,verteuerst,verteuert,verteuerte,verteuert,verteuerte,verteuere,verteuert,haben,zu verteuern
wiedergutmachen,mache wieder gut,machst wieder gut,macht wieder gut,machte wieder gut,wiedergutgemacht,machte wieder gut,mach wieder gut,macht wieder gut,haben,zu wiedergutmachen
überreagieren,überreagiere,überreagierst,überreagiert,überreagierte,überreagiert,überreagierte,überreagier,überreagiert,haben,zu überreagieren
pfetzen,pfetze,pfetzt,pfetzt,pfetzte,gepfetzt,pfetzte,pfetz,pfetzt,haben,zu pfetzen
floppen,floppe,floppst,floppt,floppte,gefloppt,floppte,flopp,floppt,haben,zu floppen
abhören,höre ab,hörst ab,hört ab,hörte ab,abgehört,hörte ab,hör ab,hört ab,haben,abzuhören
längen,länge,längst,längt,längte,gelängt,längte,läng,längt,haben,zu längen
gischten,—,—,gischtet,gischtete,gegischtet,gischtete,—,—,haben,zu gischten
gischen,—,—,gischt,gischte,gegischt,gischte,—,—,haben,zu gischen
überhitzen,überhitze,überhitzt,überhitzt,überhitzte,überhitzt,überhitzte,überhitz,überhitzt,haben,zu überhitzen
plagiieren,plagiiere,plagiierst,plagiiert,plagiierte,plagiiert,plagiierte,plagiier,plagiiert,haben,zu plagiieren
abwinken,winke ab,winkst ab,winkt ab,winkte ab,abgewinkt,winkte ab,wink ab,winkt ab,haben,abzuwinken
vorweisen,weise vor,weist vor,weist vor,wies vor,vorgewiesen,wiese vor,weis vor,weist vor,haben,zu vorweisen
pfänden,pfände,pfändest,pfändet,pfändete,gepfändet,pfändete,pfänd,pfändet,haben,zu pfänden
verkühlen,verkühle,verkühlst,verkühlt,verkühlte,verkühlt,verkühlte,verkühl,verkühlt,haben,zu verkühlen
verlauten,verlaute,verlautest,verlautet,verlautete,verlautet,verlautete,verlaut,verlautet,haben,zu verlauten
mitbekommen,bekomme mit,bekommst mit,bekommt mit,bekam mit,mitbekommen,bekäme mit,bekomm mit,bekommt mit,haben,mitzubekommen
parodieren,parodiere,parodierst,parodiert,parodierte,parodiert,parodierte,parodier,parodiert,haben,zu parodieren
auskragen,krage aus,kragst aus,kragt aus,kragte aus,ausgekragt,kragte aus,krag aus,kragt aus,haben,auszukragen
zurückführen,führe zurück,führst zurück,führt zurück,führte zurück,zurückgeführt,führte zurück,führ zurück,führt zurück,haben,zuzurückführen
vorsagen,sage vor,sagst vor,sagt vor,sagte vor,vorgesagt,sagte vor,sag vor,sagt vor,haben,zu vorsagen
vorwärmen,wärme vor,wärmst vor,wärmt vor,wärmte vor,vorgewärmt,wärmte vor,wärm vor,wärmt vor,haben,vorzuwärmen
kapseln,kapsle,kapselst,kapselt,kapselte,gekapselt,kapselte,kapsle,kapselt,haben,zu kapseln
verschüttgehen,gehe verschütt,gehst verschütt,geht verschütt,ging verschütt,verschüttgegangen,ginge verschütt,geh verschütt,geht verschütt,sein,zu verschüttgehen
verlorengehen,gehe verloren,gehst verloren,geht verloren,ging verloren,verlorengegangen,ginge verloren,geh verloren,geht verloren,sein,zu verlorengehen
zerspalten,zerspalte,zerspaltest,zerspaltet,zerspaltete,zerspaltet,zerspaltete,zerspalt,zerspaltet,haben,zu zerspalten
zerquetschen,zerquetsche,zerquetschst,zerquetscht,zerquetschte,zerquetscht,zerquetschte,zerquetsch,zerquetscht,haben,zu zerquetschen
nachbesetzen,besetze nach,besetzt nach,besetzt nach,besetzte nach,nachbesetzt,besetzte nach,besetz nach,besetzt nach,haben,nachzubesetzen
ankirren,kirre an,kirrst an,kirrt an,kirrte an,angekirrt,kirrte an,kirre an,kirrt an,haben,anzukirren
abwetzen,wetze ab,wetzt ab,wetzt ab,wetzte ab,abgewetzt,wetzte ab,wetz ab,wetzt ab,haben<!--Das in einigen Standardreferenzen angegebene Hilfsverb „sein“ gehört zu einer weiteren Bedeutung-->,abzuwetzen
beiliegen,liege bei,liegst bei,liegt bei,lag bei,beigelegen,läge bei,lieg bei,liegt bei,haben,zu beiliegen
kanalisieren,kanalisiere,kanalisierst,kanalisiert,kanalisierte,kanalisiert,kanalisierte,kanalisier,kanalisiert,haben,zu kanalisieren
harmonieren,harmoniere,harmonierst,harmoniert,harmonierte,harmoniert,harmonierte,harmonier,harmoniert,haben,zu harmonieren
niederkämpfen,kämpfe nieder,kämpfst nieder,kämpft nieder,kämpfte nieder,niedergekämpft,kämpfte nieder,kämpf nieder,kämpft nieder,haben,niederzukämpfen
darbieten,biete dar,bietest dar,bietet dar,bot dar,dargeboten,böte dar,biete dar,bietet dar,haben,darzubieten
deregulieren,dereguliere,deregulierst,dereguliert,deregulierte,dereguliert,deregulierte,deregulier,dereguliert,haben,zu deregulieren
ausprägen,präge aus,prägst aus,prägt aus,prägte aus,ausgeprägt,prägte aus,präge aus,prägt aus,haben,auszuprägen
fristen,friste,fristest,fristet,fristete,gefristet,fristete,frist,fristet,haben,zu fristen
adstringieren,—,—,adstringiert,adstringierte,adstringiert,adstringierte,—,—,haben,zu adstringieren
nostrifizieren,nostrifiziere,nostrifizierst,nostrifiziert,nostrifizierte,nostrifiziert,nostrifizierte,nostrifizier,nostrifiziert,haben,zu nostrifizieren
gentrifizieren,gentrifiziere,gentrifizierst,gentrifiziert,gentrifizierte,gentrifiziert,gentrifizierte,gentrifizier,gentrifiziert,haben,zu gentrifizieren
personifizieren,personifiziere,personifizierst,personifiziert,personifizierte,personifiziert,personifizierte,personifizier,personifiziert,haben,zu personifizieren
vermenschlichen,vermenschliche,vermenschlichst,vermenschlicht,vermenschlichte,vermenschlicht,vermenschlichte,vermenschlich,vermenschlicht,haben,zu vermenschlichen
verkörpern,verkörpere,verkörperst,verkörpert,verkörperte,verkörpert,verkörperte,verkörper,verkörpert,haben,zu verkörpern
nebeneinanderlegen,lege nebeneinander,legst nebeneinander,legt nebeneinander,legte nebeneinander,nebeneinandergelegt,legte nebeneinander,leg nebeneinander,legt nebeneinander,haben,nebeneinanderzulegen
aneinanderlegen,lege aneinander,legst aneinander,legt aneinander,legte aneinander,aneinandergelegt,legte aneinander,leg aneinander,legt aneinander,haben,anzueinanderlegen
umstülpen,stülpe um,stülpst um,stülpt um,stülpte um,umgestülpt,stülpte um,stülp um,stülpt um,haben,umzustülpen
hinterziehen,hinterziehe,hinterziehst,hinterzieht,hinterzog,hinterzogen,hinterzöge,hinterziehe,hinterzieht,haben,zu hinterziehen
einrahmen,rahme ein,rahmst ein,rahmt ein,rahmte ein,eingerahmt,rahmte ein,rahm ein,rahmt ein,haben,einzurahmen
ausdringen,dringe aus,dringst aus,dringt aus,drang aus,ausgedrungen,dränge aus,dring aus,dringt aus,sein,auszudringen
herausreißen,reiße heraus,reißt heraus,reißt heraus,riss heraus,herausgerissen,risse heraus,reiß heraus,reißt heraus,haben,herzuausreißen
überreißen,überreiße,überreißt,überreißt,überriss,überrissen,überrisse,überreiße,überreißt,haben,zu überreißen
anblasen,blase an,bläst an,bläst an,blies an,angeblasen,bliese an,blas an,blast an,haben,anzublasen
internationalisieren,internationalisiere,internationalisierst,internationalisiert,internationalisierte,internationalisiert,internationalisierte,internationalisier,internationalisiert,haben,zu internationalisieren
wirten,wirte,wirtest,wirtet,wirtete,gewirtet,wirtete,wirt,wirtet,haben,zu wirten
überbieten,überbiete,überbietest,überbietet,überbot,überboten,überböte,überbiet,überbietet,haben,zu überbieten
prävalieren,prävaliere,prävalierst,prävaliert,prävalierte,prävaliert,prävalierte,prävalier,prävaliert,haben,zu prävalieren
umstimmen,stimme um,stimmst um,stimmt um,stimmte um,umgestimmt,stimmte um,stimm um,stimmt um,haben,umzustimmen
einmummen,mumme ein,mummst ein,mummt ein,mummte ein,eingemummt,mummte ein,mumm ein,mummt ein,haben,einzumummen
facebooken,facebooke,facebookst,facebookt,facebookte,gefacebookt,facebookte,facebook,facebookt,haben,zu facebooken
vermanschen,vermansche,vermanschst,vermanscht,vermanschte,vermanscht,vermanschte,vermansch,vermanscht,haben,zu vermanschen
zusammenschreiben,schreibe zusammen,schreibst zusammen,schreibt zusammen,schrieb zusammen,zusammengeschrieben,schriebe zusammen,schreib zusammen,schreibt zusammen,haben,zuzusammenschreiben
anleinen,leine an,leinst an,leint an,leinte an,angeleint,leinte an,lein an,leint an,haben,anzuleinen
zerrinnen,zerrinne,zerrinnst,zerrinnt,zerrann,zerronnen,zerränne,zerrinn,zerrinnt,sein,zu zerrinnen
zerknüllen,zerknülle,zerknüllst,zerknüllt,zerknüllte,zerknüllt,zerknüllte,zerknüll,zerknüllt,haben,zu zerknüllen
abdampfen,dampfe ab,dampfst ab,dampft ab,dampfte ab,abgedampft,dampfte ab,dampf ab,dampft ab,haben,abzudampfen
zensurieren,zensuriere,zensurierst,zensuriert,zensurierte,zensuriert,zensurierte,zensurier,zensuriert,haben,zu zensurieren
industrialisieren,industrialisiere,industrialisierst,industrialisiert,industrialisierte,industrialisiert,industrialisierte,industrialisier,industrialisiert,haben,zu industrialisieren
koexistieren,koexistiere,koexistierst,koexistiert,koexistierte,koexistiert,koexistierte,koexistier,koexistiert,haben,zu koexistieren
kürzertreten,trete kürzer,trittst kürzer,tritt kürzer,trat kürzer,kürzergetreten,träte kürzer,tritt kürzer,tretet kürzer,haben,kürzerzutreten
kristallisieren,kristallisiere,kristallisierst,kristallisiert,kristallisierte,kristallisiert,kristallisierte,kristallisier,kristallisiert,haben,zu kristallisieren
immigrieren,immigriere,immigrierst,immigriert,immigrierte,immigriert,immigrierte,immigrier,immigriert,sein,zu immigrieren
durchkommen,komme durch,kommst durch,kommt durch,kam durch,durchgekommen,käme durch,komm durch,kommt durch,sein,zu durchkommen
versperren,versperre,versperrst,versperrt,versperrte,versperrt,versperrte,versperre,versperrt,haben,zu versperren
zusperren,sperre zu,sperrst zu,sperrt zu,sperrte zu,zugesperrt,sperrte zu,sperre zu,sperrt zu,haben,zuzusperren
verunglücken,verunglücke,verunglückst,verunglückt,verunglückte,verunglückt,verunglückte,verunglück,verunglückt,sein,zu verunglücken
umtreten,trete um,trittst um,tritt um,trat um,umgetreten,träte um,tritt um,tretet um,haben,umzutreten
umnieten,niete um,nietest um,nietet um,nietete um,umgenietet,nietete um,niet um,nietet um,haben,zu umnieten
protokollieren,protokolliere,protokollierst,protokolliert,protokollierte,protokolliert,protokollierte,protokollier,protokolliert,haben,zu protokollieren
zermatschen,zermatsche,zermatschst,zermatscht,zermatschte,zermatscht,zermatschte,zermatsch,zermatscht,haben,zu zermatschen
aufzeichnen,zeichne auf,zeichnest auf,zeichnet auf,zeichnete auf,aufgezeichnet,zeichnete auf,zeichne auf,zeichnet auf,haben,aufzuzeichnen
labialisieren,labialisiere,labialisierst,labialisiert,labialisierte,labialisiert,labialisierte,labialisier,labialisiert,haben,zu labialisieren
nieten,niete,nietest,nietet,nietete,genietet,nietete,niet,nietet,haben,zu nieten
zerlaufen,zerlaufe,zerläufst,zerläuft,zerlief,zerlaufen,zerliefe,zerlauf,zerlauft,sein,zu zerlaufen
vertrödeln,vertrödle,vertrödelst,vertrödelt,vertrödelte,vertrödelt,vertrödelte,vertrödle,vertrödelt,haben,zu vertrödeln
annieten,niete an,nietest an,nietet an,nietete an,angenietet,nietete an,niet an,nietet an,haben,anzunieten
vernieten,verniete,vernietest,vernietet,vernietete,vernietet,vernietete,verniet,vernietet,haben,zu vernieten
zusammennieten,niete zusammen,nietest zusammen,nietet zusammen,nietete zusammen,zusammengenietet,nietete zusammen,niet zusammen,nietet zusammen,haben,zuzusammennieten
prämieren,prämiere,prämierst,prämiert,prämierte,prämiert,prämierte,prämier,prämiert,haben,zu prämieren
textieren,textiere,textierst,textiert,textierte,textiert,textierte,textier,textiert,haben,zu textieren
allemachen,mache alle,machst alle,macht alle,machte alle,allegemacht,machte alle,mach alle,macht alle,haben,zu allemachen
einrexen,rexe ein,rext ein,rext ein,rexte ein,eingerext,rexte ein,rex ein,rext ein,haben,einzurexen
vakuumieren,vakuumiere,vakuumierst,vakuumiert,vakuumierte,vakuumiert,vakuumierte,vakuumier,vakuumiert,haben,zu vakuumieren
kaltmachen,mache kalt,machst kalt,macht kalt,machte kalt,kaltgemacht,machte kalt,mach kalt,macht kalt,haben,kaltzumachen
demoulieren,demouliere,demoulierst,demouliert,demoulierte,demouliert,demoulierte,demoulier,demouliert,haben,zu demoulieren
herniederregnen,—,—,regnet hernieder,regnete hernieder,herniedergeregnet,regnete hernieder,—,—,sein,herzuniederregnen
aprikotieren,aprikotiere,aprikotierst,aprikotiert,aprikotierte,aprikotiert,aprikotierte,aprikotier,aprikotiert,haben,zu aprikotieren
zerwirken,zerwirke,zerwirkst,zerwirkt,zerwirkte,zerwirkt,zerwirkte,zerwirk,zerwirkt,haben,zu zerwirken
vorfinden,finde vor,findest vor,findet vor,fand vor,vorgefunden,fände vor,finde vor,findet vor,haben,zu vorfinden
vorsetzen,setze vor,setzt vor,setzt vor,setzte vor,vorgesetzt,setzte vor,setze vor,setzt vor,haben,zu vorsetzen
mineralisieren,mineralisiere,mineralisierst,mineralisiert,mineralisierte,mineralisiert,mineralisierte,mineralisier,mineralisiert,haben,zu mineralisieren
mitteln,mittle,mittelst,mittelt,mittelte,gemittelt,mittelte,mittle,mittelt,haben,mitzuteln
orchestrieren,orchestriere,orchestrierst,orchestriert,orchestrierte,orchestriert,orchestrierte,orchestrier,orchestriert,haben,zu orchestrieren
revoltieren,revoltiere,revoltierst,revoltiert,revoltierte,revoltiert,revoltierte,revoltier,revoltiert,haben,zu revoltieren
punkten,punkte,punktest,punktet,punktete,gepunktet,punktete,punkt,punktet,haben,zu punkten
zutreffen,treffe zu,triffst zu,trifft zu,traf zu,zugetroffen,träfe zu,triff zu,trefft zu,haben,zuzutreffen
eingraben,grabe ein,gräbst ein,gräbt ein,grub ein,eingegraben,grübe ein,grab ein,grabt ein,haben,einzugraben
reifizieren,reifiziere,reifizierst,reifiziert,reifizierte,reifiziert,reifizierte,reifizier,reifiziert,haben,zu reifizieren
dazulernen,lerne dazu,lernst dazu,lernt dazu,lernte dazu,dazugelernt,lernte dazu,lerne dazu,lernt dazu,haben,dazuzulernen
