Lemma,Word_Type,Priority,Category,Primary_subcategory,Sg_all_split,Pl_all_split,Alt_split
Abdichter,s,,gendered,titles,"['Abdichtung', 'Abdichter~in~/~Abdichter']","['Abdichter~innen~ und ~Abdichter', 'Abdichtung']","['Abdichtung', 'Abdichter~in~/~Abdichter', 'Abdichter~innen~ und ~Abdichter']"
Administrator,s,,gendered,titles,"['Administration', 'Administrator~in~/~Administrator']","['Administrator~innen~ und ~Administratoren', 'Administration']","['Administration', 'Administrator~in~/~Administrator', 'Administrator~innen~ und ~Administratoren']"
Agent,s,,gendered,titles,"['Agentur', 'Agent~in~/~Agent']","['Agent~innen~ und ~Agenten', 'Agentur']","['Agentur', 'Agent~in~/~Agent', 'Agent~innen~ und ~Agenten']"
Alpha,s,,gendered,function,"['Person, die ihr Team inspiriert', 'Mensch mit Freude an Verantwortung', 'Person, die ihrem Team mit Rat und Tat zur Seite steht', 'Person, die das Team beim Erreichen von gemeinsamen Zielen unterstützt']","['Leute, die ihre Teams inspirieren', 'Menschen mit Freude an Verantwortung', 'Leute, die ihrem Team mit Rat und Tat zur Seite stehen', 'Leute, die das Team beim Erreichen von gemeinsamen Zielen unterstützen und lenken']","['Person, die ihr Team inspiriert', 'Mensch mit Freude an Verantwortung', 'Person, die ihrem Team mit Rat und Tat zur Seite steht', 'Person, die das Team beim Erreichen von gemeinsamen Zielen unterstützt', 'Leute, die ihre Teams inspirieren', 'Menschen mit Freude an Verantwortung', 'Leute, die ihrem Team mit Rat und Tat zur Seite stehen', 'Leute, die das Team beim Erreichen von gemeinsamen Zielen unterstützen und lenken']"
Alpha-Chef,s,,gendered,function,"['Person, die ihr Team inspiriert', 'Mensch mit Freude an Verantwortung', 'Person, die ihrem Team mit Rat und Tat zur Seite steht', 'Person, die das Team beim Erreichen von gemeinsamen Zielen unterstützt']","['Leute, die ihre Teams inspirieren', 'Menschen mit Freude an Verantwortung', 'Leute, die ihrem Team mit Rat und Tat zur Seite stehen', 'Leute, die das Team beim Erreichen von gemeinsamen Zielen unterstützen und lenken']","['Person, die ihr Team inspiriert', 'Mensch mit Freude an Verantwortung', 'Person, die ihrem Team mit Rat und Tat zur Seite steht', 'Person, die das Team beim Erreichen von gemeinsamen Zielen unterstützt', 'Leute, die ihre Teams inspirieren', 'Menschen mit Freude an Verantwortung', 'Leute, die ihrem Team mit Rat und Tat zur Seite stehen', 'Leute, die das Team beim Erreichen von gemeinsamen Zielen unterstützen und lenken']"
Alpha-Führungskraft,s,,gendered,function,"['Person, die ihr Team inspiriert', 'Mensch mit Freude an Verantwortung', 'Person, die ihrem Team mit Rat und Tat zur Seite steht', 'Person, die das Team beim Erreichen von gemeinsamen Zielen unterstützt']","['Leute, die ihre Teams inspirieren', 'Menschen mit Freude an Verantwortung', 'Leute, die ihrem Team mit Rat und Tat zur Seite stehen', 'Leute, die das Team beim Erreichen von gemeinsamen Zielen unterstützen und lenken']","['Person, die ihr Team inspiriert', 'Mensch mit Freude an Verantwortung', 'Person, die ihrem Team mit Rat und Tat zur Seite steht', 'Person, die das Team beim Erreichen von gemeinsamen Zielen unterstützt', 'Leute, die ihre Teams inspirieren', 'Menschen mit Freude an Verantwortung', 'Leute, die ihrem Team mit Rat und Tat zur Seite stehen', 'Leute, die das Team beim Erreichen von gemeinsamen Zielen unterstützen und lenken']"
Alpha-Person,s,,gendered,function,"['Person, die ihr Team inspiriert', 'Mensch mit Freude an Verantwortung', 'Person, die ihrem Team mit Rat und Tat zur Seite steht', 'Person, die das Team beim Erreichen von gemeinsamen Zielen unterstützt']","['Leute, die ihre Teams inspirieren', 'Menschen mit Freude an Verantwortung', 'Leute, die ihrem Team mit Rat und Tat zur Seite stehen', 'Leute, die das Team beim Erreichen von gemeinsamen Zielen unterstützen und lenken']","['Person, die ihr Team inspiriert', 'Mensch mit Freude an Verantwortung', 'Person, die ihrem Team mit Rat und Tat zur Seite steht', 'Person, die das Team beim Erreichen von gemeinsamen Zielen unterstützt', 'Leute, die ihre Teams inspirieren', 'Menschen mit Freude an Verantwortung', 'Leute, die ihrem Team mit Rat und Tat zur Seite stehen', 'Leute, die das Team beim Erreichen von gemeinsamen Zielen unterstützen und lenken']"
Alpha-Persönlichkeit,s,,gendered,function,"['Person, die ihr Team inspiriert', 'Mensch mit Freude an Verantwortung', 'Person, die ihrem Team mit Rat und Tat zur Seite steht', 'Person, die das Team beim Erreichen von gemeinsamen Zielen unterstützt']","['Leute, die ihre Teams inspirieren', 'Menschen mit Freude an Verantwortung', 'Leute, die ihrem Team mit Rat und Tat zur Seite stehen', 'Leute, die das Team beim Erreichen von gemeinsamen Zielen unterstützen und lenken']","['Person, die ihr Team inspiriert', 'Mensch mit Freude an Verantwortung', 'Person, die ihrem Team mit Rat und Tat zur Seite steht', 'Person, die das Team beim Erreichen von gemeinsamen Zielen unterstützt', 'Leute, die ihre Teams inspirieren', 'Menschen mit Freude an Verantwortung', 'Leute, die ihrem Team mit Rat und Tat zur Seite stehen', 'Leute, die das Team beim Erreichen von gemeinsamen Zielen unterstützen und lenken']"
Alphachef,s,,gendered,function,"['Person, die ihr Team inspiriert', 'Mensch mit Freude an Verantwortung', 'Person, die ihrem Team mit Rat und Tat zur Seite steht', 'Person, die das Team beim Erreichen von gemeinsamen Zielen unterstützt']","['Leute, die ihre Teams inspirieren', 'Menschen mit Freude an Verantwortung', 'Leute, die ihrem Team mit Rat und Tat zur Seite stehen', 'Leute, die das Team beim Erreichen von gemeinsamen Zielen unterstützen und lenken']","['Person, die ihr Team inspiriert', 'Mensch mit Freude an Verantwortung', 'Person, die ihrem Team mit Rat und Tat zur Seite steht', 'Person, die das Team beim Erreichen von gemeinsamen Zielen unterstützt', 'Leute, die ihre Teams inspirieren', 'Menschen mit Freude an Verantwortung', 'Leute, die ihrem Team mit Rat und Tat zur Seite stehen', 'Leute, die das Team beim Erreichen von gemeinsamen Zielen unterstützen und lenken']"
Alphaführungskraft,s,,gendered,function,"['Person, die ihr Team inspiriert', 'Mensch mit Freude an Verantwortung', 'Person, die ihrem Team mit Rat und Tat zur Seite steht', 'Person, die das Team beim Erreichen von gemeinsamen Zielen unterstützt']","['Leute, die ihre Teams inspirieren', 'Menschen mit Freude an Verantwortung', 'Leute, die ihrem Team mit Rat und Tat zur Seite stehen', 'Leute, die das Team beim Erreichen von gemeinsamen Zielen unterstützen und lenken']","['Person, die ihr Team inspiriert', 'Mensch mit Freude an Verantwortung', 'Person, die ihrem Team mit Rat und Tat zur Seite steht', 'Person, die das Team beim Erreichen von gemeinsamen Zielen unterstützt', 'Leute, die ihre Teams inspirieren', 'Menschen mit Freude an Verantwortung', 'Leute, die ihrem Team mit Rat und Tat zur Seite stehen', 'Leute, die das Team beim Erreichen von gemeinsamen Zielen unterstützen und lenken']"
Alphamännchen,s,,gendered,function,"['Person, die ihr Team inspiriert', 'Mensch mit Freude an Verantwortung', 'Person, die ihrem Team mit Rat und Tat zur Seite steht', 'Person, die das Team beim Erreichen von gemeinsamen Zielen unterstützt']","['Leute, die ihre Teams inspirieren', 'Menschen mit Freude an Verantwortung', 'Leute, die ihrem Team mit Rat und Tat zur Seite stehen', 'Leute, die das Team beim Erreichen von gemeinsamen Zielen unterstützen und lenken']","['Person, die ihr Team inspiriert', 'Mensch mit Freude an Verantwortung', 'Person, die ihrem Team mit Rat und Tat zur Seite steht', 'Person, die das Team beim Erreichen von gemeinsamen Zielen unterstützt', 'Leute, die ihre Teams inspirieren', 'Menschen mit Freude an Verantwortung', 'Leute, die ihrem Team mit Rat und Tat zur Seite stehen', 'Leute, die das Team beim Erreichen von gemeinsamen Zielen unterstützen und lenken']"
Alphaperson,s,,gendered,function,"['Person, die ihr Team inspiriert', 'Mensch mit Freude an Verantwortung', 'Person, die ihrem Team mit Rat und Tat zur Seite steht', 'Person, die das Team beim Erreichen von gemeinsamen Zielen unterstützt']","['Leute, die ihre Teams inspirieren', 'Menschen mit Freude an Verantwortung', 'Leute, die ihrem Team mit Rat und Tat zur Seite stehen', 'Leute, die das Team beim Erreichen von gemeinsamen Zielen unterstützen und lenken']","['Person, die ihr Team inspiriert', 'Mensch mit Freude an Verantwortung', 'Person, die ihrem Team mit Rat und Tat zur Seite steht', 'Person, die das Team beim Erreichen von gemeinsamen Zielen unterstützt', 'Leute, die ihre Teams inspirieren', 'Menschen mit Freude an Verantwortung', 'Leute, die ihrem Team mit Rat und Tat zur Seite stehen', 'Leute, die das Team beim Erreichen von gemeinsamen Zielen unterstützen und lenken']"
Alphapersönlichkeit,s,,gendered,function,"['Person, die ihr Team inspiriert', 'Mensch mit Freude an Verantwortung', 'Person, die ihrem Team mit Rat und Tat zur Seite steht', 'Person, die das Team beim Erreichen von gemeinsamen Zielen unterstützt']","['Leute, die ihre Teams inspirieren', 'Menschen mit Freude an Verantwortung', 'Leute, die ihrem Team mit Rat und Tat zur Seite stehen', 'Leute, die das Team beim Erreichen von gemeinsamen Zielen unterstützen und lenken']","['Person, die ihr Team inspiriert', 'Mensch mit Freude an Verantwortung', 'Person, die ihrem Team mit Rat und Tat zur Seite steht', 'Person, die das Team beim Erreichen von gemeinsamen Zielen unterstützt', 'Leute, die ihre Teams inspirieren', 'Menschen mit Freude an Verantwortung', 'Leute, die ihrem Team mit Rat und Tat zur Seite stehen', 'Leute, die das Team beim Erreichen von gemeinsamen Zielen unterstützen und lenken']"
Alphatier,s,,gendered,function,"['Person, die ihr Team inspiriert', 'Mensch mit Freude an Verantwortung', 'Person, die ihrem Team mit Rat und Tat zur Seite steht', 'Person, die das Team beim Erreichen von gemeinsamen Zielen unterstützt']","['Leute, die ihre Teams inspirieren', 'Menschen mit Freude an Verantwortung', 'Leute, die ihrem Team mit Rat und Tat zur Seite stehen', 'Leute, die das Team beim Erreichen von gemeinsamen Zielen unterstützen und lenken']","['Person, die ihr Team inspiriert', 'Mensch mit Freude an Verantwortung', 'Person, die ihrem Team mit Rat und Tat zur Seite steht', 'Person, die das Team beim Erreichen von gemeinsamen Zielen unterstützt', 'Leute, die ihre Teams inspirieren', 'Menschen mit Freude an Verantwortung', 'Leute, die ihrem Team mit Rat und Tat zur Seite stehen', 'Leute, die das Team beim Erreichen von gemeinsamen Zielen unterstützen und lenken']"
Alphatyp,s,,gendered,function,"['Person, die ihr Team inspiriert', 'Mensch mit Freude an Verantwortung', 'Person, die ihrem Team mit Rat und Tat zur Seite steht', 'Person, die das Team beim Erreichen von gemeinsamen Zielen unterstützt']","['Leute, die ihre Teams inspirieren', 'Menschen mit Freude an Verantwortung', 'Leute, die ihrem Team mit Rat und Tat zur Seite stehen', 'Leute, die das Team beim Erreichen von gemeinsamen Zielen unterstützen und lenken']","['Person, die ihr Team inspiriert', 'Mensch mit Freude an Verantwortung', 'Person, die ihrem Team mit Rat und Tat zur Seite steht', 'Person, die das Team beim Erreichen von gemeinsamen Zielen unterstützt', 'Leute, die ihre Teams inspirieren', 'Menschen mit Freude an Verantwortung', 'Leute, die ihrem Team mit Rat und Tat zur Seite stehen', 'Leute, die das Team beim Erreichen von gemeinsamen Zielen unterstützen und lenken']"
Alphaweibchen,s,,gendered,function,"['Person, die ihr Team inspiriert', 'Mensch mit Freude an Verantwortung', 'Person, die ihrem Team mit Rat und Tat zur Seite steht', 'Person, die das Team beim Erreichen von gemeinsamen Zielen unterstützt']","['Leute, die ihre Teams inspirieren', 'Menschen mit Freude an Verantwortung', 'Leute, die ihrem Team mit Rat und Tat zur Seite stehen', 'Leute, die das Team beim Erreichen von gemeinsamen Zielen unterstützen und lenken']","['Person, die ihr Team inspiriert', 'Mensch mit Freude an Verantwortung', 'Person, die ihrem Team mit Rat und Tat zur Seite steht', 'Person, die das Team beim Erreichen von gemeinsamen Zielen unterstützt', 'Leute, die ihre Teams inspirieren', 'Menschen mit Freude an Verantwortung', 'Leute, die ihrem Team mit Rat und Tat zur Seite stehen', 'Leute, die das Team beim Erreichen von gemeinsamen Zielen unterstützen und lenken']"
Analyst,s,,gendered,titles,"['Börsenfachkraft', 'Analyse', 'Börsenbeobachtung', 'Analyst~in~/~Analyst', 'Börsenfachkräfte', 'Analysierende', 'Börsenbeobachtende', 'bass']","['Börsenfachkräfte', 'Analysierende', 'Börsenbeobachtende', 'Analyst~innen~ und ~Analysten', 'Analyse', 'Börsenbeobachtung', 'Personen, die (...) prüfen/interpretieren', 'börsenbeobachtende Personen']","['Analyse', 'Börsenbeobachtung', 'Börsenfachkraft', 'Analyst~in~/~Analyst', 'bass', 'Börsenfachkräfte', 'Analysierende', 'Börsenbeobachtende', 'Analyst~innen~ und ~Analysten', 'Personen, die (...) prüfen/interpretieren', 'börsenbeobachtende Personen']"
Angestellter,s,,gendered,titles,"['Angestellt~e~/~Angestellter', 'Personal', 'Belegschaft', 'Angestellte', 'Mitarbeitende']","['Angestellte', 'Mitarbeitende', 'Personal', 'Belegschaft']","['Angestellt~e~/~Angestellter', 'Personal', 'Belegschaft', 'Angestellte', 'Mitarbeitende']"
Antragssteller,s,,gendered,titles,"['Antragstellung', 'Antragsteller~in~/~Antragsteller', 'Antragsstellende', 'Beantragende', '(gestellte) Anträge', 'Person, die einen Antrag stellt', 'beantragende Person']","['Antragsstellende', 'Beantragende', '(gestellte) Anträge', 'Antragssteller~innen~ und ~Antragssteller', 'Antragstellung', 'Personen, die (...) beantragen', 'antragstellende Personen']","['Antragstellung', 'Antragsteller~in~/~Antragsteller', 'Person, die einen Antrag stellt', 'beantragende Person', 'Antragsstellende', 'Beantragende', '(gestellte) Anträge', 'Antragssteller~innen~ und ~Antragssteller', 'Personen, die (...) beantragen', 'antragstellende Personen']"
Apparateglasbläser,s,,gendered,titles,"['Apparateglasbau', 'Apparateglasbläser~in~/~Apparateglasbläser']","['Apparateglasbläser~innen~ und ~Apparateglasbläser', 'Apparateglasbau']","['Apparateglasbau', 'Apparateglasbläser~in~/~Apparateglasbläser', 'Apparateglasbläser~innen~ und ~Apparateglasbläser']"
Arbeitgeber,s,,gendered,titles,"['Arbeitgeberin (wenn GmbH, Einzelfirma oder AG)', 'Arbeitgeber~in~/~Arbeitgeber', 'Arbeitgebende', 'arbeitgebende Firma', 'beschäftigendes Unternehmen', 'Person/Firma/Einrichtung, die Arbeitsplätze zur Verfügung stellt', 'Person/Firma/Einrichtung, für die Menschen arbeiten']","['Arbeitgebende', 'Arbeitgeber~innen~ und ~Arbeitgeber', 'Arbeitgeberinnen (wenn GmbH, Einzelfirma oder AG)', 'arbeitgebende Unternehmen', 'Personen/Firmen/Einrichtungen, die Arbeitsplätze zur Verfügung stellen']","['Arbeitgeberin (wenn GmbH, Einzelfirma oder AG)', 'Arbeitgeber~in~/~Arbeitgeber', 'arbeitgebende Firma', 'beschäftigendes Unternehmen', 'Person/Firma/Einrichtung, die Arbeitsplätze zur Verfügung stellt', 'Person/Firma/Einrichtung, für die Menschen arbeiten', 'Arbeitgebende', 'Arbeitgeber~innen~ und ~Arbeitgeber', 'Arbeitgeberinnen (wenn GmbH, Einzelfirma oder AG)', 'arbeitgebende Unternehmen', 'Personen/Firmen/Einrichtungen, die Arbeitsplätze zur Verfügung stellen']"
Arbeitskollege,s,,gendered,titles,"['Teammitglied', 'Arbeitskolleg~in~/~Arbeitskollege', 'Team', 'Personal', 'Belegschaft', 'Teammitglieder', 'Person, die im selben Unternehmen/Team arbeitet', 'Person, die man von der Arbeit kennt']","['Teammitglieder', 'Arbeitskolleg~innen~ und ~Arbeitskollegen', 'Team', 'Personal', 'Belegschaft', 'Personen im selben Team', 'Personen, die im selben Unternehmen arbeiten', 'Personen, die man von der Arbeit kennt']","['Teammitglied', 'Arbeitskolleg~in~/~Arbeitskollege', 'Person, die im selben Unternehmen/Team arbeitet', 'Person, die man von der Arbeit kennt', 'Team', 'Personal', 'Belegschaft', 'Teammitglieder', 'Arbeitskolleg~innen~ und ~Arbeitskollegen', 'Personen im selben Team', 'Personen, die im selben Unternehmen arbeiten', 'Personen, die man von der Arbeit kennt']"
Architect,s,,gendered,titles,"['Baufachperson', 'Architektur', 'Architekt~in~/~Architekt', 'Architektenteam', 'Architekturschaffende', 'Baufachpersonen']","['Architekturschaffende', 'Baufachpersonen', 'Architekt~innen~ und ~Architekten', 'Architektenteam', 'Architektur']","['Architektur', 'Baufachperson', 'Architekt~in~/~Architekt', 'Architektenteam', 'Architekturschaffende', 'Baufachpersonen', 'Architekt~innen~ und ~Architekten']"
Architekt,s,,gendered,titles,"['Baufachperson', 'Architektur', 'Architekt~in~/~Architekt', 'Architektenteam', 'Architekturschaffende', 'Baufachpersonen']","['Architekturschaffende', 'Baufachpersonen', 'Architekt~innen~ und ~Architekten', 'Architektenteam', 'Architektur']","['Architektur', 'Baufachperson', 'Architekt~in~/~Architekt', 'Architektenteam', 'Architekturschaffende', 'Baufachpersonen', 'Architekt~innen~ und ~Architekten']"
Assistent,s,,gendered,titles,"['Assistenz', 'Assistent~in~/~Assistent', 'Assistierende']","['Assistierende', 'Assistent~innen~ und ~Assistenten', 'Assistenz', 'Personen, die assistieren/helfen']","['Assistenz', 'Assistent~in~/~Assistent', 'Assistierende', 'Assistent~innen~ und ~Assistenten', 'Personen, die assistieren/helfen']"
Athlet,s,,gendered,function,"['Energiebündel', 'Tatmensch', 'Athlet~in~/~Athlet', 'Person, die sich Ziele setzt und sie umsetzt', 'disziplinierter Mensch', 'geduldiger Mensch']",['Athlet~innen~ und ~Athleten'],"['Energiebündel', 'Tatmensch', 'Athlet~in~/~Athlet', 'Person, die sich Ziele setzt und sie umsetzt', 'disziplinierter Mensch', 'geduldiger Mensch', 'Athlet~innen~ und ~Athleten']"
Auditor,s,,gendered,titles,"['Audit', 'Wirtschaftsprüfung', 'Betriebsprüfung', 'Überprüfung', 'Auditor~in~/~Auditor', 'Auditierende', 'Person, die den Betrieb prüft']","['Auditierende', 'Auditor~innen~ und ~Auditoren', 'Audit', 'Wirtschaftsprüfung', 'Betriebsprüfung', 'Überprüfung', 'Personen, die den Betrieb prüfen']","['Audit', 'Wirtschaftsprüfung', 'Betriebsprüfung', 'Überprüfung', 'Auditor~in~/~Auditor', 'Person, die den Betrieb prüft', 'Auditierende', 'Auditor~innen~ und ~Auditoren', 'Personen, die den Betrieb prüfen']"
Aufsteiger,s,,gendered,function,"['Aufsteiger~in~/~Aufsteiger', 'aufmerksame Person, die mit neu gewonnem Wissen weiterkommt', 'Person, die aus Erfahrungen lernt', 'Person, die Spaß an neuen Aufgaben hat']","['Aufsteiger~innen~ und ~Aufsteiger', 'aufmerksame Menschen, die neu gewonnenes Wissen nutzen und weiterkommen', 'Leute, die aus Erfahrungen lernen', 'Leute, die Spaß an neuen Aufgaben haben']","['Aufsteiger~in~/~Aufsteiger', 'aufmerksame Person, die mit neu gewonnem Wissen weiterkommt', 'Person, die aus Erfahrungen lernt', 'Person, die Spaß an neuen Aufgaben hat', 'Aufsteiger~innen~ und ~Aufsteiger', 'aufmerksame Menschen, die neu gewonnenes Wissen nutzen und weiterkommen', 'Leute, die aus Erfahrungen lernen', 'Leute, die Spaß an neuen Aufgaben haben']"
Auszubildender,s,,gendered,titles,"['Azubi', 'Ausbildung', 'Ausbildungsabteilung', 'Auszubildend~e~/~Auszubildender', 'Auszubildende', 'Person in der Ausbildung']","['Auszubildende', 'Ausbildung', 'Ausbildungsabteilung', 'Personen in der Ausbildung']","['Ausbildung', 'Ausbildungsabteilung', 'Azubi', 'Auszubildend~e~/~Auszubildender', 'Person in der Ausbildung', 'Auszubildende', 'Personen in der Ausbildung']"
Automatiker,s,,gendered,titles,"['Automatisierung', 'Automatiker~in~/~Automatiker']","['Automatiker~innen~ und ~Automatiker', 'Automatisierung']","['Automatisierung', 'Automatiker~in~/~Automatiker', 'Automatiker~innen~ und ~Automatiker']"
Backender,s,,gendered,titles,"['Back-End-Entwicklung', 'Backender~in~/~Backender', 'Backend-Entwickler~in~/~Backend-Entwickler', 'Person, die den technischen Unterbau entwickelt', 'Person, die das Back-End baut']","['Backender~innen~ und ~Backender', 'Backend-Entwickler~innen~ und ~Backend-Entwickler', 'Back-End-Entwicklung', 'Personen, die den technischen Unterbau entwickeln', 'Personen, die das Back-End bauen']","['Back-End-Entwicklung', 'Backender~in~/~Backender', 'Backend-Entwickler~in~/~Backend-Entwickler', 'Person, die den technischen Unterbau entwickelt', 'Person, die das Back-End baut', 'Backender~innen~ und ~Backender', 'Backend-Entwickler~innen~ und ~Backend-Entwickler', 'Personen, die den technischen Unterbau entwickeln', 'Personen, die das Back-End bauen']"
Bauer,s,,gendered,titles,"['Landbau', 'Landwirtschaft', 'Bäuer~in~/~Bauer', 'Landbauende']","['Landbauende', 'Bäuer~innen~ und ~Bauern', 'Landbau', 'Landwirtschaft']","['Landbau', 'Landwirtschaft', 'Bäuer~in~/~Bauer', 'Landbauende', 'Bäuer~innen~ und ~Bauern']"
Bauwerktrenner,s,,gendered,titles,"['Bauwerktrennung', 'Bauwerktrenner~in~/~Bauwerktrenner']","['Bauwerktrenner~innen~ und ~Bauwerktrenner', 'Bauwerktrennung']","['Bauwerktrennung', 'Bauwerktrenner~in~/~Bauwerktrenner', 'Bauwerktrenner~innen~ und ~Bauwerktrenner']"
Benutzeranleitung,s,,gendered,hidden_image,"['Bedienungsanleitung', 'Gebrauchsanleitung', 'Gebrauchsanweisung', 'Bedienungsanleitungen', 'Gebrauchsanleitungen', 'Gebrauchsanweisungen']","['Bedienungsanleitungen', 'Gebrauchsanleitungen', 'Gebrauchsanweisungen']","['Bedienungsanleitung', 'Gebrauchsanleitung', 'Gebrauchsanweisung', 'Bedienungsanleitungen', 'Gebrauchsanleitungen', 'Gebrauchsanweisungen']"
Benutzerhandbuch,s,,gendered,hidden_image,"['Bedienhandbuch', 'Bedienungshandbuch', 'Betriebshandbuch', 'Bedienhandbücher', 'Bedienungshandbücher', 'Betriebshandbücher']","['Bedienhandbücher', 'Bedienungshandbücher', 'Betriebshandbücher']","['Bedienhandbuch', 'Bedienungshandbuch', 'Betriebshandbuch', 'Bedienhandbücher', 'Bedienungshandbücher', 'Betriebshandbücher']"
Berater,s,,gendered,titles,"['Beratung', 'Berater~in~/~Berater', 'Beratende']","['Beratende', 'Berater~innen~ und ~Berater', 'Beratung']","['Beratung', 'Berater~in~/~Berater', 'Beratende', 'Berater~innen~ und ~Berater']"
Beschäftigter,s,,gendered,titles,"['Beschäftigung', 'Beschäftig~e~/~Beschäftigter', 'Personal', 'Belegschaft', 'Beschäftigte', 'Person, die (im Unternehmen) beschäftigt ist']","['Beschäftigte', 'Personal', 'Belegschaft', 'Beschäftigung', 'Personen/Leute im Unternehmen']","['Beschäftigung', 'Beschäftig~e~/~Beschäftigter', 'Person, die (im Unternehmen) beschäftigt ist', 'Personal', 'Belegschaft', 'Beschäftigte', 'Personen/Leute im Unternehmen']"
Besucher,s,,gendered,titles,"['Besuch', 'Besucher~in~/~Besucher', 'Gäste', 'Besuchende']","['Besuchende', 'Besucher~innen~ und ~Besucher', 'Gäste', 'Besuch']","['Besuch', 'Besucher~in~/~Besucher', 'Gäste', 'Besuchende', 'Besucher~innen~ und ~Besucher']"
Betreuer,s,,gendered,titles,"['Betreuung', 'Betreuer~in~/~Betreuer', 'Betreuungspersonal', 'Betreuungsteam', 'Betreuende']","['Betreuende', 'Betreuer~innen~ und ~Betreuer', 'Betreuungspersonal', 'Betreuungsteam', 'Betreuung']","['Betreuung', 'Betreuer~in~/~Betreuer', 'Betreuungspersonal', 'Betreuungsteam', 'Betreuende', 'Betreuer~innen~ und ~Betreuer']"
Betriebsarzt,s,,gendered,titles,"['betriebsärztliche Untersuchung', 'Betriebsärzt~in~/~Betriebsarzt']","['Betriebsärzt~innen~ und ~Betriebsärzte', 'betriebsärztliche Untersuchung']","['betriebsärztliche Untersuchung', 'Betriebsärzt~in~/~Betriebsarzt', 'Betriebsärzt~innen~ und ~Betriebsärzte']"
Bewerber,s,,gendered,titles,"['Bewerbung', 'Bewerber~in~/~Bewerber', 'Bewerbende', 'Person, die sich bewirbt']","['Bewerbende', 'Bewerber~innen~ und ~Bewerber', 'Bewerbung', 'Personen, die sich bewerben']","['Bewerbung', 'Bewerber~in~/~Bewerber', 'Person, die sich bewirbt', 'Bewerbende', 'Bewerber~innen~ und ~Bewerber', 'Personen, die sich bewerben']"
Boden-Parkettleger,s,,gendered,titles,"['Parkettlegung', 'Parkettverlegung', 'Boden-Parkettleger~in~/~Boden-Parkettleger']","['Boden-Parkettleger~innen~ und ~Boden-Parkettleger', 'Parkettlegung', 'Parkettverlegung']","['Parkettlegung', 'Parkettverlegung', 'Boden-Parkettleger~in~/~Boden-Parkettleger', 'Boden-Parkettleger~innen~ und ~Boden-Parkettleger']"
Bodenparkettleger,s,,gendered,titles,"['Parkettlegung', 'Parkettverlegung', 'Boden-Parkettleger~in~/~Boden-Parkettleger']","['Boden-Parkettleger~innen~ und ~Boden-Parkettleger', 'Parkettlegung', 'Parkettverlegung']","['Parkettlegung', 'Parkettverlegung', 'Boden-Parkettleger~in~/~Boden-Parkettleger', 'Boden-Parkettleger~innen~ und ~Boden-Parkettleger']"
Bootfachwart,s,,gendered,titles,"['Bootfachwartung', 'Bootfachwart~in~/~Bootfachwart']","['Bootfachwart~innen~ und ~Bootfachwarte', 'Bootfachwartung']","['Bootfachwartung', 'Bootfachwart~in~/~Bootfachwart', 'Bootfachwart~innen~ und ~Bootfachwarte']"
Boss,s,,gendered,leadership,"['leitende Kraft', 'Leitungsperson', 'Leitung', 'Vorgesetzt~e~/~Vorgesetzter', 'leitende Kräfte', 'Leitungskräfte', 'Leitungspersonen', 'Vorgesetzte', 'entscheidungsbefugte Person', 'verantwortliche Person']","['leitende Kräfte', 'Leitungskräfte', 'Leitungspersonen', 'Vorgesetzte', 'Leitung', 'entscheidungsbefugte Personen', 'verantwortliche Personen']","['Leitung', 'leitende Kraft', 'Leitungsperson', 'Vorgesetzt~e~/~Vorgesetzter', 'entscheidungsbefugte Person', 'verantwortliche Person', 'leitende Kräfte', 'Leitungskräfte', 'Leitungspersonen', 'Vorgesetzte', 'entscheidungsbefugte Personen', 'verantwortliche Personen']"
Botschafter,s,,gendered,titles,"['Botschaft', 'Vertretung', 'Botschafter~in~/~Botschafter', 'vermittelnde Person', 'vertretende Person']","['Botschafter~innen~ und ~Botschafter', 'Botschaft', 'Vertretung', 'vermittelnde Personen', 'vertretende Personen']","['Botschaft', 'Vertretung', 'Botschafter~in~/~Botschafter', 'vermittelnde Person', 'vertretende Person', 'Botschafter~innen~ und ~Botschafter', 'vermittelnde Personen', 'vertretende Personen']"
Brückenbauer,s,,gendered,titles,"['Brückenbau', 'Brückenbauer~in~/~Brückenbauer', 'Person, die Brücken (zwischen ...) baut']","['Brückenbauer~innen~ und ~Brückenbauer', 'Brückenbau', 'Personen, die Brücken (zwischen ...) bauen']","['Brückenbau', 'Brückenbauer~in~/~Brückenbauer', 'Person, die Brücken (zwischen ...) baut', 'Brückenbauer~innen~ und ~Brückenbauer', 'Personen, die Brücken (zwischen ...) bauen']"
Buchhändler,s,,gendered,titles,"['Buchhandel', 'Buchhandlung', 'Buchhändler~in~/~Buchhändler']","['Buchhändler~innen~ und ~Buchhändler', 'Buchhandel', 'Buchhandlung']","['Buchhandel', 'Buchhandlung', 'Buchhändler~in~/~Buchhändler', 'Buchhändler~innen~ und ~Buchhändler']"
Carrossier,s,,gendered,titles,"['Carrosserie', 'Autowerkstatt', 'Carrossier~in~/~Carrossier']","['Carrossier~innen~ und ~Carrossiers', 'Carrosserie', 'Autowerkstatt']","['Carrosserie', 'Autowerkstatt', 'Carrossier~in~/~Carrossier', 'Carrossier~innen~ und ~Carrossiers']"
Chef,s,,gendered,leadership,"['Leitungsperson', 'leitende Kraft', 'Leitung', 'Geschäftsführung', 'Management', 'Direktorium', 'Firmenleitung', 'Unternehmensleitung', 'Vorgesetzt~e~/~Vorgesetzter', 'CEOs', 'Leitungspersonen', 'Vorgesetzte', 'leitende Kräfte', 'Leitungskräfte', 'entscheidungsbefugte Person', 'verantwortliche Person', 'Person, die das Team beim Erreichen gemeinsamer Ziele unterstützt']","['CEOs', 'Leitungspersonen', 'Vorgesetzte', 'leitende Kräfte', 'Leitungskräfte', 'Chef~innen~ und ~Chefs', 'Leitung', 'Geschäftsführung', 'Management', 'Direktorium', 'Firmenleitung', 'Unternehmensleitung', 'entscheidungsbefugte Personen', 'verantwortliche Personen']","['Leitung', 'Geschäftsführung', 'Management', 'Direktorium', 'Firmenleitung', 'Unternehmensleitung', 'Leitungsperson', 'leitende Kraft', 'Vorgesetzt~e~/~Vorgesetzter', 'entscheidungsbefugte Person', 'verantwortliche Person', 'Person, die das Team beim Erreichen gemeinsamer Ziele unterstützt', 'CEOs', 'Leitungspersonen', 'Vorgesetzte', 'leitende Kräfte', 'Leitungskräfte', 'Chef~innen~ und ~Chefs', 'entscheidungsbefugte Personen', 'verantwortliche Personen']"
Coiffeur,s,,gendered,titles,"['Coiffure', 'Coiffeur~in~/~Coiffeur', 'frisierende Person', 'Person, die (...) frisiert hat']","['Coiffeur~innen~ und ~Coiffeure', 'Coiffure', 'frisierende Personen']","['Coiffure', 'Coiffeur~in~/~Coiffeur', 'frisierende Person', 'Person, die (...) frisiert hat', 'Coiffeur~innen~ und ~Coiffeure', 'frisierende Personen']"
Confiseur,s,,gendered,titles,"['Confiserie', 'Confiseur~in~/~Confiseur']","['Confiseur~innen~ und ~Confiseure', 'Confiserie']","['Confiserie', 'Confiseur~in~/~Confiseur', 'Confiseur~innen~ und ~Confiseure']"
Consultant,s,,gendered,titles,"['Consulting', 'Beratung', 'Konsultant~in~/~Konsultant', 'von Berufs wegen beratende Person']","['Konsultant~innen~ und ~Konsultanten', 'Consulting', 'Beratung', '(von Berufs wegen) beratende Personen']","['Consulting', 'Beratung', 'Konsultant~in~/~Konsultant', 'von Berufs wegen beratende Person', 'Konsultant~innen~ und ~Konsultanten', '(von Berufs wegen) beratende Personen']"
Controller,s,,gendered,titles,"['Kostenkontrollkraft', 'Finanzfachkraft', 'Controlling-Fachkraft', 'Controlling', 'Controller~in~/~Controller', 'Kostenkontrollkräfte', 'Finanzfachkräfte']","['Kostenkontrollkräfte', 'Finanzfachkräfte', 'Controller~innen~ und ~Controller', 'Controlling']","['Controlling', 'Kostenkontrollkraft', 'Finanzfachkraft', 'Controlling-Fachkraft', 'Controller~in~/~Controller', 'Kostenkontrollkräfte', 'Finanzfachkräfte', 'Controller~innen~ und ~Controller']"
Dachdecker,s,,gendered,titles,"['Dachdeckerei', 'Dachdecker~in~/~Dachdecker', 'Dachdeckende']","['Dachdeckende', 'Dachdecker~innen~ und ~Dachdecker', 'Dachdeckerei']","['Dachdeckerei', 'Dachdecker~in~/~Dachdecker', 'Dachdeckende', 'Dachdecker~innen~ und ~Dachdecker']"
Dekorationsnäher,s,,gendered,titles,"['Dekorationsschneiderei', 'Dekorationsnäher~in~/~Dekorationsnäher']","['Dekorationsnäher~innen~ und ~Dekorationsnäher', 'Dekorationsschneiderei']","['Dekorationsschneiderei', 'Dekorationsnäher~in~/~Dekorationsnäher', 'Dekorationsnäher~innen~ und ~Dekorationsnäher']"
Designer,s,,gendered,titles,"['Design', 'Designer~in~/~Designer', 'Designteam', 'Designschaffende']","['Designschaffende', 'Designer~innen~ und ~Designer', 'Designteam', 'Design']","['Design', 'Designer~in~/~Designer', 'Designteam', 'Designschaffende', 'Designer~innen~ und ~Designer']"
Developer,s,,gendered,titles,"['Development', 'Entwicklung', 'Entwicklungsabteilung', 'Developer~in~/~Developer', 'Entwickler~in~/~Entwickler', 'Development-Team', 'Entwicklungsteam']","['Developer~innen~ und ~Developer', 'Entwickler~innen~ und ~Entwickler', 'Development-Team', 'Entwicklungsteam', 'Development', 'Entwicklung', 'Entwicklungsabteilung']","['Development', 'Entwicklung', 'Entwicklungsabteilung', 'Developer~in~/~Developer', 'Entwickler~in~/~Entwickler', 'Development-Team', 'Entwicklungsteam', 'Developer~innen~ und ~Developer', 'Entwickler~innen~ und ~Entwickler']"
Dienstleister,s,,gendered,titles,"['Dienstleistung', 'Dienstleistungsbetrieb', 'Dienstleister~in~/~Dienstleister', 'Dienstleistungsbetriebe', 'Dienstleistende', 'dienstleistende Person', 'Person im Dientleistungssektor', 'Person, die Dienstleistungen erbringt']","['Dienstleistende', 'Dienstleister~innen~ und ~Dienstleister', 'Dienstleistungsbetriebe', 'Dienstleistung', 'Dienstleistungsbetrieb', 'dienstleistende Personen', 'Personen im Dienstleistungssektor', 'Personen, die Dienstleistungen erbringen']","['Dienstleistung', 'Dienstleistungsbetrieb', 'Dienstleister~in~/~Dienstleister', 'dienstleistende Person', 'Person im Dientleistungssektor', 'Person, die Dienstleistungen erbringt', 'Dienstleistungsbetriebe', 'Dienstleistende', 'Dienstleister~innen~ und ~Dienstleister', 'dienstleistende Personen', 'Personen im Dienstleistungssektor', 'Personen, die Dienstleistungen erbringen']"
Direktor,s,,gendered,leadership,"['Mitglied des Direktoriums', 'Leitung', 'Direktorium', 'Direktorat', 'Direktor~in~/~Direktor', 'leitende Kräfte', 'Leitungskräfte', 'Leitungspersonen', 'Mitglieder des Direktoriums', 'Vorgesetzte']","['leitende Kräfte', 'Leitungskräfte', 'Leitungspersonen', 'Mitglieder des Direktoriums', 'Vorgesetzte', 'Direktor~innen~ und ~Direktoren', 'Leitung', 'Direktorium', 'Direktorat']","['Leitung', 'Direktorium', 'Direktorat', 'Mitglied des Direktoriums', 'Direktor~in~/~Direktor', 'leitende Kräfte', 'Leitungskräfte', 'Leitungspersonen', 'Mitglieder des Direktoriums', 'Vorgesetzte', 'Direktor~innen~ und ~Direktoren']"
Disponent,s,,gendered,titles,"['Dispo', 'Disponent~in~/~Disponent']",['Dispo'],"['Dispo', 'Disponent~in~/~Disponent']"
Diätkoch,s,,gendered,titles,"['Diätfachkraft', 'Diätküche', 'Diätköch~in~/~Diätkoch', 'Diätfachkräfte', 'Person, die Diätspeisen zubereitet', 'Person, die diätetisch kocht']","['Diätfachkräfte', 'Diätköch~innen~ und ~Diätköche', 'Diätküche', 'Personen, die Diätspeisen zubereiten', 'Personen, die diätetisch kochen']","['Diätküche', 'Diätfachkraft', 'Diätköch~in~/~Diätkoch', 'Person, die Diätspeisen zubereitet', 'Person, die diätetisch kocht', 'Diätfachkräfte', 'Diätköch~innen~ und ~Diätköche', 'Personen, die Diätspeisen zubereiten', 'Personen, die diätetisch kochen']"
Drogist,s,,gendered,titles,"['Drogeriefachkraft', 'Drogerie', 'Drogist~in~/~Drogist', 'Drogeriefachkräfte', 'Drogeriebeschäftigte']","['Drogeriefachkräfte', 'Drogeriebeschäftigte', 'Drogist~innen~ und ~Drogisten', 'Drogerie']","['Drogerie', 'Drogeriefachkraft', 'Drogist~in~/~Drogist', 'Drogeriefachkräfte', 'Drogeriebeschäftigte', 'Drogist~innen~ und ~Drogisten']"
Drucker,s,,gendered,titles,"['Druckereifachkraft', 'Druckerei', 'Druck', 'Drucker~in~/~Drucker', 'Druckereibeschäftigte', 'Druckereifachkräfte']","['Druckereibeschäftigte', 'Druckereifachkräfte', 'Drucker~innen~ und ~Drucker', 'Druckerei', 'Druck']","['Druckerei', 'Druck', 'Druckereifachkraft', 'Drucker~in~/~Drucker', 'Druckereibeschäftigte', 'Druckereifachkräfte', 'Drucker~innen~ und ~Drucker']"
Einkäufer,s,,gendered,function,"['Einkauf', 'Einkäufer~in~/~Einkäufer', 'Einkaufende']","['Einkaufende', 'Einkäufer~innen~ und ~Einkäufer', 'Einkauf']","['Einkauf', 'Einkäufer~in~/~Einkäufer', 'Einkaufende', 'Einkäufer~innen~ und ~Einkäufer']"
Eisenbahnbetriebsleiter,s,,gendered,titles,"['Eisenbahnbetriebsleitung', 'Eisenbahnbetriebsleiter~in~/~Eisenbahnbetriebsleiter']",['Eisenbahnbetriebsleitung'],"['Eisenbahnbetriebsleitung', 'Eisenbahnbetriebsleiter~in~/~Eisenbahnbetriebsleiter']"
Elektriker,s,,gendered,titles,"['Elektrofachkraft', 'Fachkraft für Elektrotechnik', 'Elektrik', 'Elektriker~in~/~Elektriker', 'Elektrofachkräfte', 'Fachkräfte für Elektrotechnik']","['Elektrofachkräfte', 'Fachkräfte für Elektrotechnik', 'Elektriker~innen~ und ~Elektriker', 'Elektrik']","['Elektrik', 'Elektrofachkraft', 'Fachkraft für Elektrotechnik', 'Elektriker~in~/~Elektriker', 'Elektrofachkräfte', 'Fachkräfte für Elektrotechnik', 'Elektriker~innen~ und ~Elektriker']"
Elektroingenieur,s,,gendered,titles,"['Elektrotechnik', 'Elektroingenieur~in~/~Elektroingenieur']",['Elektrotechnik'],"['Elektrotechnik', 'Elektroingenieur~in~/~Elektroingenieur']"
Elektroniker,s,,gendered,titles,"['Elektronikfachkraft', 'Elektronikfachperson', 'Elektronik', 'Elektroniker~in~/~Elektroniker', 'Elektronikfachkräfte', 'Elektronikfachpersonen']","['Elektronikfachkräfte', 'Elektronikfachpersonen', 'Elektroniker~innen~ und ~Elektroniker', 'Elektronik']","['Elektronik', 'Elektronikfachkraft', 'Elektronikfachperson', 'Elektroniker~in~/~Elektroniker', 'Elektronikfachkräfte', 'Elektronikfachpersonen', 'Elektroniker~innen~ und ~Elektroniker']"
Engineer,s,,gendered,titles,"['auf Hoch-/Fachschule ausgebildete Technik-Fachkraft', 'Engineering', 'Technik', 'Technikwissenschaften', 'Ingenieur~in~/~Ingenieur', 'Engineering-Team']","['Ingenieur~innen~ und ~Ingenieure', 'Engineering-Team', 'Engineering', 'Technik', 'Technikwissenschaften', 'auf einer Hoch-/Fachschule ausgebildete Technik-Fachleute']","['Engineering', 'Technik', 'Technikwissenschaften', 'auf Hoch-/Fachschule ausgebildete Technik-Fachkraft', 'Ingenieur~in~/~Ingenieur', 'Engineering-Team', 'Ingenieur~innen~ und ~Ingenieure', 'auf einer Hoch-/Fachschule ausgebildete Technik-Fachleute']"
Entwickler,s,,gendered,titles,"['Entwicklung', 'Entwicklungsabteilung', 'Entwickler~in~/~Entwickler', 'Entwicklungsteam', 'Entwickelnde']","['Entwickelnde', 'Entwickler~innen~ und ~Entwickler', 'Entwicklungsteam', 'Entwicklung', 'Entwicklungsabteilung']","['Entwicklung', 'Entwicklungsabteilung', 'Entwickler~in~/~Entwickler', 'Entwicklungsteam', 'Entwickelnde', 'Entwickler~innen~ und ~Entwickler']"
Experte,s,,gendered,titles,"['Fachgröße', 'Kapazität', 'Expert~in~/~Experte', 'Fachleute', 'Fachkräfte', 'Fachpersonen', 'Fachkundige', 'Sachverständige', 'Sachkundige', 'Kapazitäten', 'Person vom Fach']","['Fachleute', 'Fachkräfte', 'Fachpersonen', 'Fachkundige', 'Sachverständige', 'Sachkundige', 'Kapazitäten', 'Expert~innen~ und ~Experten', 'Personen vom Fach']","['Fachgröße', 'Kapazität', 'Expert~in~/~Experte', 'Person vom Fach', 'Fachleute', 'Fachkräfte', 'Fachpersonen', 'Fachkundige', 'Sachverständige', 'Sachkundige', 'Kapazitäten', 'Expert~innen~ und ~Experten', 'Personen vom Fach']"
Expertengruppe,s,,gendered,hidden_image,"['Fachgruppe', 'Fachgruppen']",['Fachgruppen'],"['Fachgruppe', 'Fachgruppen']"
Experteninterview,s,,gendered,hidden_image,"['Interview mit Fachleuten', 'Interview mit Koryphäen', 'Interviews mit Fachleuten', 'Gespräche mit Sachkundigen']","['Interviews mit Fachleuten', 'Gespräche mit Sachkundigen']","['Interview mit Fachleuten', 'Interview mit Koryphäen', 'Interviews mit Fachleuten', 'Gespräche mit Sachkundigen']"
Expertenkommission,s,,gendered,hidden_image,"['Fachkommission', 'Kommission von Fachleuten', 'Fachkommissionen', 'Kommissionen von Fachleuten']","['Fachkommissionen', 'Kommissionen von Fachleuten']","['Fachkommission', 'Kommission von Fachleuten', 'Fachkommissionen', 'Kommissionen von Fachleuten']"
Expertenkreis,s,,gendered,hidden_image,"['Fachkreis', 'Fachgruppe', 'Sachverständigenkreis', 'Fachkreise', 'Fachgruppen', 'Sachverständigenkreise']","['Fachkreise', 'Fachgruppen', 'Sachverständigenkreise']","['Fachkreis', 'Fachgruppe', 'Sachverständigenkreis', 'Fachkreise', 'Fachgruppen', 'Sachverständigenkreise']"
Expertenrating,s,,gendered,hidden_image,"['Rating von Fachleuten', 'Ratings von Fachleuten']",['Ratings von Fachleuten'],"['Rating von Fachleuten', 'Ratings von Fachleuten']"
Expertenschätzung,s,,gendered,hidden_image,"['Schätzung von Fachleuten', 'nach Einschätzung von Fachleuten/Kennern', 'Expertise', 'Schätzungen von Fachleuten', 'nach Einschätzungen von Fachleuten/Kennern', 'Expertise']","['Schätzungen von Fachleuten', 'nach Einschätzungen von Fachleuten/Kennern', 'Expertise']","['Schätzung von Fachleuten', 'nach Einschätzung von Fachleuten/Kennern', 'Expertise', 'Schätzungen von Fachleuten', 'nach Einschätzungen von Fachleuten/Kennern', 'Expertise']"
Expertenstandard,s,,gendered,hidden_image,"['Fachstandard', 'Fachstandards']",['Fachstandards'],"['Fachstandard', 'Fachstandards']"
Expertentagung,s,,gendered,hidden_image,"['Fachtagung', 'Fachtagungen']",['Fachtagungen'],"['Fachtagung', 'Fachtagungen']"
Expertenvortrag,s,,gendered,hidden_image,"['Fachvortrag', 'Fachvorträge']",['Fachvorträge'],"['Fachvortrag', 'Fachvorträge']"
Fachmann,s,,gendered,function,"['Fachperson', 'Fachkraft', 'Fachfrau~Fachmann', 'Fachpersonal', 'Fachkräfte', 'jemand vom Fach']","['Fachkräfte', 'Fachfrauen und Fachmänner', 'Fachpersonal']","['Fachperson', 'Fachkraft', 'Fachfrau~Fachmann', 'jemand vom Fach', 'Fachpersonal', 'Fachkräfte', 'Fachfrauen und Fachmänner']"
Fachspezialist,s,,gendered,function,"['Fachperson', 'Fachkraft', 'Fachspezialist~in~/~Fachspezialist', 'Fachpersonal', 'Fachkräfte', 'in einem Fach bewanderte Person', 'jemand vom Fach', 'fachlich versierte Person', 'Person, die sich (auf ...) spezialisiert hat']","['Fachkräfte', 'Fachspezialist~innen~ und ~Fachspezialisten', 'Fachpersonal', 'auf (...) spezialisierte Personen', 'Leute vom Fach)', 'Personen, die sich (auf ...) spezialisiert haben']","['Fachperson', 'Fachkraft', 'Fachspezialist~in~/~Fachspezialist', 'in einem Fach bewanderte Person', 'jemand vom Fach', 'fachlich versierte Person', 'Person, die sich (auf ...) spezialisiert hat', 'Fachpersonal', 'Fachkräfte', 'Fachspezialist~innen~ und ~Fachspezialisten', 'auf (...) spezialisierte Personen', 'Leute vom Fach)', 'Personen, die sich (auf ...) spezialisiert haben']"
Fahrzeugtechniker,s,,gendered,titles,"['Fahrzeugtechnik', 'Fahrzeugtechniker~in~/~Fahrzeugtechniker']","['Fahrzeugtechniker~innen~ und ~Fahrzeugtechniker', 'Fahrzeugtechnik']","['Fahrzeugtechnik', 'Fahrzeugtechniker~in~/~Fahrzeugtechniker', 'Fahrzeugtechniker~innen~ und ~Fahrzeugtechniker']"
Familienvater,s,,gendered,male_stereotype,"['Elternteil', 'eine (primäre) Bezugsperson', 'Elternschaft', 'Eltern', 'Elternteile', 'Person, die eine Elternrolle hat', 'Vater']","['Elternteile', 'Eltern', 'Elternschaft', 'Personen in einer Elternrolle']","['Elternschaft', 'Elternteil', 'eine (primäre) Bezugsperson', 'Person, die eine Elternrolle hat', 'Vater', 'Eltern', 'Elternteile', 'Personen in einer Elternrolle']"
Florist,s,,gendered,titles,"['Blumenfachkraft', 'Floristik', 'Florist~in~/~Florist', 'Floristik-Team', 'Person, die Blumenschmuck künstlerisch/kreativ gestaltet']","['Florist~innen~ und ~Floristen', 'Floristik-Team', 'Floristik', 'Personen, die Blumenschmuck künstlerisch/kreativ gestalten']","['Floristik', 'Blumenfachkraft', 'Florist~in~/~Florist', 'Person, die Blumenschmuck künstlerisch/kreativ gestaltet', 'Floristik-Team', 'Florist~innen~ und ~Floristen', 'Personen, die Blumenschmuck künstlerisch/kreativ gestalten']"
Forstwart,s,,gendered,function,"['Forstwartung', 'Forstwart~in~/~Forstwart', 'Forstwartende', 'Fachkraft in der Waldbewirtschaftung']","['Forstwartende', 'Forstwart~innen~ und ~Forstwarte', 'Forstwartung', 'Fachkräfte in der Waldbewirtschaftung']","['Forstwartung', 'Forstwart~in~/~Forstwart', 'Fachkraft in der Waldbewirtschaftung', 'Forstwartende', 'Forstwart~innen~ und ~Forstwarte', 'Fachkräfte in der Waldbewirtschaftung']"
Fotograf,s,,gendered,titles,"['Fotografie', 'Fotograf~in~/~Fotograf', 'Fototeam', 'Fotografierende', 'fotografierende Person']","['Fotografierende', 'Fotograf~innen~ und ~Fotografen', 'Fototeam', 'Fotografie', 'fotografierende Personen']","['Fotografie', 'Fotograf~in~/~Fotograf', 'fotografierende Person', 'Fototeam', 'Fotografierende', 'Fotograf~innen~ und ~Fotografen', 'fotografierende Personen']"
Frontender,s,,gendered,titles,"['Front-End-Entwicklung', 'Frontender~in~/~Frontender', 'Frontend-Entwickler~in~/~Frontend-Entwickler', 'Person, die den technischen Oberbau entwickelt']","['Frontender~innen~ und ~Frontender', 'Frontend-Entwickler~innen~ und ~Frontend-Entwickler', 'Front-End-Entwicklung', 'Personen, die den technischen Oberbau entwickeln ']","['Front-End-Entwicklung', 'Frontender~in~/~Frontender', 'Frontend-Entwickler~in~/~Frontend-Entwickler', 'Person, die den technischen Oberbau entwickelt', 'Frontender~innen~ und ~Frontender', 'Frontend-Entwickler~innen~ und ~Frontend-Entwickler', 'Personen, die den technischen Oberbau entwickeln ']"
Führer,s,,gendered,leadership,"['leitende Kraft', 'Leitungsperson', 'Steuerungsperson', 'Lenkungsperson', 'Führungsperson', 'Leitung', 'Lenkung', 'Steuerung', 'Management', 'Gruppenleitung', 'Führer~in~/~Führer', 'entscheidungsbefugte Person', 'verantwortliche Person', 'lenkende Person', 'Person, die eine Gruppe lenkt/leitet', 'Person, die die gemeinsame Vision kommuniziert', 'Person, die das Team unterstützt und coacht']","['Führer~innen~ und ~Führer', 'Leitung', 'Lenkung', 'Steuerung', 'Management', 'Gruppenleitung', 'Personen in Ausbildung', 'auszubildende Personen', 'lernende Person']","['Leitung', 'Lenkung', 'Steuerung', 'Management', 'Gruppenleitung', 'leitende Kraft', 'Leitungsperson', 'Steuerungsperson', 'Lenkungsperson', 'Führungsperson', 'Führer~in~/~Führer', 'entscheidungsbefugte Person', 'verantwortliche Person', 'lenkende Person', 'Person, die eine Gruppe lenkt/leitet', 'Person, die die gemeinsame Vision kommuniziert', 'Person, die das Team unterstützt und coacht', 'Führer~innen~ und ~Führer', 'Personen in Ausbildung', 'auszubildende Personen', 'lernende Person']"
Führungskraft,s,,gendered,function,"['Leitung', 'Team-Anleitung', 'Team-Lenkung', 'Lenkung', 'Management', 'Verantwortungtragende', 'Verantwortliche', 'verantwortliche Person', 'Person, die die Vision kommuniziert', 'Person, die ihr Team unterstützt und coacht', 'Person, die mit Rat und Tat zur Seite steht']","['Verantwortungtragende', 'Verantwortliche', 'Leitung', 'Team-Anleitung', 'Team-Lenkung', 'Lenkung', 'Management']","['Leitung', 'Team-Anleitung', 'Team-Lenkung', 'Lenkung', 'Management', 'verantwortliche Person', 'Person, die die Vision kommuniziert', 'Person, die ihr Team unterstützt und coacht', 'Person, die mit Rat und Tat zur Seite steht', 'Verantwortungtragende', 'Verantwortliche']"
Gemüsegärtner,s,,gendered,titles,"['Gemüseanbau', 'Gemüsegärtner~in~/~Gemüsegärtner', 'Person, die Gemüsegärten pflegt', 'Person, die Gemüse anbaut', 'Person, die Gemüseanbau betreibt']","['Gemüsegärtner~innen~ und ~Gärtner', 'Gemüseanbau', 'Person, die Gemüsegärten pflegen', 'Person, die Gemüse anbauen', 'Person, die Gemüseanbau betreiben']","['Gemüseanbau', 'Gemüsegärtner~in~/~Gemüsegärtner', 'Person, die Gemüsegärten pflegt', 'Person, die Gemüse anbaut', 'Person, die Gemüseanbau betreibt', 'Gemüsegärtner~innen~ und ~Gärtner', 'Person, die Gemüsegärten pflegen', 'Person, die Gemüse anbauen', 'Person, die Gemüseanbau betreiben']"
Generalist,s,,gendered,titles,"['Multitalent', 'Generalist~in~/~Generalist', 'Multitalente', 'Mensch, der vielseitig begabt/interessiert ist', 'fachlich breit aufgestellter Mensch']","['Multitalente', 'Generalist~innen~ und ~Generalisten', 'Menschen, die vielseitig begabt/interessiert sind', 'fachlich breit aufgestellte Menschen']","['Multitalent', 'Generalist~in~/~Generalist', 'Mensch, der vielseitig begabt/interessiert ist', 'fachlich breit aufgestellter Mensch', 'Multitalente', 'Generalist~innen~ und ~Generalisten', 'Menschen, die vielseitig begabt/interessiert sind', 'fachlich breit aufgestellte Menschen']"
Geomatiker,s,,gendered,titles,"['Fachkraft für Geoinformation', 'Geomatik', 'Geoinformationstechnik', 'Geomatiker~in~/~Geomatiker', 'Geomatik-Team', 'Person, die Geodaten erhebt und verarbeitet']","['Geomatiker~innen~ und ~Geomatiker', 'Geomatik-Team', 'Geomatik', 'Geoinformationstechnik', 'Leute, die Geodaten erheben und verarbeiten']","['Geomatik', 'Geoinformationstechnik', 'Fachkraft für Geoinformation', 'Geomatiker~in~/~Geomatiker', 'Person, die Geodaten erhebt und verarbeitet', 'Geomatik-Team', 'Geomatiker~innen~ und ~Geomatiker', 'Leute, die Geodaten erheben und verarbeiten']"
Geschäftsführer,s,,gendered,leadership,"['leitende Kraft', 'Leitungsperson', 'Führungsperson', 'Lenkungsperson', 'Leitung', 'Geschäftsführung', 'Management', 'Direktorium', 'Firmenleitung', 'Unternehmensleitung', 'Geschäftsführer~in~/~Geschäftsführer', 'entscheidungsbefugte Person', 'verantwortliche Person']","['Geschäftsführer~innen~ und ~Geschäftsführer', 'Leitung', 'Geschäftsführung', 'Management', 'Direktorium', 'Firmenleitung', 'Unternehmensleitung', 'entscheidungsbefugte Personen', 'verantwortliche Person']","['Leitung', 'Geschäftsführung', 'Management', 'Direktorium', 'Firmenleitung', 'Unternehmensleitung', 'leitende Kraft', 'Leitungsperson', 'Führungsperson', 'Lenkungsperson', 'Geschäftsführer~in~/~Geschäftsführer', 'entscheidungsbefugte Person', 'verantwortliche Person', 'Geschäftsführer~innen~ und ~Geschäftsführer', 'entscheidungsbefugte Personen', 'verantwortliche Person']"
Geschäftsleiter,s,,gendered,leadership,"['leitende Kraft', 'Leitungsperson', 'Geschäftsleitung', 'Management', 'Firmenleitung', 'Unternehmensführung', 'Geschäftsleiter~in~/~Geschäftsleiter', 'entscheidungsbefugte Person', 'verantwortliche Person']","['Geschäftsleiter~innen~ und ~Geschäftsleiter', 'Geschäftsleitung', 'Management', 'Firmenleitung', 'Unternehmensführung', 'entscheidungsbefugte Personen', 'verantwortliche Person']","['Geschäftsleitung', 'Management', 'Firmenleitung', 'Unternehmensführung', 'leitende Kraft', 'Leitungsperson', 'Geschäftsleiter~in~/~Geschäftsleiter', 'entscheidungsbefugte Person', 'verantwortliche Person', 'Geschäftsleiter~innen~ und ~Geschäftsleiter', 'entscheidungsbefugte Personen', 'verantwortliche Person']"
Gestalter,s,,gendered,titles,"['Gestaltung', 'Gestalter~in~/~Gestalter', 'Gestaltende', 'Person, die (...) gestaltet']","['Gestaltende', 'Gestalter~innen~ und ~Gestalter', 'Gestaltung', 'Personen, die (...) gestalten']","['Gestaltung', 'Gestalter~in~/~Gestalter', 'Person, die (...) gestaltet', 'Gestaltende', 'Gestalter~innen~ und ~Gestalter', 'Personen, die (...) gestalten']"
Gewinner,s,,gendered,function,"['Gewinner~in~/~Gewinner', 'Mensch, der nicht locker lässt', 'Person, die sich vom Ziel nicht abbringen lässt']","['Gewinner~innen~ und ~Gewinner', 'Menschen, die nicht locker lassen', 'alle, die sich nicht von ihrem Ziel ablenken lassen']","['Gewinner~in~/~Gewinner', 'Mensch, der nicht locker lässt', 'Person, die sich vom Ziel nicht abbringen lässt', 'Gewinner~innen~ und ~Gewinner', 'Menschen, die nicht locker lassen', 'alle, die sich nicht von ihrem Ziel ablenken lassen']"
Gipser,s,,gendered,titles,"['Gipserei-Fachkraft', 'Gipserei', 'Gipser~in~/~Gipser']","['Gipser~innen~ und ~Gipser', 'Gipserei']","['Gipserei', 'Gipserei-Fachkraft', 'Gipser~in~/~Gipser', 'Gipser~innen~ und ~Gipser']"
Glaser,s,,gendered,titles,"['Glaserei', 'Glasbau', 'Verglasung', 'Glaser~in~/~Glaser']","['Glaser~innen~ und ~Glaser', 'Glaserei', 'Glasbau', 'Verglasung']","['Glaserei', 'Glasbau', 'Verglasung', 'Glaser~in~/~Glaser', 'Glaser~innen~ und ~Glaser']"
Glasmaler,s,,gendered,titles,"['Glasmalerei', 'Glasmaler~in~/~Glasmaler', 'Glasmalende']","['Glasmalende', 'Glasmaler~innen~ und ~Glasmaler', 'Glasmalerei']","['Glasmalerei', 'Glasmaler~in~/~Glasmaler', 'Glasmalende', 'Glasmaler~innen~ und ~Glasmaler']"
Gleisbauer,s,,gendered,titles,"['Gleisbau', 'Gleisbauer~in~/~Gleisbauer']",['Gleisbau'],"['Gleisbau', 'Gleisbauer~in~/~Gleisbauer']"
Go-getter,s,,gendered,function,"['tatkräftige Person', 'Tatmensch', 'umsetzungsfreudiger Mensch', 'tatkräftige Leute', 'Tatmenschen', 'umsetzungsfreudige Menschen', 'jemand, der unternehmerisch denkt', 'jemand, der mit Elan auf ZIele hinarbeitet']","['tatkräftige Leute', 'Tatmenschen', 'umsetzungsfreudige Menschen', 'Leute, die unternehmerisch denken', 'Menschen, die mit Elan auf Ziele hinarbeiten']","['tatkräftige Person', 'Tatmensch', 'umsetzungsfreudiger Mensch', 'jemand, der unternehmerisch denkt', 'jemand, der mit Elan auf ZIele hinarbeitet', 'tatkräftige Leute', 'Tatmenschen', 'umsetzungsfreudige Menschen', 'Leute, die unternehmerisch denken', 'Menschen, die mit Elan auf Ziele hinarbeiten']"
Goal-getter,s,,gendered,function,"['tatkräftige Person', 'Tatmensch', 'umsetzungsfreudiger Mensch', 'tatkräftige Leute', 'Tatmenschen', 'umsetzungsfreudige Menschen', 'Mensch, der sich kontinuierlich Ziele setzt und erreicht', 'Mensch, der bereit ist, sich neuen oder komplexen Situationen zu stellen, um gemeinsame Ziele zu verwirklichen']","['tatkräftige Leute', 'Tatmenschen', 'umsetzungsfreudige Menschen', 'Menschen, die sich kontinuierlich Ziele setzen und erreichen', 'Leute, der bereit sind, sich neuen oder komplexen Situationen zu stellen, um gemeinsame Ziele zu verwirklichen']","['tatkräftige Person', 'Tatmensch', 'umsetzungsfreudiger Mensch', 'Mensch, der sich kontinuierlich Ziele setzt und erreicht', 'Mensch, der bereit ist, sich neuen oder komplexen Situationen zu stellen, um gemeinsame Ziele zu verwirklichen', 'tatkräftige Leute', 'Tatmenschen', 'umsetzungsfreudige Menschen', 'Menschen, die sich kontinuierlich Ziele setzen und erreichen', 'Leute, der bereit sind, sich neuen oder komplexen Situationen zu stellen, um gemeinsame Ziele zu verwirklichen']"
Goalgetter,s,,gendered,function,"['tatkräftige Person', 'Tatmensch', 'umsetzungsfreudiger Mensch', 'tatkräftige Leute', 'Tatmenschen', 'umsetzungsfreudige Menschen', 'Mensch, der sich kontinuierlich Ziele setzt und erreicht', 'Mensch, der bereit ist, sich neuen oder komplexen Situationen zu stellen, um gemeinsame Ziele zu verwirklichen']","['tatkräftige Leute', 'Tatmenschen', 'umsetzungsfreudige Menschen', 'Menschen, die sich kontinuierlich Ziele setzen und erreichen', 'Leute, der bereit sind, sich neuen oder komplexen Situationen zu stellen, um gemeinsame Ziele zu verwirklichen']","['tatkräftige Person', 'Tatmensch', 'umsetzungsfreudiger Mensch', 'Mensch, der sich kontinuierlich Ziele setzt und erreicht', 'Mensch, der bereit ist, sich neuen oder komplexen Situationen zu stellen, um gemeinsame Ziele zu verwirklichen', 'tatkräftige Leute', 'Tatmenschen', 'umsetzungsfreudige Menschen', 'Menschen, die sich kontinuierlich Ziele setzen und erreichen', 'Leute, der bereit sind, sich neuen oder komplexen Situationen zu stellen, um gemeinsame Ziele zu verwirklichen']"
Gogetter,s,,gendered,function,"['tatkräftige Person', 'Tatmensch', 'umsetzungsfreudiger Mensch', 'tatkräftige Leute', 'Tatmenschen', 'umsetzungsfreudige Menschen', 'jemand, der unternehmerisch denkt', 'jemand, der mit Elan auf ZIele hinarbeitet']","['tatkräftige Leute', 'Tatmenschen', 'umsetzungsfreudige Menschen', 'Leute, die unternehmerisch denken', 'Menschen, die mit Elan auf Ziele hinarbeiten']","['tatkräftige Person', 'Tatmensch', 'umsetzungsfreudiger Mensch', 'jemand, der unternehmerisch denkt', 'jemand, der mit Elan auf ZIele hinarbeitet', 'tatkräftige Leute', 'Tatmenschen', 'umsetzungsfreudige Menschen', 'Leute, die unternehmerisch denken', 'Menschen, die mit Elan auf Ziele hinarbeiten']"
Gott,s,,gendered,function,"['Gött~in~/~Gott', 'Mensch, der dank großer Erfahrung den Überblick behält', 'jemand, der vor Komplexität keine Angst hat', 'Mensch, der seine Aufgaben zuverlässig und gelassen im Griff hat']","['Gött~innen~ und ~Götter', 'Menschen, die dank großer Erfahrung den Überblick behalten', 'Leute, die vor Komplexität keine Angst haben', 'Personen, die ihre Aufgaben zuverlässig und gelassen im Griff haben']","['Gött~in~/~Gott', 'Mensch, der dank großer Erfahrung den Überblick behält', 'jemand, der vor Komplexität keine Angst hat', 'Mensch, der seine Aufgaben zuverlässig und gelassen im Griff hat', 'Gött~innen~ und ~Götter', 'Menschen, die dank großer Erfahrung den Überblick behalten', 'Leute, die vor Komplexität keine Angst haben', 'Personen, die ihre Aufgaben zuverlässig und gelassen im Griff haben']"
Grafiker,s,,gendered,titles,"['Grafik', 'Grafiker~in~/~Grafiker', 'Grafik-Team', 'Grafikschaffende', 'Person, die im Bereich Grafik tätig ist', 'Person, die (Medien, Broschüren) gestaltet']","['Grafikschaffende', 'Grafiker~innen~ und ~Grafiker', 'Grafik-Team', 'Grafik', 'Personen, die im Bereich Grafik tätig sind', 'Personen, die (Medien, Broschüren) gestalten']","['Grafik', 'Grafiker~in~/~Grafiker', 'Person, die im Bereich Grafik tätig ist', 'Person, die (Medien, Broschüren) gestaltet', 'Grafik-Team', 'Grafikschaffende', 'Grafiker~innen~ und ~Grafiker', 'Personen, die im Bereich Grafik tätig sind', 'Personen, die (Medien, Broschüren) gestalten']"
Graveur,s,,gendered,titles,"['Gravur', 'Gravuranstalt', 'Gravierbetrieb', 'Graveur~in~/~Graveur']","['Graveur~innen~ und ~Graveure', 'Gravur', 'Gravuranstalt', 'Gravierbetrieb']","['Gravur', 'Gravuranstalt', 'Gravierbetrieb', 'Graveur~in~/~Graveur', 'Graveur~innen~ und ~Graveure']"
Großkunde,s,,gendered,titles,"['Großkundschaft', 'Großkund~in~/~Großkunde', 'Großabnehmende', 'Kundschaft/Klientel, die in großem Umfang Leistungen/Waren bezieht']","['Großabnehmende', 'Großkund~innen~ und ~Großkunden', 'Großkundschaft', 'Kundschaft/Klientel, die in großem Umfang Leistungen/Waren bezieht']","['Großkundschaft', 'Großkund~in~/~Großkunde', 'Kundschaft/Klientel, die in großem Umfang Leistungen/Waren bezieht', 'Großabnehmende', 'Großkund~innen~ und ~Großkunden', 'Kundschaft/Klientel, die in großem Umfang Leistungen/Waren bezieht']"
Guy,s,,gendered,function,"['Kamerad~in~/~Kamerad', 'Freund~in~/~Freund', 'Kolleg~in~/~Kollege', 'Team', 'Leute', 'alle miteinander', 'alle zusammen']","['Leute', 'alle miteinander', 'alle zusammen', 'Kolleg~innen~ und ~Kollege', 'Freund~innen~ und ~Freunde', 'Kamerad~innen~ und ~Kameraden', 'Team']","['Kamerad~in~/~Kamerad', 'Freund~in~/~Freund', 'Kolleg~in~/~Kollege', 'Team', 'Leute', 'alle miteinander', 'alle zusammen', 'Kolleg~innen~ und ~Kollege', 'Freund~innen~ und ~Freunde', 'Kamerad~innen~ und ~Kameraden']"
Gußformer,s,,gendered,titles,"['Gussformerei', 'Gussformung', 'Gussformer~in~/~Gussformer', 'Person, die Gussformen herstellt']","['Gussformer~innen~ und ~Gussformer', 'Gussformerei', 'Gussformung', 'Personen, die Gussformen herstellen']","['Gussformerei', 'Gussformung', 'Gussformer~in~/~Gussformer', 'Person, die Gussformen herstellt', 'Gussformer~innen~ und ~Gussformer', 'Personen, die Gussformen herstellen']"
Gärtner,s,,gendered,titles,"['Gartenfachkraft', 'Gärtnerei', 'Gartenbau', 'Gärtner~in~/~Gärtner', 'Person, die Gärten pflegt', 'Person, die Gartenbau betreibt']","['Gärtner~innen~ und ~Gärtner', 'Gärtnerei', 'Gartenbau', 'Personen, die Gärten pflegen', 'Person, die Gartenbau betreiben']","['Gärtnerei', 'Gartenbau', 'Gartenfachkraft', 'Gärtner~in~/~Gärtner', 'Person, die Gärten pflegt', 'Person, die Gartenbau betreibt', 'Gärtner~innen~ und ~Gärtner', 'Personen, die Gärten pflegen', 'Person, die Gartenbau betreiben']"
Hacker,s,,gendered,function,"['Hacker~in~/~Hacker', 'Mensch, der Lösungen kreativ mit Technologie angeht', 'Person, die kostengünstige Alternativen findet und kreativ umsetzt', 'jemand, der bei Komplexität das Ziel nicht aus den Augen verliert', 'Person, die Aufgaben zuverlässig im Griff hat']","['Hacker~innen~ und ~Hacker', 'Menschen, die Lösungen kreativ mit Technologie angehen', 'Fachleute, die kostengünstige Alternativen finden und kreativ umsetzen', 'Personen, die bei Komplexität das Ziel nicht aus den Augen verlieren', 'Personen, die Aufgaben zuverlässig im Griff haben']","['Hacker~in~/~Hacker', 'Mensch, der Lösungen kreativ mit Technologie angeht', 'Person, die kostengünstige Alternativen findet und kreativ umsetzt', 'jemand, der bei Komplexität das Ziel nicht aus den Augen verliert', 'Person, die Aufgaben zuverlässig im Griff hat', 'Hacker~innen~ und ~Hacker', 'Menschen, die Lösungen kreativ mit Technologie angehen', 'Fachleute, die kostengünstige Alternativen finden und kreativ umsetzen', 'Personen, die bei Komplexität das Ziel nicht aus den Augen verlieren', 'Personen, die Aufgaben zuverlässig im Griff haben']"
Held,s,,gendered,function,"['loyaler Mensch', 'resiliente Persönlichkeit', 'umsetzungsfreudige und engagierte Personen', 'Held~in~/~Held', 'loyale Menschen', 'resiliente Persönlichkeiten', 'engagierte und umsetzungsfreudige Personen', 'Person, die die Initiative ergreift', 'Person, die sich für gemeinsame Ziele einsetzt', 'Person, die mit Umsicht auf die Bedürfnisse des Teams eingeht', 'Person, die komplexe Aufgaben ruhig und gelassen angeht', 'loyaler Mensch', 'resiliente Persönlichkeit', 'umsetzungsorientierter Mensch']","['loyale Menschen', 'resiliente Persönlichkeiten', 'engagierte und umsetzungsfreudige Personen', 'Held~innen~ und ~Helden', 'Personen, die die Initiative ergreifen', 'Personen, die sich für gemeinsame Ziele einsetzen', 'Personen, die mit Umsicht auf die Bedürfnisse des Teams eingehen', 'Menschen, die komplexe Aufgaben ruhig und gelassen angehen']","['loyaler Mensch', 'resiliente Persönlichkeit', 'umsetzungsfreudige und engagierte Personen', 'Held~in~/~Held', 'Person, die die Initiative ergreift', 'Person, die sich für gemeinsame Ziele einsetzt', 'Person, die mit Umsicht auf die Bedürfnisse des Teams eingeht', 'Person, die komplexe Aufgaben ruhig und gelassen angeht', 'loyaler Mensch', 'resiliente Persönlichkeit', 'umsetzungsorientierter Mensch', 'loyale Menschen', 'resiliente Persönlichkeiten', 'engagierte und umsetzungsfreudige Personen', 'Held~innen~ und ~Helden', 'Personen, die die Initiative ergreifen', 'Personen, die sich für gemeinsame Ziele einsetzen', 'Personen, die mit Umsicht auf die Bedürfnisse des Teams eingehen', 'Menschen, die komplexe Aufgaben ruhig und gelassen angehen']"
Help-desk-Mitarbeiter,s,,gendered,titles,"['Helpdesk', 'Serviceticket-System', 'Fallbearbeitungssystem', 'Anfragenbearbeitung', 'Anwendungsbetreuung', 'Helpdesk-Mitarbeiter~in~/~Helpdesk-Mitarbeiter', 'Anwendungsbetreuer~in~/~Anwendungsbetreuer', 'Helpdesk-Team', 'Person, die für das Helpdesk arbeitet', 'Person, die eine Anwendung betreut']","['Helpdesk-Mitarbeiter~innen~ und ~Helpdesk-Mitarbeiter', 'Anwendungsbetreuer~innen~ und ~Anwendungsbetreuer', 'Helpdesk-Team', 'Helpdesk', 'Serviceticket-System', 'Fallbearbeitungssystem', 'Anfragenbearbeitung', 'Anwendungsbetreuung', 'Personen, die für das Helpdesk arbeiten', 'Personen, die eine Anwendung betreuen']","['Helpdesk', 'Serviceticket-System', 'Fallbearbeitungssystem', 'Anfragenbearbeitung', 'Anwendungsbetreuung', 'Helpdesk-Mitarbeiter~in~/~Helpdesk-Mitarbeiter', 'Anwendungsbetreuer~in~/~Anwendungsbetreuer', 'Person, die für das Helpdesk arbeitet', 'Person, die eine Anwendung betreut', 'Helpdesk-Team', 'Helpdesk-Mitarbeiter~innen~ und ~Helpdesk-Mitarbeiter', 'Anwendungsbetreuer~innen~ und ~Anwendungsbetreuer', 'Personen, die für das Helpdesk arbeiten', 'Personen, die eine Anwendung betreuen']"
Herrschaften,s,,gendered,male_stereotype,"['Leute', 'Gäste', 'Kundschaft', 'Mitwirkende', 'Freunde', 'liebe Leute', 'alle miteinander', 'liebe Gäste']","['Leute', 'Gäste', 'Kundschaft', 'Mitwirkende', 'Freunde', 'liebe Leute', 'alle miteinander', 'liebe Gäste']","['Leute', 'Gäste', 'Kundschaft', 'Mitwirkende', 'Freunde', 'liebe Leute', 'alle miteinander', 'liebe Gäste']"
Hörsystemakustiker,s,,gendered,titles,"['Hörsystemakustik', 'Hörsystemakustiker~in~/~Hörsystemakustiker']",['Hörsystemakustik'],"['Hörsystemakustik', 'Hörsystemakustiker~in~/~Hörsystemakustiker']"
Industriekaufmann,s,,gendered,titles,"['Industriekauffrau~Industriekaufmann', 'Industriekaufleute']",['Industriekaufleute'],"['Industriekauffrau~Industriekaufmann', 'Industriekaufleute']"
Industriekeramiker,s,,gendered,titles,"['Industriekeramik', 'Industriekeramiker~in~/~Industriekeramiker']",['Industriekeramik'],"['Industriekeramik', 'Industriekeramiker~in~/~Industriekeramiker']"
Industriemechaniker,s,,gendered,titles,"['Industriemechanik', 'Industriemechaniker~in~/~Industriemechaniker']",['Industriemechanik'],"['Industriemechanik', 'Industriemechaniker~in~/~Industriemechaniker']"
Industriepolsterer,s,,gendered,titles,"['Industriepolsterei', 'Industriepolsterer~in~/~Industriepolsterer']",['Industriepolsterei'],"['Industriepolsterei', 'Industriepolsterer~in~/~Industriepolsterer']"
Informatiker,s,,gendered,titles,"['Informatik', 'Informatiker~in~/~Informatiker', 'auf IT spezialisierte Person']","['Informatiker~innen~ und ~Informatiker', 'Informatik', 'auf IT spezialisierte Leute']","['Informatik', 'Informatiker~in~/~Informatiker', 'auf IT spezialisierte Person', 'Informatiker~innen~ und ~Informatiker', 'auf IT spezialisierte Leute']"
Ingenieur,s,,gendered,titles,"['auf Hoch-/Fachschule ausgebildete Technik-Fachkraft', 'Engineering', 'Technik', 'Technikwissenschaften', 'Ingenieur~in~/~Ingenieur', 'Engineering-Team']","['Ingenieur~innen~ und ~Ingenieure', 'Engineering-Team', 'Engineering', 'Technik', 'Technikwissenschaften', 'auf Hoch-/Fachschule ausgebildete Technik-Fachleute']","['Engineering', 'Technik', 'Technikwissenschaften', 'auf Hoch-/Fachschule ausgebildete Technik-Fachkraft', 'Ingenieur~in~/~Ingenieur', 'Engineering-Team', 'Ingenieur~innen~ und ~Ingenieure', 'auf Hoch-/Fachschule ausgebildete Technik-Fachleute']"
Inhaber,s,,gendered,titles,"['Inhaber~in~/~Inhaber', 'Person, die (...) besitzt', 'Person, die (eine Position, eine Rolle, ...) innehat']","['Inhaber~innen~ und ~Inhaber', 'Personen, die (...) besitzen', 'die (eine Position, eine Rolle, ...) innehaben']","['Inhaber~in~/~Inhaber', 'Person, die (...) besitzt', 'Person, die (eine Position, eine Rolle, ...) innehat', 'Inhaber~innen~ und ~Inhaber', 'Personen, die (...) besitzen', 'die (eine Position, eine Rolle, ...) innehaben']"
Innendekorateur,s,,gendered,titles,"['Innendekoration', 'Innendekorateur~in~/~Innendekorateur']",['Innendekoration'],"['Innendekoration', 'Innendekorateur~in~/~Innendekorateur']"
Installateur,s,,gendered,titles,"['Installation', 'Installateur~in~/~Installateur']",['Installation'],"['Installation', 'Installateur~in~/~Installateur']"
Instructor,s,,gendered,titles,"['Lehrkraft', 'Coach', 'Lehre', 'Training', 'Ausbildung', 'Instructor~in~/~Instructor', 'Kurstrainer~in~/~Kurstrainer']","['Lehre', 'Training', 'Ausbildung']","['Lehre', 'Training', 'Ausbildung', 'Lehrkraft', 'Coach', 'Instructor~in~/~Instructor', 'Kurstrainer~in~/~Kurstrainer']"
Kandidat,s,,gendered,titles,"['Kandidatur', 'Kandidat~in~/~Kandidat', 'Kandidierende', 'Person, die sich bewirbt', 'Person, die kandidiert']","['Kandidierende', 'Kandidat~innen~ und ~Kandidaten', 'Kandidatur', 'Personen, die sich bewerben', 'Personen, die kandidieren']","['Kandidatur', 'Kandidat~in~/~Kandidat', 'Person, die sich bewirbt', 'Person, die kandidiert', 'Kandidierende', 'Kandidat~innen~ und ~Kandidaten', 'Personen, die sich bewerben', 'Personen, die kandidieren']"
Kaufmann,s,,gendered,function,"['Kauffrau~Kaufmann', 'Kaufleute', 'Handeltreibende', 'Person im kaufmännischen Bereich']","['Handeltreibende', 'Kaufleute', 'Personen im kaufmännischen Bereich']","['Kauffrau~Kaufmann', 'Person im kaufmännischen Bereich', 'Kaufleute', 'Handeltreibende', 'Personen im kaufmännischen Bereich']"
Keramiker,s,,gendered,titles,"['Keramik', 'Keramiker~in~/~Keramiker']",['Keramik'],"['Keramik', 'Keramiker~in~/~Keramiker']"
Koch,s,,gendered,titles,"['Küche', 'Kantine', 'Köch~in~/~Koch']","['Küche', 'Kantine']","['Küche', 'Kantine', 'Köch~in~/~Koch']"
Kollege,s,,gendered,titles,"['Teammitglied', 'Kolleg~in~/~Kollege', 'Kollegschaft', 'Team', 'Person, die im selben Team arbeitet', 'Person, die im selben Unternehmen arbeitet', 'Person, die man von der Arbeit kennt']","['Kolleg~innen~ und ~Kollegen', 'Kollegschaft', 'Team', 'Personen, die im selben Team arbeiten', 'Personen, die im selben Unternehmen arbeiten', 'Personen, die man von der Arbeit kennt']","['Teammitglied', 'Kolleg~in~/~Kollege', 'Person, die im selben Team arbeitet', 'Person, die im selben Unternehmen arbeitet', 'Person, die man von der Arbeit kennt', 'Kollegschaft', 'Team', 'Kolleg~innen~ und ~Kollegen', 'Personen, die im selben Team arbeiten', 'Personen, die im selben Unternehmen arbeiten', 'Personen, die man von der Arbeit kennt']"
Konstrukteur,s,,gendered,titles,"['Konstruktion', 'Konstrukteur~in~/~Konstrukteur']",['Konstruktion'],"['Konstruktion', 'Konstrukteur~in~/~Konstrukteur']"
Kontrolleur,s,,gendered,titles,"['Kontrolle', 'Kontrolleur~in~/~Kontrolleur']",['Kontrolle'],"['Kontrolle', 'Kontrolleur~in~/~Kontrolleur']"
Koryphäe,s,,gendered,function,"['Fachkraft', 'Fachgröße', 'erfahrene Person', 'kompetente Person', 'Fachleute', 'Fachgrößen', 'Fachkundige', 'erfahrene Leute', 'kompetente Personen', 'jemand, der sich auskennt', 'Person, die andere als Vorbild motiviert']","['Fachleute', 'Fachgrößen', 'Fachkundige', 'erfahrene Leute', 'kompetente Personen', 'Leute, die sich auskennen', 'Personen, die andere als Vorbild motivieren']","['Fachkraft', 'Fachgröße', 'erfahrene Person', 'kompetente Person', 'jemand, der sich auskennt', 'Person, die andere als Vorbild motiviert', 'Fachleute', 'Fachgrößen', 'Fachkundige', 'erfahrene Leute', 'kompetente Personen', 'Leute, die sich auskennen', 'Personen, die andere als Vorbild motivieren']"
Kosmetiker,s,,gendered,titles,"['Kosmetik', 'Kosmetiker~in~/~Kosmetiker']",['Kosmetik'],"['Kosmetik', 'Kosmetiker~in~/~Kosmetiker']"
Kunde,s,,gendered,titles,"['Kund~in~/~Kunde', 'Kundschaft', 'Klientel', 'Auftraggebende', 'Bestellende', 'beziehende Person', 'Person, die (...) kauft', 'beauftragende Firma']","['Auftraggebende', 'Bestellende', 'Kund~innen~ und ~Kunden', 'Kundschaft', 'Klientel', 'beziehende Personen', 'Personen, die (...) kaufen', 'beauftragende Firmen']","['Kund~in~/~Kunde', 'beziehende Person', 'Person, die (...) kauft', 'beauftragende Firma', 'Kundschaft', 'Klientel', 'Auftraggebende', 'Bestellende', 'Kund~innen~ und ~Kunden', 'beziehende Personen', 'Personen, die (...) kaufen', 'beauftragende Firmen']"
Kämpfernatur,s,,gendered,function,"['tatkräftige Person', 'resilienter Mensch', 'Strebsamkeit', 'Gradlinigkeit', 'Geradlinigkeit', 'Standhaftigkeit', 'Festigkeit', 'Seelenstärke', 'Loyalität', 'Geduld', 'Stetigkeit', 'Person, die Aufgaben mit Stetigkeit und Elan angeht', 'Person, die mit Energie ans Werk geht', 'Person, die sich voll innerer Energie für (...) einsetzt', 'Mensch, der Aufgaben beherzt anpackt', 'Mensch, der bereit ist, sich neuen oder komplexen Situationen zu stellen', 'jemand, der für (...) einsteht']","['Strebsamkeit', 'Gradlinigkeit', 'Geradlinigkeit', 'Standhaftigkeit', 'Festigkeit', 'Seelenstärke', 'Loyalität', 'Geduld', 'Stetigkeit']","['Strebsamkeit', 'Gradlinigkeit', 'Geradlinigkeit', 'Standhaftigkeit', 'Festigkeit', 'Seelenstärke', 'Loyalität', 'Geduld', 'Stetigkeit', 'tatkräftige Person', 'resilienter Mensch', 'Person, die Aufgaben mit Stetigkeit und Elan angeht', 'Person, die mit Energie ans Werk geht', 'Person, die sich voll innerer Energie für (...) einsetzt', 'Mensch, der Aufgaben beherzt anpackt', 'Mensch, der bereit ist, sich neuen oder komplexen Situationen zu stellen', 'jemand, der für (...) einsteht']"
Küfer,s,,gendered,titles,"['Küferei', 'Küfereibetrieb', 'Küfer~in~/~Küfer']","['Küferei', 'Küfereibetrieb']","['Küferei', 'Küfereibetrieb', 'Küfer~in~/~Küfer']"
Laborant,s,,gendered,titles,"['Labor', 'Laborbetrieb', 'Laborant~in~/~Laborant']","['Labor', 'Laborbetrieb']","['Labor', 'Laborbetrieb', 'Laborant~in~/~Laborant']"
Lackierer,s,,gendered,titles,"['Lackierung', 'Lackierbetrieb', 'Lackierer~in~/~Lackierer']","['Lackierung', 'Lackierbetrieb']","['Lackierung', 'Lackierbetrieb', 'Lackierer~in~/~Lackierer']"
Landwirt,s,,gendered,titles,"['Landwirtschaft', 'Landwirt~in~/~Landwirt']",['Landwirtschaft'],"['Landwirtschaft', 'Landwirt~in~/~Landwirt']"
Leader,s,,gendered,leadership,"['Leitung', 'Leadership', 'Leiter~in~/~Leiter', 'Team-Coaching']","['Leitung', 'Leadership']","['Leitung', 'Leadership', 'Leiter~in~/~Leiter', 'Team-Coaching']"
Lehrling,s,,gendered,function,"['Nachwuchskraft', 'Azubi', 'Ausbildung', 'Lehre', 'Auszubildend~e~/~Auszubildender', 'Lernende', 'Auszubildende', 'Person in Ausbildung', 'auszubildende Person', 'lernende Person']","['Lernende', 'Auszubildende', 'Ausbildung', 'Lehre', 'Personen in Ausbildung', 'auszubildende Personen', 'lernende Person']","['Ausbildung', 'Lehre', 'Nachwuchskraft', 'Azubi', 'Auszubildend~e~/~Auszubildender', 'Person in Ausbildung', 'auszubildende Person', 'lernende Person', 'Lernende', 'Auszubildende', 'Personen in Ausbildung', 'auszubildende Personen', 'lernende Person']"
Lehrtochter,s,,gendered,female_stereotype,"['Nachwuchskraft', 'Azubi', 'Ausbildung', 'Lehre', 'Auszubildend~e~/~Auszubildender', 'Lernende', 'Auszubildende', 'Person in Ausbildung', 'auszubildende Person', 'lernende Person']","['Lernende', 'Auszubildende', 'Ausbildung', 'Lehre', 'Personen in Ausbildung', 'auszubildende Personen', 'lernende Personen']","['Ausbildung', 'Lehre', 'Nachwuchskraft', 'Azubi', 'Auszubildend~e~/~Auszubildender', 'Person in Ausbildung', 'auszubildende Person', 'lernende Person', 'Lernende', 'Auszubildende', 'Personen in Ausbildung', 'auszubildende Personen', 'lernende Personen']"
Leistungsträger,s,,gendered,function,"['Gestalter', 'Schlüsselfigur', 'Schlüsselperson', 'Schnittstelle']","['Gestalter', 'Schlüsselfigur', 'Schlüsselperson', 'Schnittstelle']","['Gestalter', 'Schlüsselfigur', 'Schlüsselperson', 'Schnittstelle']"
Leiter,s,,gendered,leadership,"['Leitung', 'Leiter~in~/~Leiter']","['Leitung', 'Leiter~innen~ und ~Leiter', 'Leitung']","['Leitung', 'Leiter~in~/~Leiter', 'Leitung', 'Leiter~innen~ und ~Leiter']"
Lernpate,s,,gendered,function,"['Lernpat~innenschaft', 'Lernpat~in~/~Lernpate']","['Lernpat~innen~ und ~Lernpaten', 'Lernpat~innenschaft']","['Lernpat~innenschaft', 'Lernpat~in~/~Lernpate', 'Lernpat~innen~ und ~Lernpaten']"
Lernpatenschaft,s,,gendered,hidden_image,"['Lernpat~innenschaft', 'Engagement von Lernpat~in~ und ~Lernpate', 'Lernpat~innenschaft', 'Initiativen von Lernpat~innen und Lernpat~en']","['Lernpat~innenschaft', 'Initiativen von Lernpat~innen und Lernpat~en']","['Lernpat~innenschaft', 'Engagement von Lernpat~in~ und ~Lernpate', 'Lernpat~innenschaft', 'Initiativen von Lernpat~innen und Lernpat~en']"
Lieferant,s,,gendered,titles,"['Lieferung', 'Lieferfirma', 'lieferndes Unternehmen', 'Lieferunternehmen', 'Lieferant~in~/~Lieferant', 'Liefernde']","['Liefernde', 'Lieferant~innen~ und ~Lieferanten', 'Lieferung', 'Lieferfirma', 'lieferndes Unternehmen', 'Lieferunternehmen']","['Lieferung', 'Lieferfirma', 'lieferndes Unternehmen', 'Lieferunternehmen', 'Lieferant~in~/~Lieferant', 'Liefernde', 'Lieferant~innen~ und ~Lieferanten']"
Logistiker,s,,gendered,titles,"['Logistik', 'Logistiker~in~/~Logistiker']",['Logistik'],"['Logistik', 'Logistiker~in~/~Logistiker']"
Lokführer,s,,gendered,titles,"['Lokführung', 'Lokführer~in~/~Lokführer']",['Lokführung'],"['Lokführung', 'Lokführer~in~/~Lokführer']"
Lokrangierführer,s,,gendered,titles,"['Lokrangierführer', 'Lokrangierführer~in~/~Lokrangierführer']",['Lokrangierführer'],"['Lokrangierführer', 'Lokrangierführer~in~/~Lokrangierführer']"
Macher,s,,gendered,function,['Macher~in~/~Macher'],['Macher~innen~ und ~Macher'],"['Macher~in~/~Macher', 'Macher~innen~ und ~Macher']"
Maler,s,,gendered,titles,"['Malerei', 'Maler~in~/~Maler']",['Malerei'],"['Malerei', 'Maler~in~/~Maler']"
Manager,s,,gendered,function,"['Management', 'Manager~in~/~Manager']","['Manager~innen~ und ~Manager', 'Management']","['Management', 'Manager~in~/~Manager', 'Manager~innen~ und ~Manager']"
Mannschaft,s,,gendered,hidden_image,"['Team', 'Equipe', 'Gruppe', 'Teams', 'Equipes', 'Gruppen']","['Teams', 'Equipes', 'Gruppen']","['Team', 'Equipe', 'Gruppe', 'Teams', 'Equipes', 'Gruppen']"
Manpower,s,,gendered,hidden_image,"['Arbeitsleistung', 'Arbeitspotenzial', 'Personal', 'Personalleistung', 'Arbeitskraft', 'menschliche Kapazität zu geistiger/körperlicher Arbeit ', 'Arbeitskräfte', 'Ressourcen', 'Erwerbspersonen', 'Arbeitsleistungen', 'Arbeitspotenziale', 'Personal', 'Personalleistungen', 'menschliche Kapazität zu geistiger/körperlicher Arbeit ']","['Arbeitskräfte', 'Ressourcen', 'Erwerbspersonen', 'Arbeitsleistungen', 'Arbeitspotenziale', 'Personal', 'Personalleistungen', 'menschliche Kapazität zu geistiger/körperlicher Arbeit ']","['Arbeitsleistung', 'Arbeitspotenzial', 'Personal', 'Personalleistung', 'Arbeitskraft', 'menschliche Kapazität zu geistiger/körperlicher Arbeit ', 'Arbeitskräfte', 'Ressourcen', 'Erwerbspersonen', 'Arbeitsleistungen', 'Arbeitspotenziale', 'Personal', 'Personalleistungen', 'menschliche Kapazität zu geistiger/körperlicher Arbeit ']"
Matrose,s,,gendered,function,"['Matros~in~/~Matrose', 'zur See Fahrende']","['zur See Fahrende', 'Matros~innen~ und ~Matrosen', 'Seemänn~innen~ und ~Seemänner']","['Matros~in~/~Matrose', 'zur See Fahrende', 'Matros~innen~ und ~Matrosen', 'Seemänn~innen~ und ~Seemänner']"
Mechaniker,s,,gendered,titles,"['Mechanik', 'Mechaniker~in~/~Mechaniker']",['Mechanik'],"['Mechanik', 'Mechaniker~in~/~Mechaniker']"
Mechatroniker,s,,gendered,titles,"['Mechatronik', 'Mechatroniker~in~/~Mechatroniker']",['Mechatronik'],"['Mechatronik', 'Mechatroniker~in~/~Mechatroniker']"
Mediamatiker,s,,gendered,titles,"['Mediamatik', 'Mediamatiker~in~/~Mediamatiker']",['Mediamatik'],"['Mediamatik', 'Mediamatiker~in~/~Mediamatiker']"
Meinungsbildner,s,,gendered,function,"['Meinungsbildner~in~/~Meinungsbildner', 'Influencer~in~/~Influencer', 'mitreißende Menschen', 'Influencer', 'jemand, der Botschaften effektiv kommuniziert', 'Du kannst andere für Ideen begeistern', 'jemand mit Überzeugungskraft', 'jemand auf dessen Meinung Menschen vertrauen', 'jemand, der argumentieren kann']","['mitreißende Menschen', 'Influencer', 'Meinungsbildner~innen~ und ~Meinungsbildner', 'Influencer~innen~ und ~Incluencer', 'Leute, die Botschaften effektiv kommunizieren', 'alle, die andere für Ideen begeistern können', 'Menschen mit Überzeugungskraft', 'Personen, auf deren Meinung Menschen vertrauen', 'Leute, die argumentieren können']","['Meinungsbildner~in~/~Meinungsbildner', 'Influencer~in~/~Influencer', 'jemand, der Botschaften effektiv kommuniziert', 'Du kannst andere für Ideen begeistern', 'jemand mit Überzeugungskraft', 'jemand auf dessen Meinung Menschen vertrauen', 'jemand, der argumentieren kann', 'mitreißende Menschen', 'Influencer', 'Meinungsbildner~innen~ und ~Meinungsbildner', 'Influencer~innen~ und ~Incluencer', 'Leute, die Botschaften effektiv kommunizieren', 'alle, die andere für Ideen begeistern können', 'Menschen mit Überzeugungskraft', 'Personen, auf deren Meinung Menschen vertrauen', 'Leute, die argumentieren können']"
Meister,s,,gendered,function,"['Ausbildungskraft', 'Werkstattleitung', 'Meister~in~/~Meister', 'Werkstattleitende', 'Ausbildende', 'fachkundige Person', 'kompetente Person', 'ausbildende Lehrkraft']","['Werkstattleitende', 'Ausbildende', 'Meister~innen~ und ~Meister', 'Werkstattleitung', 'fachkundige Personen', 'kompetente Personen', 'ausbildende Lehrkraft']","['Werkstattleitung', 'Ausbildungskraft', 'Meister~in~/~Meister', 'fachkundige Person', 'kompetente Person', 'ausbildende Lehrkraft', 'Werkstattleitende', 'Ausbildende', 'Meister~innen~ und ~Meister', 'fachkundige Personen', 'kompetente Personen', 'ausbildende Lehrkraft']"
Mentor,s,,gendered,function,"['Mentorat', 'Mentoring', 'Mentor~in~/~Mentor', 'Mentorierende', 'Person, die ihr Wissen und ihre Erfahrung weitergibt']","['Mentorierende', 'Mentor~innen~ und ~Mentoren', 'Mentorat', 'Mentoring', 'Personen, die ihr Wissen und ihre Erfahrung weitergeben']","['Mentorat', 'Mentoring', 'Mentor~in~/~Mentor', 'Person, die ihr Wissen und ihre Erfahrung weitergibt', 'Mentorierende', 'Mentor~innen~ und ~Mentoren', 'Personen, die ihr Wissen und ihre Erfahrung weitergeben']"
Mitarbeiter,s,,gendered,titles,"['Mitarbeit', 'Mitarbeiter~in~/~Mitarbeiter', 'Personal', 'Mitarbeiterschaft', 'Belegschaft', 'Kollegschaft', 'Mitarbeitende']","['Mitarbeitende', 'Mitarbeiter~innen~ und ~Mitarbeiter', 'Personal', 'Mitarbeiterschaft', 'Belegschaft', 'Kollegschaft', 'Mitarbeit']","['Mitarbeit', 'Mitarbeiter~in~/~Mitarbeiter', 'Personal', 'Mitarbeiterschaft', 'Belegschaft', 'Kollegschaft', 'Mitarbeitende', 'Mitarbeiter~innen~ und ~Mitarbeiter']"
Mitarbeiterdialog,s,,gendered,hidden_image,"['Jahresaustausch', 'Jahresdialog', 'Führungsdialog', 'Gespräch mit Mitarbeitenden', 'Jahresaustausche', 'Jahresdialoge', 'Führungsdialoge', 'Gespräche mit Mitarbeitenden']","['Jahresaustausche', 'Jahresdialoge', 'Führungsdialoge', 'Gespräche mit Mitarbeitenden']","['Jahresaustausch', 'Jahresdialog', 'Führungsdialog', 'Gespräch mit Mitarbeitenden', 'Jahresaustausche', 'Jahresdialoge', 'Führungsdialoge', 'Gespräche mit Mitarbeitenden']"
Mittler,s,,gendered,titles,"['Mittelsperson', 'Vermittlung', 'Mittler~in~/~Mittler', 'Person, die helfend vermittelt', 'Person, die vermittelnd (zwischen Personen, Parteien) auftritt']","['Mittler~innen~ und ~Mittler', 'Vermittlung', 'Personen, die helfend vermitteln', 'Personen, die vermittelnd (zwischen Personen, Parteien) auftreten']","['Vermittlung', 'Mittelsperson', 'Mittler~in~/~Mittler', 'Person, die helfend vermittelt', 'Person, die vermittelnd (zwischen Personen, Parteien) auftritt', 'Mittler~innen~ und ~Mittler', 'Personen, die helfend vermitteln', 'Personen, die vermittelnd (zwischen Personen, Parteien) auftreten']"
Moderator,s,,gendered,titles,"['Moderation', 'Moderator~in~/~Moderator', 'Moderations-Team', 'Moderierende', 'Person, die moderiert', 'Person, die ein Gespräch lenkt', 'Person, die lenkend eine Kommunikation unterstützt']","['Moderierende', 'Moderator~innen~ und ~Moderatoren', 'Moderations-Team', 'Moderation', 'Personen, die moderieren', 'Personen, die Gespräche lenken', 'Personen, die Kommunikation lenkend unterstützen']","['Moderation', 'Moderator~in~/~Moderator', 'Person, die moderiert', 'Person, die ein Gespräch lenkt', 'Person, die lenkend eine Kommunikation unterstützt', 'Moderations-Team', 'Moderierende', 'Moderator~innen~ und ~Moderatoren', 'Personen, die moderieren', 'Personen, die Gespräche lenken', 'Personen, die Kommunikation lenkend unterstützen']"
Monteur,s,,gendered,titles,"['Montage', 'Monteur~in~/~Monteur']",['Montage'],"['Montage', 'Monteur~in~/~Monteur']"
Müller,s,,gendered,titles,"['Mühle', 'Mühlbetrieb', 'Müller~in~/~Müller']","['Mühle', 'Mühlbetrieb']","['Mühle', 'Mühlbetrieb', 'Müller~in~/~Müller']"
Nutzer,s,,gendered,function,"['Nutzung', 'Nutzer~in~/~Nutzer', 'Nutzende']","['Nutzende', 'Nutzer~innen~ und ~Nutzer', 'Nutzung']","['Nutzung', 'Nutzer~in~/~Nutzer', 'Nutzende', 'Nutzer~innen~ und ~Nutzer']"
Oberflächenbeschichter,s,,gendered,titles,"['Oberflächenbeschichtung', 'Oberflächenbeschichter~in~/~Oberflächenbeschichter']",['Oberflächenbeschichtung'],"['Oberflächenbeschichtung', 'Oberflächenbeschichter~in~/~Oberflächenbeschichter']"
Oberflächenveredler,s,,gendered,titles,"['Oberflächenveredlung', 'Oberflächenveredler~in~/~Oberflächenveredler']",['Oberflächenveredlung'],"['Oberflächenveredlung', 'Oberflächenveredler~in~/~Oberflächenveredler']"
Operator,s,,gendered,titles,"['Bedienperson', 'Betrieb', 'Telefonzentrale', 'Notrufzentrale', 'Operator~in~/~Operator', 'Person, die Maschinen, Anlagen oder Rechner kontrolliert und bedient', 'Person, die (in einem Callcenter, einer Telefonzentrale, einer Notrufzentrale o. Ä.) Anrufe beantwortet oder weiterleitet']","['Operator~innen~ und ~Operator', 'Betrieb', 'Telefonzentrale', 'Notrufzentrale', 'Personen, die Maschinen, Anlagen oder Rechner kontrollieren und bedienen', 'Personen, die (in einem Callcenter, einer Telefonzentrale, einer Notrufzentrale o. Ä.) Anrufe beantworten oder weiterleiten']","['Betrieb', 'Telefonzentrale', 'Notrufzentrale', 'Bedienperson', 'Operator~in~/~Operator', 'Person, die Maschinen, Anlagen oder Rechner kontrolliert und bedient', 'Person, die (in einem Callcenter, einer Telefonzentrale, einer Notrufzentrale o. Ä.) Anrufe beantwortet oder weiterleitet', 'Operator~innen~ und ~Operator', 'Personen, die Maschinen, Anlagen oder Rechner kontrollieren und bedienen', 'Personen, die (in einem Callcenter, einer Telefonzentrale, einer Notrufzentrale o. Ä.) Anrufe beantworten oder weiterleiten']"
Optiker,s,,gendered,titles,"['Optik', 'Optiker~in~/~Optiker']",['Optik'],"['Optik', 'Optiker~in~/~Optiker']"
Orthopädist,s,,gendered,titles,"['Orthopädie', 'orthopädische Praxis', 'Orthopäd~in~/~Orthopäde', 'Orthopädist~in~/~Orthopädist']","['Orthopädie', 'orthopädische Praxis']","['Orthopädie', 'orthopädische Praxis', 'Orthopäd~in~/~Orthopäde', 'Orthopädist~in~/~Orthopädist']"
Partner,s,,gendered,function,"['Partnerschaft', 'Partner~in~/~Partner', 'Partnernde']","['Partnernde', 'Partner~innen~ und ~Partner', 'Partnerschaft']","['Partnerschaft', 'Partner~in~/~Partner', 'Partnernde', 'Partner~innen~ und ~Partner']"
Performer,s,,gendered,function,"['Performer~in~/~Performer', 'jemand, der sich auf die nächsten Schritte fokussiert', 'Person, die engagiert in ihren Aufgaben ist', 'unternehmerisch denkender Mensch']",['Perfomer~innen~ und ~Performer'],"['Performer~in~/~Performer', 'jemand, der sich auf die nächsten Schritte fokussiert', 'Person, die engagiert in ihren Aufgaben ist', 'unternehmerisch denkender Mensch', 'Perfomer~innen~ und ~Performer']"
Personalreferent,s,,gendered,function,"['Personalverwaltung und Personalentwicklung', 'Personalreferent~in~/~Personalreferent', 'Person, die Aufgaben in Personalverwaltung und Personalentwicklung betreuen']","['Personalreferent~innen~ und ~Personalreferenten', 'Personalverwaltung und Personalentwicklung', 'Personen, die Aufgaben in Personalverwaltung und Personalentwicklung betreuen']","['Personalverwaltung und Personalentwicklung', 'Personalreferent~in~/~Personalreferent', 'Person, die Aufgaben in Personalverwaltung und Personalentwicklung betreuen', 'Personalreferent~innen~ und ~Personalreferenten', 'Personen, die Aufgaben in Personalverwaltung und Personalentwicklung betreuen']"
Pferdewart,s,,gendered,titles,"['Pferdewirtschaft', 'Reitsportzentrum', 'Handelsstall', 'Pferdehaltung', 'Pferdewart~in~/~Pferdewart', 'Person, die in einem Betrieb tätig ist, der Pferde hält', 'Person in der Pferdewirtschaft']","['Pferdewart~innen~ und ~Pferdewart', 'Pferdewirtschaft', 'Reitsportzentrum', 'Handelsstall', 'Pferdehaltung', 'Personen, die in einem Betrieb tätig sind, der Pferde hält', 'Personen in der Pferdewirtschaft']","['Pferdewirtschaft', 'Reitsportzentrum', 'Handelsstall', 'Pferdehaltung', 'Pferdewart~in~/~Pferdewart', 'Person, die in einem Betrieb tätig ist, der Pferde hält', 'Person in der Pferdewirtschaft', 'Pferdewart~innen~ und ~Pferdewart', 'Personen, die in einem Betrieb tätig sind, der Pferde hält', 'Personen in der Pferdewirtschaft']"
Pferdewirt,s,,gendered,titles,"['Pferdewirtschaft', 'Reitsportzentrum', 'Handelsstall', 'Pferdehaltung', 'Pferdewirt~in~/~Pferdewirt', 'Person, die in einem Betrieb tätig ist, der Pferde hält', 'Person in der Pferdewirtschaft']","['Pferdewirt~innen~ und ~Pferdewirt', 'Pferdewirtschaft', 'Reitsportzentrum', 'Handelsstall', 'Pferdehaltung', 'Personen, die in einem Betrieb tätig sind, der Pferde hält', 'Personen in der Pferdewirtschaft']","['Pferdewirtschaft', 'Reitsportzentrum', 'Handelsstall', 'Pferdehaltung', 'Pferdewirt~in~/~Pferdewirt', 'Person, die in einem Betrieb tätig ist, der Pferde hält', 'Person in der Pferdewirtschaft', 'Pferdewirt~innen~ und ~Pferdewirt', 'Personen, die in einem Betrieb tätig sind, der Pferde hält', 'Personen in der Pferdewirtschaft']"
Pfleger,s,,gendered,titles,"['Pflege', 'Pflegschaft', 'Pfleger~in~/~Pfleger']","['Pflege', 'Pflegschaft']","['Pflege', 'Pflegschaft', 'Pfleger~in~/~Pfleger']"
Pflästerer,s,,gendered,titles,"['Pflästerei', 'Pflästerer~in~/~Pflästerer']",['Pflästerei'],"['Pflästerei', 'Pflästerer~in~/~Pflästerer']"
Physiklaborant,s,,gendered,titles,"['Physiklabor', 'Physiklaborant~in~/~Physiklaborant']",['Physiklabor'],"['Physiklabor', 'Physiklaborant~in~/~Physiklaborant']"
Pionier,s,,gendered,function,"['Inspiration', 'Pionier~in~/~Pioniere', 'Wegbereiter~in~/~Wegbereiter', 'Person, die neue Wege sucht', 'Person, die Neuland betritt', 'Person, die gewohnte Bahnen verlässt', 'Mensch, der bereit ist, sich neuen Situationen zu stellen', 'Mensch, der Visionen verwirklichen will', 'experimentierfreudiger Mensch', 'Mensch, der Verantwortung übernimmt', 'jemand, der mit gutem Beispiel vorangeht', 'erfinderischer Mensch', 'einfallsreicher Mensch', 'jemand, der inspiriert', 'jemand, der eine Vision vermittelt', 'jemand, der Neues ausprobieren will', 'Aufbruch zu neuen Ufern']","['Pionier~innen~ und ~Pioniere', 'Wegbereiter~innen~ und ~Wegbereiter']","['Inspiration', 'Pionier~in~/~Pioniere', 'Wegbereiter~in~/~Wegbereiter', 'Person, die neue Wege sucht', 'Person, die Neuland betritt', 'Person, die gewohnte Bahnen verlässt', 'Mensch, der bereit ist, sich neuen Situationen zu stellen', 'Mensch, der Visionen verwirklichen will', 'experimentierfreudiger Mensch', 'Mensch, der Verantwortung übernimmt', 'jemand, der mit gutem Beispiel vorangeht', 'erfinderischer Mensch', 'einfallsreicher Mensch', 'jemand, der inspiriert', 'jemand, der eine Vision vermittelt', 'jemand, der Neues ausprobieren will', 'Aufbruch zu neuen Ufern', 'Pionier~innen~ und ~Pioniere', 'Wegbereiter~innen~ und ~Wegbereiter']"
Planer,s,,gendered,titles,"['Planung', 'Planer~in~/~Planer']",['Planung'],"['Planung', 'Planer~in~/~Planer']"
Podologe,s,,gendered,titles,"['Podologie', 'Podolog~in~/~Podologe']",['Podologie'],"['Podologie', 'Podolog~in~/~Podologe']"
Polier,s,,gendered,titles,"['Poliererei', 'Polier~in~/~Polier']",['Poliererei'],"['Poliererei', 'Polier~in~/~Polier']"
Polygraf,s,,gendered,titles,"['Polygrafie', 'Polygraf~in~/~Polygraf']",['Polygrafie'],"['Polygrafie', 'Polygraf~in~/~Polygraf']"
Praktikant,s,,gendered,function,"['Praktikum', 'Praktikant~in~/~Praktikant']","['Praktikant~innen~ und ~Praktikanten', 'Praktikum']","['Praktikum', 'Praktikant~in~/~Praktikant', 'Praktikant~innen~ und ~Praktikanten']"
Praktiker,s,,gendered,function,"['Praxis', 'Praktiker~in~/~Praktiker']","['Praktiker~innen~ und ~Praktiker', 'Praxis']","['Praxis', 'Praktiker~in~/~Praktiker', 'Praktiker~innen~ und ~Praktiker']"
Processor,s,,gendered,titles,"['Processing', 'Prozessor~in~/~Prozessor']",['Processing'],"['Processing', 'Prozessor~in~/~Prozessor']"
Professor,s,,gendered,titles,"['Professur', 'Professor~in~/~Professor']",['Professur'],"['Professur', 'Professor~in~/~Professor']"
Projektteilnehmer,s,,gendered,function,"['Projektmitglied', 'Projektteilnahme', 'Projektteilnehmer~in~/~Projektteilnehmer', 'Projektteam', 'Projektgruppe', 'Projektteilnehmende']","['Projektteilnehmende', 'Projektteilnehmer~innen~ und ~Projektteilnehmer', 'Projektteam', 'Projektgruppe', 'Projektteilnahme']","['Projektteilnahme', 'Projektmitglied', 'Projektteilnehmer~in~/~Projektteilnehmer', 'Projektteam', 'Projektgruppe', 'Projektteilnehmende', 'Projektteilnehmer~innen~ und ~Projektteilnehmer']"
Rangierbegleiter,s,,gendered,titles,"['Rangierbegleitung', 'Rangierbegleiter~in~/~Rangierbegleiter', 'Rangierbegleitende']","['Rangierbegleitende', 'Rangierbegleiter~innen~ und ~Rangierbegleiter', 'Rangierbegleitung']","['Rangierbegleitung', 'Rangierbegleiter~in~/~Rangierbegleiter', 'Rangierbegleitende', 'Rangierbegleiter~innen~ und ~Rangierbegleiter']"
Rangierer,s,,gendered,titles,"['Rangierperson', 'Rangierbetrieb', 'Rangierer~in~/~Rangierer', 'Rangierpersonal']","['Rangierer~innen~ und ~Rangierer', 'Rangierpersonal', 'Rangierbetrieb']","['Rangierbetrieb', 'Rangierperson', 'Rangierer~in~/~Rangierer', 'Rangierpersonal', 'Rangierer~innen~ und ~Rangierer']"
Recyclist,s,,gendered,titles,"['Recycling', 'Recyclist~in~/~Recyclist']",['Recycling'],"['Recycling', 'Recyclist~in~/~Recyclist']"
Reiniger,s,,gendered,titles,"['Reinigungskraft', 'Reinigung', 'Reiniger~in~/~Reiniger']",['Reinigung'],"['Reinigung', 'Reinigungskraft', 'Reiniger~in~/~Reiniger']"
Reparateur,s,,gendered,titles,"['Reparatur', 'Reparateur~in~/~Reparateur']",['Reparatur'],"['Reparatur', 'Reparateur~in~/~Reparateur']"
Researcher,s,,gendered,titles,"['Research', 'Researcher~in~/~Researcher', 'Forscher~in~/~Forscher', 'Researchteam', 'Recherchierende', 'Forschende', 'Person, die recherchiert', 'Person, die forscht']","['Recherchierende', 'Forschende', 'Researcher~innen~ und ~Researcher', 'Forscher~innen~ und ~Forscher', 'Researchteam', 'Research', 'Personen, die recherchieren', 'Personen, die forschen']","['Research', 'Researcher~in~/~Researcher', 'Forscher~in~/~Forscher', 'Person, die recherchiert', 'Person, die forscht', 'Researchteam', 'Recherchierende', 'Forschende', 'Researcher~innen~ und ~Researcher', 'Forscher~innen~ und ~Forscher', 'Personen, die recherchieren', 'Personen, die forschen']"
Risikoträger,s,,gendered,function,"['Risikoträger~in~/~Risikoträger', 'jemand, der Optionen abwägt', 'Mensch, der offen für Neues ist', 'jemand, der Experimente durchführt', 'Person, die neue Methoden ausprobiert', 'jemand, der gern neue Wege geht']",['Risikoträger~innen~ und ~Risikoträger'],"['Risikoträger~in~/~Risikoträger', 'jemand, der Optionen abwägt', 'Mensch, der offen für Neues ist', 'jemand, der Experimente durchführt', 'Person, die neue Methoden ausprobiert', 'jemand, der gern neue Wege geht', 'Risikoträger~innen~ und ~Risikoträger']"
Schlosser,s,,gendered,titles,"['Schlosserei', 'Schlosser~in~/~Schlosser']",['Schlosserei'],"['Schlosserei', 'Schlosser~in~/~Schlosser']"
Schmied,s,,gendered,titles,"['Schmiede', 'Schmied~in~/~Schmied']",['Schmiede'],"['Schmiede', 'Schmied~in~/~Schmied']"
Schreiner,s,,gendered,titles,"['Schreinerei', 'Schreiner~in~/~Schreiner']",['Schreinerei'],"['Schreinerei', 'Schreiner~in~/~Schreiner']"
Scientist,s,,gendered,function,"['Science', 'Wissenschaft', 'Wissenschaftler~in~/~Wissenschaftler']","['Science', 'Wissenschaft']","['Science', 'Wissenschaft', 'Wissenschaftler~in~/~Wissenschaftler']"
Seilbahner,s,,gendered,titles,"['Seilbahn', 'Seilbahner~in~/~Seilbahner']",['Seilbahn'],"['Seilbahn', 'Seilbahner~in~/~Seilbahner']"
Servicetechniker,s,,gendered,titles,"['technische Servicekraft', 'Service', 'technischer Service', 'Servicetechniker~in~/~Servicetechniker', 'Servicepersonal', 'technisches Servicepersonal']","['Servicetechniker~innen~ und ~Servicetechniker', 'Servicepersonal', 'technisches Servicepersonal', 'Service', 'technischer Service']","['Service', 'technischer Service', 'technische Servicekraft', 'Servicetechniker~in~/~Servicetechniker', 'Servicepersonal', 'technisches Servicepersonal', 'Servicetechniker~innen~ und ~Servicetechniker']"
Sicherheitsbeauftragter,s,,gendered,titles,"['Sicherheits-Management', 'Sicherheitsbeauftragt~e~/~Sicherheitsbeauftragter']",['Sicherheits-Management'],"['Sicherheits-Management', 'Sicherheitsbeauftragt~e~/~Sicherheitsbeauftragter']"
Softwarearchitekt,s,,gendered,titles,"['Softwarearchitektur', 'Softwarearchitekt~in~/~Softwarearchitekt']",['Softwarearchitektur'],"['Softwarearchitektur', 'Softwarearchitekt~in~/~Softwarearchitekt']"
Speditionskaufmann,s,,gendered,titles,['Speditionskaufmann'],['Speditionskaufmann'],['Speditionskaufmann']
Spengler,s,,gendered,titles,"['Spenglerei', 'Spengler~in~/~Spengler']",['Spenglerei'],"['Spenglerei', 'Spengler~in~/~Spengler']"
Spezialist,s,,gendered,function,"['Spezialisierung', 'Fachgebiet', 'Spezialgebiet', 'Spezialist~in~/~Spezialist', 'Fachteam', 'Fachleute', 'Fachkundige', 'Sachkundige', 'Fachperson mit einer Spezialisierung (in ...)', 'auf (....) spezialisierte Person']","['Fachleute', 'Fachkundige', 'Sachkundige', 'Spezialist~innen~ und ~Spezialisten', 'Fachfrau~Fachmann', 'Fachteam', 'Spezialisierung', 'Fachgebiet', 'Spezialgebiet', 'Fachleute mit einer Spezialisierung (in ...)', 'auf (...) spezialisierte Leute', 'Sachverständige für (...)']","['Spezialisierung', 'Fachgebiet', 'Spezialgebiet', 'Spezialist~in~/~Spezialist', 'Fachperson mit einer Spezialisierung (in ...)', 'auf (....) spezialisierte Person', 'Fachteam', 'Fachleute', 'Fachkundige', 'Sachkundige', 'Spezialist~innen~ und ~Spezialisten', 'Fachfrau~Fachmann', 'Fachleute mit einer Spezialisierung (in ...)', 'auf (...) spezialisierte Leute', 'Sachverständige für (...)']"
Spitzenreiter,s,,gendered,function,"['Spitzenreiter~in~/~Spitzenreiter', 'Tatmenschen', 'jemand, der gern auf Meilensteine hinarbeitet', 'Mensch, der mit dem Team gemeinsame Ziele angeht', 'Person, die mit dem Team (...) erreichen möchte', 'Person, die unternehmerisch denkt', 'jermand, der Ziele mit Elan anpackt', 'du bist engagiert in deinen Aufgaben']","['Tatmenschen', 'Spitzenreiter~in~ und ~Spitzenreiter', 'alle, die gern auf Meilensteine hinarbeiten', 'Leute, die mit dem Team gemeinsame Ziele angehen', 'jemand, der mit dem Team (...) erreichen möchten', 'Personen, die unternehmerisch denken', 'Leute, die Ziele mit Elan anpacken', 'alle, die engagiert in ihren Aufgaben sind']","['Spitzenreiter~in~/~Spitzenreiter', 'jemand, der gern auf Meilensteine hinarbeitet', 'Mensch, der mit dem Team gemeinsame Ziele angeht', 'Person, die mit dem Team (...) erreichen möchte', 'Person, die unternehmerisch denkt', 'jermand, der Ziele mit Elan anpackt', 'du bist engagiert in deinen Aufgaben', 'Tatmenschen', 'Spitzenreiter~in~ und ~Spitzenreiter', 'alle, die gern auf Meilensteine hinarbeiten', 'Leute, die mit dem Team gemeinsame Ziele angehen', 'jemand, der mit dem Team (...) erreichen möchten', 'Personen, die unternehmerisch denken', 'Leute, die Ziele mit Elan anpacken', 'alle, die engagiert in ihren Aufgaben sind']"
Sportsfreund,s,,gendered,function,"['Sportbegeisterte', 'Fans', 'Person, die ihr Team auf dem gemeinsamen Weg unterstützt', 'Mensch, der ein faires Miteinander schätzt', 'jemand, der mit dem Team auf gemeinsame Ziele hinarbeitet', 'jemand, der gemeinsame Regeln respektiert']","['Sportbegeisterte', 'Fans']","['Person, die ihr Team auf dem gemeinsamen Weg unterstützt', 'Mensch, der ein faires Miteinander schätzt', 'jemand, der mit dem Team auf gemeinsame Ziele hinarbeitet', 'jemand, der gemeinsame Regeln respektiert', 'Sportbegeisterte', 'Fans']"
Steward,s,,gendered,function,"['Bordgastronomie', 'Flugbegleitung', 'Zugsteward~ess~/~Zugsteward', 'Flugbegleiter~in~/~Flugbegleiter']","['Zugsteward~essen~ und ~Zugstewards', 'Flugbegleiter~innen~ und ~Flugbegleiter', 'Bordgastronomie', 'Flugbegleitung']","['Bordgastronomie', 'Flugbegleitung', 'Zugsteward~ess~/~Zugsteward', 'Flugbegleiter~in~/~Flugbegleiter', 'Zugsteward~essen~ und ~Zugstewards', 'Flugbegleiter~innen~ und ~Flugbegleiter']"
Student,s,,gendered,function,"['Studi', 'Mitglied der Studentenschaft', 'Studium', 'Student~in~/~Student', 'Student~innenschaft', 'Studierende', 'Studis', 'Person, die (noch) studiert']","['Studierende', 'Studis', 'Student~innen~ und ~Studenten', 'Student~innenschaft', 'Studium', 'Personen, die studieren']","['Studium', 'Studi', 'Mitglied der Studentenschaft', 'Student~in~/~Student', 'Person, die (noch) studiert', 'Student~innenschaft', 'Studierende', 'Studis', 'Student~innen~ und ~Studenten', 'Personen, die studieren']"
Superstar,s,,gendered,function,"['strebsamer Mensch', 'fleißiger Mensch', 'umsetzungsfreudiger Mensch', 'tatkräftiger Mensch', 'Tatmensch', 'Tatmenschen', 'strebsame Menschen', 'fleißige Leute', 'umsetzungsfreudige Menschen', 'tatkräftige Leute', 'Mensch, der Meilensteine erreichen will', 'Mensch, der Aufgaben engagiert angeht', 'jemand, der mit dem Team gemeinsame Ziele umsetzt', 'jemand, der mit dem Team Aufgaben anpackt', 'jemand, der unternehmerisch denkt', 'jemand, der Ziele mit Elan umsetzt']","['Tatmenschen', 'strebsame Menschen', 'fleißige Leute', 'umsetzungsfreudige Menschen', 'tatkräftige Leute', 'Menschen, die Meilensteine erreichen wollen', 'Menschen, die Aufgaben engagiert angehen', 'Leute, die mit dem Team gemeinsame Ziele umsetzen', 'alle, die mit dem Team Aufgaben angagiert anpacken', 'Leute, die unternehmerisch denken', 'alle, die Ziele mit Elan umsetzen']","['strebsamer Mensch', 'fleißiger Mensch', 'umsetzungsfreudiger Mensch', 'tatkräftiger Mensch', 'Tatmensch', 'Mensch, der Meilensteine erreichen will', 'Mensch, der Aufgaben engagiert angeht', 'jemand, der mit dem Team gemeinsame Ziele umsetzt', 'jemand, der mit dem Team Aufgaben anpackt', 'jemand, der unternehmerisch denkt', 'jemand, der Ziele mit Elan umsetzt', 'Tatmenschen', 'strebsame Menschen', 'fleißige Leute', 'umsetzungsfreudige Menschen', 'tatkräftige Leute', 'Menschen, die Meilensteine erreichen wollen', 'Menschen, die Aufgaben engagiert angehen', 'Leute, die mit dem Team gemeinsame Ziele umsetzen', 'alle, die mit dem Team Aufgaben angagiert anpacken', 'Leute, die unternehmerisch denken', 'alle, die Ziele mit Elan umsetzen']"
Supporter,s,,gendered,function,"['Support', 'Supporter~in~/~Supporter', 'Supportleistende']","['Supportleistende', 'Support']","['Support', 'Supporter~in~/~Supporter', 'Supportleistende']"
Säger,s,,gendered,titles,"['Sägerei', 'Sägemühle', 'Säger~in~/~Säger']","['Sägerei', 'Sägemühle']","['Sägerei', 'Sägemühle', 'Säger~in~/~Säger']"
Technician,s,,gendered,titles,"['Technik', 'Techniker~in~/~Techniker']",['Technik'],"['Technik', 'Techniker~in~/~Techniker']"
Techniker,s,,gendered,titles,"['Technik', 'Techniker~in~/~Techniker']",['Technik'],"['Technik', 'Techniker~in~/~Techniker']"
Technologe,s,,gendered,titles,"['Technologiefachkraft', 'Technology', 'Technologie', 'Technolog~in~/~Technologe']","['Technology', 'Technologie']","['Technology', 'Technologie', 'Technologiefachkraft', 'Technolog~in~/~Technologe']"
Technologist,s,,gendered,titles,"['Technologiefachkraft', 'Technology', 'Technologie', 'Technolog~in~/~Technologe']","['Technology', 'Technologie']","['Technology', 'Technologie', 'Technologiefachkraft', 'Technolog~in~/~Technologe']"
Teilnehmer,s,,gendered,function,"['Teilnahme', 'Teilnehmer~in~/~Teilnehmer', 'Teilnehmende']","['Teilnehmende', 'Teilnehmer~innen~ und ~Teilnehmer', 'Teilnahme']","['Teilnahme', 'Teilnehmer~in~/~Teilnehmer', 'Teilnehmende', 'Teilnehmer~innen~ und ~Teilnehmer']"
Teilnehmerliste,s,,gendered,hidden_image,"['Teilnahmeliste', 'Liste der Teilnehmenden', 'Teilnahmelisten', 'Listen aller Teilnehmenden']","['Teilnahmelisten', 'Listen aller Teilnehmenden']","['Teilnahmeliste', 'Liste der Teilnehmenden', 'Teilnahmelisten', 'Listen aller Teilnehmenden']"
Telematiker,s,,gendered,titles,"['Telematik', 'Telematiker~in~/~Telematiker']",['Telematik'],"['Telematik', 'Telematiker~in~/~Telematiker']"
Tester,s,,gendered,function,"['Testing', 'Test', 'Tester~in~/~Tester', 'Testende']","['Testende', 'Tester~innen~ und ~Tester', 'Testing', 'Test']","['Testing', 'Test', 'Tester~in~/~Tester', 'Testende', 'Tester~innen~ und ~Tester']"
Theatermaler,s,,gendered,titles,"['Theatermalerei', 'Theatermaler~in~/~Theatermaler']",['Theatermalerei'],"['Theatermalerei', 'Theatermaler~in~/~Theatermaler']"
Top-Performer,s,20-12-2021,gendered,function,"['Kümmerer', 'Team-Mentor', 'Tatmensch', 'umsetzungsfreudiger Mensch', 'tatkräftiger Mensch', 'Tatmenschen', 'Mitdenkende', 'engagierte Mitarbeitende', 'umsetzungsfreudige Menschen', 'tatkräftige Leute', 'jemand mit Blick fürs große Ganze', 'Mensch, dem Meilensteine am Herzen liegen', 'Mensch, der Aufgaben konstruktiv und engagiert angeht', 'jemand, der mit dem Team Ziele gemeinsam umsetzt', 'jemand, der mit dem Team Aufgaben anpackt', 'jemand, der unternehmerisch denkt', 'jemand, der Ziele mit Elan umsetzt']","['Tatmenschen', 'Mitdenkende', 'engagierte Mitarbeitende', 'umsetzungsfreudige Menschen', 'tatkräftige Leute', 'Leute mit Blick fürs große Ganze', 'Menschen, denen Meilensteine am Herzen liegen', 'Menschen, die Aufgaben konstruktiv und engagiert angehen', 'Leute, die mit dem Team Ziele gemeinsam umsetzen', 'alle, die mit dem Team Aufgaben angagiert anpacken', 'Leute, die unternehmerisch denken', 'alle, die Ziele mit Elan umsetzen']","['Kümmerer', 'Team-Mentor', 'Tatmensch', 'umsetzungsfreudiger Mensch', 'tatkräftiger Mensch', 'jemand mit Blick fürs große Ganze', 'Mensch, dem Meilensteine am Herzen liegen', 'Mensch, der Aufgaben konstruktiv und engagiert angeht', 'jemand, der mit dem Team Ziele gemeinsam umsetzt', 'jemand, der mit dem Team Aufgaben anpackt', 'jemand, der unternehmerisch denkt', 'jemand, der Ziele mit Elan umsetzt', 'Tatmenschen', 'Mitdenkende', 'engagierte Mitarbeitende', 'umsetzungsfreudige Menschen', 'tatkräftige Leute', 'Leute mit Blick fürs große Ganze', 'Menschen, denen Meilensteine am Herzen liegen', 'Menschen, die Aufgaben konstruktiv und engagiert angehen', 'Leute, die mit dem Team Ziele gemeinsam umsetzen', 'alle, die mit dem Team Aufgaben angagiert anpacken', 'Leute, die unternehmerisch denken', 'alle, die Ziele mit Elan umsetzen']"
Top-Scorer,s,,gendered,function,"['strebsamer Mensch', 'fleißiger Mensch', 'umsetzungsfreudiger Mensch', 'tatkräftiger Mensch', 'Tatmensch', 'Tatmenschen', 'strebsame Menschen', 'fleißige Leute', 'umsetzungsfreudige Menschen', 'tatkräftige Leute', 'Mensch, der Meilensteine erreichen will', 'Mensch, der Aufgaben engagiert angeht', 'jemand, der mit dem Team gemeinsame Ziele umsetzt', 'jemand, der mit dem Team Aufgaben anpackt', 'jemand, der unternehmerisch denkt', 'jemand, der Ziele mit Elan umsetzt']","['Tatmenschen', 'strebsame Menschen', 'fleißige Leute', 'umsetzungsfreudige Menschen', 'tatkräftige Leute', 'Menschen, die Meilensteine erreichen wollen', 'Menschen, die Aufgaben engagiert angehen', 'Leute, die mit dem Team gemeinsame Ziele umsetzen', 'alle, die mit dem Team Aufgaben angagiert anpacken', 'Leute, die unternehmerisch denken', 'alle, die Ziele mit Elan umsetzen']","['strebsamer Mensch', 'fleißiger Mensch', 'umsetzungsfreudiger Mensch', 'tatkräftiger Mensch', 'Tatmensch', 'Mensch, der Meilensteine erreichen will', 'Mensch, der Aufgaben engagiert angeht', 'jemand, der mit dem Team gemeinsame Ziele umsetzt', 'jemand, der mit dem Team Aufgaben anpackt', 'jemand, der unternehmerisch denkt', 'jemand, der Ziele mit Elan umsetzt', 'Tatmenschen', 'strebsame Menschen', 'fleißige Leute', 'umsetzungsfreudige Menschen', 'tatkräftige Leute', 'Menschen, die Meilensteine erreichen wollen', 'Menschen, die Aufgaben engagiert angehen', 'Leute, die mit dem Team gemeinsame Ziele umsetzen', 'alle, die mit dem Team Aufgaben angagiert anpacken', 'Leute, die unternehmerisch denken', 'alle, die Ziele mit Elan umsetzen']"
Topperformer,s,20-12-2021,gendered,function,"['Kümmerer', 'Team-Mentor', 'Tatmensch', 'umsetzungsfreudiger Mensch', 'tatkräftiger Mensch', 'Tatmenschen', 'Mitdenkende', 'engagierte Mitarbeitende', 'umsetzungsfreudige Menschen', 'tatkräftige Leute', 'jemand mit Blick fürs große Ganze', 'Mensch, dem Meilensteine am Herzen liegen', 'Mensch, der Aufgaben konstruktiv und engagiert angeht', 'jemand, der mit dem Team Ziele gemeinsam umsetzt', 'jemand, der mit dem Team Aufgaben anpackt', 'jemand, der unternehmerisch denkt', 'jemand, der Ziele mit Elan umsetzt']","['Tatmenschen', 'Mitdenkende', 'engagierte Mitarbeitende', 'umsetzungsfreudige Menschen', 'tatkräftige Leute', 'Leute mit Blick fürs große Ganze', 'Menschen, denen Meilensteine am Herzen liegen', 'Menschen, die Aufgaben konstruktiv und engagiert angehen', 'Leute, die mit dem Team Ziele gemeinsam umsetzen', 'alle, die mit dem Team Aufgaben angagiert anpacken', 'Leute, die unternehmerisch denken', 'alle, die Ziele mit Elan umsetzen']","['Kümmerer', 'Team-Mentor', 'Tatmensch', 'umsetzungsfreudiger Mensch', 'tatkräftiger Mensch', 'jemand mit Blick fürs große Ganze', 'Mensch, dem Meilensteine am Herzen liegen', 'Mensch, der Aufgaben konstruktiv und engagiert angeht', 'jemand, der mit dem Team Ziele gemeinsam umsetzt', 'jemand, der mit dem Team Aufgaben anpackt', 'jemand, der unternehmerisch denkt', 'jemand, der Ziele mit Elan umsetzt', 'Tatmenschen', 'Mitdenkende', 'engagierte Mitarbeitende', 'umsetzungsfreudige Menschen', 'tatkräftige Leute', 'Leute mit Blick fürs große Ganze', 'Menschen, denen Meilensteine am Herzen liegen', 'Menschen, die Aufgaben konstruktiv und engagiert angehen', 'Leute, die mit dem Team Ziele gemeinsam umsetzen', 'alle, die mit dem Team Aufgaben angagiert anpacken', 'Leute, die unternehmerisch denken', 'alle, die Ziele mit Elan umsetzen']"
Topscorer,s,,gendered,function,"['strebsamer Mensch', 'fleißiger Mensch', 'umsetzungsfreudiger Mensch', 'tatkräftiger Mensch', 'Tatmensch', 'Tatmenschen', 'strebsame Menschen', 'fleißige Leute', 'umsetzungsfreudige Menschen', 'tatkräftige Leute', 'Mensch, der Meilensteine erreichen will', 'Mensch, der Aufgaben engagiert angeht', 'jemand, der mit dem Team gemeinsame Ziele umsetzt', 'jemand, der mit dem Team Aufgaben anpackt', 'jemand, der unternehmerisch denkt', 'jemand, der Ziele mit Elan umsetzt']","['Tatmenschen', 'strebsame Menschen', 'fleißige Leute', 'umsetzungsfreudige Menschen', 'tatkräftige Leute', 'Menschen, die Meilensteine erreichen wollen', 'Menschen, die Aufgaben engagiert angehen', 'Leute, die mit dem Team gemeinsame Ziele umsetzen', 'alle, die mit dem Team Aufgaben angagiert anpacken', 'Leute, die unternehmerisch denken', 'alle, die Ziele mit Elan umsetzen']","['strebsamer Mensch', 'fleißiger Mensch', 'umsetzungsfreudiger Mensch', 'tatkräftiger Mensch', 'Tatmensch', 'Mensch, der Meilensteine erreichen will', 'Mensch, der Aufgaben engagiert angeht', 'jemand, der mit dem Team gemeinsame Ziele umsetzt', 'jemand, der mit dem Team Aufgaben anpackt', 'jemand, der unternehmerisch denkt', 'jemand, der Ziele mit Elan umsetzt', 'Tatmenschen', 'strebsame Menschen', 'fleißige Leute', 'umsetzungsfreudige Menschen', 'tatkräftige Leute', 'Menschen, die Meilensteine erreichen wollen', 'Menschen, die Aufgaben engagiert angehen', 'Leute, die mit dem Team gemeinsame Ziele umsetzen', 'alle, die mit dem Team Aufgaben angagiert anpacken', 'Leute, die unternehmerisch denken', 'alle, die Ziele mit Elan umsetzen']"
Torjäger,s,,gendered,function,"['strebsamer Mensch', 'fleißiger Mensch', 'umsetzungsfreudiger Mensch', 'tatkräftiger Mensch', 'Tatmensch', 'Torjäger~in~/~Torjäger', 'Tatmenschen', 'strebsame Menschen', 'fleißige Leute', 'umsetzungsfreudige Menschen', 'tatkräftige Leute', 'Mensch, der Meilensteine erreichen will', 'Person, die Gelegenheiten für das Team erkennt und nutzt', 'Mensch, der Aufgaben engagiert angeht', 'jemand, der mit dem Team gemeinsame Ziele umsetzt', 'jemand, der mit dem Team Aufgaben anpackt', 'jemand, der unternehmerisch denkt', 'jemand, der Ziele mit Elan umsetzt']","['Tatmenschen', 'strebsame Menschen', 'fleißige Leute', 'umsetzungsfreudige Menschen', 'tatkräftige Leute', 'Torjäger~innen~ und ~Torjäger', 'Menschen, die Meilensteine erreichen wollen', 'Menschen, die Aufgaben engagiert angehen', 'Leute, die mit dem Team gemeinsame Ziele umsetzen', 'alle, die mit dem Team Aufgaben angagiert anpacken', 'Leute, die unternehmerisch denken', 'alle, die Ziele mit Elan umsetzen']","['strebsamer Mensch', 'fleißiger Mensch', 'umsetzungsfreudiger Mensch', 'tatkräftiger Mensch', 'Tatmensch', 'Torjäger~in~/~Torjäger', 'Mensch, der Meilensteine erreichen will', 'Person, die Gelegenheiten für das Team erkennt und nutzt', 'Mensch, der Aufgaben engagiert angeht', 'jemand, der mit dem Team gemeinsame Ziele umsetzt', 'jemand, der mit dem Team Aufgaben anpackt', 'jemand, der unternehmerisch denkt', 'jemand, der Ziele mit Elan umsetzt', 'Tatmenschen', 'strebsame Menschen', 'fleißige Leute', 'umsetzungsfreudige Menschen', 'tatkräftige Leute', 'Torjäger~innen~ und ~Torjäger', 'Menschen, die Meilensteine erreichen wollen', 'Menschen, die Aufgaben engagiert angehen', 'Leute, die mit dem Team gemeinsame Ziele umsetzen', 'alle, die mit dem Team Aufgaben angagiert anpacken', 'Leute, die unternehmerisch denken', 'alle, die Ziele mit Elan umsetzen']"
Torschützenkönig,s,,gendered,function,"['strebsamer Mensch', 'fleißiger Mensch', 'umsetzungsfreudiger Mensch', 'tatkräftiger Mensch', 'Tatmensch', 'Torschützenkönig~in~/~Torschützenkönig', 'Tatmenschen', 'strebsame Menschen', 'fleißige Leute', 'umsetzungsfreudige Menschen', 'tatkräftige Leute', 'Mensch, der Meilensteine erreichen will', 'Person, die Gelegenheiten für das Team erkennt und nutzt', 'Mensch, der Aufgaben engagiert angeht', 'jemand, der mit dem Team gemeinsame Ziele umsetzt', 'jemand, der mit dem Team Aufgaben anpackt', 'jemand, der unternehmerisch denkt', 'jemand, der Ziele mit Elan umsetzt']","['Tatmenschen', 'strebsame Menschen', 'fleißige Leute', 'umsetzungsfreudige Menschen', 'tatkräftige Leute', 'Torschützenkönig~innen~ und ~Torschützenkönige', 'Menschen, die Meilensteine erreichen wollen', 'Menschen, die Aufgaben engagiert angehen', 'Leute, die mit dem Team gemeinsame Ziele umsetzen', 'alle, die mit dem Team Aufgaben angagiert anpacken', 'Leute, die unternehmerisch denken', 'alle, die Ziele mit Elan umsetzen']","['strebsamer Mensch', 'fleißiger Mensch', 'umsetzungsfreudiger Mensch', 'tatkräftiger Mensch', 'Tatmensch', 'Torschützenkönig~in~/~Torschützenkönig', 'Mensch, der Meilensteine erreichen will', 'Person, die Gelegenheiten für das Team erkennt und nutzt', 'Mensch, der Aufgaben engagiert angeht', 'jemand, der mit dem Team gemeinsame Ziele umsetzt', 'jemand, der mit dem Team Aufgaben anpackt', 'jemand, der unternehmerisch denkt', 'jemand, der Ziele mit Elan umsetzt', 'Tatmenschen', 'strebsame Menschen', 'fleißige Leute', 'umsetzungsfreudige Menschen', 'tatkräftige Leute', 'Torschützenkönig~innen~ und ~Torschützenkönige', 'Menschen, die Meilensteine erreichen wollen', 'Menschen, die Aufgaben engagiert angehen', 'Leute, die mit dem Team gemeinsame Ziele umsetzen', 'alle, die mit dem Team Aufgaben angagiert anpacken', 'Leute, die unternehmerisch denken', 'alle, die Ziele mit Elan umsetzen']"
Trainer,s,,gendered,titles,"['Trainingsperson', 'Training', 'Trainer~in~/~Trainer']",['Training'],"['Training', 'Trainingsperson', 'Trainer~in~/~Trainer']"
Treiber,s,,gendered,function,"['Motivierende', 'Person, die den Takt vorgibt', 'Person, die motiviert', 'Person, die die Initiative ergreift', 'Person, die dem Team hilft, gemeinsame Ziele zu erreichen']",['Motivierende'],"['Person, die den Takt vorgibt', 'Person, die motiviert', 'Person, die die Initiative ergreift', 'Person, die dem Team hilft, gemeinsame Ziele zu erreichen', 'Motivierende']"
Tänzer,s,,gendered,titles,"['Tanz', 'Tänzer~in~/~Tänzer']",['Tanz'],"['Tanz', 'Tänzer~in~/~Tänzer']"
User,s,,gendered,function,"['Nutzung', 'Nutzer~in~/~Nutzer', 'Nutzende']","['Nutzende', 'Nutzer~innen~ und ~Nutzer', 'Nutzung']","['Nutzung', 'Nutzer~in~/~Nutzer', 'Nutzende', 'Nutzer~innen~ und ~Nutzer']"
Verfechter,s,,gendered,function,"['Verfechten', 'Verfechter~in~/~Verfechter', 'Verfechtende', 'Person, die für (...) eintritt', 'Person, die sich engagiert']","['Verfechtende', 'Verfechter~innen~ und ~Verfechter', 'Verfechten', 'Personen, die für (...) eintreten', 'Personen, die sich engagieren']","['Verfechten', 'Verfechter~in~/~Verfechter', 'Person, die für (...) eintritt', 'Person, die sich engagiert', 'Verfechtende', 'Verfechter~innen~ und ~Verfechter', 'Personen, die für (...) eintreten', 'Personen, die sich engagieren']"
Vergolder,s,,gendered,titles,"['Vergoldung', 'Vergolder~in~/~Vergolder']",['Vergoldung'],"['Vergoldung', 'Vergolder~in~/~Vergolder']"
Verkehrsplaner,s,,gendered,titles,"['Verkehrsplanung', 'Verkehrsplaner~in~/~Verkehrsplaner']",['Verkehrsplanung'],"['Verkehrsplanung', 'Verkehrsplaner~in~/~Verkehrsplaner']"
Vermittler,s,,gendered,function,"['Mittelsperson', 'Vermittlung', 'Vermittler~in~/~Vermittler', 'Vermittelnde', 'Person, die helfend vermittelt', 'Person, die vermittelnd (zwischen Personen, Parteien) auftritt']","['Vermittelnde', 'Vermittler~innen~ und ~Vermittler', 'Vermittlung', 'Personen, die helfend vermitteln', 'Personen, die vermittelnd (zwischen Personen, Parteien) auftreten']","['Vermittlung', 'Mittelsperson', 'Vermittler~in~/~Vermittler', 'Person, die helfend vermittelt', 'Person, die vermittelnd (zwischen Personen, Parteien) auftritt', 'Vermittelnde', 'Vermittler~innen~ und ~Vermittler', 'Personen, die helfend vermitteln', 'Personen, die vermittelnd (zwischen Personen, Parteien) auftreten']"
Vertreter,s,,gendered,function,"['Vertretung', 'Vertreter~in~/~Vertreter', 'Vertretende', 'Person, die die Vertretung übernimmt', 'Person in der Vertretungsrolle']","['Vertretende', 'Vertreter~innen~ und ~Vertreter', 'Vertretung', 'Personen, die die Vertretung übernehmen', 'Personen in der Vertretungsrolle']","['Vertretung', 'Vertreter~in~/~Vertreter', 'Person, die die Vertretung übernimmt', 'Person in der Vertretungsrolle', 'Vertretende', 'Vertreter~innen~ und ~Vertreter', 'Personen, die die Vertretung übernehmen', 'Personen in der Vertretungsrolle']"
Vorkämpfer,s,,gendered,function,"['Inspiration', 'Leitbild', 'Wegbereitung', 'Vorkämpfer~in~/~Vorkämpfer', 'Wegbereiter~in~/~Wegbereiter', 'Inspiration', 'Leitbild', 'Mensch, der eine gemeinsame Vision verkörpert', 'jemand, der sich für Ideen engagiert', 'jemand, der sich für eine Vision begeistert']","['Inspiration', 'Leitbild', 'Vorkämpfer~innen~ und ~Vorkämpfer', 'Wegbereiter~innen~ und ~Wegbereiter', 'Wegbereitung', 'Menschen, die eine gemeinsame Vision verkörpern', 'Leute, die sich für Ideen engagieren', 'alle, die sich für eine Vision begeistern']","['Wegbereitung', 'Inspiration', 'Leitbild', 'Vorkämpfer~in~/~Vorkämpfer', 'Wegbereiter~in~/~Wegbereiter', 'Mensch, der eine gemeinsame Vision verkörpert', 'jemand, der sich für Ideen engagiert', 'jemand, der sich für eine Vision begeistert', 'Inspiration', 'Leitbild', 'Vorkämpfer~innen~ und ~Vorkämpfer', 'Wegbereiter~innen~ und ~Wegbereiter', 'Menschen, die eine gemeinsame Vision verkörpern', 'Leute, die sich für Ideen engagieren', 'alle, die sich für eine Vision begeistern']"
Wagner,s,,gendered,titles,"['Wagnerei', 'Stellmacherei', 'Wagner~in~/~Wagner']","['Wagnerei', 'Stellmacherei']","['Wagnerei', 'Stellmacherei', 'Wagner~in~/~Wagner']"
Werker,s,,gendered,function,"['Fachpraxis', 'Werker~in~/~Werker', 'Fachpraktiker~in~/~Fachpraktiker']",['Fachpraxis'],"['Fachpraxis', 'Werker~in~/~Werker', 'Fachpraktiker~in~/~Fachpraktiker']"
Wettbewerber,s,,gendered,function,"['Mitbewerber~in', 'Markt', 'Wettbewerb', 'Marktteilnehmende', 'Person/Firma, die auf dem selben Gebiet/Markt ihre Kompetenz einsetzt', 'am Markt teilnehmende Person/Firma', 'Person/Firma, die sich auf demselben Gebiet/im selben Segment engagiert', 'jemand, der auf dieselben Meilensteine/Ziele hinarbeitet', 'Firma/Person, die sich gleichzeitig für dieselbe Stelle/Rolle engagiert']","['Marktteilnehmende', 'Markt', 'Wettbewerb']","['Markt', 'Wettbewerb', 'Mitbewerber~in', 'Person/Firma, die auf dem selben Gebiet/Markt ihre Kompetenz einsetzt', 'am Markt teilnehmende Person/Firma', 'Person/Firma, die sich auf demselben Gebiet/im selben Segment engagiert', 'jemand, der auf dieselben Meilensteine/Ziele hinarbeitet', 'Firma/Person, die sich gleichzeitig für dieselbe Stelle/Rolle engagiert', 'Marktteilnehmende']"
Wettbewerber~in,s,,gendered,function,"['Mitbewerber~in', 'Markt', 'Wettbewerb', 'Marktteilnehmende', 'Person/Firma, die auf dem selben Gebiet/Markt ihre Kompetenz einsetzt', 'Person/Firma, die sich auf dem selben Gebiet/Markt engagiert', 'jemand, der auf dieselben Meilensteine/Ziele hinarbeitet', 'Firma/Person, die sich gleichzeitig für dieselbe Stelle/Rolle engagiert']","['Marktteilnehmende', 'Markt', 'Wettbewerb']","['Markt', 'Wettbewerb', 'Mitbewerber~in', 'Person/Firma, die auf dem selben Gebiet/Markt ihre Kompetenz einsetzt', 'Person/Firma, die sich auf dem selben Gebiet/Markt engagiert', 'jemand, der auf dieselben Meilensteine/Ziele hinarbeitet', 'Firma/Person, die sich gleichzeitig für dieselbe Stelle/Rolle engagiert', 'Marktteilnehmende']"
Wettkämpfer,s,,gendered,function,"['Wettkampf', 'Wettkämpfer~in~/~Wettkämpfer', 'Mensch, der sein Team gern auf dem gemeinsamen Weg mitnimmt', 'jemand, der ein faires Miteinander schätzt', 'jemand, der Ziele zusammen mit dem Team erreichen will']","['Wettkämpfer~innen~ und ~Wettkämpfer', 'Wettkampf', 'Menschen, die ihr Team gern auf dem gemeinsamen Weg mitnehmen', 'alle, die ein faires Miteinander schätzen', 'Leute, die Ziele zusammen mit dem Team umsetzen wollen']","['Wettkampf', 'Wettkämpfer~in~/~Wettkämpfer', 'Mensch, der sein Team gern auf dem gemeinsamen Weg mitnimmt', 'jemand, der ein faires Miteinander schätzt', 'jemand, der Ziele zusammen mit dem Team erreichen will', 'Wettkämpfer~innen~ und ~Wettkämpfer', 'Menschen, die ihr Team gern auf dem gemeinsamen Weg mitnehmen', 'alle, die ein faires Miteinander schätzen', 'Leute, die Ziele zusammen mit dem Team umsetzen wollen']"
Winzer,s,,gendered,titles,"['Winzerei', 'Winzereibetrieb', 'Winzer~in~/~Winzer']","['Winzerei', 'Winzereibetrieb']","['Winzerei', 'Winzereibetrieb', 'Winzer~in~/~Winzer']"
Zimmermann,s,,gendered,titles,"['Zimmereifachkraft', 'Zimmerei', 'Zimmerfrau~Zimmermann']",['Zimmerei'],"['Zimmerei', 'Zimmereifachkraft', 'Zimmerfrau~Zimmermann']"
Zugbegleiter,s,,gendered,titles,"['Zugbegleitung', 'Zugbegleiter~in~/~Zugbegleiter']",['Zugbegleitung'],"['Zugbegleitung', 'Zugbegleiter~in~/~Zugbegleiter']"
Zuhörer,s,,gendered,function,"['Zuhörer~in~/~Zuhörer', 'Publikum', 'Publikumsscharen', 'Zuhörende', 'zuhörende Person', 'Person im Publikum']","['Zuhörende', 'Zuhörer~innen~ und ~Zuhörer', 'Publikum', 'Publikumsscharen', 'Personen, die zuhören', 'Menschen im Publikum']","['Zuhörer~in~/~Zuhörer', 'zuhörende Person', 'Person im Publikum', 'Publikum', 'Publikumsscharen', 'Zuhörende', 'Zuhörer~innen~ und ~Zuhörer', 'Personen, die zuhören', 'Menschen im Publikum']"
Zulieferer,s,,gendered,function,"['Zulieferung', 'Zulieferfirma', 'zulieferndes Unternehmen', 'Zulieferunternehmen', 'Zuliefer~in~/~Zulieferer', 'Zuliefernde']",['Zuliefernde'],"['Zulieferung', 'Zulieferfirma', 'zulieferndes Unternehmen', 'Zulieferunternehmen', 'Zuliefer~in~/~Zulieferer', 'Zuliefernde']"
Überflieger,s,,gendered,function,"['kompetenter Mensch', 'fähiger Mensch', 'tatkräftige Person', 'Tatmensch', 'Überflieger~in~/~Überflieger', 'kompetenter Mensch', 'fähiger Mensch', 'tatkräftige Person', 'Tatmensch', 'jemand, der durch Kompetenz überrascht', 'jemand, der Meilensteine leicht und kreativ umsetzt']","['kompetenter Mensch', 'fähiger Mensch', 'tatkräftige Person', 'Tatmensch', 'Überflieger~innen~ und ~Überflieger', 'jemand, der durch Kompetenz überrascht', 'jemand, der Meilensteine leicht und kreativ umsetzt']","['kompetenter Mensch', 'fähiger Mensch', 'tatkräftige Person', 'Tatmensch', 'Überflieger~in~/~Überflieger', 'jemand, der durch Kompetenz überrascht', 'jemand, der Meilensteine leicht und kreativ umsetzt', 'kompetenter Mensch', 'fähiger Mensch', 'tatkräftige Person', 'Tatmensch', 'Überflieger~innen~ und ~Überflieger', 'jemand, der durch Kompetenz überrascht', 'jemand, der Meilensteine leicht und kreativ umsetzt']"
