Lemma,Word_Type,Category,Primary_subcategory,Sg_all_split,Pl_all_split,Alt_split
Altersspanne,s,unconscious_bias,age,"['-', 'altersbegrenzt auf(...)']",['-'],"['-', 'altersbegrenzt auf(...)']"
Androgynie,s,unconscious_bias,gender_identity,"['Aussehen, das feminin und maskulin zugleich ist', 'Anmutung, die Geschlechterstereotypen verwischt', 'Erscheinung, die weibliche und männliche Merkmale vereint']",[''],"['Aussehen, das feminin und maskulin zugleich ist', 'Anmutung, die Geschlechterstereotypen verwischt', 'Erscheinung, die weibliche und männliche Merkmale vereint']"
Angriff,s,unconscious_bias,agentic,"['Aufforderung', 'Hinterfragen', 'Infragestellen', 'Austesten', 'Ermahnung', 'Diskriminierung', 'Verletzung', 'Kränkung', 'Prüfen auf auf Glaubwürdigkeit (Intention, Gründe, ...)']",[''],"['Aufforderung', 'Hinterfragen', 'Infragestellen', 'Austesten', 'Ermahnung', 'Diskriminierung', 'Verletzung', 'Kränkung', 'Prüfen auf auf Glaubwürdigkeit (Intention, Gründe, ...)']"
Armutsflüchtling,s,unconscious_bias,migration,[''],[''],['']
Asoziale,s,unconscious_bias,classism,"['ungerecht', 'unverhältnismäßig', 'fies', 'unredlich', 'gemein', '\n unsolidarisch', 'arm', 'finanziell schwach']",[''],"['ungerecht', 'unverhältnismäßig', 'fies', 'unredlich', 'gemein', '\n unsolidarisch', 'arm', 'finanziell schwach']"
Asozialer,s,unconscious_bias,classism,"['ungerecht', 'unverhältnismäßig', 'fies', 'unredlich', 'gemein', '\n unsolidarisch', 'arm', 'finanziell schwach']",[''],"['ungerecht', 'unverhältnismäßig', 'fies', 'unredlich', 'gemein', '\n unsolidarisch', 'arm', 'finanziell schwach']"
Asylmissbrauch,s,unconscious_bias,migration,"['Asylsuche', 'Asylbetrug --- nur bei Straftat einer Einzelperson']",[''],"['Asylsuche', 'Asylbetrug --- nur bei Straftat einer Einzelperson']"
Ausdauer,s,unconscious_bias,agentic,"['Ruhe', 'Geduld', 'Besonnenheit', 'einen langen Atem haben(...)', 'Fähigkeit, an Dingen dranzubleiben,(...)', 'Neigung zu langfristigem Planen(...)']",[''],"['Ruhe', 'Geduld', 'Besonnenheit', 'einen langen Atem haben(...)', 'Fähigkeit, an Dingen dranzubleiben,(...)', 'Neigung zu langfristigem Planen(...)']"
Auseinandersetzung,s,unconscious_bias,agentic,"['Meinungsaustausch', 'Gedankenaustausch', 'Diskussion', 'Austausch', 'Austausch als Lernchance (...)']",[''],"['Meinungsaustausch', 'Gedankenaustausch', 'Diskussion', 'Austausch', 'Austausch als Lernchance (...)']"
Ausländerfeindlichkeit,s,unconscious_bias,migration,"['Rassismus', 'Neonazismus', 'Rechtsextremismus', 'Rechtsterrorismus', 'Hasskriminalität']",[''],"['Rassismus', 'Neonazismus', 'Rechtsextremismus', 'Rechtsterrorismus', 'Hasskriminalität']"
Ausländerhass,s,unconscious_bias,migration,"['Rassismus', 'Neonazismus', 'Rechtsextremismus', 'Rechtsterrorismus', 'Hasskriminalität']",[''],"['Rassismus', 'Neonazismus', 'Rechtsextremismus', 'Rechtsterrorismus', 'Hasskriminalität']"
Ausländerkriminalität,s,unconscious_bias,migration,"['Kriminalität', '((Straftat))']",[''],"['Kriminalität', '((Straftat))']"
Autonomität,s,unconscious_bias,agentic,"['Verantwortungsbereitschaft', 'Bereitschaft, die eigenen Kompetenzen einzusetzen,(...)', 'Fokus auf das Lösen anliegender Aufgaben(...)']",[''],"['Verantwortungsbereitschaft', 'Bereitschaft, die eigenen Kompetenzen einzusetzen,(...)', 'Fokus auf das Lösen anliegender Aufgaben(...)']"
Autorität,s,unconscious_bias,agentic,"['Kompetenz', 'Erfahrung', 'Entscheidungsbefugnis', 'Verantwortung', 'Sachkenntnis', 'Person, die Verantwortung trägt(...)', 'Person, die als Vorbild wirkt(...)', 'jemand mit Überblick(...)', 'jemand, dessen (Meinung, Wort, ...) du vertraust', 'jemand, der einen Vertrauensvorschuss genießt(...)']",[''],"['Kompetenz', 'Erfahrung', 'Entscheidungsbefugnis', 'Verantwortung', 'Sachkenntnis', 'Person, die Verantwortung trägt(...)', 'Person, die als Vorbild wirkt(...)', 'jemand mit Überblick(...)', 'jemand, dessen (Meinung, Wort, ...) du vertraust', 'jemand, der einen Vertrauensvorschuss genießt(...)']"
Bananenrepublik,s,unconscious_bias,racist_source,"['korrupter Staat', 'dysfunktionale Verwaltung', 'Land mit dysfunktionalen Strukturen']",[''],"['korrupter Staat', 'dysfunktionale Verwaltung', 'Land mit dysfunktionalen Strukturen']"
Beharrlichkeit,s,unconscious_bias,agentic,"['Ruhe und Besonnenheit', 'Geduld', 'Umsetzungsfreude', 'Fokus']",[''],"['Ruhe und Besonnenheit', 'Geduld', 'Umsetzungsfreude', 'Fokus']"
Bestimmtheit,s,unconscious_bias,agentic,"['Klarheit', 'Offenheit', 'Nachdruck']",[''],"['Klarheit', 'Offenheit', 'Nachdruck']"
Biss,s,unconscious_bias,agentic,"['Umsetzungsfreude', 'Regsamkeit', 'langer Atem', 'Freude am Vertreten des eigenen Standpunkts', 'Fähigkeit, wirkungsvoll zu kommunizieren']",[''],"['Umsetzungsfreude', 'Regsamkeit', 'langer Atem', 'Freude am Vertreten des eigenen Standpunkts', 'Fähigkeit, wirkungsvoll zu kommunizieren']"
Blacklist,s,unconscious_bias,color,"['Sperrliste', 'Ausschlussliste', 'Vermeidungsliste']",[''],"['Sperrliste', 'Ausschlussliste', 'Vermeidungsliste']"
Bucklige,s,unconscious_bias,medical_state,['Person mit Wirbelsäulenkrümmung(...)'],[''],['Person mit Wirbelsäulenkrümmung(...)']
Buckliger,s,unconscious_bias,medical_state,['Person mit Wirbelsäulenkrümmung(...)'],[''],['Person mit Wirbelsäulenkrümmung(...)']
Clan-Kriminalität,s,unconscious_bias,culture,"['organisierte Kriminalität', 'Bandenkriminalität']",[''],"['organisierte Kriminalität', 'Bandenkriminalität']"
Clankriminalität,s,unconscious_bias,culture,"['organisierte Kriminalität', 'Bandenkriminalität']",[''],"['organisierte Kriminalität', 'Bandenkriminalität']"
Depp,s,unconscious_bias,cognitive_ability,"['Person, der es schwer fällt, komplexe Informationen zu verstehen(...)', 'Mensch, dem es schwer fällt, eine Situation zu verallgemeinern(...)', 'jemand, der sich etwas vormachen lässt(...)', 'jemand, der unklug handelt(...)', 'uneinsichtiger Mensch(...)', 'jemand, der verärgert(...)', 'Person, die nicht versteht, worum es geht(...)']",[''],"['Person, der es schwer fällt, komplexe Informationen zu verstehen(...)', 'Mensch, dem es schwer fällt, eine Situation zu verallgemeinern(...)', 'jemand, der sich etwas vormachen lässt(...)', 'jemand, der unklug handelt(...)', 'uneinsichtiger Mensch(...)', 'jemand, der verärgert(...)', 'Person, die nicht versteht, worum es geht(...)']"
Dienstleistungsorientierung,s,unconscious_bias,agentic,"['Serviceorientierung', 'Einfühlsamkeit im Umgang mit Kundschaft(...)', 'Motivation, Kundschaft zu deren Zufriedenheit zu betreuen(...)', 'Engagement im Erfüllen der Erwartungen der Kundschaft(...)']",[''],"['Serviceorientierung', 'Einfühlsamkeit im Umgang mit Kundschaft(...)', 'Motivation, Kundschaft zu deren Zufriedenheit zu betreuen(...)', 'Engagement im Erfüllen der Erwartungen der Kundschaft(...)']"
Direktheit,s,unconscious_bias,agentic,"['Offenherzigkeit', 'Offenheit', 'Geradlinigkeit', 'Aufrichtigkeit', 'von Mensch zu Mensch(...)', 'nicht hinterm Berg halten(...)', 'das Herz auf der Zunge tragen(...)', 'offene Worte schätzen(...)', 'Offenheit im Äußern von Besorgnis(...)']",[''],"['Offenherzigkeit', 'Offenheit', 'Geradlinigkeit', 'Aufrichtigkeit', 'von Mensch zu Mensch(...)', 'nicht hinterm Berg halten(...)', 'das Herz auf der Zunge tragen(...)', 'offene Worte schätzen(...)', 'Offenheit im Äußern von Besorgnis(...)']"
Diversitäts-Klamauk,s,unconscious_bias,gender_identity,['Geschlechtervielfalt'],[''],['Geschlechtervielfalt']
Diversitäts-Theater,s,unconscious_bias,gender_identity,['Geschlechtervielfalt'],[''],['Geschlechtervielfalt']
Diversitätsklamauk,s,unconscious_bias,gender_identity,['Geschlechtervielfalt'],[''],['Geschlechtervielfalt']
Diversitätstheater,s,unconscious_bias,gender_identity,['Geschlechtervielfalt'],[''],['Geschlechtervielfalt']
Dreads,s,unconscious_bias,racist_source,['Dreadlocks'],[''],['Dreadlocks']
Drive,s,unconscious_bias,agentic,"['Engagement', 'Freude an der Sache', 'Begeisterung']",[''],"['Engagement', 'Freude an der Sache', 'Begeisterung']"
Dschungel,s,unconscious_bias,racist_source,"['Bürokratie', 'Labyrinth', 'dichter Wald', 'rechtloser Raum', 'tropischer Regenwald']",[''],"['Bürokratie', 'Labyrinth', 'dichter Wald', 'rechtloser Raum', 'tropischer Regenwald']"
Dummkopf,s,unconscious_bias,cognitive_ability,"['Person, der es schwer fällt, komplexe Informationen zu verstehen(...)', 'Mensch, dem es schwer fällt, eine Situation zu verallgemeinern(...)', 'jemand, der sich etwas vormachen lässt(...)', 'jemand, der unklug handelt(...)', 'uneinsichtiger Mensch(...)', 'jemand, der sich töricht verhält(...)', 'Person, die nicht versteht, worum es geht(...)']",[''],"['Person, der es schwer fällt, komplexe Informationen zu verstehen(...)', 'Mensch, dem es schwer fällt, eine Situation zu verallgemeinern(...)', 'jemand, der sich etwas vormachen lässt(...)', 'jemand, der unklug handelt(...)', 'uneinsichtiger Mensch(...)', 'jemand, der sich töricht verhält(...)', 'Person, die nicht versteht, worum es geht(...)']"
Durchhaltevermögen,s,unconscious_bias,agentic,"['einen langen Atem haben(...)', 'Fähigkeit, an Dingen dranzubleiben(...)']",[''],"['einen langen Atem haben(...)', 'Fähigkeit, an Dingen dranzubleiben(...)']"
Durchhaltewillen,s,unconscious_bias,agentic,"['langen Atem haben(...)', 'Fähigkeit, an Dingen dranzubleiben(...)']",[''],"['langen Atem haben(...)', 'Fähigkeit, an Dingen dranzubleiben(...)']"
Durchsetzungsfähigkeit,s,unconscious_bias,agentic,"['Umsetzungsfreude', 'Fokus', 'Effizienz', 'Regsamkeit', 'Freude am Vertreten des eigenen Standpunkts', 'Fähigkeit, wirkungsvoll zu kommunizieren', 'Bereitschaft, (...) zu vertreten', 'Fähigkeit, andere für (gemeinsame Ziele, Ideen, Pläne) einzunehmen(...)', 'Energie und Kompetenz, Stakeholder mitzureißen(...)']",[''],"['Umsetzungsfreude', 'Fokus', 'Effizienz', 'Regsamkeit', 'Freude am Vertreten des eigenen Standpunkts', 'Fähigkeit, wirkungsvoll zu kommunizieren', 'Bereitschaft, (...) zu vertreten', 'Fähigkeit, andere für (gemeinsame Ziele, Ideen, Pläne) einzunehmen(...)', 'Energie und Kompetenz, Stakeholder mitzureißen(...)']"
Durchsetzungskraft,s,unconscious_bias,agentic,"['Umsetzungsfreude', 'Fokus', 'Effizienz', 'Regsamkeit', 'Freude am Vertreten des eigenen Standpunkts', 'Fähigkeit, wirkungsvoll zu kommunizieren', 'Bereitschaft, (...) zu vertreten', 'Fähigkeit, andere für (gemeinsame Ziele, Ideen, Pläne) einzunehmen(...)', 'Energie und Kompetenz, Stakeholder mitzureißen(...)']",[''],"['Umsetzungsfreude', 'Fokus', 'Effizienz', 'Regsamkeit', 'Freude am Vertreten des eigenen Standpunkts', 'Fähigkeit, wirkungsvoll zu kommunizieren', 'Bereitschaft, (...) zu vertreten', 'Fähigkeit, andere für (gemeinsame Ziele, Ideen, Pläne) einzunehmen(...)', 'Energie und Kompetenz, Stakeholder mitzureißen(...)']"
Durchsetzungsstärke,s,unconscious_bias,agentic,"['Umsetzungsfreude', 'Fokus', 'Effizienz', 'Regsamkeit', 'Freude am Vertreten des eigenen Standpunkts', 'Fähigkeit, wirkungsvoll zu kommunizieren', 'Bereitschaft, (...) zu vertreten', 'Fähigkeit, andere für (gemeinsame Ziele, Ideen, Pläne) einzunehmen(...)', 'Energie und Kompetenz, Stakeholder mitzureißen(...)']",[''],"['Umsetzungsfreude', 'Fokus', 'Effizienz', 'Regsamkeit', 'Freude am Vertreten des eigenen Standpunkts', 'Fähigkeit, wirkungsvoll zu kommunizieren', 'Bereitschaft, (...) zu vertreten', 'Fähigkeit, andere für (gemeinsame Ziele, Ideen, Pläne) einzunehmen(...)', 'Energie und Kompetenz, Stakeholder mitzureißen(...)']"
Durchsetzungsvermögen,s,unconscious_bias,agentic,"['Umsetzungsfreude', 'Fokus', 'Effizienz', 'Regsamkeit', 'Freude am Vertreten des eigenen Standpunkts', 'Fähigkeit, wirkungsvoll zu kommunizieren', 'Bereitschaft, (...) zu vertreten', 'Fähigkeit, andere für (gemeinsame Ziele, Ideen, Pläne) einzunehmen(...)', 'Energie und Kompetenz, Stakeholder mitzureißen(...)']",[''],"['Umsetzungsfreude', 'Fokus', 'Effizienz', 'Regsamkeit', 'Freude am Vertreten des eigenen Standpunkts', 'Fähigkeit, wirkungsvoll zu kommunizieren', 'Bereitschaft, (...) zu vertreten', 'Fähigkeit, andere für (gemeinsame Ziele, Ideen, Pläne) einzunehmen(...)', 'Energie und Kompetenz, Stakeholder mitzureißen(...)']"
Ehrgeiz,s,unconscious_bias,agentic,"['Fleiß', 'Eifer', 'Strebsamkeit', 'Engagement', 'Entwicklungsmotivation', 'unternehmerische Haltung', 'Freude an mehr Verantwortung', 'Freude am Setzen und Verwirklichen von Zielen', 'Interesse an persönlichem Wachstum', 'Engagement für gemeinsame Ziele(...)', 'Engagement für gesetzte Meilensteine(...)', 'Freude am Weiterkommen(...)']",[''],"['Fleiß', 'Eifer', 'Strebsamkeit', 'Engagement', 'Entwicklungsmotivation', 'unternehmerische Haltung', 'Freude an mehr Verantwortung', 'Freude am Setzen und Verwirklichen von Zielen', 'Interesse an persönlichem Wachstum', 'Engagement für gemeinsame Ziele(...)', 'Engagement für gesetzte Meilensteine(...)', 'Freude am Weiterkommen(...)']"
Eigenständigkeit,s,unconscious_bias,agentic,"['Fokussierung auf Aufgaben', 'Freude an Verantwortung', 'Bereitschaft, Kompetenz einsetzen(...)']",[''],"['Fokussierung auf Aufgaben', 'Freude an Verantwortung', 'Bereitschaft, Kompetenz einsetzen(...)']"
Eigenverantwortung,s,unconscious_bias,agentic,"['Freude an Verantwortung', 'Gewissenhaftigkeit', 'Pflichtbewusstsein', 'Zuverlässigkeit', 'Bereitschaft, das Nötige zu tun(...)', 'unternehmerisches Denken(...)']",[''],"['Freude an Verantwortung', 'Gewissenhaftigkeit', 'Pflichtbewusstsein', 'Zuverlässigkeit', 'Bereitschaft, das Nötige zu tun(...)', 'unternehmerisches Denken(...)']"
Einsatzbereitschaft,s,unconscious_bias,agentic,"['Engagement', 'Begeisterung', 'Umsetzungsfreude']",[''],"['Engagement', 'Begeisterung', 'Umsetzungsfreude']"
Einsatzwille,s,unconscious_bias,agentic,"['Engagement', 'Begeisterung', 'Umsetzungsfreude']",[''],"['Engagement', 'Begeisterung', 'Umsetzungsfreude']"
Entscheidung,s,unconscious_bias,agentic,"['Konsens', 'Beschluss', 'Einigung', 'Einschätzung', 'Absicht', 'Vorhaben', 'Vereinbarung', 'Übereinkunft', 'Übereinkommen']",[''],"['Konsens', 'Beschluss', 'Einigung', 'Einschätzung', 'Absicht', 'Vorhaben', 'Vereinbarung', 'Übereinkunft', 'Übereinkommen']"
Entschiedenheit,s,unconscious_bias,agentic,"['Deutlichkeit', 'Klarheit', 'Engagement']",[''],"['Deutlichkeit', 'Klarheit', 'Engagement']"
Entschlossenheit,s,unconscious_bias,agentic,"['Umsetzungsfreude', 'Herzhaftigkeit', 'Pragmatismus', 'Unkompliziertheit']",[''],"['Umsetzungsfreude', 'Herzhaftigkeit', 'Pragmatismus', 'Unkompliziertheit']"
Entschlussfreudigkeit,s,unconscious_bias,agentic,"['Umsetzungsfreude', 'Pragmatismus', 'Beweglichkeit', 'Unkompliziertheit']",[''],"['Umsetzungsfreude', 'Pragmatismus', 'Beweglichkeit', 'Unkompliziertheit']"
Entschlusskraft,s,unconscious_bias,agentic,"['Umsetzungsfreude', 'Pragmatismus', 'Beweglichkeit', 'Unkompliziertheit']",[''],"['Umsetzungsfreude', 'Pragmatismus', 'Beweglichkeit', 'Unkompliziertheit']"
Entwicklungshilfe,s,unconscious_bias,migration,"['Unterstützung', 'Hilfe', 'Zusammenarbeit']",[''],"['Unterstützung', 'Hilfe', 'Zusammenarbeit']"
Erfolgshunger,s,unconscious_bias,agentic,"['Engagement', 'Begeisterung', 'Umsetzungsfreude', 'Motivation, auf Meilensteine zu erarbeiten(...)', 'Wunsch, die Visionen zu realisieren(...)']",[''],"['Engagement', 'Begeisterung', 'Umsetzungsfreude', 'Motivation, auf Meilensteine zu erarbeiten(...)', 'Wunsch, die Visionen zu realisieren(...)']"
Eroberung,s,unconscious_bias,agentic,"['Entdeckung', 'Erwerb neuer Kenntnisse(...)', 'inspiriert durch das Unbekannte(...)']",[''],"['Entdeckung', 'Erwerb neuer Kenntnisse(...)', 'inspiriert durch das Unbekannte(...)']"
Eskimo,s,unconscious_bias,racist_source,"['Inuit', 'Yupik', 'Kalaallit --- Grönland', 'Person, die sich zu den indigenen Völkern Sibiriens zählt(...)', 'Person, die sich den indigenen Völkern Alaskas zählt(...)', 'Person, die sich zu den Völkern der nördlichen Polarregion zählt(...)']",[''],"['Inuit', 'Yupik', 'Kalaallit --- Grönland', 'Person, die sich zu den indigenen Völkern Sibiriens zählt(...)', 'Person, die sich den indigenen Völkern Alaskas zählt(...)', 'Person, die sich zu den Völkern der nördlichen Polarregion zählt(...)']"
Ethnie,s,unconscious_bias,racist_source,['Nationalität'],[''],['Nationalität']
Ethnopluralismus,s,unconscious_bias,racist_source,"['Diversität', 'Transkulturalität', 'Rassismus', 'Rechtsextremismus']",[''],"['Diversität', 'Transkulturalität', 'Rassismus', 'Rechtsextremismus']"
Feindseligkeit,s,unconscious_bias,agentic,"['Engagement', 'Bereitschaft, für (...) zu argumentieren', 'Begeisterung, für (...) einzutreten']",[''],"['Engagement', 'Bereitschaft, für (...) zu argumentieren', 'Begeisterung, für (...) einzutreten']"
Flüchtlingsflut,s,unconscious_bias,migration,"['Fluchtmigration', 'Einreise von Geflüchteten', 'Fluchtbewegung', '((Zahl)) Schutzsuchende']",[''],"['Fluchtmigration', 'Einreise von Geflüchteten', 'Fluchtbewegung', '((Zahl)) Schutzsuchende']"
Freimütigkeit,s,unconscious_bias,agentic,"['Offenherzigkeit', 'Engagement', 'Geradlinigkeit', 'zur eigenen Meinung stehen(...)', 'seine Arbeit vertreten(...)']",[''],"['Offenherzigkeit', 'Engagement', 'Geradlinigkeit', 'zur eigenen Meinung stehen(...)', 'seine Arbeit vertreten(...)']"
Fremdenfeindlichkeit,s,unconscious_bias,migration,"['Rassismus', 'Neonazismus', 'Rechtsextremismus', 'Rechtsterrorismus', 'Hasskriminalität']",[''],"['Rassismus', 'Neonazismus', 'Rechtsextremismus', 'Rechtsterrorismus', 'Hasskriminalität']"
Fräulein,s,unconscious_bias,gender_identity,"['Person', 'jemand', 'Mensch', '-', 'du(...)', 'Sie(...)']",['-'],"['-', 'Person', 'jemand', 'Mensch', 'du(...)', 'Sie(...)']"
Führung,s,unconscious_bias,agentic,"['Leitung', 'Lenkung', 'Management', 'Team-Anleitung', 'Team-Lenkung', 'Team-Verantwortung', 'Person, die die Vision kommuniziert(...)', 'Person, die sich um das Team kümmert(...)', 'jemand, der das Team unterstützt und coacht(...)', 'Mensch, der mit Rat und Tat zur Seite steht(...)']",[''],"['Leitung', 'Lenkung', 'Management', 'Team-Anleitung', 'Team-Lenkung', 'Team-Verantwortung', 'Person, die die Vision kommuniziert(...)', 'Person, die sich um das Team kümmert(...)', 'jemand, der das Team unterstützt und coacht(...)', 'Mensch, der mit Rat und Tat zur Seite steht(...)']"
Gebärdendolmetscher,s,unconscious_bias,speech,"['Gebärdensprachdolmetscher --- Sprache nennen (ÖGS, DGS, DSGS, ASL)', 'Gebärdensprachdolmetscher~in~/~Gebärdensprachdolmetscher']",[''],"['Gebärdensprachdolmetscher --- Sprache nennen (ÖGS, DGS, DSGS, ASL)', 'Gebärdensprachdolmetscher~in~/~Gebärdensprachdolmetscher']"
Geistesgestörter,s,unconscious_bias,cognitive_perception,['Mensch mit psychischer Störung(...)'],[''],['Mensch mit psychischer Störung(...)']
Gender-Hype,s,unconscious_bias,sexual_orientation,"['Gendergerechtigkeit', 'Geschlechterdiversität', 'aktuelle Diskussion zu Gender-Mainstreaming']",[''],"['Gendergerechtigkeit', 'Geschlechterdiversität', 'aktuelle Diskussion zu Gender-Mainstreaming']"
Gendergaga,s,unconscious_bias,gender_identity,['Geschlechtervielfalt'],[''],['Geschlechtervielfalt']
Genderhype,s,unconscious_bias,sexual_orientation,"['Gendergerechtigkeit', 'Geschlechterdiversität', 'aktuelle Diskussion zu Gender-Mainstreaming']",[''],"['Gendergerechtigkeit', 'Geschlechterdiversität', 'aktuelle Diskussion zu Gender-Mainstreaming']"
Genderideologie,s,unconscious_bias,gender_identity,"['Geschlechtergerechtigkeit', 'Geschlechtervielfalt']",[''],"['Geschlechtergerechtigkeit', 'Geschlechtervielfalt']"
Genderismus,s,unconscious_bias,gender_identity,"['Geschlechtervielfalt', 'Geschlechtergerechtigkeit']",[''],"['Geschlechtervielfalt', 'Geschlechtergerechtigkeit']"
Geschacher,s,unconscious_bias,antisemitism,"['Feilscherei', 'harte Verhandlungen', 'Geschäftemacherei', 'Gezerre', 'Gefeilsche']",[''],"['Feilscherei', 'harte Verhandlungen', 'Geschäftemacherei', 'Gezerre', 'Gefeilsche']"
Geschachere,s,unconscious_bias,antisemitism,"['Feilscherei', 'harte Verhandlungen', 'Geschäftemacherei', 'Gezerre', 'Gefeilsche']",[''],"['Feilscherei', 'harte Verhandlungen', 'Geschäftemacherei', 'Gezerre', 'Gefeilsche']"
Geschlechtsumwandlung,s,unconscious_bias,gender_identity,"['Geschlechtsangleichung', 'Geschlechtsanpassung']",[''],"['Geschlechtsangleichung', 'Geschlechtsanpassung']"
Gewalt,s,unconscious_bias,agentic,"['Aufsicht', 'Verantwortung', 'Schaffenskraft', 'Entscheidungsbefugnis', 'Gewicht', 'Einfluss', 'Stellung', 'Anerkennung', 'Geltung', 'Ansehen', 'Reichweite', 'Antrieb', 'Anstrengung', 'Zuverlässigkeit', 'Konsistenz', 'Beständigkeit', 'Dynamik', 'Schwung', 'Intensität']",[''],"['Aufsicht', 'Verantwortung', 'Schaffenskraft', 'Entscheidungsbefugnis', 'Gewicht', 'Einfluss', 'Stellung', 'Anerkennung', 'Geltung', 'Ansehen', 'Reichweite', 'Antrieb', 'Anstrengung', 'Zuverlässigkeit', 'Konsistenz', 'Beständigkeit', 'Dynamik', 'Schwung', 'Intensität']"
Hartnäckigkeit,s,unconscious_bias,agentic,"['Nachhaltigkeit', 'Stetigkeit', 'Fokussiertheit', 'Geduld', 'Gelassenheit', 'Resilienz', 'Beständigkeit']",[''],"['Nachhaltigkeit', 'Stetigkeit', 'Fokussiertheit', 'Geduld', 'Gelassenheit', 'Resilienz', 'Beständigkeit']"
Heimatschutz,s,unconscious_bias,racist_source,['Umweltschutz'],[''],['Umweltschutz']
Hellhäutige,s,unconscious_bias,color,"['Person', 'Mensch', '-']",['-'],"['-', 'Person', 'Mensch']"
Hellhäutiger,s,unconscious_bias,color,"['Person', 'Mensch', '-']",['-'],"['-', 'Person', 'Mensch']"
Herr,s,unconscious_bias,gender_identity,"['((Vorname))', '((Vorname)) ((Familienname))', 'höflicher Mensch']",[''],"['((Vorname))', '((Vorname)) ((Familienname))', 'höflicher Mensch']"
Hinkebein,s,unconscious_bias,medical_state,"['Person, die hinkt(...)']",[''],"['Person, die hinkt(...)']"
Hofmedien,s,unconscious_bias,classism,"['regierungsnahe Medien', 'voreingenommene Berichterstattende', 'Propagandapresse', 'mediale Sprachrohre']",[''],"['regierungsnahe Medien', 'voreingenommene Berichterstattende', 'Propagandapresse', 'mediale Sprachrohre']"
Hohlkopf,s,unconscious_bias,cognitive_ability,"['Person, der es schwer fällt, komplexe Informationen zu verstehen(...)', 'Mensch, dem es schwer fällt, eine Situation zu verallgemeinern(...)', 'jemand, der sich etwas vormachen lässt(...)', 'jemand, der unklug handelt(...)', 'uneinsichtiger Mensch(...)', 'jemand, der sich töricht verhält(...)', 'Person, die nicht versteht, worum es geht(...)']",[''],"['Person, der es schwer fällt, komplexe Informationen zu verstehen(...)', 'Mensch, dem es schwer fällt, eine Situation zu verallgemeinern(...)', 'jemand, der sich etwas vormachen lässt(...)', 'jemand, der unklug handelt(...)', 'uneinsichtiger Mensch(...)', 'jemand, der sich töricht verhält(...)', 'Person, die nicht versteht, worum es geht(...)']"
Homo-Ehe,s,unconscious_bias,sexual_orientation,['Ehe für alle'],[''],['Ehe für alle']
Homoehe,s,unconscious_bias,sexual_orientation,['Ehe für alle'],[''],['Ehe für alle']
Hunger,s,unconscious_bias,agentic,"['Interesse', 'Begeisterung', 'Motivation', 'Fleiß', 'Freude am Erwirken von Meilensteinen(...)', 'Wunsch, Visionen zu realisieren(...)']",[''],"['Interesse', 'Begeisterung', 'Motivation', 'Fleiß', 'Freude am Erwirken von Meilensteinen(...)', 'Wunsch, Visionen zu realisieren(...)']"
Härte,s,unconscious_bias,agentic,"['Unbeirrbarkeit', 'Resilienz', 'Komplexität', 'Fokussiertheit', 'Geradlinigkeit', 'Fokussierung auf ein Ziel(...)', 'Fähigkeit, sich nicht vom Weg abbringen zu lassen(...)']",[''],"['Unbeirrbarkeit', 'Resilienz', 'Komplexität', 'Fokussiertheit', 'Geradlinigkeit', 'Fokussierung auf ein Ziel(...)', 'Fähigkeit, sich nicht vom Weg abbringen zu lassen(...)']"
Häuptling,s,unconscious_bias,racist_source,"['Oberhaupt', 'Führer*in']",[''],"['Oberhaupt', 'Führer*in']"
Idealalter,s,unconscious_bias,age,"['-', 'altersbegrenzt auf(...)']",['-'],"['-', 'altersbegrenzt auf(...)']"
Idiot,s,unconscious_bias,cognitive_ability,"['-', 'Mensch mit Lernschwierigkeiten(...)', 'Menschen mit intellektuellen Behinderungen(...)']",['-'],"['-', 'Mensch mit Lernschwierigkeiten(...)', 'Menschen mit intellektuellen Behinderungen(...)']"
Indianergeheul,s,unconscious_bias,racist_source,['lautes Geheul'],[''],['lautes Geheul']
Indianerkleidung,s,unconscious_bias,racist_source,['Lederkleidung mit Fransen'],[''],['Lederkleidung mit Fransen']
Indianerschmuck,s,unconscious_bias,racist_source,['Stirnband mit Federn'],[''],['Stirnband mit Federn']
Indianertanz,s,unconscious_bias,racist_source,['ausgelassene Tänze um ein Feuer'],[''],['ausgelassene Tänze um ein Feuer']
Integration,s,unconscious_bias,ability,"['Teilhabe', 'Zugang zu Arbeit und Bildung', 'Schritt zur Chancengerechtigkeit', 'Inklusion', 'Engagement für Inklusion']",[''],"['Teilhabe', 'Zugang zu Arbeit und Bildung', 'Schritt zur Chancengerechtigkeit', 'Inklusion', 'Engagement für Inklusion']"
Integrationsverweigerer,s,unconscious_bias,migration,"['diverse Lebensformen und Lebensstile', '-']",['-'],"['-', 'diverse Lebensformen und Lebensstile']"
Intellekt,s,unconscious_bias,agentic,"['Denkvermögen', 'Wissen', 'Erfahrung', 'Geisteskraft Beobachtungsgabe', 'Weitblick', 'Scharfblick', 'Durchblick', 'Gespür', 'Spürsinn', 'Fassungsvermögen', 'Erkenntnisfähigkeit', 'Einsicht', 'Urteilskraft', 'Vernunft', 'Verstand', 'Denkkraft']",[''],"['Denkvermögen', 'Wissen', 'Erfahrung', 'Geisteskraft Beobachtungsgabe', 'Weitblick', 'Scharfblick', 'Durchblick', 'Gespür', 'Spürsinn', 'Fassungsvermögen', 'Erkenntnisfähigkeit', 'Einsicht', 'Urteilskraft', 'Vernunft', 'Verstand', 'Denkkraft']"
Invalide,s,unconscious_bias,ability,"['jemand, der mit Behinderungen lebt(...)', 'Mensch, der behindert wird(...)', 'Mensch mit Behinderungen(...)', 'Mensch, der als behindert eingestuft ist(...)', 'Mensch, der in seiner Teilhabe durch Barrieren behindert wird(...)']",[''],"['jemand, der mit Behinderungen lebt(...)', 'Mensch, der behindert wird(...)', 'Mensch mit Behinderungen(...)', 'Mensch, der als behindert eingestuft ist(...)', 'Mensch, der in seiner Teilhabe durch Barrieren behindert wird(...)']"
Invalidität,s,unconscious_bias,ability,"['Behinderung', 'Leben mit Behinderungen', 'Einstufung als Mensch mit Behinderungen ']",[''],"['Behinderung', 'Leben mit Behinderungen', 'Einstufung als Mensch mit Behinderungen ']"
Islamisierung,s,unconscious_bias,belief,['Vielfalt der Glaubensgemeinschaften'],[''],['Vielfalt der Glaubensgemeinschaften']
Islamkritik,s,unconscious_bias,belief,"['antimuslimische Äußerungen', 'islamfeindliche Äußerungen']",[''],"['antimuslimische Äußerungen', 'islamfeindliche Äußerungen']"
Islamophobie,s,unconscious_bias,belief,['Islamfeindlichkeit'],[''],['Islamfeindlichkeit']
Israelkritik,s,unconscious_bias,belief,['Kritik an der Politik Israels'],[''],['Kritik an der Politik Israels']
Jagd,s,unconscious_bias,agentic,"['Suche', 'Eile', 'Spiel', 'Revier', 'Bemühung, (Meilensteine, Ziele, ...) zu erreichen', 'Serie von Widrigkeiten(...)', 'komplexe Situation(...)']",[''],"['Suche', 'Eile', 'Spiel', 'Revier', 'Bemühung, (Meilensteine, Ziele, ...) zu erreichen', 'Serie von Widrigkeiten(...)', 'komplexe Situation(...)']"
Kampf,s,unconscious_bias,agentic,"['Einsatz', 'Engagement', 'Teilnahme', 'Treffen', 'Bestreben', 'Vorhaben', 'Streben', 'Zweck', 'Plan', 'Anstrengung', 'Tatkraft', 'Spannungszustand', 'Verteidigung', 'Schutz']",[''],"['Einsatz', 'Engagement', 'Teilnahme', 'Treffen', 'Bestreben', 'Vorhaben', 'Streben', 'Zweck', 'Plan', 'Anstrengung', 'Tatkraft', 'Spannungszustand', 'Verteidigung', 'Schutz']"
Klumpfuss,s,unconscious_bias,medical_state,['Person mit Fehlbildung/Fehlstellung des Fußes(...)'],[''],['Person mit Fehlbildung/Fehlstellung des Fußes(...)']
Kollateralschaden,s,unconscious_bias,military_source,"['Nebenwirkung', 'unbeabsichtigter Schaden', 'in Kauf genommener Verlust']",[''],"['Nebenwirkung', 'unbeabsichtigter Schaden', 'in Kauf genommener Verlust']"
Konkurrenz,s,unconscious_bias,agentic,"['Wettbewerbsteilnehmende', 'Marktteilnehmende', 'jemand, der ebenfalls auf gesetzte Ziele hinarbeitet(...)']",[''],"['Wettbewerbsteilnehmende', 'Marktteilnehmende', 'jemand, der ebenfalls auf gesetzte Ziele hinarbeitet(...)']"
Kraft,s,unconscious_bias,agentic,"['Energie', 'Vitalität', 'Können', 'Enthusiasmus', 'Initiative', 'Tatkraft', 'Resilienz', 'Talent', 'Wissen', 'Erfahrung', 'Kenntnis', 'Kompetenz', 'Stabilität', 'Beständigkeit', 'Schwung', 'Engagement']",[''],"['Energie', 'Vitalität', 'Können', 'Enthusiasmus', 'Initiative', 'Tatkraft', 'Resilienz', 'Talent', 'Wissen', 'Erfahrung', 'Kenntnis', 'Kompetenz', 'Stabilität', 'Beständigkeit', 'Schwung', 'Engagement']"
Kretin,s,unconscious_bias,cognitive_ability,"['Person, der es schwer fällt, komplexe Informationen zu verstehen(...)', 'Mensch, dem es schwer fällt, eine Situation zu verallgemeinern(...)', 'jemand, der sich etwas vormachen lässt(...)', 'jemand, der unklug handelt(...)', 'uneinsichtiger Mensch(...)', 'jemand, der sich töricht verhält(...)', 'Person, die nicht versteht, worum es geht(...)']",[''],"['Person, der es schwer fällt, komplexe Informationen zu verstehen(...)', 'Mensch, dem es schwer fällt, eine Situation zu verallgemeinern(...)', 'jemand, der sich etwas vormachen lässt(...)', 'jemand, der unklug handelt(...)', 'uneinsichtiger Mensch(...)', 'jemand, der sich töricht verhält(...)', 'Person, die nicht versteht, worum es geht(...)']"
Kriegsbemalung,s,unconscious_bias,racist_source,"['Gesichtsbemalung', 'Schminke']",[''],"['Gesichtsbemalung', 'Schminke']"
Leistungsbereitschaft,s,unconscious_bias,agentic,"['Tatkraft', 'Engagement', 'Fleiß', 'Strebsamkeit', 'Enthusiasmus in der Umsetzung(...)']",[''],"['Tatkraft', 'Engagement', 'Fleiß', 'Strebsamkeit', 'Enthusiasmus in der Umsetzung(...)']"
Leistungswillen,s,unconscious_bias,agentic,"['Fleiß', 'Bereitwilligkeit', 'Arbeitsfreude', 'Spaß am Lösen deiner Aufgaben']",[''],"['Fleiß', 'Bereitwilligkeit', 'Arbeitsfreude', 'Spaß am Lösen deiner Aufgaben']"
Liliputaner,s,unconscious_bias,medical_state,"['Kleinwüchsige~r', 'Person mit Mikrosomie(...)', 'Mensch, der kleinwüchsig ist(...)']",[''],"['Kleinwüchsige~r', 'Person mit Mikrosomie(...)', 'Mensch, der kleinwüchsig ist(...)']"
Logik,s,unconscious_bias,agentic,"['Sinn', 'Schlüssigkeit', 'Rationalität', 'Folgerichtigkeit', 'Prozesstreue', 'Zusammenhang', 'Konzept', 'geistige Reife', 'Angemessenheit']",[''],"['Sinn', 'Schlüssigkeit', 'Rationalität', 'Folgerichtigkeit', 'Prozesstreue', 'Zusammenhang', 'Konzept', 'geistige Reife', 'Angemessenheit']"
Lügenpresse,s,unconscious_bias,migration,"['Presse', 'Medien']",[''],"['Presse', 'Medien']"
Macht,s,unconscious_bias,agentic,"['Energie', 'Anleitung', 'Können', 'Ansehen', 'Initiative', 'Tatkraft', 'Resilienz', 'Kontrolle', 'Stellung', 'Kompetenz', 'Befugnis', 'Position', 'Einfluss', 'Mittel', 'Schwung', 'Engagement', 'Disziplin', 'Geduld', 'Bedacht', 'Bevollmächtigung']",[''],"['Energie', 'Anleitung', 'Können', 'Ansehen', 'Initiative', 'Tatkraft', 'Resilienz', 'Kontrolle', 'Stellung', 'Kompetenz', 'Befugnis', 'Position', 'Einfluss', 'Mittel', 'Schwung', 'Engagement', 'Disziplin', 'Geduld', 'Bedacht', 'Bevollmächtigung']"
Magersuchtausstatter,s,unconscious_bias,mental_wellbeing,"['Bekleidungsgeschäft, das Mode unter Größe 34 oder die Größe ""0"" anbietet(...)']",[''],"['Bekleidungsgeschäft, das Mode unter Größe 34 oder die Größe ""0"" anbietet(...)']"
Marschroute,s,unconscious_bias,military_source,"['Route', 'Weg', 'Vorgehen', 'strategische Richtung']",[''],"['Route', 'Weg', 'Vorgehen', 'strategische Richtung']"
Marterpfahl,s,unconscious_bias,racist_source,['Totempfahl'],[''],['Totempfahl']
Master,s,unconscious_bias,racist_source,"['Main --- in Technology', 'Default --- in Technology', 'Primary --- in Technology', 'Quellsystem --- in Technology', 'Leitserver --- in Technologyy', 'Leitsystem --- in Technology', 'Leiteinheit --- in Technology']",[''],"['Main --- in Technology', 'Default --- in Technology', 'Primary --- in Technology', 'Quellsystem --- in Technology', 'Leitserver --- in Technologyy', 'Leitsystem --- in Technology', 'Leiteinheit --- in Technology']"
Maximalalter,s,unconscious_bias,age_old,['Altersgrenze'],[''],['Altersgrenze']
Meinungsdiktatur,s,unconscious_bias,migration,"['Konsens', 'verfassungsgemäße Debatte']",[''],"['Konsens', 'verfassungsgemäße Debatte']"
Migrant,s,unconscious_bias,migration,['Mensch mit Migrationsgeschichte(...)'],[''],['Mensch mit Migrationsgeschichte(...)']
Migrationshintergrund,s,unconscious_bias,migration,"['Einwanderungsbiografie', 'Einwanderungsgeschichte', 'Migrationsgeschichte', 'mit multinationaler Lebensgeschichte(...)', 'mit multinationaler Biografie(...)']",[''],"['Einwanderungsbiografie', 'Einwanderungsgeschichte', 'Migrationsgeschichte', 'mit multinationaler Lebensgeschichte(...)', 'mit multinationaler Biografie(...)']"
Mischehe,s,unconscious_bias,racist_source,"['binationale Ehe', 'multinationale Ehe', 'interreligiöse Ehe']",[''],"['binationale Ehe', 'multinationale Ehe', 'interreligiöse Ehe']"
Mongolismus,s,unconscious_bias,cognitive_ability,"['Trisomie 21', 'Down-Syndrom', 'veränderte Chromosomenzahl']",[''],"['Trisomie 21', 'Down-Syndrom', 'veränderte Chromosomenzahl']"
Mut,s,unconscious_bias,agentic,"['Spaß an Neuem', 'Experimentierfreude', 'Optimismus', 'Offenheit für neue Entdeckungen(...)', 'Spaß am Ausprobieren(...)', 'Vertrauen in die persönlichen Kompetenzen(...)']",[''],"['Spaß an Neuem', 'Experimentierfreude', 'Optimismus', 'Offenheit für neue Entdeckungen(...)', 'Spaß am Ausprobieren(...)', 'Vertrauen in die persönlichen Kompetenzen(...)']"
Mutprobe,s,unconscious_bias,agentic,"['Experiment', 'Sicherheitstest', 'Versuch', 'Test', 'Abenteuer', 'Prüfung', 'Testlauf', 'Unterfangen']",[''],"['Experiment', 'Sicherheitstest', 'Versuch', 'Test', 'Abenteuer', 'Prüfung', 'Testlauf', 'Unterfangen']"
Muttersprache,s,unconscious_bias,migration,"['Erstsprache', 'Familiensprache', 'Sprache, in der jemand denkt und träumt(...)', 'Sprache, in der sich jemand am sichersten fühlt(...)']",[''],"['Erstsprache', 'Familiensprache', 'Sprache, in der jemand denkt und träumt(...)', 'Sprache, in der sich jemand am sichersten fühlt(...)']"
Mädchenname,s,unconscious_bias,sexual_orientation,['Geburtsname'],[''],['Geburtsname']
Nomadin,s,unconscious_bias,racist_source,"['Mensch, der ein Nomadenleben führt', 'Wandervogel', 'Angehörige eines Hirtenvolks', 'Angehörige eines Reitervolks', '-']",['-'],"['-', 'Mensch, der ein Nomadenleben führt', 'Wandervogel', 'Angehörige eines Hirtenvolks', 'Angehörige eines Reitervolks']"
Paradiesvogel,s,unconscious_bias,sexual_orientation,['authentischer Mensch'],[''],['authentischer Mensch']
Penner,s,unconscious_bias,classism,['obdachlose Person'],[''],['obdachlose Person']
Pflegefall,s,unconscious_bias,medical_state,"['Mensch mit Assistenzbedarf(...)', 'pflegebedürftige Person(...)', 'Mensch mit hohem Pflegebedarf(...)']",[''],"['Mensch mit Assistenzbedarf(...)', 'pflegebedürftige Person(...)', 'Mensch mit hohem Pflegebedarf(...)']"
Prinzip,s,unconscious_bias,agentic,"['Ethik', 'Methode', 'Wert', 'Richtlinie', 'Regel', 'Reglement', 'Leitlinie', 'Richtschnur', 'Leitidee', 'Erkenntnis', 'Theorem', 'Satzung', 'Norm', 'Anweisung', 'Lehre', 'Devise', 'Wahlspruch', 'Motto', 'Brauch', 'Muster', 'Slogan', 'Ordnung', 'Gesetzmäßigkeit']",[''],"['Ethik', 'Methode', 'Wert', 'Richtlinie', 'Regel', 'Reglement', 'Leitlinie', 'Richtschnur', 'Leitidee', 'Erkenntnis', 'Theorem', 'Satzung', 'Norm', 'Anweisung', 'Lehre', 'Devise', 'Wahlspruch', 'Motto', 'Brauch', 'Muster', 'Slogan', 'Ordnung', 'Gesetzmäßigkeit']"
Rasse,s,unconscious_bias,racist_source,"['Rassismus', 'aus rassistischen Gründen', 'Rassifizierung', 'Rassialisierung']",[''],"['Rassismus', 'aus rassistischen Gründen', 'Rassifizierung', 'Rassialisierung']"
Rechtspopulismus,s,unconscious_bias,migration,"['autoritär-nationalradikal', 'rechtsradikal', '\n in Teilen rechtsextrem']",[''],"['autoritär-nationalradikal', 'rechtsradikal', '\n in Teilen rechtsextrem']"
Reichskristallnacht,s,unconscious_bias,racist_source,"['Pogromnacht', 'Novemberpogrome']",[''],"['Pogromnacht', 'Novemberpogrome']"
Risiko,s,unconscious_bias,agentic,"['Neues', 'Option', 'Experiment', 'Unterfangen', 'Vorhaben', 'Versuch']",[''],"['Neues', 'Option', 'Experiment', 'Unterfangen', 'Vorhaben', 'Versuch']"
Scheinasylant,s,unconscious_bias,migration,['-'],['-'],['-']
Schwachkopf,s,unconscious_bias,cognitive_ability,"['Person, der es schwer fällt, komplexe Informationen zu verstehen(...)', 'Mensch, dem es schwer fällt, eine Situation zu verallgemeinern(...)', 'jemand, der sich etwas vormachen lässt(...)', 'jemand, der unklug handelt(...)', 'uneinsichtiger Mensch(...)', 'jemand, der sich töricht verhält(...)', 'Person, die nicht versteht, worum es geht(...)']",[''],"['Person, der es schwer fällt, komplexe Informationen zu verstehen(...)', 'Mensch, dem es schwer fällt, eine Situation zu verallgemeinern(...)', 'jemand, der sich etwas vormachen lässt(...)', 'jemand, der unklug handelt(...)', 'uneinsichtiger Mensch(...)', 'jemand, der sich töricht verhält(...)', 'Person, die nicht versteht, worum es geht(...)']"
Schwarzarbeit,s,unconscious_bias,color,"['Schattenwirtschaft', 'Scheinselbständigkeit', 'Leistung, für die keine Steuer abgeführt wird', 'Arbeit, für die keine Sozialabgaben geleistet werden']",[''],"['Schattenwirtschaft', 'Scheinselbständigkeit', 'Leistung, für die keine Steuer abgeführt wird', 'Arbeit, für die keine Sozialabgaben geleistet werden']"
Schwarzfahrerei,s,unconscious_bias,color,['Fahren ohne gültigen Fahrschein'],[''],['Fahren ohne gültigen Fahrschein']
Schwarzmalerei,s,unconscious_bias,color,"['Pessimismus', 'pessimistische Sicht', 'Neigung, nur Schattenseiten zu sehen', 'Neigung, alles in düsteren Farben auszumalen(...)']",[''],"['Pessimismus', 'pessimistische Sicht', 'Neigung, nur Schattenseiten zu sehen', 'Neigung, alles in düsteren Farben auszumalen(...)']"
Schwarzseherei,s,unconscious_bias,color,"['Pessimismus', 'pessimistische Sicht', 'Neigung, nur Schattenseiten zu sehen']",[''],"['Pessimismus', 'pessimistische Sicht', 'Neigung, nur Schattenseiten zu sehen']"
Selbstbedienungsmentalität,s,unconscious_bias,agentic,"['Vorteilsnahme', 'persönliche Bereicherung', 'Ausschöpfen von Möglichkeiten', 'Wahrnehmen eigener Rechte']",[''],"['Vorteilsnahme', 'persönliche Bereicherung', 'Ausschöpfen von Möglichkeiten', 'Wahrnehmen eigener Rechte']"
Selbstbehauptung,s,unconscious_bias,agentic,"['Umsetzungsfreude', 'Vertreten der eigenen Meinung/Arbeit(...)', 'Vertrauen in die eigene Kompetenz(...)']",[''],"['Umsetzungsfreude', 'Vertreten der eigenen Meinung/Arbeit(...)', 'Vertrauen in die eigene Kompetenz(...)']"
Selbstbewusstsein,s,unconscious_bias,agentic,"['Gelassenheit', 'Entspanntheit', 'Vertrauen in eigene Kompetenz(...)', 'Vertreten der Meinung/Arbeit(...)']",[''],"['Gelassenheit', 'Entspanntheit', 'Vertrauen in eigene Kompetenz(...)', 'Vertreten der Meinung/Arbeit(...)']"
Selbstständigkeit,s,unconscious_bias,agentic,"['Umsetzungsfreude', 'Bereitschaft, auf die Kompetenz zu vertrauen', 'Fokus auf Aufgaben', 'Freude an Verantwortung', 'Spaß am Ergreifen der Initiative']",[''],"['Umsetzungsfreude', 'Bereitschaft, auf die Kompetenz zu vertrauen', 'Fokus auf Aufgaben', 'Freude an Verantwortung', 'Spaß am Ergreifen der Initiative']"
Selbstvertrauen,s,unconscious_bias,agentic,"['Umsetzungsfreude', 'Bereitschaft, auf die Kompetenz zu vertrauen', 'Fokus auf Aufgaben', 'Freude an Verantwortung', 'Spaß am Ergreifen der Initiative']",[''],"['Umsetzungsfreude', 'Bereitschaft, auf die Kompetenz zu vertrauen', 'Fokus auf Aufgaben', 'Freude an Verantwortung', 'Spaß am Ergreifen der Initiative']"
Selbständigkeit,s,unconscious_bias,agentic,"['Gestaltungsspielraum', 'Initiative', 'Verantwortlichkeit', 'Reife', 'unternehmerische Haltung']",[''],"['Gestaltungsspielraum', 'Initiative', 'Verantwortlichkeit', 'Reife', 'unternehmerische Haltung']"
Sicherstellung,s,unconscious_bias,agentic,"['Gewährleistung', 'Sorge', 'Erhaltung', 'Bewahrung', 'Einhaltung', 'Umsetzung']",[''],"['Gewährleistung', 'Sorge', 'Erhaltung', 'Bewahrung', 'Einhaltung', 'Umsetzung']"
Sieg,s,unconscious_bias,agentic,"['erarbeiteter Meilenstein(...)', 'verwirklichte Vision(...)', 'gemeinsam erfüllte Aufgabe(...)', 'zusammen umgesetztes Ziel(...)']",[''],"['erarbeiteter Meilenstein(...)', 'verwirklichte Vision(...)', 'gemeinsam erfüllte Aufgabe(...)', 'zusammen umgesetztes Ziel(...)']"
Silberblick,s,unconscious_bias,vision,"['Mikrostrabismus', 'leichtes Schielen']",[''],"['Mikrostrabismus', 'leichtes Schielen']"
Sippe,s,unconscious_bias,culture,"['Familie', 'Verwandtschaft']",[''],"['Familie', 'Verwandtschaft']"
Sippschaft,s,unconscious_bias,culture,"['Familie', 'Verwandtschaft']",[''],"['Familie', 'Verwandtschaft']"
Slave,s,unconscious_bias,racist_source,"['Follower --- in Technologie', 'Replikat --- in Technologie', 'Folgesystem --- in Technologie', 'Folgeserver --- in Datenbank-Technologie']",[''],"['Follower --- in Technologie', 'Replikat --- in Technologie', 'Folgesystem --- in Technologie', 'Folgeserver --- in Datenbank-Technologie']"
Spinner,s,unconscious_bias,mental_wellbeing,"['Eigenbrötler~in', 'Außenseiter~in']",[''],"['Eigenbrötler~in', 'Außenseiter~in']"
Spinnerin,s,unconscious_bias,mental_wellbeing,"['Eigenbrötler~in', 'Außenseiter~in']",[''],"['Eigenbrötler~in', 'Außenseiter~in']"
Stärke,s,unconscious_bias,agentic,"['Stabilität', 'Erfahrung', 'Energie', 'Seelenstärke', 'Motivation', 'Resilienz']",[''],"['Stabilität', 'Erfahrung', 'Energie', 'Seelenstärke', 'Motivation', 'Resilienz']"
Tomahawks,s,unconscious_bias,racist_source,"['Axt', 'Beil', 'Kriegsaxt']",[''],"['Axt', 'Beil', 'Kriegsaxt']"
Trans-Frau,s,unconscious_bias,gender_identity,"['trans*Frau', 'trans Frau', 'trans*Person', 'trans Person']",[''],"['trans*Frau', 'trans Frau', 'trans*Person', 'trans Person']"
Trans-Mann,s,unconscious_bias,gender_identity,"['trans*Mann', 'trans Mann', 'trans*Person', 'trans Person']",[''],"['trans*Mann', 'trans Mann', 'trans*Person', 'trans Person']"
Transfrau,s,unconscious_bias,gender_identity,"['trans*Frau', 'trans Frau', 'trans*Person', 'trans Person']",[''],"['trans*Frau', 'trans Frau', 'trans*Person', 'trans Person']"
Transmann,s,unconscious_bias,gender_identity,"['trans*Mann', 'trans Mann', 'trans*Person', 'trans Person']",[''],"['trans*Mann', 'trans Mann', 'trans*Person', 'trans Person']"
Transmensch,s,unconscious_bias,gender_identity,['trans Mensch'],[''],['trans Mensch']
Transperson,s,unconscious_bias,gender_identity,"['trans Person', 'trans*Person']",[''],"['trans Person', 'trans*Person']"
Trottel,s,unconscious_bias,cognitive_ability,"['Person, der es schwer fällt, komplexe Informationen zu verstehen(...)', 'Mensch, dem es schwer fällt, eine Situation zu verallgemeinern(...)', 'jemand, der sich etwas vormachen lässt(...)', 'jemand, der unklug handelt(...)', 'uneinsichtiger Mensch(...)', 'jemand, der sich töricht verhält(...)', 'Person, die nicht versteht, worum es geht(...)']",[''],"['Person, der es schwer fällt, komplexe Informationen zu verstehen(...)', 'Mensch, dem es schwer fällt, eine Situation zu verallgemeinern(...)', 'jemand, der sich etwas vormachen lässt(...)', 'jemand, der unklug handelt(...)', 'uneinsichtiger Mensch(...)', 'jemand, der sich töricht verhält(...)', 'Person, die nicht versteht, worum es geht(...)']"
Unabhängigkeit,s,unconscious_bias,agentic,"['Neutralität', 'Unvoreingenommenheit', 'Vielseitigkeit', 'Kompetenz', 'Einfallsreichtum im Erarbeiten von Zielen(...)', 'Fokus auf eigene Aufgaben/Verantwortung(...)', 'Bereitschaft, persönliche Verantwortung zu tragen(...)']",[''],"['Neutralität', 'Unvoreingenommenheit', 'Vielseitigkeit', 'Kompetenz', 'Einfallsreichtum im Erarbeiten von Zielen(...)', 'Fokus auf eigene Aufgaben/Verantwortung(...)', 'Bereitschaft, persönliche Verantwortung zu tragen(...)']"
Urteil,s,unconscious_bias,agentic,"['Meinung', 'Haltung', 'Ansicht', 'Auffassung', 'Erkenntnis', 'Schluss', 'Verständnis', 'Dafürhalten', 'Position', 'Standpunkt', 'Sichtweise', 'Theorie', 'Anschauung', 'Ergebnis']",[''],"['Meinung', 'Haltung', 'Ansicht', 'Auffassung', 'Erkenntnis', 'Schluss', 'Verständnis', 'Dafürhalten', 'Position', 'Standpunkt', 'Sichtweise', 'Theorie', 'Anschauung', 'Ergebnis']"
Veitstanz,s,unconscious_bias,medical_state,"['Muskelzuckungen', 'die unwillkürlichen, krampfartigen Bewegungen eines Menschen mit der Huntington-Krankheit', 'unkoordinierte Bewegungen(...)']",[''],"['Muskelzuckungen', 'die unwillkürlichen, krampfartigen Bewegungen eines Menschen mit der Huntington-Krankheit', 'unkoordinierte Bewegungen(...)']"
Verrückter,s,unconscious_bias,cognitive_perception,"['Mensch mit psychischer Störung(...)', 'jemand, der sich nicht an Regeln hält(...)', 'Mensch, der Risiken eingeht(...)', 'Person, die eigene Wege geht(...)']",[''],"['Mensch mit psychischer Störung(...)', 'jemand, der sich nicht an Regeln hält(...)', 'Mensch, der Risiken eingeht(...)', 'Person, die eigene Wege geht(...)']"
Verschwörungstheorie,s,unconscious_bias,racist_source,"['Verschwörungsideologie', 'Verschwörungserzählung']",[''],"['Verschwörungsideologie', 'Verschwörungserzählung']"
Wahnsinnige,s,unconscious_bias,cognitive_perception,"['Mensch mit psychischer Störung(...)', 'jemand, der sich nicht an Regeln hält(...)', 'Mensch, der Risiken eingeht(...)', 'Person, die eigene Wege geht(...)']",[''],"['Mensch mit psychischer Störung(...)', 'jemand, der sich nicht an Regeln hält(...)', 'Mensch, der Risiken eingeht(...)', 'Person, die eigene Wege geht(...)']"
Wahnsinniger,s,unconscious_bias,cognitive_perception,"['Mensch mit psychischer Störung(...)', 'jemand, der sich nicht an Regeln hält(...)', 'Mensch, der Risiken eingeht(...)', 'Person, die eigene Wege geht(...)']",[''],"['Mensch mit psychischer Störung(...)', 'jemand, der sich nicht an Regeln hält(...)', 'Mensch, der Risiken eingeht(...)', 'Person, die eigene Wege geht(...)']"
Wasserkopf,s,unconscious_bias,medical_state,['Mensch mit Hydrocephalus(...)'],[''],['Mensch mit Hydrocephalus(...)']
Wettbewerb,s,unconscious_bias,agentic,"['Gelegenheit, Kompetenz einzusetzen(...)', 'Angehen derselben Meilensteine im Team(...)', 'Engagement im Erreichen der gleichen Ziele(...)']",[''],"['Gelegenheit, Kompetenz einzusetzen(...)', 'Angehen derselben Meilensteine im Team(...)', 'Engagement im Erreichen der gleichen Ziele(...)']"
Whitelist,s,unconscious_bias,color,"['Erlaubtliste', 'Einschlussliste', 'Präferenzliste']",[''],"['Erlaubtliste', 'Einschlussliste', 'Präferenzliste']"
Workaholic,s,unconscious_bias,mental_wellbeing,"['jemand mit gefährdeter Work-Life-Balance(...)', 'Mensch, der in seiner Arbeit aufgeht(...)']",[''],"['jemand mit gefährdeter Work-Life-Balance(...)', 'Mensch, der in seiner Arbeit aufgeht(...)']"
Wunschgeschlecht,s,unconscious_bias,gender_identity,['eigene Geschlechtsidentität'],[''],['eigene Geschlechtsidentität']
Xenophobie,s,unconscious_bias,migration,['Rassismus'],[''],['Rassismus']
Zensur,s,unconscious_bias,migration,"['Treffen einer journalistischen Auswahl --- in Medien', 'Appell an Empathie --- im Journalismus']",[''],"['Treffen einer journalistischen Auswahl --- in Medien', 'Appell an Empathie --- im Journalismus']"
Zielstrebigkeit,s,unconscious_bias,agentic,"['Fokus auf Meilensteine', 'Motivation, auf Meilensteine hinzuarbeiten,', 'Umsetzungsfreude']",[''],"['Fokus auf Meilensteine', 'Motivation, auf Meilensteine hinzuarbeiten,', 'Umsetzungsfreude']"
Zigeuner-Sauce,s,unconscious_bias,racist_source,['Ungarische Würzsauce'],[''],['Ungarische Würzsauce']
Zigeunermusik,s,unconscious_bias,culture,"['Musik der Roma und sinti', 'mitreißende Musik', 'schwungvolle Tanzmusik']",[''],"['Musik der Roma und sinti', 'mitreißende Musik', 'schwungvolle Tanzmusik']"
Zigeunersauce,s,unconscious_bias,racist_source,['Ungarische Würzsauce'],[''],['Ungarische Würzsauce']
Zigeunerschnitzel,s,unconscious_bias,culture,"['Balkan-Schnitzel', 'Schnitzel mit ungarischer Würzsauce']",[''],"['Balkan-Schnitzel', 'Schnitzel mit ungarischer Würzsauce']"
Zigeunersprache,s,unconscious_bias,racist_source,"['Romani', 'Romanes', 'Sintikanes']",[''],"['Romani', 'Romanes', 'Sintikanes']"
Zwerg,s,unconscious_bias,medical_state,"['Person, die kleinwüchsig ist(...)']",[''],"['Person, die kleinwüchsig ist(...)']"
Zwergenaufstand,s,unconscious_bias,ability,"['unnötige Aufregung', 'Geste des Widerstands']",[''],"['unnötige Aufregung', 'Geste des Widerstands']"
Zwischengeschlechtlichkeit,s,unconscious_bias,gender_identity,['Intergeschlechtlichkeit'],[''],['Intergeschlechtlichkeit']
Zähigkeit,s,unconscious_bias,agentic,"['Resilienz', 'Geduld', 'langer Atem(...)']",[''],"['Resilienz', 'Geduld', 'langer Atem(...)']"
abschachern,v,unconscious_bias,antisemitism,"['abgewinnen', 'abkaufen', 'ablocken', 'abluchsen', 'mit zweifelhaften Methoden abhandeln']",[''],"['abgewinnen', 'abkaufen', 'ablocken', 'abluchsen', 'mit zweifelhaften Methoden abhandeln']"
alt,a,unconscious_bias,age_old,"['älter', 'erfahren', 'kundig', 'routiniert', 'unaufgeregt', 'informiert', 'orientiert', '--- nur erwähnen, wenn relevant']","['--- nur erwähnen, wenn relevant']","['--- nur erwähnen, wenn relevant', 'älter', 'erfahren', 'kundig', 'routiniert', 'unaufgeregt', 'informiert', 'orientiert']"
ambitioniert,a,unconscious_bias,agentic,"['engagiert', 'entwicklungsmotiviert', 'unternehmerisch denkend', 'bereit, größere Verantwortung zu übernehmen', 'interessiert an persönlichem Wachstum', 'engagiert im Hinarbeiten auf (gemeinsame, gesetzte, ...) Ziele', 'interessiert, neues Wissen und neue Erfahrung anzuwenden(...)']",[''],"['engagiert', 'entwicklungsmotiviert', 'unternehmerisch denkend', 'bereit, größere Verantwortung zu übernehmen', 'interessiert an persönlichem Wachstum', 'engagiert im Hinarbeiten auf (gemeinsame, gesetzte, ...) Ziele', 'interessiert, neues Wissen und neue Erfahrung anzuwenden(...)']"
angreifend,a,unconscious_bias,agentic,"['hinterfragend', 'infrage stellend', 'rückfragend', 'austestend', 'auf Glaubwürdigkeit (Intention, Gründe, ...) prüfend']",[''],"['hinterfragend', 'infrage stellend', 'rückfragend', 'austestend', 'auf Glaubwürdigkeit (Intention, Gründe, ...) prüfend']"
angriffslustig,a,unconscious_bias,agentic,"['offenherzig', 'geradlinig', 'diskussionsfreudig', 'austestend', 'hinterfragend', 'verletzend', 'offen im Äußern von Besorgnis(...)', 'interessiert, Standpunkte im Team auszuloten,(...)', 'bereit, etablierte Meinungen (Methoden, ...) zu hinterfragen,']",[''],"['offenherzig', 'geradlinig', 'diskussionsfreudig', 'austestend', 'hinterfragend', 'verletzend', 'offen im Äußern von Besorgnis(...)', 'interessiert, Standpunkte im Team auszuloten,(...)', 'bereit, etablierte Meinungen (Methoden, ...) zu hinterfragen,']"
anspruchsvoll,a,unconscious_bias,agentic,"['sorgfältig', 'präzise', 'komplex', 'durch neue Problemstellungen motiviert(...)', 'mit Blick für das Wesentliche(...)', 'hinterfragt Zahlen (Fakten, Informationen, ...), bevor sie ihnen vertraut']",[''],"['sorgfältig', 'präzise', 'komplex', 'durch neue Problemstellungen motiviert(...)', 'mit Blick für das Wesentliche(...)', 'hinterfragt Zahlen (Fakten, Informationen, ...), bevor sie ihnen vertraut']"
antreiben,v,unconscious_bias,agentic,"['anleiten', 'anregen', 'motivieren', 'unterstützen', 'die Initiative (für ...) ergreifen', 'sich engagieren (für)(...)']",[''],"['anleiten', 'anregen', 'motivieren', 'unterstützen', 'die Initiative (für ...) ergreifen', 'sich engagieren (für)(...)']"
asozial,a,unconscious_bias,classism,"['ungerecht', 'unverhältnismäßig', 'fies', 'unredlich', 'gemein', '\n unsolidarisch', 'arm', 'finanziell schwach']",[''],"['ungerecht', 'unverhältnismäßig', 'fies', 'unredlich', 'gemein', '\n unsolidarisch', 'arm', 'finanziell schwach']"
athletisch,a,unconscious_bias,agentic,"['diszipliniert', 'geduldig', 'energiegeladen', 'fokussiert']",[''],"['diszipliniert', 'geduldig', 'energiegeladen', 'fokussiert']"
aufstiegsorientiert,a,unconscious_bias,agentic,"['eifrig', 'strebsam', 'fleißig', 'engagiert', 'entwicklungsmotiviert', 'unternehmerisch', 'bereit, größere Verantwortung zu übernehmen(...)', 'interessiert an persönlichem Wachstum(...)', 'engagiert im Hinarbeiten auf (gemeinsame, gesetzte, ...) Ziele', 'mit neu gewonnenem Wissen und Erfahrung weiterkommen wollen(...)']",[''],"['eifrig', 'strebsam', 'fleißig', 'engagiert', 'entwicklungsmotiviert', 'unternehmerisch', 'bereit, größere Verantwortung zu übernehmen(...)', 'interessiert an persönlichem Wachstum(...)', 'engagiert im Hinarbeiten auf (gemeinsame, gesetzte, ...) Ziele', 'mit neu gewonnenem Wissen und Erfahrung weiterkommen wollen(...)']"
aufstrebend,a,unconscious_bias,agentic,"['eifrig', 'strebsam', 'fleißig', 'engagiert', 'entwicklungsmotiviert', 'unternehmerisch', 'bereit, größere Verantwortung zu übernehmen(...)', 'interessiert an persönlichem Wachstum(...)', 'engagiert im Hinarbeiten auf (gemeinsame, gesetzte, ...) Ziele', 'mit neu gewonnenem Wissen und Erfahrung weiterkommen wollen(...)']",[''],"['eifrig', 'strebsam', 'fleißig', 'engagiert', 'entwicklungsmotiviert', 'unternehmerisch', 'bereit, größere Verantwortung zu übernehmen(...)', 'interessiert an persönlichem Wachstum(...)', 'engagiert im Hinarbeiten auf (gemeinsame, gesetzte, ...) Ziele', 'mit neu gewonnenem Wissen und Erfahrung weiterkommen wollen(...)']"
augenöffnend,a,unconscious_bias,vision,"['aufschlussreich', 'reich an Aha-Momenten', 'erschütternd', 'aufrüttend']",[''],"['aufschlussreich', 'reich an Aha-Momenten', 'erschütternd', 'aufrüttend']"
ausfechten,v,unconscious_bias,agentic,"['argumentieren', 'diskutieren', 'austauschen', 'Perspektiven diskutieren(...)', 'Gedanken austauschen(...)', 'argumentieren und Erfahrung/Wissen einbringen(...)']",[''],"['argumentieren', 'diskutieren', 'austauschen', 'Perspektiven diskutieren(...)', 'Gedanken austauschen(...)', 'argumentieren und Erfahrung/Wissen einbringen(...)']"
ausfällig,a,unconscious_bias,agentic,"['argumentationsfreudig', 'diskussionsbereit', 'hinterfragen(...)', 'ins Detail gehen(...)', 'offen im Äußern von Besorgnis(...)']",[''],"['argumentationsfreudig', 'diskussionsbereit', 'hinterfragen(...)', 'ins Detail gehen(...)', 'offen im Äußern von Besorgnis(...)']"
ausmerzen,v,unconscious_bias,racist_source,['beseitigen'],[''],['beseitigen']
ausschlaggebend,a,unconscious_bias,agentic,"['wesentlich', 'wichtig', 'das Zünglein an der Waage(...)']",[''],"['wesentlich', 'wichtig', 'das Zünglein an der Waage(...)']"
autonom,a,unconscious_bias,agentic,"['verantwortungsbereit', 'gern, die eigene Kompetenz einsetzen(...)', 'auf Aufgaben fokussiert(...)', 'bereit, Verantwortung zu tragen,(...)']",[''],"['verantwortungsbereit', 'gern, die eigene Kompetenz einsetzen(...)', 'auf Aufgaben fokussiert(...)', 'bereit, Verantwortung zu tragen,(...)']"
autoritär,a,unconscious_bias,agentic,"['kompetent', 'erfahren', 'pragmatisch', 'verantwortlich', 'offen in Hinblick auf Erwartungen(...)', 'bereit, Grenzen aufzuzeigen,(...)']",[''],"['kompetent', 'erfahren', 'pragmatisch', 'verantwortlich', 'offen in Hinblick auf Erwartungen(...)', 'bereit, Grenzen aufzuzeigen,(...)']"
barbarisch,a,unconscious_bias,racist_source,"['brutal', 'unmenschlich', 'menschenfeindlich', 'gewaltig', 'überwältigend', '-']",['-'],"['-', 'brutal', 'unmenschlich', 'menschenfeindlich', 'gewaltig', 'überwältigend']"
beeinträchtigt,a,unconscious_bias,ability,"['als behindert eingestuft', 'in der Teilhabe durch Barrieren behindert', 'als schwerbehindert eingestuft --- Deutschland', 'als invalid eingestuft --- Schweiz', '--- nicht für Menschen mit Behinderungen']",['--- nicht für Menschen mit Behinderungen'],"['--- nicht für Menschen mit Behinderungen', 'als behindert eingestuft', 'in der Teilhabe durch Barrieren behindert', 'als schwerbehindert eingestuft --- Deutschland', 'als invalid eingestuft --- Schweiz']"
begierig,a,unconscious_bias,agentic,"['neugierig', 'erwartungsvoll', 'gespannt', 'mitgerissen', 'leidenschaftlich', 'von persönlichen Motiven geleitet']",[''],"['neugierig', 'erwartungsvoll', 'gespannt', 'mitgerissen', 'leidenschaftlich', 'von persönlichen Motiven geleitet']"
begriffsstutzig,a,unconscious_bias,cognitive_ability,"['-', 'Person, der es schwer fällt, komplexe Informationen zu verstehen(...)', 'Mensch, dem es schwer fällt, eine Situation zu verallgemeinern(...)', 'gedankenlos(...)', 'unbedarft(...)', 'schade(...)', 'ärgerlich(...)']",['-'],"['-', 'Person, der es schwer fällt, komplexe Informationen zu verstehen(...)', 'Mensch, dem es schwer fällt, eine Situation zu verallgemeinern(...)', 'gedankenlos(...)', 'unbedarft(...)', 'schade(...)', 'ärgerlich(...)']"
beharren,v,unconscious_bias,agentic,"['argumentieren', 'diskutieren', 'nicht lockerlassen', 'geduldig sein', 'sich nicht abbringen lassen(...)', 'das Team auf ein gemeinsames Ziel einstimmen(...)', 'auf Umsetzung hinwirken(...)', 'Wissen und Erfahrung ins Gespräch einbringen(...)', 'für (...) sprechen']",[''],"['argumentieren', 'diskutieren', 'nicht lockerlassen', 'geduldig sein', 'sich nicht abbringen lassen(...)', 'das Team auf ein gemeinsames Ziel einstimmen(...)', 'auf Umsetzung hinwirken(...)', 'Wissen und Erfahrung ins Gespräch einbringen(...)', 'für (...) sprechen']"
beharrlich,a,unconscious_bias,agentic,"['geduldig', 'fokussiert', 'stetig', 'ruhig und besonnen', 'umsetzungsfreudig']",[''],"['geduldig', 'fokussiert', 'stetig', 'ruhig und besonnen', 'umsetzungsfreudig']"
behaupten,v,unconscious_bias,agentic,"['sagen', 'darlegen', 'feststellen', 'zur Diskussion stellen', 'eine Meinung vertreten(...)', 'die eigene Perspektive kommunizieren(...)', 'Erfahrungen teilen(...)', 'auf die eigenen Kompetenzen vertrauen(...)']",[''],"['sagen', 'darlegen', 'feststellen', 'zur Diskussion stellen', 'eine Meinung vertreten(...)', 'die eigene Perspektive kommunizieren(...)', 'Erfahrungen teilen(...)', 'auf die eigenen Kompetenzen vertrauen(...)']"
beherrschen,v,unconscious_bias,agentic,"['lenken', 'anleiten', 'steuern', 'im Griff haben(...)', 'den Überblick wahren(...)', 'Kompetenz zeigen(...)', 'Themen aufzeigen(...)', 'offene Punkte aufzeigen(...)', 'gemeinsame Richtung aufzeigen(...)', 'mitnehmen(...)', 'das Team mitnehmen(...)', 'Meilensteine kommunizieren(...)', 'Erwartungen kommunizieren(...)']",[''],"['lenken', 'anleiten', 'steuern', 'im Griff haben(...)', 'den Überblick wahren(...)', 'Kompetenz zeigen(...)', 'Themen aufzeigen(...)', 'offene Punkte aufzeigen(...)', 'gemeinsame Richtung aufzeigen(...)', 'mitnehmen(...)', 'das Team mitnehmen(...)', 'Meilensteine kommunizieren(...)', 'Erwartungen kommunizieren(...)']"
beherrschend,a,unconscious_bias,agentic,"['typisch', 'den Ausschlag gebend', 'relevant', 'bedeutsam']",[''],"['typisch', 'den Ausschlag gebend', 'relevant', 'bedeutsam']"
behindert,a,unconscious_bias,ability,['mit Behinderung'],[''],['mit Behinderung']
behindertengerecht,a,unconscious_bias,ability,"['barrierefrei', 'für alle zugänglich']",[''],"['barrierefrei', 'für alle zugänglich']"
behämmert,=a,unconscious_bias,cognitive_ability,"['-', 'Person, der es schwer fällt, komplexe Informationen zu verstehen(...)', 'Mensch, dem es schwer fällt, eine Situation zu verallgemeinern(...)', 'gedankenlos(...)', 'unbedarft(...)', 'schade(...)', 'ärgerlich(...)']",['-'],"['-', 'Person, der es schwer fällt, komplexe Informationen zu verstehen(...)', 'Mensch, dem es schwer fällt, eine Situation zu verallgemeinern(...)', 'gedankenlos(...)', 'unbedarft(...)', 'schade(...)', 'ärgerlich(...)']"
belastbar,a,unconscious_bias,agentic,"['stabil', 'ruhig und besonnen', 'resilient', 'mit langem Atem', '--- nicht für Personen verwenden', 'einen langen Atem haben(...)', 'Energieressourcen haben(...)', 'gute Bewältigungsmechanismen haben(...)', 'mit seinen Ressourcen Haus halten(...)', 'die eigenen Grenzen kennen(...)']",['--- nicht für Personen verwenden'],"['--- nicht für Personen verwenden', 'stabil', 'ruhig und besonnen', 'resilient', 'mit langem Atem', 'einen langen Atem haben(...)', 'Energieressourcen haben(...)', 'gute Bewältigungsmechanismen haben(...)', 'mit seinen Ressourcen Haus halten(...)', 'die eigenen Grenzen kennen(...)']"
bescheuert,=a,unconscious_bias,cognitive_ability,"['-', 'Person, der es schwer fällt, komplexe Informationen zu verstehen(...)', 'Mensch, dem es schwer fällt, eine Situation zu verallgemeinern(...)', 'gedankenlos(...)', 'unbedarft(...)', 'schade(...)', 'ärgerlich(...)']",['-'],"['-', 'Person, der es schwer fällt, komplexe Informationen zu verstehen(...)', 'Mensch, dem es schwer fällt, eine Situation zu verallgemeinern(...)', 'gedankenlos(...)', 'unbedarft(...)', 'schade(...)', 'ärgerlich(...)']"
bestimmend,a,unconscious_bias,agentic,"['zentral', 'formend', 'gestaltend', 'lenkend']",[''],"['zentral', 'formend', 'gestaltend', 'lenkend']"
bestimmt,a,unconscious_bias,agentic,"['klar', 'greifbar', 'handfest', 'unmissverständlich']",[''],"['klar', 'greifbar', 'handfest', 'unmissverständlich']"
beweisen,v,unconscious_bias,agentic,"['aufzeigen', 'nachvollziehbar darlegen']",[''],"['aufzeigen', 'nachvollziehbar darlegen']"
blöd,a,unconscious_bias,cognitive_ability,"['-', 'Person, der es schwer fällt, komplexe Informationen zu verstehen(...)', 'Mensch, dem es schwer fällt, eine Situation zu verallgemeinern(...)', 'gedankenlos(...)', 'unbedarft(...)', 'schade(...)', 'ärgerlich(...)']",['-'],"['-', 'Person, der es schwer fällt, komplexe Informationen zu verstehen(...)', 'Mensch, dem es schwer fällt, eine Situation zu verallgemeinern(...)', 'gedankenlos(...)', 'unbedarft(...)', 'schade(...)', 'ärgerlich(...)']"
blödsinnig,a,unconscious_bias,cognitive_ability,"['-', 'Person, der es schwer fällt, komplexe Informationen zu verstehen(...)', 'Mensch, dem es schwer fällt, eine Situation zu verallgemeinern(...)', 'gedankenlos(...)', 'unbedarft(...)', 'schade(...)', 'ärgerlich(...)']",['-'],"['-', 'Person, der es schwer fällt, komplexe Informationen zu verstehen(...)', 'Mensch, dem es schwer fällt, eine Situation zu verallgemeinern(...)', 'gedankenlos(...)', 'unbedarft(...)', 'schade(...)', 'ärgerlich(...)']"
braun,a,unconscious_bias,color,['of Color'],[''],['of Color']
brüsten,v,unconscious_bias,agentic,"['sich identifizieren', 'sich identifizieren mit', 'sich freuen', 'sich freuen über', 'für getane Arbeit einstehen(...)', 'den eigenen Beitrag vertreten(...)', 'kommunizieren --- Ergebnisse(...)']",[''],"['sich identifizieren', 'sich identifizieren mit', 'sich freuen', 'sich freuen über', 'für getane Arbeit einstehen(...)', 'den eigenen Beitrag vertreten(...)', 'kommunizieren --- Ergebnisse(...)']"
bucklig,s,unconscious_bias,medical_state,"['eine Wölbung im Rücken habend', 'mit Wirbelsäulenkrümmung']",[''],"['eine Wölbung im Rücken habend', 'mit Wirbelsäulenkrümmung']"
couragiert,a,unconscious_bias,agentic,"['experimentierfreudig', 'offen für neue Entdeckungen(...)', 'bereit, Dinge auszuprobieren(...)', 'mit Spaß an Neuem(...)']",[''],"['experimentierfreudig', 'offen für neue Entdeckungen(...)', 'bereit, Dinge auszuprobieren(...)', 'mit Spaß an Neuem(...)']"
debil,a,unconscious_bias,cognitive_ability,"['-', 'Mensch mit Lernschwierigkeiten(...)', 'Menschen mit intellektuellen Behinderungen(...)']",['-'],"['-', 'Mensch mit Lernschwierigkeiten(...)', 'Menschen mit intellektuellen Behinderungen(...)']"
deppert,a,unconscious_bias,cognitive_ability,"['-', 'Person, der es schwer fällt, komplexe Informationen zu verstehen(...)', 'Mensch, dem es schwer fällt, eine Situation zu verallgemeinern(...)', 'gedankenlos(...)', 'unbedarft(...)', 'schade(...)', 'ärgerlich(...)']",['-'],"['-', 'Person, der es schwer fällt, komplexe Informationen zu verstehen(...)', 'Mensch, dem es schwer fällt, eine Situation zu verallgemeinern(...)', 'gedankenlos(...)', 'unbedarft(...)', 'schade(...)', 'ärgerlich(...)']"
deutlich,a,unconscious_bias,agentic,"['klar', 'offen', 'transparent']",[''],"['klar', 'offen', 'transparent']"
deutschtürkisch,a,unconscious_bias,migration,['türkeideutsch'],[''],['türkeideutsch']
dienstleistungsorientiert,a,unconscious_bias,agentic,"['serviceorientiert', 'einfühlsam im Umgang mit Kundschaft(...)', 'stolz, Kundschaft zu deren Zufriedenheit zu betreuen(...)', 'engagiert, Erwartungen der Kundschaft zu erfüllen(...)']",[''],"['serviceorientiert', 'einfühlsam im Umgang mit Kundschaft(...)', 'stolz, Kundschaft zu deren Zufriedenheit zu betreuen(...)', 'engagiert, Erwartungen der Kundschaft zu erfüllen(...)']"
direkt,a,unconscious_bias,agentic,"['klar', 'geradeheraus', 'offenherzig', 'geradlinig', 'aufrichtig', 'authentisch', 'ehrlich', 'argumentationsfreudig', 'diskussionsbereit', 'von Mensch zu Mensch(...)', 'nicht hinterm Berg halten(...)', 'das Herz auf der Zunge tragen(...)', 'offene Worte schätzen(...)', 'offen im Äußern von Besorgnis(...)']",[''],"['klar', 'geradeheraus', 'offenherzig', 'geradlinig', 'aufrichtig', 'authentisch', 'ehrlich', 'argumentationsfreudig', 'diskussionsbereit', 'von Mensch zu Mensch(...)', 'nicht hinterm Berg halten(...)', 'das Herz auf der Zunge tragen(...)', 'offene Worte schätzen(...)', 'offen im Äußern von Besorgnis(...)']"
dominant,a,unconscious_bias,agentic,"['geradlinig', 'nachdrücklich', 'engagiert', 'auf die eigene Kompetenz vertrauend(...)']",[''],"['geradlinig', 'nachdrücklich', 'engagiert', 'auf die eigene Kompetenz vertrauend(...)']"
doof,a,unconscious_bias,cognitive_ability,"['-', 'Person, der es schwer fällt, komplexe Informationen zu verstehen(...)', 'Mensch, dem es schwer fällt, eine Situation zu verallgemeinern(...)', 'gedankenlos(...)', 'unbedarft(...)', 'schade(...)', 'ärgerlich(...)']",['-'],"['-', 'Person, der es schwer fällt, komplexe Informationen zu verstehen(...)', 'Mensch, dem es schwer fällt, eine Situation zu verallgemeinern(...)', 'gedankenlos(...)', 'unbedarft(...)', 'schade(...)', 'ärgerlich(...)']"
draufgängerisch,a,unconscious_bias,agentic,"['experimentierfreudig', 'auf die eigenen Kompetenzen vertrauend(...)', 'interessiert an Neuem(...)', 'bereit, Ideen auszuprobieren(...)']",[''],"['experimentierfreudig', 'auf die eigenen Kompetenzen vertrauend(...)', 'interessiert an Neuem(...)', 'bereit, Ideen auszuprobieren(...)']"
dumm,a,unconscious_bias,cognitive_ability,"['Person, der es schwer fällt, komplexe Informationen zu verstehen(...)', 'Mensch, dem es schwer fällt, eine Situation zu verallgemeinern(...)', 'gedankenlos(...)', 'unbedarft(...)', 'töricht(...)', 'schwindlig(...)', 'ärgerlich(...)']",[''],"['Person, der es schwer fällt, komplexe Informationen zu verstehen(...)', 'Mensch, dem es schwer fällt, eine Situation zu verallgemeinern(...)', 'gedankenlos(...)', 'unbedarft(...)', 'töricht(...)', 'schwindlig(...)', 'ärgerlich(...)']"
dunkelhäutig,a,unconscious_bias,color,"['of color', 'Person of Color', 'BIPoC', 'PoC', '-']",['-'],"['-', 'of color', 'Person of Color', 'BIPoC', 'PoC']"
durchsetzen,v,unconscious_bias,agentic,"['erwirken', 'umsetzen', 'zum Abschluss bringen']",[''],"['erwirken', 'umsetzen', 'zum Abschluss bringen']"
durchsetzungsfähig,a,unconscious_bias,agentic,"['umsetzungsfreudig', 'fokussiert', 'effizient', 'regsam', 'organisiert und energiegeladen', 'voller Freude am Vertreten eines Standpunkts(...)', 'fähig, wirkungsvoll zu kommunizieren(...)', 'Stakeholder mitreißend(...)']",[''],"['umsetzungsfreudig', 'fokussiert', 'effizient', 'regsam', 'organisiert und energiegeladen', 'voller Freude am Vertreten eines Standpunkts(...)', 'fähig, wirkungsvoll zu kommunizieren(...)', 'Stakeholder mitreißend(...)']"
durchsetzungsstark,a,unconscious_bias,agentic,"['umsetzungsfreudig', 'fokussiert', 'effizient', 'regsam', 'organisiert und energiegeladen', 'voller Freude am Vertreten eines Standpunkts(...)', 'fähig, wirkungsvoll zu kommunizieren(...)', 'Stakeholder mitreißend(...)']",[''],"['umsetzungsfreudig', 'fokussiert', 'effizient', 'regsam', 'organisiert und energiegeladen', 'voller Freude am Vertreten eines Standpunkts(...)', 'fähig, wirkungsvoll zu kommunizieren(...)', 'Stakeholder mitreißend(...)']"
dümmlich,a,unconscious_bias,cognitive_ability,"['-', 'Person, der es schwer fällt, komplexe Informationen zu verstehen(...)', 'Mensch, dem es schwer fällt, eine Situation zu verallgemeinern(...)', 'gedankenlos(...)', 'unbedarft(...)', 'schade(...)', 'ärgerlich(...)']",['-'],"['-', 'Person, der es schwer fällt, komplexe Informationen zu verstehen(...)', 'Mensch, dem es schwer fällt, eine Situation zu verallgemeinern(...)', 'gedankenlos(...)', 'unbedarft(...)', 'schade(...)', 'ärgerlich(...)']"
ehrgeizig,a,unconscious_bias,agentic,"['eifrig', 'strebsam', 'fleißig', 'engagiert', 'entwicklungsmotiviert', 'unternehmerisch', 'bereit, größere Verantwortung zu übernehmen', 'interessiert an persönlichem Wachstum', 'engagiert im Hinarbeiten auf (gemeinsame, gesetzte) Ziele(...)', 'mit neu gewonnenem Wissen und Erfahrung weiterkommen wollen(...)']",[''],"['eifrig', 'strebsam', 'fleißig', 'engagiert', 'entwicklungsmotiviert', 'unternehmerisch', 'bereit, größere Verantwortung zu übernehmen', 'interessiert an persönlichem Wachstum', 'engagiert im Hinarbeiten auf (gemeinsame, gesetzte) Ziele(...)', 'mit neu gewonnenem Wissen und Erfahrung weiterkommen wollen(...)']"
eigensinnig,a,unconscious_bias,agentic,"['gestaltungsmotiviert', 'offen', 'geradlinig', 'bereit, verschiedene Perspektiven auszuloten', 'der eigenen Bedürfnisse bewusst', 'bereit, Bedenken zu teilen', 'wissen, was man möchte(...)', 'fähig, die eigenen Bedürfnisse zu erkennen(...)', 'bereit, in der Diskussion verschiedene Standpunkte sichtbar zu machen(...)', 'auf die eigene Kompetenz vertrauend(...)', 'bereit, (Systeme, Arbeitsabläufe, Strukturen, Prozesse, ...) zu formen', 'beherzt für (eine Perspektive, Standpunkte) argumentieren(...)']",[''],"['gestaltungsmotiviert', 'offen', 'geradlinig', 'bereit, verschiedene Perspektiven auszuloten', 'der eigenen Bedürfnisse bewusst', 'bereit, Bedenken zu teilen', 'wissen, was man möchte(...)', 'fähig, die eigenen Bedürfnisse zu erkennen(...)', 'bereit, in der Diskussion verschiedene Standpunkte sichtbar zu machen(...)', 'auf die eigene Kompetenz vertrauend(...)', 'bereit, (Systeme, Arbeitsabläufe, Strukturen, Prozesse, ...) zu formen', 'beherzt für (eine Perspektive, Standpunkte) argumentieren(...)']"
eigenständig,a,unconscious_bias,agentic,"['verantwortlich', 'Kompetenz einsetzend(...)', 'auf Aufgaben fokussiert(...)', 'auf die persönliche Kompetenz vertrauend(...)']",[''],"['verantwortlich', 'Kompetenz einsetzend(...)', 'auf Aufgaben fokussiert(...)', 'auf die persönliche Kompetenz vertrauend(...)']"
eigenverantwortlich,a,unconscious_bias,agentic,"['verantwortungsfreudig', 'unternehmerisch denkend und handelnd(...)', 'sich Ziele setzend(...)']",[''],"['verantwortungsfreudig', 'unternehmerisch denkend und handelnd(...)', 'sich Ziele setzend(...)']"
eigenwillig,a,unconscious_bias,agentic,"['gestaltungsmotiviert', 'offen', 'geradlinig', 'wissen, was man möchte(...)', 'fähig, die eigenen Bedürfnisse zu erkennen(...)', 'bereit, in der Diskussion verschiedene Standpunkte sichtbar zu machen(...)', 'auf die eigene Kompetenz vertrauend(...)', 'bereit, (Systeme, Arbeitsabläufe, Strukturen, Prozesse, ...) zu formen', 'beherzt für (eine Perspektive, Standpunkte) argumentieren(...)', 'bereit, verschiedene Perspektiven auszuloten(...)', 'der eigenen Bedürfnisse bewusst(...)', 'bereit, Bedenken zu teilen(...)']",[''],"['gestaltungsmotiviert', 'offen', 'geradlinig', 'wissen, was man möchte(...)', 'fähig, die eigenen Bedürfnisse zu erkennen(...)', 'bereit, in der Diskussion verschiedene Standpunkte sichtbar zu machen(...)', 'auf die eigene Kompetenz vertrauend(...)', 'bereit, (Systeme, Arbeitsabläufe, Strukturen, Prozesse, ...) zu formen', 'beherzt für (eine Perspektive, Standpunkte) argumentieren(...)', 'bereit, verschiedene Perspektiven auszuloten(...)', 'der eigenen Bedürfnisse bewusst(...)', 'bereit, Bedenken zu teilen(...)']"
einfältig,a,unconscious_bias,cognitive_ability,"['-', 'Person, der es schwer fällt, komplexe Informationen zu verstehen(...)', 'Mensch, dem es schwer fällt, eine Situation zu verallgemeinern(...)', 'gedankenlos(...)', 'unbedarft(...)', 'schade(...)', 'ärgerlich(...)']",['-'],"['-', 'Person, der es schwer fällt, komplexe Informationen zu verstehen(...)', 'Mensch, dem es schwer fällt, eine Situation zu verallgemeinern(...)', 'gedankenlos(...)', 'unbedarft(...)', 'schade(...)', 'ärgerlich(...)']"
energisch,a,unconscious_bias,agentic,"['tatkräftig', 'zupackend', 'schwungvoll', 'engagiert', 'motiviert']",[''],"['tatkräftig', 'zupackend', 'schwungvoll', 'engagiert', 'motiviert']"
entscheidend,a,unconscious_bias,agentic,"['verantwortlich', 'wesentlich', 'nötig', 'relevant']",[''],"['verantwortlich', 'wesentlich', 'nötig', 'relevant']"
entscheidungsfreudig,a,unconscious_bias,agentic,"['pragmatisch', 'unkompliziert', 'beweglich']",[''],"['pragmatisch', 'unkompliziert', 'beweglich']"
entschieden,a,unconscious_bias,agentic,"['klipp und klar', 'eindeutig in der Kommunikation', 'explizit', 'offen']",[''],"['klipp und klar', 'eindeutig in der Kommunikation', 'explizit', 'offen']"
entschlossen,a,unconscious_bias,agentic,"['konsequent', 'herzhaft', 'zupackend', 'pragmatisch']",[''],"['konsequent', 'herzhaft', 'zupackend', 'pragmatisch']"
entschlussfreudig,a,unconscious_bias,agentic,"['pragmatisch', 'unkompliziert', 'beweglich']",[''],"['pragmatisch', 'unkompliziert', 'beweglich']"
erfolgshungrig,a,unconscious_bias,agentic,"['engagiert', 'begeistert', 'umsetzungsfreudig', 'motiviert, eine Vision zu realisieren(...)', 'engagiert sich beim Erarbeiten von Meilensteinen(...)']",[''],"['engagiert', 'begeistert', 'umsetzungsfreudig', 'motiviert, eine Vision zu realisieren(...)', 'engagiert sich beim Erarbeiten von Meilensteinen(...)']"
erobern,v,unconscious_bias,agentic,"['entdecken', 'neugierig sein', 'mehr wissen wollen(...)', 'erfahren wollen(...)', 'Verantwortung (für ...) übernehmen']",[''],"['entdecken', 'neugierig sein', 'mehr wissen wollen(...)', 'erfahren wollen(...)', 'Verantwortung (für ...) übernehmen']"
erprobt,a,unconscious_bias,agentic,"['kompetent', 'mit Know-how(...)', 'mit Erfahrung(...)']",[''],"['kompetent', 'mit Know-how(...)', 'mit Erfahrung(...)']"
erschachern,v,unconscious_bias,culture,"['günstig kaufen', 'zu guten Konditionen erwerben', '']",[''],"['günstig kaufen', 'zu guten Konditionen erwerben', '']"
erwarten,v,unconscious_bias,agentic,"['begrüßen', 'wünschen']",[''],"['begrüßen', 'wünschen']"
ethnisch,a,unconscious_bias,racist_source,"['--- nicht auf Menschen beziehen', 'rassistisch', 'rassifiziert', 'staatsbürgerlich', '-']",['-'],"['-', '--- nicht auf Menschen beziehen', 'rassistisch', 'rassifiziert', 'staatsbürgerlich']"
exotisch,a,unconscious_bias,racist_source,"['--- nicht auf Menschen beziehen', 'ausgefallen', 'ungewöhnlich', 'eindrucksvoll', 'markant', '-']",['-'],"['-', '--- nicht auf Menschen beziehen', 'ausgefallen', 'ungewöhnlich', 'eindrucksvoll', 'markant']"
fachmännisch,a,unconscious_bias,agentic,"['fachkundig', 'geübt', 'kenntnisreich', 'kompetent', 'sachkundig', 'kundig', 'mit Qualität(...)']",[''],"['fachkundig', 'geübt', 'kenntnisreich', 'kompetent', 'sachkundig', 'kundig', 'mit Qualität(...)']"
farbig,a,unconscious_bias,color,"['Schwarz', '--- nicht auf Menschen beziehen']",['--- nicht auf Menschen beziehen'],"['--- nicht auf Menschen beziehen', 'Schwarz']"
fechten,v,unconscious_bias,agentic,"['diskutieren', 'sich austauschen', 'mit Erfahrung/Wissen argumentieren(...)', 'über verschiedene Perspektiven diskutieren(...)', 'Gedanken austauschen(...)']",[''],"['diskutieren', 'sich austauschen', 'mit Erfahrung/Wissen argumentieren(...)', 'über verschiedene Perspektiven diskutieren(...)', 'Gedanken austauschen(...)']"
feindselig,a,unconscious_bias,agentic,"['offenherzig', 'hinterfragend', 'engagiert', 'für (...) engagiert', 'bereit, für (...) zu argumentieren', 'für (...) begeistert eintreten', 'das Gespräch suchend(...)']",[''],"['offenherzig', 'hinterfragend', 'engagiert', 'für (...) engagiert', 'bereit, für (...) zu argumentieren', 'für (...) begeistert eintreten', 'das Gespräch suchend(...)']"
freimütig,a,unconscious_bias,agentic,"['offenherzig', 'hinterfragend', 'engagiert', 'geradlinig', ' ', 'zur eigenen Meinung stehend(...)', 'seine Arbeit vertretend(...)']",[' '],"[' ', 'offenherzig', 'hinterfragend', 'engagiert', 'geradlinig', 'zur eigenen Meinung stehend(...)', 'seine Arbeit vertretend(...)']"
fremdenfeindlich,a,unconscious_bias,migration,"['rassistisch', 'menschenfeindlich', 'rechtsextrem']",[''],"['rassistisch', 'menschenfeindlich', 'rechtsextrem']"
furchtlos,a,unconscious_bias,agentic,"['beherzt', 'optimistisch', 'zielbewusst', 'geschickt', 'schwungvoll', 'umsichtig', 'munter', 'einsatzbereit', 'unverzagt', 'in komplexen Situation handlungsfähig(...)']",[''],"['beherzt', 'optimistisch', 'zielbewusst', 'geschickt', 'schwungvoll', 'umsichtig', 'munter', 'einsatzbereit', 'unverzagt', 'in komplexen Situation handlungsfähig(...)']"
führen,v,unconscious_bias,agentic,"['unterstützen', 'coachen', 'mitnehmen', 'lenken', 'beratend begleiten', 'anleiten', 'Orientierung bieten(...)', 'Vision/Erwartungen kommunizieren(...)']",[''],"['unterstützen', 'coachen', 'mitnehmen', 'lenken', 'beratend begleiten', 'anleiten', 'Orientierung bieten(...)', 'Vision/Erwartungen kommunizieren(...)']"
gehandicapiert,a,unconscious_bias,ability,"['als behindert eingestuft', 'in der Teilhabe durch Barrieren behindert', 'als schwerbehindert eingestuft --- Deutschland', 'als invalid eingestuft --- Schweiz', '--- nicht für Mensch mit Behinderungen']",['--- nicht für Mensch mit Behinderungen'],"['--- nicht für Mensch mit Behinderungen', 'als behindert eingestuft', 'in der Teilhabe durch Barrieren behindert', 'als schwerbehindert eingestuft --- Deutschland', 'als invalid eingestuft --- Schweiz']"
gehandicapt,a,unconscious_bias,ability,"['als behindert eingestuft', 'in der Teilhabe durch Barrieren behindert', 'als schwerbehindert eingestuft --- Deutschland', 'als invalid eingestuft --- Schweiz', '--- nicht für Mensch mit Behinderungen']",['--- nicht für Mensch mit Behinderungen'],"['--- nicht für Mensch mit Behinderungen', 'als behindert eingestuft', 'in der Teilhabe durch Barrieren behindert', 'als schwerbehindert eingestuft --- Deutschland', 'als invalid eingestuft --- Schweiz']"
gehirnamputiert,=a,unconscious_bias,cognitive_ability,"['-', 'Person, der es schwer fällt, komplexe Informationen zu verstehen(...)', 'Mensch, dem es schwer fällt, eine Situation zu verallgemeinern(...)', 'gedankenlos(...)', 'unbedarft(...)', 'schade(...)', 'ärgerlich(...)']",['-'],"['-', 'Person, der es schwer fällt, komplexe Informationen zu verstehen(...)', 'Mensch, dem es schwer fällt, eine Situation zu verallgemeinern(...)', 'gedankenlos(...)', 'unbedarft(...)', 'schade(...)', 'ärgerlich(...)']"
geisteskrank,a,unconscious_bias,cognitive_perception,"['psychisch beeinträchtigt', 'Psychiatrie-erfahren']",[''],"['psychisch beeinträchtigt', 'Psychiatrie-erfahren']"
gelb,a,unconscious_bias,color,['of Color'],[''],['of Color']
geldgierig,a,unconscious_bias,agentic,"['preisbewusst', 'ökonomisch vorsichtig', 'unternehmerisch denkend', 'sparsam', 'budgetbewusst']",[''],"['preisbewusst', 'ökonomisch vorsichtig', 'unternehmerisch denkend', 'sparsam', 'budgetbewusst']"
geschädigt,a,unconscious_bias,ability,"['lebt mit Behinderungen', 'wird behindert', 'hat eine Behinderung', 'ist von Behinderungen betroffen', '--- nicht auf Menschen beziehen']",['--- nicht auf Menschen beziehen'],"['--- nicht auf Menschen beziehen', 'lebt mit Behinderungen', 'wird behindert', 'hat eine Behinderung', 'ist von Behinderungen betroffen']"
gestresst,a,unconscious_bias,mental_wellbeing,"['überbeansprucht', 'unter Druck', 'überlastet', 'unter hohem Termindruck', 'nicht ausreichend vom Team unterstützt']",[''],"['überbeansprucht', 'unter Druck', 'überlastet', 'unter hohem Termindruck', 'nicht ausreichend vom Team unterstützt']"
getrieben,a,unconscious_bias,agentic,"['spontan', 'lebendig', 'beweglich', 'lebhaft', 'begeistert', 'rege', 'schwungvoll', 'emphatisch', 'engagiert', 'begeisterungsfähig', 'fokussiert', 'durch Meilensteine motiviert(...)', '(...)']",[''],"['spontan', 'lebendig', 'beweglich', 'lebhaft', 'begeistert', 'rege', 'schwungvoll', 'emphatisch', 'engagiert', 'begeisterungsfähig', 'fokussiert', 'durch Meilensteine motiviert(...)', '(...)']"
gewagt,a,unconscious_bias,agentic,"['optimistisch', 'ausgefallen', 'beherzt', 'die Chancen im Blick habend(...)', 'offen für Experimente(...)', 'bereit, Neues auszuprobieren(...)', 'auf die eigenen Kompetenzen vertrauend(...)']",[''],"['optimistisch', 'ausgefallen', 'beherzt', 'die Chancen im Blick habend(...)', 'offen für Experimente(...)', 'bereit, Neues auszuprobieren(...)', 'auf die eigenen Kompetenzen vertrauend(...)']"
gewinnen,v,unconscious_bias,agentic,"['erarbeiten', 'erwerben', 'dazulernen', 'interessieren', 'insistieren', 'aus Erfahrung Neues schaffen(...)', 'für (...) einnehmen', 'für (...) begeistern', 'nicht locker lassen(...)', 'sich nicht abbringen lassen(...)']",[''],"['erarbeiten', 'erwerben', 'dazulernen', 'interessieren', 'insistieren', 'aus Erfahrung Neues schaffen(...)', 'für (...) einnehmen', 'für (...) begeistern', 'nicht locker lassen(...)', 'sich nicht abbringen lassen(...)']"
gezwungenermaßen,a,unconscious_bias,agentic,"['nützlich', 'hilfreich', 'wichtig, um (...)']",[''],"['nützlich', 'hilfreich', 'wichtig, um (...)']"
gierig,a,unconscious_bias,agentic,"['fleißig', 'budgetbewusst', 'unternehmerisch denkend', 'Meilensteine erreichen wollend(...)', 'an (...) interessiert']",[''],"['fleißig', 'budgetbewusst', 'unternehmerisch denkend', 'Meilensteine erreichen wollend(...)', 'an (...) interessiert']"
grundsätzlich,a,unconscious_bias,agentic,"['in der Regel', 'dokumentiert', 'amtlich', 'oft', 'charakteristisch', 'grundlegend', 'symptomatisch', 'typisch', 'typischerweise']",[''],"['in der Regel', 'dokumentiert', 'amtlich', 'oft', 'charakteristisch', 'grundlegend', 'symptomatisch', 'typisch', 'typischerweise']"
handicapiert,a,unconscious_bias,ability,"['als behindert eingestuft', 'in der Teilhabe durch Barrieren behindert', 'als schwerbehindert eingestuft --- Deutschland', 'als invalid eingestuft --- Schweiz', '--- nicht für Mensch mit Behinderungen']",['--- nicht für Mensch mit Behinderungen'],"['--- nicht für Mensch mit Behinderungen', 'als behindert eingestuft', 'in der Teilhabe durch Barrieren behindert', 'als schwerbehindert eingestuft --- Deutschland', 'als invalid eingestuft --- Schweiz']"
hart,a,unconscious_bias,agentic,"['resilient', 'geradlinig', 'komplex', 'fokussiert', 'unbeirrt', 'bereit, Ziele zu anzugehen(...)', 'sich vom Weg nicht abbringen lassend(...)', 'den Weg vorlebend(...)']",[''],"['resilient', 'geradlinig', 'komplex', 'fokussiert', 'unbeirrt', 'bereit, Ziele zu anzugehen(...)', 'sich vom Weg nicht abbringen lassend(...)', 'den Weg vorlebend(...)']"
hartgesotten,a,unconscious_bias,agentic,"['resilient', 'erfahren', 'geübt', 'gelassen', 'sich vom Weg nicht abbringen lassend(...)', 'den Weg vorlebend(...)', 'bereit, Ziele zu anzugehen(...)', 'geübt darin, sich auf das Wesentliche zu konzentrieren(...)']",[''],"['resilient', 'erfahren', 'geübt', 'gelassen', 'sich vom Weg nicht abbringen lassend(...)', 'den Weg vorlebend(...)', 'bereit, Ziele zu anzugehen(...)', 'geübt darin, sich auf das Wesentliche zu konzentrieren(...)']"
hartnäckig,a,unconscious_bias,agentic,"['geduldig', 'resilient', 'fokussiert', 'beständig', 'stetig', 'einen langen Atem haben(...)', 'langfristig denkend(...)']",[''],"['geduldig', 'resilient', 'fokussiert', 'beständig', 'stetig', 'einen langen Atem haben(...)', 'langfristig denkend(...)']"
hellhäutig,a,unconscious_bias,color,['-'],['-'],['-']
herausfordernd,a,unconscious_bias,agentic,"['diskussionsbereit', 'hinterfragend', 'Spaß an Neuem habend(...)', 'offen für neue Entdeckungen (Problemstellungen, Unwägbarkeiten, ...)', 'das Gespräch suchend(...)']",[''],"['diskussionsbereit', 'hinterfragend', 'Spaß an Neuem habend(...)', 'offen für neue Entdeckungen (Problemstellungen, Unwägbarkeiten, ...)', 'das Gespräch suchend(...)']"
herausgefordert,a,unconscious_bias,agentic,"['vor interessante Aufgaben gestellt', 'vor spannende Fragen gestellt', 'eine Chance, zu zeigen, was (...) kann']",[''],"['vor interessante Aufgaben gestellt', 'vor spannende Fragen gestellt', 'eine Chance, zu zeigen, was (...) kann']"
herrschend,a,unconscious_bias,agentic,"['geltend', 'gültig', 'unbestritten', 'anerkannt', 'verbindlich', 'vorkommend', 'lenkend', 'prägend', 'waltend', 'verwaltend', 'gestaltend', 'durchführend', 'betreuend', 'steuernd', 'überwiegend', 'regelnd', 'vorstehend', 'eine Form gebend(...)', 'die Richtung kommunizierend(...)', 'den Vorsitz übernehmend(...)']",[''],"['geltend', 'gültig', 'unbestritten', 'anerkannt', 'verbindlich', 'vorkommend', 'lenkend', 'prägend', 'waltend', 'verwaltend', 'gestaltend', 'durchführend', 'betreuend', 'steuernd', 'überwiegend', 'regelnd', 'vorstehend', 'eine Form gebend(...)', 'die Richtung kommunizierend(...)', 'den Vorsitz übernehmend(...)']"
hungrig,a,unconscious_bias,agentic,"['interessiert', 'engagiert', 'motiviert', 'effektiv', 'entwicklungsorientiert', 'interessiert am Wahrnehmen von Gelegenheiten(...)', 'am Erarbeiten von Meilensteinen interessiert(...)', 'motiviert, Visionen zu realisieren(...)', 'engagiert, Meilensteine zu erreichen(...)']",[''],"['interessiert', 'engagiert', 'motiviert', 'effektiv', 'entwicklungsorientiert', 'interessiert am Wahrnehmen von Gelegenheiten(...)', 'am Erarbeiten von Meilensteinen interessiert(...)', 'motiviert, Visionen zu realisieren(...)', 'engagiert, Meilensteine zu erreichen(...)']"
hysterisch,a,unconscious_bias,mental_wellbeing,"['offen Gefühle zeigen(...)', 'nervös(...)', 'unbeherrscht(...)', 'aufbrausend(...)', 'leicht reizbar(...)']",[''],"['offen Gefühle zeigen(...)', 'nervös(...)', 'unbeherrscht(...)', 'aufbrausend(...)', 'leicht reizbar(...)']"
hörgeschädigt,a,unconscious_bias,hearing,"['gehörlos', 'hörbehindert', 'schwerhörig', 'Gehörlosigkeit', 'Mensch mit eingeschränktem Hörvermögen(...)']",['Gehörlosigkeit'],"['Gehörlosigkeit', 'gehörlos', 'hörbehindert', 'schwerhörig', 'Mensch mit eingeschränktem Hörvermögen(...)']"
impulsiv,a,unconscious_bias,agentic,"['begeisterungsfähig', 'enthusiastisch', 'beweglich', 'lebhaft', 'lebendig', 'vital', 'spontan', 'eifrig', 'herzlich', 'fröhlich', 'munter', 'heiter']",[''],"['begeisterungsfähig', 'enthusiastisch', 'beweglich', 'lebhaft', 'lebendig', 'vital', 'spontan', 'eifrig', 'herzlich', 'fröhlich', 'munter', 'heiter']"
individuell,a,unconscious_bias,agentic,"['persönlich', 'im Einklang mit den persönlichen Wünschen(...)', 'auf persönliche Ziele zugeschnitten(...)', 'auf die persönlichen Kompetenzen vertrauend(...)', 'bereit, persönliche Verantwortung zu tragen(...)']",[''],"['persönlich', 'im Einklang mit den persönlichen Wünschen(...)', 'auf persönliche Ziele zugeschnitten(...)', 'auf die persönlichen Kompetenzen vertrauend(...)', 'bereit, persönliche Verantwortung zu tragen(...)']"
intellektuell,a,unconscious_bias,agentic,"['rational', 'geistig', 'mental', 'gebildet', 'informiert', 'kultiviert', 'sachkundig', 'aufgeklärt', 'abstrakt', 'theoretisch', 'bewusst', 'verstandesmäßig', 'sachlich', 'nüchtern', 'realistisch', 'vernunftorientiert', 'mit dem Verstand(...)']",[''],"['rational', 'geistig', 'mental', 'gebildet', 'informiert', 'kultiviert', 'sachkundig', 'aufgeklärt', 'abstrakt', 'theoretisch', 'bewusst', 'verstandesmäßig', 'sachlich', 'nüchtern', 'realistisch', 'vernunftorientiert', 'mit dem Verstand(...)']"
invalid,a,unconscious_bias,ability,"['lebt mit Behinderungen', 'wird behindert', 'hat eine Behinderung', 'ist von Behinderungen betroffen', 'als behindert eingestuft', '--- nicht auf Menschen beziehen']",['--- nicht auf Menschen beziehen'],"['--- nicht auf Menschen beziehen', 'lebt mit Behinderungen', 'wird behindert', 'hat eine Behinderung', 'ist von Behinderungen betroffen', 'als behindert eingestuft']"
islamisch,a,unconscious_bias,belief,"['islamisch --- für Länder und Dinge', 'muslimisch --- für Menschen']",[''],"['islamisch --- für Länder und Dinge', 'muslimisch --- für Menschen']"
islamophob,a,unconscious_bias,belief,['islamfeindlich'],[''],['islamfeindlich']
jagen,v,unconscious_bias,agentic,"['angehen', 'nachgehen', 'nachkommen', 'suchen', 'beobachten ', 'im Blick behalten(...)', 'Überblick behalten(...)', 'fokussiert umsetzen(...)']",[''],"['angehen', 'nachgehen', 'nachkommen', 'suchen', 'beobachten ', 'im Blick behalten(...)', 'Überblick behalten(...)', 'fokussiert umsetzen(...)']"
jugendlich,a,unconscious_bias,age_young,"['jünger', 'lebendig', 'tatkräftig', 'lebhaft', 'enthusiastisch', 'engagiert', 'energiegeladen', 'vital', 'eifrig', 'anpassungsfähig', 'schwungvoll', 'aufgeschlossen', 'offen', '--- nur erwähnen, wenn relevant']","['--- nur erwähnen, wenn relevant']","['--- nur erwähnen, wenn relevant', 'jünger', 'lebendig', 'tatkräftig', 'lebhaft', 'enthusiastisch', 'engagiert', 'energiegeladen', 'vital', 'eifrig', 'anpassungsfähig', 'schwungvoll', 'aufgeschlossen', 'offen']"
jung,a,unconscious_bias,age_young,"['jünger', 'lebendig', 'tatkräftig', 'lebhaft', 'enthusiastisch', 'engagiert', 'energiegeladen', 'vital', 'eifrig', 'anpassungsfähig', 'schwungvoll', 'aufgeschlossen', 'offen', '--- nur erwähnen, wenn relevant']","['--- nur erwähnen, wenn relevant']","['--- nur erwähnen, wenn relevant', 'jünger', 'lebendig', 'tatkräftig', 'lebhaft', 'enthusiastisch', 'engagiert', 'energiegeladen', 'vital', 'eifrig', 'anpassungsfähig', 'schwungvoll', 'aufgeschlossen', 'offen']"
kaffeebraun,a,unconscious_bias,color,"['--- nicht auf Menschen beziehen', '-']",['-'],"['-', '--- nicht auf Menschen beziehen']"
kampflustig,a,unconscious_bias,agentic,"['unverzagt', 'zuversichtlich', 'optimistisch', 'einsatzbereit', 'unverdrossen', 'tatkräftig', 'beherzt', 'argumentationsfreudig', 'fähig, Reibungen zu bewältigen(...)', 'bereit, sich für (...) einzusetzen', 'bereit, (eine Meinung, Idee, Arbeit) zu vertreten(...)']",[''],"['unverzagt', 'zuversichtlich', 'optimistisch', 'einsatzbereit', 'unverdrossen', 'tatkräftig', 'beherzt', 'argumentationsfreudig', 'fähig, Reibungen zu bewältigen(...)', 'bereit, sich für (...) einzusetzen', 'bereit, (eine Meinung, Idee, Arbeit) zu vertreten(...)']"
karamellfarben,a,unconscious_bias,color,"['--- nicht auf Menschen beziehen', '-']",['-'],"['-', '--- nicht auf Menschen beziehen']"
kohlrabenschwarz,a,unconscious_bias,color,"['schwarz', 'fies (Er hat einen fiesen Humor)', 'gemein', '\n düster']",[''],"['schwarz', 'fies (Er hat einen fiesen Humor)', 'gemein', '\n düster']"
kompetitiv,a,unconscious_bias,agentic,"['unternehmerisch', 'bereit, Kompetenz einzusetzen(...)', 'interessiert, mit anderen (...) zu erreichen', 'durch das Engagement von anderen motiviert(...)']",[''],"['unternehmerisch', 'bereit, Kompetenz einzusetzen(...)', 'interessiert, mit anderen (...) zu erreichen', 'durch das Engagement von anderen motiviert(...)']"
konkurrenzbetont,a,unconscious_bias,agentic,"['unternehmerisch denkend', 'unternehmerisch handelnd', 'preisgünstig', 'umsetzungsfreudig', 'marktorientiert', 'nach strengen Kriterien(...)']",[''],"['unternehmerisch denkend', 'unternehmerisch handelnd', 'preisgünstig', 'umsetzungsfreudig', 'marktorientiert', 'nach strengen Kriterien(...)']"
konkurrenzfähig,a,unconscious_bias,agentic,"['fokussiert', 'marktorientiert', 'preisorientiert', 'leistungsfähig', 'Ruhe bewahrend(...)', 'einen langen Atem habend(...)']",[''],"['fokussiert', 'marktorientiert', 'preisorientiert', 'leistungsfähig', 'Ruhe bewahrend(...)', 'einen langen Atem habend(...)']"
kraftvoll,a,unconscious_bias,agentic,"['energiegeladen', 'lebhaft', 'lebendig', 'begeistert', 'schwungvoll', 'enthusiastisch', 'vital', 'wach', 'voller Tatendrang(...)', 'voller Tatendurst(...)']",[''],"['energiegeladen', 'lebhaft', 'lebendig', 'begeistert', 'schwungvoll', 'enthusiastisch', 'vital', 'wach', 'voller Tatendrang(...)', 'voller Tatendurst(...)']"
kämpfen,v,unconscious_bias,agentic,"['einstehen', 'befürworten', 'sich einsetzen', 'sich engagieren', 'entgegenwirken', 'argumentieren', 'werben', 'plädieren', 'unterstützend agieren(...)', 'mit Energie erarbeiten(...)']",[''],"['einstehen', 'befürworten', 'sich einsetzen', 'sich engagieren', 'entgegenwirken', 'argumentieren', 'werben', 'plädieren', 'unterstützend agieren(...)', 'mit Energie erarbeiten(...)']"
kämpfend,a,unconscious_bias,agentic,"['verteidigend', 'sich engagierend', 'befürwortend', 'unterstützend', 'argumentierend', 'entgegenwirkend', 'sich einsetzend', 'bereit, für (...) einzutreten', 'mit Rat und Tat begleitend(...)']",[''],"['verteidigend', 'sich engagierend', 'befürwortend', 'unterstützend', 'argumentierend', 'entgegenwirkend', 'sich einsetzend', 'bereit, für (...) einzutreten', 'mit Rat und Tat begleitend(...)']"
kämpferisch,a,unconscious_bias,agentic,"['befürwortend', 'engagiert', 'beherzt', ' in der Lage, Reibungen zu bewältigen(...)', 'fähig, (für ....) zu argumentieren', 'für (...) eintretend']",[''],"['befürwortend', 'engagiert', 'beherzt', ' in der Lage, Reibungen zu bewältigen(...)', 'fähig, (für ....) zu argumentieren', 'für (...) eintretend']"
lahm,a,unconscious_bias,mobility,"['gehbehindert', 'mobilitätseingeschränkt', 'Person mit Gehbehinderung(...)', 'Mensch mit Mobilitätseinschränkung(...)', 'Person mit körperlicher Behinderung(...)']",[''],"['gehbehindert', 'mobilitätseingeschränkt', 'Person mit Gehbehinderung(...)', 'Mensch mit Mobilitätseinschränkung(...)', 'Person mit körperlicher Behinderung(...)']"
lahmlegen,v,unconscious_bias,ability,['zum Stillstand bringen'],[''],['zum Stillstand bringen']
leisten,v,unconscious_bias,agentic,"['lösen', 'erledigen', 'anpacken', 'erarbeiten', 'enthusiastisch umsetzen(...)', 'mit Energie angehen(...)', 'tatkräftig sein(...)']",[''],"['lösen', 'erledigen', 'anpacken', 'erarbeiten', 'enthusiastisch umsetzen(...)', 'mit Energie angehen(...)', 'tatkräftig sein(...)']"
leistungsbereit,a,unconscious_bias,agentic,"['engagiert', 'tatkräftig', 'Feuer und Flamme', 'mit Energie bei der Sache sein(...)', 'Meilensteine erreichen wollend(...)', 'enthusiastisch bei der Umsetzung(...)']",[''],"['engagiert', 'tatkräftig', 'Feuer und Flamme', 'mit Energie bei der Sache sein(...)', 'Meilensteine erreichen wollend(...)', 'enthusiastisch bei der Umsetzung(...)']"
leistungsorientiert,a,unconscious_bias,agentic,"['fleißig', 'tüchtig', 'strebsam', 'interessiert am Erarbeiten von Meilensteinen(...)', 'enthusiastisch bei der Umsetzung(...)', 'mit Energie bei der Sache(...)']",[''],"['fleißig', 'tüchtig', 'strebsam', 'interessiert am Erarbeiten von Meilensteinen(...)', 'enthusiastisch bei der Umsetzung(...)', 'mit Energie bei der Sache(...)']"
leistungsstark,a,unconscious_bias,agentic,"['engagiert', 'tatkräftig', 'kompetent', 'interessiert am Erarbeiten von Meilensteinen(...)', 'enthusiastisch bei der Umsetzung(...)', 'mit Energie bei der Sache(...)']",[''],"['engagiert', 'tatkräftig', 'kompetent', 'interessiert am Erarbeiten von Meilensteinen(...)', 'enthusiastisch bei der Umsetzung(...)', 'mit Energie bei der Sache(...)']"
leiten,v,unconscious_bias,agentic,"['unterstützen', 'coachen', 'mitnehmen', 'lenken', 'anleiten', 'begleiten', 'die Vision kommunizieren(...)', 'Erwartungen kommunizieren(...)', 'Prioritäten erläutern(...)', 'das Team auf dem Weg mitnehmen(...)']",[''],"['unterstützen', 'coachen', 'mitnehmen', 'lenken', 'anleiten', 'begleiten', 'die Vision kommunizieren(...)', 'Erwartungen kommunizieren(...)', 'Prioritäten erläutern(...)', 'das Team auf dem Weg mitnehmen(...)']"
logisch,a,unconscious_bias,agentic,"['konsequent', 'schlüssig', 'nachvollziehbar', 'schematisch', 'angemessen']",[''],"['konsequent', 'schlüssig', 'nachvollziehbar', 'schematisch', 'angemessen']"
machthungrig,a,unconscious_bias,agentic,"['strebsam', 'engagiert', 'tüchtig', 'gestaltungsmotiviert', 'verantwortungsfreudig', 'sich Ziele setzend(...)', 'mit Freude an Verantwortung(...)', 'unternehmerisch denkend(...)', 'unternehmerisch handelnd(...)']",[''],"['strebsam', 'engagiert', 'tüchtig', 'gestaltungsmotiviert', 'verantwortungsfreudig', 'sich Ziele setzend(...)', 'mit Freude an Verantwortung(...)', 'unternehmerisch denkend(...)', 'unternehmerisch handelnd(...)']"
militant,a,unconscious_bias,agentic,"['unverzagt', 'zuversichtlich', 'einsatzbereit', 'unverdrossen', 'tatkräftig', 'beherzt', 'argumentationsfreudig', 'fähig, Reibungen zu bewältigen(...)', 'bereit, sich für (...) einzusetzen', 'bereit, (eine Meinung, Idee, Arbeit, ...) zu vertreten']",[''],"['unverzagt', 'zuversichtlich', 'einsatzbereit', 'unverdrossen', 'tatkräftig', 'beherzt', 'argumentationsfreudig', 'fähig, Reibungen zu bewältigen(...)', 'bereit, sich für (...) einzusetzen', 'bereit, (eine Meinung, Idee, Arbeit, ...) zu vertreten']"
minderbegabt,a,unconscious_bias,cognitive_ability,"['-', 'Person, der es schwer fällt, komplexe Informationen zu verstehen(...)', 'Mensch, dem es schwer fällt, eine Situation zu verallgemeinern(...)', 'gedankenlos(...)', 'unbedarft(...)', 'schade(...)', 'ärgerlich(...)']",['-'],"['-', 'Person, der es schwer fällt, komplexe Informationen zu verstehen(...)', 'Mensch, dem es schwer fällt, eine Situation zu verallgemeinern(...)', 'gedankenlos(...)', 'unbedarft(...)', 'schade(...)', 'ärgerlich(...)']"
minderbemittelt,=a,unconscious_bias,cognitive_ability,"['-', 'Person, der es schwer fällt, komplexe Informationen zu verstehen(...)', 'Mensch, dem es schwer fällt, eine Situation zu verallgemeinern(...)', 'gedankenlos(...)', 'unbedarft(...)', 'schade(...)', 'ärgerlich(...)']",['-'],"['-', 'Person, der es schwer fällt, komplexe Informationen zu verstehen(...)', 'Mensch, dem es schwer fällt, eine Situation zu verallgemeinern(...)', 'gedankenlos(...)', 'unbedarft(...)', 'schade(...)', 'ärgerlich(...)']"
mongoloid,a,unconscious_bias,medical_state,"['mit Down-Syndrom', 'mit Trisomie 21', 'mit veränderter Chromosomenzahl', 'Mensch mit Lernschwierigkeiten(...)']",[''],"['mit Down-Syndrom', 'mit Trisomie 21', 'mit veränderter Chromosomenzahl', 'Mensch mit Lernschwierigkeiten(...)']"
muslimisch,a,unconscious_bias,belief,"['islamisch --- für Länder und Dinge', 'muslimisch --- für Menschen']",[''],"['islamisch --- für Länder und Dinge', 'muslimisch --- für Menschen']"
mutig,a,unconscious_bias,agentic,"['experimentierfreudig', 'optimistisch', 'offen für neue Erfahrungen(...)', 'mit Freude am Ausprobieren(...)', 'auf die persönlichen Kompetenzen vertrauend(...)']",[''],"['experimentierfreudig', 'optimistisch', 'offen für neue Erfahrungen(...)', 'mit Freude am Ausprobieren(...)', 'auf die persönlichen Kompetenzen vertrauend(...)']"
muttersprachlich,a+s,unconscious_bias,migration,"['in der Erstsprache', 'bezogen auf die Erstsprache', 'in der Familiensprache', 'bezogen auf die Familiensprache']",[''],"['in der Erstsprache', 'bezogen auf die Erstsprache', 'in der Familiensprache', 'bezogen auf die Familiensprache']"
männlich,a,unconscious_bias,gender_identity,"['maskulin', 'bezogen auf eine Person, die sich als Mann identifiziert(...)', 'konform mit der traditionellen Geschlechterrolle des Mannes(...)', 'mit dem traditionellen Bild von Männern verknüpfte Eigenschaften aufweisend(...)']",[''],"['maskulin', 'bezogen auf eine Person, die sich als Mann identifiziert(...)', 'konform mit der traditionellen Geschlechterrolle des Mannes(...)', 'mit dem traditionellen Bild von Männern verknüpfte Eigenschaften aufweisend(...)']"
neurotisch,a,unconscious_bias,mental_wellbeing,"['Person mit einer Neurose(...)', 'offen Ängste zeigend(...)', 'schnell verunsichert(...)', 'starken Stimmungsschwankungen ausgesetzt(...)', 'gehemmt(...)']",[''],"['Person mit einer Neurose(...)', 'offen Ängste zeigend(...)', 'schnell verunsichert(...)', 'starken Stimmungsschwankungen ausgesetzt(...)', 'gehemmt(...)']"
offensiv,a,unconscious_bias,agentic,"['unverzagt', 'zuversichtlich', 'optimistisch', 'einsatzbereit', 'unverdrossen', 'tatkräftig', 'beherzt', 'argumentationsfreudig', 'fähig, Reibungen zu bewältigen(...)', 'bereit, sich für (...) einzusetzen', 'bereit, (eine Meinung, Idee, Arbeit, ...) zu vertreten', 'die Initiative ergreifend(...)']",[''],"['unverzagt', 'zuversichtlich', 'optimistisch', 'einsatzbereit', 'unverdrossen', 'tatkräftig', 'beherzt', 'argumentationsfreudig', 'fähig, Reibungen zu bewältigen(...)', 'bereit, sich für (...) einzusetzen', 'bereit, (eine Meinung, Idee, Arbeit, ...) zu vertreten', 'die Initiative ergreifend(...)']"
paranoid,a,unconscious_bias,agentic,"['vorsichtig', 'wachsam', 'aufmerksam', 'umsichtig', 'achtsam', 'sorgfältig beobachtend']",[''],"['vorsichtig', 'wachsam', 'aufmerksam', 'umsichtig', 'achtsam', 'sorgfältig beobachtend']"
performant,a,unconscious_bias,agentic,"['engagiert', 'tatkräftig', 'Feuer und Flamme', 'mit Energie bei der Sache sein(...)', 'Meilensteine erreichen wollend(...)', 'enthusiastisch bei der Umsetzung(...)']",[''],"['engagiert', 'tatkräftig', 'Feuer und Flamme', 'mit Energie bei der Sache sein(...)', 'Meilensteine erreichen wollend(...)', 'enthusiastisch bei der Umsetzung(...)']"
prahlen,v,unconscious_bias,agentic,"['bereit, die eigene Meinung (Idee, Arbeit, ...) zu vertreten', 'Freude über gemeinsam erreichte Meilensteine zeigen(...)']",[''],"['bereit, die eigene Meinung (Idee, Arbeit, ...) zu vertreten', 'Freude über gemeinsam erreichte Meilensteine zeigen(...)']"
pro-aktiv,a,unconscious_bias,agentic,"['energiegeladen', 'unternehmerisch', 'bereit, die Initiative zu ergreifen']",[''],"['energiegeladen', 'unternehmerisch', 'bereit, die Initiative zu ergreifen']"
proaktiv,a,unconscious_bias,agentic,"['energiegeladen', 'unternehmerisch', 'bereit, die Initiative zu ergreifen']",[''],"['energiegeladen', 'unternehmerisch', 'bereit, die Initiative zu ergreifen']"
problematisch,a,unconscious_bias,agentic,"['komplex', 'umstritten', 'schwierig', 'ungeklärt', 'mehrdeutig', 'rätselhaft', 'undurchsichtig', 'verwickelt', 'fraglich', 'strittig', 'offen', 'hypothetisch', 'ungesichert']",[''],"['komplex', 'umstritten', 'schwierig', 'ungeklärt', 'mehrdeutig', 'rätselhaft', 'undurchsichtig', 'verwickelt', 'fraglich', 'strittig', 'offen', 'hypothetisch', 'ungesichert']"
rassig,a,unconscious_bias,racist_source,"['aufregend', 'ungewöhnlich', 'ausgefallen', 'reizvoll', '--- nicht auf Menschen beziehen']",['--- nicht auf Menschen beziehen'],"['--- nicht auf Menschen beziehen', 'aufregend', 'ungewöhnlich', 'ausgefallen', 'reizvoll']"
rechtspopulistisch,a,unconscious_bias,migration,"['autoritär-nationalradikal', 'rechtsradikal', '\n in Teilen rechtsextrem']",[''],"['autoritär-nationalradikal', 'rechtsradikal', '\n in Teilen rechtsextrem']"
reif,a,unconscious_bias,age_old,"['älter', 'erfahren', 'kompetent', 'ausgereift', 'ausgebildet', 'qualifiziert', 'geübt', 'kundig', 'routiniert', 'unaufgeregt', 'informiert', 'orientiert', 'geschult', 'unterrichtet']",[''],"['älter', 'erfahren', 'kompetent', 'ausgereift', 'ausgebildet', 'qualifiziert', 'geübt', 'kundig', 'routiniert', 'unaufgeregt', 'informiert', 'orientiert', 'geschult', 'unterrichtet']"
resolut,a,unconscious_bias,agentic,"['tatkräftig', 'unbeirrt', 'zupackend']",[''],"['tatkräftig', 'unbeirrt', 'zupackend']"
resultat-orientiert,a,unconscious_bias,agentic,"['umsetzungsfreudig', 'motiviert, mit dem Team gemeinsame Ziele zu verwirklichen(...)', 'auf Meilensteine fokussiert(...)']",[''],"['umsetzungsfreudig', 'motiviert, mit dem Team gemeinsame Ziele zu verwirklichen(...)', 'auf Meilensteine fokussiert(...)']"
resultatorientiert,a,unconscious_bias,agentic,"['umsetzungsfreudig', 'motiviert, mit dem Team gemeinsame Ziele zu verwirklichen(...)', 'auf Meilensteine fokussiert(...)']",[''],"['umsetzungsfreudig', 'motiviert, mit dem Team gemeinsame Ziele zu verwirklichen(...)', 'auf Meilensteine fokussiert(...)']"
risikofreudig,a,unconscious_bias,agentic,"['experimentierfreudig', 'optimistisch', 'offen für neue Erfahrungen(...)', 'mit Freude am Ausprobieren(...)', 'auf die persönlichen Kompetenzen vertrauend(...)']",[''],"['experimentierfreudig', 'optimistisch', 'offen für neue Erfahrungen(...)', 'mit Freude am Ausprobieren(...)', 'auf die persönlichen Kompetenzen vertrauend(...)']"
robust,a,unconscious_bias,agentic,"['stabil', 'fachkundig', 'resilient', 'gelassen', 'zuverlässig', 'nicht durch Kleinigkeiten abgelenkt(...)']",[''],"['stabil', 'fachkundig', 'resilient', 'gelassen', 'zuverlässig', 'nicht durch Kleinigkeiten abgelenkt(...)']"
rücksichtslos,a,unconscious_bias,agentic,"['--- nicht auf Menschen beziehen', 'auf Ziele fokussiert(...)', 'fähig, Reibung auszuhalten,(...)', 'sich vom Weg nicht abbringen lassen(...)']",['--- nicht auf Menschen beziehen'],"['--- nicht auf Menschen beziehen', 'auf Ziele fokussiert(...)', 'fähig, Reibung auszuhalten,(...)', 'sich vom Weg nicht abbringen lassen(...)']"
schlagkräftig,a,unconscious_bias,agentic,"['nachvollziehbar', 'einnehmend', 'fähig, gut zu argumentieren(...)', 'Stakeholder mitreißend(...)']",[''],"['nachvollziehbar', 'einnehmend', 'fähig, gut zu argumentieren(...)', 'Stakeholder mitreißend(...)']"
schokobraun,a,unconscious_bias,color,"['--- nicht auf Menschen beziehen', '-']",['-'],"['-', '--- nicht auf Menschen beziehen']"
schwachsinnig,i,unconscious_bias,cognitive_ability,"['--- nicht auf Menschen beziehen', 'Mensch mit Lernschwierigkeiten(...)', 'Menschen mit intellektuellen Behinderungen(...)']",['--- nicht auf Menschen beziehen'],"['--- nicht auf Menschen beziehen', 'Mensch mit Lernschwierigkeiten(...)', 'Menschen mit intellektuellen Behinderungen(...)']"
schwarz,a,unconscious_bias,color,"['Schwarz', 'afrodiasporisch', 'of Color', 'afrodeutsch']",[''],"['Schwarz', 'afrodiasporisch', 'of Color', 'afrodeutsch']"
schwarzafrikanisch,a,unconscious_bias,racist_source,"['nordafrikanisch', 'ostafrikanisch', 'westafrikanisch', 'südafrikanisch', 'vom afrikanischen Kontinent', '--- Region oder Land nennen']",['--- Region oder Land nennen'],"['--- Region oder Land nennen', 'nordafrikanisch', 'ostafrikanisch', 'westafrikanisch', 'südafrikanisch', 'vom afrikanischen Kontinent']"
schwarzarbeiten,v,unconscious_bias,color,"['Arbeit gegen bar und ohne Rechnung verrichten', 'arbeiten, ohne gemeldet zu sein', 'Arbeit ohne Abführung von Steuern oder Sozialabgaben verrichten', 'pfuschen --- Österreich']",[''],"['Arbeit gegen bar und ohne Rechnung verrichten', 'arbeiten, ohne gemeldet zu sein', 'Arbeit ohne Abführung von Steuern oder Sozialabgaben verrichten', 'pfuschen --- Österreich']"
schwarzfahren,v,unconscious_bias,color,['fahren ohne gültigen Fahrschein'],[''],['fahren ohne gültigen Fahrschein']
schwarzmalen,v,unconscious_bias,color,"['nur das Schlechte sehen', 'nur die Schattenseiten sehen']",[''],"['nur das Schlechte sehen', 'nur die Schattenseiten sehen']"
schwarzsehen,v,unconscious_bias,color,"['Schlimmes befürchten', 'keine Perspektive sehen', 'keine Hoffnung sehen', 'fernsehen, ohne Rundfunkgebühren zu zahlen']",[''],"['Schlimmes befürchten', 'keine Perspektive sehen', 'keine Hoffnung sehen', 'fernsehen, ohne Rundfunkgebühren zu zahlen']"
schwerbehindert,a,unconscious_bias,ability,"['in der Teilhabe durch Barrieren behindert', 'als schwerbehindert eingestuft --- Deutschland', 'als invalid eingestuft --- Schweiz', 'Schwerbehinderung']",['Schwerbehinderung'],"['Schwerbehinderung', 'in der Teilhabe durch Barrieren behindert', 'als schwerbehindert eingestuft --- Deutschland', 'als invalid eingestuft --- Schweiz']"
schwerbeschädigt,a,unconscious_bias,ability,"['in der Teilhabe durch Barrieren behindert', 'als schwerbehindert eingestuft --- Deutschland', 'als invalid eingestuft --- Schweiz', 'Schwerbehinderung']",['Schwerbehinderung'],"['Schwerbehinderung', 'in der Teilhabe durch Barrieren behindert', 'als schwerbehindert eingestuft --- Deutschland', 'als invalid eingestuft --- Schweiz']"
sehgeschädigt,a,unconscious_bias,vision,"['sehbeeinträchtigt', 'sehbehindert', 'Sehbehinderung']",['Sehbehinderung'],"['Sehbehinderung', 'sehbeeinträchtigt', 'sehbehindert']"
selbstbewusst,a,unconscious_bias,agentic,"['gelassen', 'entspannt', 'in die eigene Kompetenz vertrauend(...)', 'bereit, seine Arbeit zu vertreten(...)', 'der eigenen Stärken und Schwächen bewusst(...)']",[''],"['gelassen', 'entspannt', 'in die eigene Kompetenz vertrauend(...)', 'bereit, seine Arbeit zu vertreten(...)', 'der eigenen Stärken und Schwächen bewusst(...)']"
selbstsicher,a,unconscious_bias,agentic,"['gelassen', 'entspannt', 'in die eigene Kompetenz vertrauend(...)', 'bereit, seine Arbeit zu vertreten(...)']",[''],"['gelassen', 'entspannt', 'in die eigene Kompetenz vertrauend(...)', 'bereit, seine Arbeit zu vertreten(...)']"
selbstständig,a,unconscious_bias,agentic,"['verantwortungsfreudig', 'verantwortlich', 'selbstverantwortlich', 'interessiert, die eigenen Kompetenzen einzusetzen(...)', 'bereit, Verantwortung für ihre Arbeit zu übernehmen(...)', 'ergreift gern die Initiative(...)']",[''],"['verantwortungsfreudig', 'verantwortlich', 'selbstverantwortlich', 'interessiert, die eigenen Kompetenzen einzusetzen(...)', 'bereit, Verantwortung für ihre Arbeit zu übernehmen(...)', 'ergreift gern die Initiative(...)']"
selbständig,a,unconscious_bias,agentic,"['verantwortungsfreudig', 'verantwortlich', 'selbstverantwortlich', 'interessiert, die eigenen Kompetenzen einzusetzen(...)', 'bereit, Verantwortung für ihre Arbeit zu übernehmen(...)', 'ergreift gern die Initiative(...)']",[''],"['verantwortungsfreudig', 'verantwortlich', 'selbstverantwortlich', 'interessiert, die eigenen Kompetenzen einzusetzen(...)', 'bereit, Verantwortung für ihre Arbeit zu übernehmen(...)', 'ergreift gern die Initiative(...)']"
sicherstellen,v,unconscious_bias,agentic,"['bewirken', 'ermöglichen', 'zuverlässig umsetzen', 'gewährleisten', 'sich um (...) kümmern']",[''],"['bewirken', 'ermöglichen', 'zuverlässig umsetzen', 'gewährleisten', 'sich um (...) kümmern']"
siegessicher,a,unconscious_bias,agentic,"['unbeirrt', 'enthusiastisch', 'fokussiert', 'optimistisch']",[''],"['unbeirrt', 'enthusiastisch', 'fokussiert', 'optimistisch']"
spinnen,v,unconscious_bias,mental_wellbeing,"['fabulieren(...)', 'der Fantasie freien Lauf lassen(...)', 'erfinden(...)', 'vorgaukeln(...)', 'authentisch sein(...)']",[''],"['fabulieren(...)', 'der Fantasie freien Lauf lassen(...)', 'erfinden(...)', 'vorgaukeln(...)', 'authentisch sein(...)']"
sportlerisch,a,unconscious_bias,agentic,"['fair', 'einsatzbereit', 'diszipliniert', 'unkompliziert', 'beweglich', 'mit aller Fairness(...)', 'gemeinsame Regeln respektierend(...)', 'durch die Arbeit anderer motiviert(...)']",[''],"['fair', 'einsatzbereit', 'diszipliniert', 'unkompliziert', 'beweglich', 'mit aller Fairness(...)', 'gemeinsame Regeln respektierend(...)', 'durch die Arbeit anderer motiviert(...)']"
sportlich,a,unconscious_bias,agentic,"['fair', 'einsatzbereit', 'diszipliniert', 'unkompliziert', 'beweglich', 'mit aller Fairness(...)', 'gemeinsame Regeln respektierend(...)', 'durch die Arbeit anderer motiviert(...)']",[''],"['fair', 'einsatzbereit', 'diszipliniert', 'unkompliziert', 'beweglich', 'mit aller Fairness(...)', 'gemeinsame Regeln respektierend(...)', 'durch die Arbeit anderer motiviert(...)']"
stark,a,unconscious_bias,agentic,"['stabil', 'resilient', 'zuverlässig', 'fachkundig', 'fachkundig und erfahren', 'ausgeglichen']",[''],"['stabil', 'resilient', 'zuverlässig', 'fachkundig', 'fachkundig und erfahren', 'ausgeglichen']"
streiten,a,unconscious_bias,agentic,"['diskutieren', 'sich austauschen', 'argumentieren', 'Für und Wider erwägen', 'Reibungen bewältigen(...)', 'sich offen (für ...) einsetzen', '(...) vertreten', 'sich mit Energie (für ...) einbringen']",[''],"['diskutieren', 'sich austauschen', 'argumentieren', 'Für und Wider erwägen', 'Reibungen bewältigen(...)', 'sich offen (für ...) einsetzen', '(...) vertreten', 'sich mit Energie (für ...) einbringen']"
streitlustig,a,unconscious_bias,agentic,"['argumentierfreudig', 'kommunikativ', 'diskussionsbereit', 'mit Freude am Gedankenaustausch(...)', 'offen für einen Austausch(...)', 'in der Lage, Reibungen zu bewältigen(...)', 'das Gespräch suchend(...)', 'bereit, (...) zu vertreten', 'sich gern mit Energie (für ...) einbringen bereit, sich (für ...) einzusetzen', 'bereit, den Standpunkt zu erläutern(...)', 'offen für einen Austausch(...)']",[''],"['argumentierfreudig', 'kommunikativ', 'diskussionsbereit', 'mit Freude am Gedankenaustausch(...)', 'offen für einen Austausch(...)', 'in der Lage, Reibungen zu bewältigen(...)', 'das Gespräch suchend(...)', 'bereit, (...) zu vertreten', 'sich gern mit Energie (für ...) einbringen bereit, sich (für ...) einzusetzen', 'bereit, den Standpunkt zu erläutern(...)', 'offen für einen Austausch(...)']"
streitsüchtig,a,unconscious_bias,agentic,"['argumentierfreudig', 'kommunikativ', 'diskussionsbereit', 'mit Freude am Gedankenaustausch(...)', 'offen für einen Austausch(...)', 'in der Lage, Reibungen zu bewältigen(...)', 'das Gespräch suchend(...)', 'bereit, (...) zu vertreten', 'sich gern mit Energie (für ...) einbringen bereit, sich (für ...) einzusetzen', 'bereit, den Standpunkt zu erläutern(...)', 'offen für einen Austausch(...)']",[''],"['argumentierfreudig', 'kommunikativ', 'diskussionsbereit', 'mit Freude am Gedankenaustausch(...)', 'offen für einen Austausch(...)', 'in der Lage, Reibungen zu bewältigen(...)', 'das Gespräch suchend(...)', 'bereit, (...) zu vertreten', 'sich gern mit Energie (für ...) einbringen bereit, sich (für ...) einzusetzen', 'bereit, den Standpunkt zu erläutern(...)', 'offen für einen Austausch(...)']"
stumm,a,unconscious_bias,speech,"['gebärdend', 'nutzt Gebärdensprache', 'Gebärdensprache nutzend', 'Mutismus', 'Mensch mit Mutismus(...)', 'jemand, der gebärdet(...)', 'ruhig(...)', 'zugeknöpft(...)', 'wortkarg(...)', 'schweigsam(...)', 'mundfaul(...)']",['Mutismus'],"['Mutismus', 'gebärdend', 'nutzt Gebärdensprache', 'Gebärdensprache nutzend', 'Mensch mit Mutismus(...)', 'jemand, der gebärdet(...)', 'ruhig(...)', 'zugeknöpft(...)', 'wortkarg(...)', 'schweigsam(...)', 'mundfaul(...)']"
stupid,a,unconscious_bias,cognitive_ability,"['-', 'Person, der es schwer fällt, komplexe Informationen zu verstehen(...)', 'Mensch, dem es schwer fällt, eine Situation zu verallgemeinern(...)', 'gedankenlos(...)', 'unbedarft(...)', 'schade(...)', 'ärgerlich(...)']",['-'],"['-', 'Person, der es schwer fällt, komplexe Informationen zu verstehen(...)', 'Mensch, dem es schwer fällt, eine Situation zu verallgemeinern(...)', 'gedankenlos(...)', 'unbedarft(...)', 'schade(...)', 'ärgerlich(...)']"
stur,a,unconscious_bias,agentic,"['zuverlässig', 'klar', 'unverdrossen', 'unbeirrbar', 'loyal', 'geduldig']",[''],"['zuverlässig', 'klar', 'unverdrossen', 'unbeirrbar', 'loyal', 'geduldig']"
stärker,a,unconscious_bias,agentic,"['stabiler', 'resilienter', 'zuverlässiger', 'fachkundiger', 'erfahrener', 'ausgeglichener']",[''],"['stabiler', 'resilienter', 'zuverlässiger', 'fachkundiger', 'erfahrener', 'ausgeglichener']"
südländisch,a,unconscious_bias,migration,['--- nicht auf Menschen beziehen'],['--- nicht auf Menschen beziehen'],['--- nicht auf Menschen beziehen']
tapfer,a,unconscious_bias,agentic,"['zupackend', 'diszipliniert', 'resilient', 'einsatzbereit', 'mit Spaß an Neuem', 'offen für neue Entdeckungen', 'standhaft', 'aufrecht', 'ehrenhaft']",[''],"['zupackend', 'diszipliniert', 'resilient', 'einsatzbereit', 'mit Spaß an Neuem', 'offen für neue Entdeckungen', 'standhaft', 'aufrecht', 'ehrenhaft']"
taub,a,unconscious_bias,hearing,"['Deaf', 'Taub', 'gehörlos', 'Gehörlosigkeit', 'Mensch mit Hörverlust(...)', 'Mensch mit eingeschränktem Hörvermögen(...)', 'nicht hören wollen(...)']",['Gehörlosigkeit'],"['Gehörlosigkeit', 'gehörlos', 'Deaf', 'Taub', 'Mensch mit Hörverlust(...)', 'Mensch mit eingeschränktem Hörvermögen(...)', 'nicht hören wollen(...)']"
taubstumm,a,unconscious_bias,hearing,"['gehörlos', 'hörbehindert', 'schwerhörig', 'nutzt eine Gebärdensprache', 'Gehörlosigkeit', 'Taub(...)', 'Mensch mit eingeschränktem Hörvermögen --- nicht beschönigend verwenden(...)']",['Gehörlosigkeit'],"['Gehörlosigkeit', 'gehörlos', 'hörbehindert', 'schwerhörig', 'nutzt eine Gebärdensprache', 'Taub(...)', 'Mensch mit eingeschränktem Hörvermögen --- nicht beschönigend verwenden(...)']"
transsexuell,a,unconscious_bias,gender_identity,"['trans', 'transgender']",[''],"['trans', 'transgender']"
treiben,v,unconscious_bias,agentic,"['motivieren', 'inspirieren', 'beschwingen', 'die Richtung vorgeben(...)', 'Freude am Erreichen von Meilensteinen bereiten(...)']",[''],"['motivieren', 'inspirieren', 'beschwingen', 'die Richtung vorgeben(...)', 'Freude am Erreichen von Meilensteinen bereiten(...)']"
treibend,a,unconscious_bias,agentic,"['motivierend', 'inspirierend', 'die Richtung vorgebend(...)', 'mit Freude am Erreichen von Meilensteinen(...)']",[''],"['motivierend', 'inspirierend', 'die Richtung vorgebend(...)', 'mit Freude am Erreichen von Meilensteinen(...)']"
türken,v,unconscious_bias,culture,"['vortäuschen', 'improvisieren', 'irreführen', 'fälschen', 'fingieren']",[''],"['vortäuschen', 'improvisieren', 'irreführen', 'fälschen', 'fingieren']"
türkischstämmig,a,unconscious_bias,migration,"['türkeistämmig', '--- nur erwähnen, falls relevant']","['--- nur erwähnen, falls relevant']","['--- nur erwähnen, falls relevant', 'türkeistämmig']"
ultraorthodox,a,unconscious_bias,belief,['orthodox'],[''],['orthodox']
umoperiert,a,unconscious_bias,gender_identity,['hat das eigene Geschlecht angeglichen'],[''],['hat das eigene Geschlecht angeglichen']
umsetzungsstark,a,unconscious_bias,agentic,"['umsetzungsfreudig', 'tatkräftig', 'Arbeiten mit Elan zum Abschluss bringend(...)']",[''],"['umsetzungsfreudig', 'tatkräftig', 'Arbeiten mit Elan zum Abschluss bringend(...)']"
unabhängig,a,unconscious_bias,agentic,"['neutral', 'unvoreingenommen', 'kompetent und einfallsreich', 'persönliche Verantwortung tragend(...)', 'sich zu helfen wissend(...)', 'auf eigene Aufgaben fokussiert(...)']",[''],"['neutral', 'unvoreingenommen', 'kompetent und einfallsreich', 'persönliche Verantwortung tragend(...)', 'sich zu helfen wissend(...)', 'auf eigene Aufgaben fokussiert(...)']"
unbekümmert,a,unconscious_bias,agentic,"['bedachtsam', 'gleichmütig', 'ausgeglichen', 'zuversichtlich', 'bereitwillig', 'unbeschwert', 'gelassen', 'entspannt', 'unverkrampft', 'optimistisch', 'gut aufgelegt']",[''],"['bedachtsam', 'gleichmütig', 'ausgeglichen', 'zuversichtlich', 'bereitwillig', 'unbeschwert', 'gelassen', 'entspannt', 'unverkrampft', 'optimistisch', 'gut aufgelegt']"
unbeugsam,a,unconscious_bias,agentic,"['zuverlässig', 'unverdrossen', 'unbeirrbar', 'loyal', 'geduldig', 'standhaft', 'aufrecht', 'ehrenhaft']",[''],"['zuverlässig', 'unverdrossen', 'unbeirrbar', 'loyal', 'geduldig', 'standhaft', 'aufrecht', 'ehrenhaft']"
unerschrocken,a,unconscious_bias,agentic,"['experimentierfreudig', 'optimistisch', 'offen für neue Erfahrungen(...)', 'mit Freude am Ausprobieren(...)', 'auf die persönlichen Kompetenzen vertrauend(...)']",[''],"['experimentierfreudig', 'optimistisch', 'offen für neue Erfahrungen(...)', 'mit Freude am Ausprobieren(...)', 'auf die persönlichen Kompetenzen vertrauend(...)']"
unisex,a,unconscious_bias,gender_identity,['genderneutral'],[''],['genderneutral']
unnachgiebig,a,unconscious_bias,agentic,"['zuverlässig', 'unverdrossen', 'unbeirrbar', 'loyal', 'geduldig', 'standhaft', 'aufrecht', 'ehrenhaft']",[''],"['zuverlässig', 'unverdrossen', 'unbeirrbar', 'loyal', 'geduldig', 'standhaft', 'aufrecht', 'ehrenhaft']"
unverschämt,a,unconscious_bias,agentic,"['geradeheraus', 'von Mensch zu Mensch', 'offenherzig', 'gradlinig', 'aufrichtig', 'klar und offen', 'hinterfragend', 'zur eigenen Meinung stehend(...)', 'die eigene Arbeit vertretend(...)']",[''],"['geradeheraus', 'von Mensch zu Mensch', 'offenherzig', 'gradlinig', 'aufrichtig', 'klar und offen', 'hinterfragend', 'zur eigenen Meinung stehend(...)', 'die eigene Arbeit vertretend(...)']"
unzurechnungsfähig,a,unconscious_bias,cognitive_perception,"['Mensch mit psychischer Störung(...)', 'nicht an Spielregeln interessiert(...)']",[''],"['Mensch mit psychischer Störung(...)', 'nicht an Spielregeln interessiert(...)']"
verfechten,v,unconscious_bias,agentic,"['nachvollziehbar darlegen(...)', 'für (...) einstehen', 'für (...) argumentieren', 'Vorteile (von ...) aufzeigen']",[''],"['nachvollziehbar darlegen(...)', 'für (...) einstehen', 'für (...) argumentieren', 'Vorteile (von ...) aufzeigen']"
verrückt,a,unconscious_bias,cognitive_perception,"['Mensch mit psychischer Störung(...)', 'nicht an Spielregeln interessiert(...)']",[''],"['Mensch mit psychischer Störung(...)', 'nicht an Spielregeln interessiert(...)']"
versehrt,a,unconscious_bias,ability,"['mit Behinderungen', 'mit Behinderung', 'als versehrt eingestuft', '--- nicht auf Menschen beziehen']",['--- nicht auf Menschen beziehen'],"['--- nicht auf Menschen beziehen', 'mit Behinderungen', 'mit Behinderung', 'als versehrt eingestuft']"
vorantreiben,v,unconscious_bias,agentic,"['den Weg ebnen', 'engagiert weiterentwickeln', 'sich einsetzen für', 'sich engagieren (für ...)', 'sich einsetzen (für ...)']",[''],"['den Weg ebnen', 'engagiert weiterentwickeln', 'sich einsetzen für', 'sich engagieren (für ...)', 'sich einsetzen (für ...)']"
wagen,v,unconscious_bias,agentic,"['ausprobieren', 'offen sein für Experimente', 'Chancen ausloten']",[''],"['ausprobieren', 'offen sein für Experimente', 'Chancen ausloten']"
waghalsig,a,unconscious_bias,agentic,"['experimentierfreudig', 'optimistisch', 'neugierig', 'offen für neue Erfahrungen(...)', 'mit Freude am Ausprobieren(...)', 'auf die persönlichen Kompetenzen vertrauend(...)', 'mit Spaß an Neuem(...)', 'offen für neue Entdeckungen(...)', 'Dinge ausprobieren wollen(...)']",[''],"['experimentierfreudig', 'optimistisch', 'neugierig', 'offen für neue Erfahrungen(...)', 'mit Freude am Ausprobieren(...)', 'auf die persönlichen Kompetenzen vertrauend(...)', 'mit Spaß an Neuem(...)', 'offen für neue Entdeckungen(...)', 'Dinge ausprobieren wollen(...)']"
weiblich,a,unconscious_bias,gender_identity,"['bezogen auf eine Person, die sich als Frau identifiziert(...)', 'konform mit der traditionellen Geschlechterrolle der Frau(...)', 'mit dem traditionellen Bild von Frauen verknüpfte Eigenschaften aufweisend(...)']",[''],"['bezogen auf eine Person, die sich als Frau identifiziert(...)', 'konform mit der traditionellen Geschlechterrolle der Frau(...)', 'mit dem traditionellen Bild von Frauen verknüpfte Eigenschaften aufweisend(...)']"
wettbewerbsfähig,a,unconscious_bias,agentic,"['fleißig', 'tüchtig', 'unternehmerisch in Denken und Handeln', 'preisgünstig', 'umsetzungsfreudig', 'enthusiastisch im Erreichen von gemeinsamen Meilensteinen(...)', 'Kundenkriterien erfüllend(...)']",[''],"['fleißig', 'tüchtig', 'unternehmerisch in Denken und Handeln', 'preisgünstig', 'umsetzungsfreudig', 'enthusiastisch im Erreichen von gemeinsamen Meilensteinen(...)', 'Kundenkriterien erfüllend(...)']"
wetteifern,v,unconscious_bias,agentic,"['Kompetenz einsetzen, um weiterzukommen(...)', 'motiviert zusammenarbeiten(...)', 'auf Meilensteine hinarbeiten(...)', 'Ziele gemeinsam anpacken(...)']",[''],"['Kompetenz einsetzen, um weiterzukommen(...)', 'motiviert zusammenarbeiten(...)', 'auf Meilensteine hinarbeiten(...)', 'Ziele gemeinsam anpacken(...)']"
zensieren,v,unconscious_bias,migration,"['eine journalistische Auswahl treffen --- in Medien', 'an Empathie appellieren --- im Journalismus']",[''],"['eine journalistische Auswahl treffen --- in Medien', 'an Empathie appellieren --- im Journalismus']"
zielorientiert,a,unconscious_bias,agentic,"['umsetzungsfreudig', 'strebsam', 'fleißig', 'engagiert und fokussiert', 'auf Meilensteine fokussiert(...)', 'motiviert auf Meilensteine hinarbeiten wollen(...)']",[''],"['umsetzungsfreudig', 'strebsam', 'fleißig', 'engagiert und fokussiert', 'auf Meilensteine fokussiert(...)', 'motiviert auf Meilensteine hinarbeiten wollen(...)']"
zielstrebig,a,unconscious_bias,agentic,"['umsetzungsfreudig', 'strebsam', 'fleißig', 'engagiert und fokussiert', 'auf Meilensteine fokussiert(...)', 'motiviert auf Meilensteine hinarbeiten wollen(...)']",[''],"['umsetzungsfreudig', 'strebsam', 'fleißig', 'engagiert und fokussiert', 'auf Meilensteine fokussiert(...)', 'motiviert auf Meilensteine hinarbeiten wollen(...)']"
zwingend,a,unconscious_bias,agentic,"['nützlich', 'hilfreich', 'förderlich', 'wichtig, um (...)']",[''],"['nützlich', 'hilfreich', 'förderlich', 'wichtig, um (...)']"
zäh,a,unconscious_bias,agentic,"['resilient', 'geduldig', 'einen langen Atem haben(...)']",[''],"['resilient', 'geduldig', 'einen langen Atem haben(...)']"
Überfremdung,s,unconscious_bias,migration,"['Transkulturalität', 'Pluralisierung', 'Einwanderungsgesellschaft', 'Einwanderungsland']",[''],"['Transkulturalität', 'Pluralisierung', 'Einwanderungsgesellschaft', 'Einwanderungsland']"
Überzeugung,s,unconscious_bias,agentic,"['Meinung', 'Haltung', 'Blickwinkel', 'Perspektive', 'Ansicht', 'Auffassung', 'Erkenntnis', 'Schluss', 'Verständnis', 'Dafürhalten', 'Position', 'Standpunkt', 'Sichtweise', 'Theorie', 'Anschauung']",[''],"['Meinung', 'Haltung', 'Blickwinkel', 'Perspektive', 'Ansicht', 'Auffassung', 'Erkenntnis', 'Schluss', 'Verständnis', 'Dafürhalten', 'Position', 'Standpunkt', 'Sichtweise', 'Theorie', 'Anschauung']"
überfordert,a,unconscious_bias,mental_wellbeing,"['überbeansprucht', 'unter Druck', 'überlastet', 'unter hohem Termindruck', 'nicht ausreichend vom Team unterstützt']",[''],"['überbeansprucht', 'unter Druck', 'überlastet', 'unter hohem Termindruck', 'nicht ausreichend vom Team unterstützt']"
überfremdet,=a,unconscious_bias,migration,"['transkulturell', 'pluralistisch', 'divers', '-']",['-'],"['-', 'transkulturell', 'pluralistisch', 'divers']"
überlegen,a,unconscious_bias,agentic,"['angesehen', 'fortschrittlich', 'kompetent', 'einflussreich', 'tonangebend', 'das Vertrauen der Kundschaft besitzend(...)', 'beeinflussend(...)', 'den Markt beeinflussend(...)', 'den Maßstab setzend(...)']",[''],"['angesehen', 'fortschrittlich', 'kompetent', 'einflussreich', 'tonangebend', 'das Vertrauen der Kundschaft besitzend(...)', 'beeinflussend(...)', 'den Markt beeinflussend(...)', 'den Maßstab setzend(...)']"
überzeugen,v,unconscious_bias,agentic,"['inspirieren', 'mit Kompetenz vertreten(...)', 'Meinung/Arbeit vertreten(...)', 'Stakeholder mitreißen(...)', 'nachvollziehbar darlegen(...)', 'Botschaften effektiv kommunizieren(...)', 'andere für Ideen begeistern(...)', 'geschickt verhandeln(...)', 'durch Kompetenz Vertrauen schaffen(...)', 'seine Meinung/Arbeit vertreten(...)', 'nachvollziehbar argumentieren(...)']",[''],"['inspirieren', 'mit Kompetenz vertreten(...)', 'Meinung/Arbeit vertreten(...)', 'Stakeholder mitreißen(...)', 'nachvollziehbar darlegen(...)', 'Botschaften effektiv kommunizieren(...)', 'andere für Ideen begeistern(...)', 'geschickt verhandeln(...)', 'durch Kompetenz Vertrauen schaffen(...)', 'seine Meinung/Arbeit vertreten(...)', 'nachvollziehbar argumentieren(...)']"
überzeugend,a,unconscious_bias,agentic,"['interessant', 'effektiv', 'befriedigend', 'glaubwürdig', 'Botschaften effektiv kommunizierend(...)', 'andere für Ideen begeisternd(...)', 'inspirierend(...)', 'jemand, auf dessen Meinung Menschen vertrauen(...)', 'Mensch, der gut verhandeln kann(...)']",[''],"['interessant', 'effektiv', 'befriedigend', 'glaubwürdig', 'Botschaften effektiv kommunizierend(...)', 'andere für Ideen begeisternd(...)', 'inspirierend(...)', 'jemand, auf dessen Meinung Menschen vertrauen(...)', 'Mensch, der gut verhandeln kann(...)']"
überzeugt,a,unconscious_bias,agentic,"['auf die eigene Kompetenz/Erfahrung vertrauend(...)', 'die eigene Meinung/Arbeit vertretend(...)']",[''],"['auf die eigene Kompetenz/Erfahrung vertrauend(...)', 'die eigene Meinung/Arbeit vertretend(...)']"
